habitat_label,n_obs,status,eunis_code,eunis_label,eunis_level,match,confidence,note,eunis_uri,decision
Garten,3073,linked,I2.2,Small-scale ornamental and domestic garden areas,3,exact,0.95,Small-scale domestic garden,http://eunis.eea.europa.eu/eunishabitats/I2.2,
Schilf,465,linked,C3.21,[Phragmites australis] beds,4,exact,0.95,Phragmites reedbeds,http://eunis.eea.europa.eu/eunishabitats/C3.21,
Hangwald,353,linked,G,"Woodland, forest and other wooded land",1,close,0.85,Slope forest,http://eunis.eea.europa.eu/eunishabitats/G,
Wald,321,linked,G,"Woodland, forest and other wooded land",1,exact,1.00,Generic woodland,http://eunis.eea.europa.eu/eunishabitats/G,
Wiese,263,linked,E2,Mesic grasslands,2,exact,0.90,Mesic grassland,http://eunis.eea.europa.eu/eunishabitats/E2,
Moor,252,linked,D,"Mires, bogs and fens",1,exact,0.90,"Mires, bogs and fens",http://eunis.eea.europa.eu/eunishabitats/D,
Auwald,208,linked,G1.1,"Riparian and gallery woodland, with dominant [Alnus], [Betula], [Populus] or [Salix]",3,exact,0.95,Riparian and gallery woodland,http://eunis.eea.europa.eu/eunishabitats/G1.1,
Auen,193,linked,G1.1,"Riparian and gallery woodland, with dominant [Alnus], [Betula], [Populus] or [Salix]",3,close,0.80,Riparian floodplain zone,http://eunis.eea.europa.eu/eunishabitats/G1.1,
Felder,165,linked,I1,Arable land and market gardens,2,exact,0.95,Arable fields,http://eunis.eea.europa.eu/eunishabitats/I1,
Forst,163,linked,G,"Woodland, forest and other wooded land",1,close,0.85,Managed plantation forest,http://eunis.eea.europa.eu/eunishabitats/G,
Park,124,linked,I2.1,Large-scale ornamental garden areas,3,exact,0.90,Large-scale ornamental park,http://eunis.eea.europa.eu/eunishabitats/I2.1,
Ahornbäume,113,linked,G1.A,"Meso- and eutrophic [Quercus], [Carpinus], [Fraxinus], [Acer], [Tilia], [Ulmus] and related woodland",3,close,0.75,"Maple trees, likely deciduous woodland",http://eunis.eea.europa.eu/eunishabitats/G1.A,
Moos,111,linked,D,"Mires, bogs and fens",1,exact,0.90,Bavarian dialect for bog/mire,http://eunis.eea.europa.eu/eunishabitats/D,
See,102,linked,C1,Surface standing waters,2,exact,0.95,Lake,http://eunis.eea.europa.eu/eunishabitats/C1,
Kiesbank,95,linked,C3.6,Unvegetated or sparsely vegetated shores with soft or mobile sediments,3,exact,0.90,Unvegetated river gravel bank,http://eunis.eea.europa.eu/eunishabitats/C3.6,
Haus,95,linked,J1,"Buildings of cities, towns and villages",2,broad,0.80,Residential building,http://eunis.eea.europa.eu/eunishabitats/J1,
Fichten,87,linked,G3.1,[Abies] and [Picea] woodland,3,close,0.90,Spruce trees (Picea woodland),http://eunis.eea.europa.eu/eunishabitats/G3.1,
Hochwald,65,linked,G,"Woodland, forest and other wooded land",1,close,0.85,High forest,http://eunis.eea.europa.eu/eunishabitats/G,
Feld,64,linked,I1,Arable land and market gardens,2,exact,0.95,Arable field,http://eunis.eea.europa.eu/eunishabitats/I1,
Bäume,64,linked,G5,"Lines of trees, small anthropogenic woodlands, recently felled woodland, early-stage woodland and coppice",2,broad,0.80,Lines or small groups of trees,http://eunis.eea.europa.eu/eunishabitats/G5,
Schilffeld,61,linked,C3.21,[Phragmites australis] beds,4,exact,0.90,Phragmites reedbed,http://eunis.eea.europa.eu/eunishabitats/C3.21,
Wäldchen,56,linked,G5,"Lines of trees, small anthropogenic woodlands, recently felled woodland, early-stage woodland and coppice",2,exact,0.90,Small anthropogenic woodland,http://eunis.eea.europa.eu/eunishabitats/G5,
Gebüsch,51,linked,F3,Temperate and mediterranean-montane scrub,2,exact,0.90,Temperate scrub,http://eunis.eea.europa.eu/eunishabitats/F3,
Schilfrand,51,linked,C3.2,Water-fringing reedbeds and tall helophytes other than canes,3,close,0.90,Edge of water-fringing reedbed,http://eunis.eea.europa.eu/eunishabitats/C3.2,
Röhricht,48,linked,C3.2,Water-fringing reedbeds and tall helophytes other than canes,3,exact,0.95,Water-fringing reedbeds,http://eunis.eea.europa.eu/eunishabitats/C3.2,
Teich,47,linked,C1,Surface standing waters,2,exact,0.90,Pond,http://eunis.eea.europa.eu/eunishabitats/C1,
Kanal,46,linked,J5.4,Highly artificial non-saline running waters,3,exact,0.90,Highly artificial running water,http://eunis.eea.europa.eu/eunishabitats/J5.4,
Friedhof,45,linked,J4.7,Constructed parts of cemeteries,3,exact,0.90,Cemetery,http://eunis.eea.europa.eu/eunishabitats/J4.7,
Buschwerk,45,linked,F3,Temperate and mediterranean-montane scrub,2,exact,0.90,Temperate scrub,http://eunis.eea.europa.eu/eunishabitats/F3,
WB,45,review,C2,Surface running waters,2,close,0.60,"Abbreviation, likely Waldbach (forest brook)",http://eunis.eea.europa.eu/eunishabitats/C2,
Altwasser,43,linked,C1,Surface standing waters,2,exact,0.90,Oxbow lake / backwater,http://eunis.eea.europa.eu/eunishabitats/C1,
Anlagen,43,linked,I2,Cultivated areas of gardens and parks,2,close,0.85,Public green spaces / parks,http://eunis.eea.europa.eu/eunishabitats/I2,
Futterbrett,42,linked,I2.2,Small-scale ornamental and domestic garden areas,3,broad,0.80,Bird feeder in domestic garden,http://eunis.eea.europa.eu/eunishabitats/I2.2,
Rohrwald,39,linked,C3.21,[Phragmites australis] beds,4,exact,0.90,Large Phragmites reedbed,http://eunis.eea.europa.eu/eunishabitats/C3.21,
Obstgarten,39,linked,G1.D,Fruit and nut tree orchards,3,exact,0.95,Fruit orchard,http://eunis.eea.europa.eu/eunishabitats/G1.D,
Wasser,37,linked,C,Inland surface waters,1,exact,0.90,Inland surface water,http://eunis.eea.europa.eu/eunishabitats/C,
Schlucht,37,linked,H3,"Inland cliffs, rock pavements and outcrops",2,close,0.75,Gorge or ravine,http://eunis.eea.europa.eu/eunishabitats/H3,
Weiher,36,linked,C1,Surface standing waters,2,exact,0.90,Pond,http://eunis.eea.europa.eu/eunishabitats/C1,
Gärten,35,linked,I2.2,Small-scale ornamental and domestic garden areas,3,exact,0.95,Domestic gardens,http://eunis.eea.europa.eu/eunishabitats/I2.2,
Ahornbäume beim Haus,34,linked,I2.2,Small-scale ornamental and domestic garden areas,3,broad,0.80,Maple trees in a domestic garden,http://eunis.eea.europa.eu/eunishabitats/I2.2,
Mooswäldchen,32,linked,G5.2,Small broadleaved deciduous anthropogenic woodlands,3,close,0.70,Small broadleaved deciduous woodland or bog woodland,http://eunis.eea.europa.eu/eunishabitats/G5.2,
Fluss,31,linked,C2,Surface running waters,2,exact,1.00,Running water,http://eunis.eea.europa.eu/eunishabitats/C2,
Erlen,30,linked,G1.1,"Riparian and gallery woodland, with dominant [Alnus], [Betula], [Populus] or [Salix]",3,close,0.80,Alnus woodland or riparian scrub,http://eunis.eea.europa.eu/eunishabitats/G1.1,
Fischteiche,30,linked,J5.3,Highly artificial non-saline standing waters,3,exact,0.90,Highly artificial non-saline standing waters,http://eunis.eea.europa.eu/eunishabitats/J5.3,
beim Haus,30,linked,J2,Low density buildings,2,broad,0.80,Low density buildings and surroundings,http://eunis.eea.europa.eu/eunishabitats/J2,
Fabrikhof,30,linked,J1.4,Urban and suburban industrial and commercial sites still in active use,3,exact,0.90,Industrial site,http://eunis.eea.europa.eu/eunishabitats/J1.4,
Acker,29,linked,I1,Arable land and market gardens,2,exact,1.00,Arable land,http://eunis.eea.europa.eu/eunishabitats/I1,
Bergwald,29,linked,G,"Woodland, forest and other wooded land",1,close,0.80,"Mountain forest, can be coniferous or mixed",http://eunis.eea.europa.eu/eunishabitats/G,
Waldrand,28,linked,E5.2,Thermophile woodland fringes,3,close,0.80,Woodland fringes,http://eunis.eea.europa.eu/eunishabitats/E5.2,
Waldblöße,28,linked,G5.8,Recently felled areas,3,close,0.80,Recently felled or cleared woodland area,http://eunis.eea.europa.eu/eunishabitats/G5.8,
Obstbäume,28,linked,G1.D,Fruit and nut tree orchards,3,exact,0.90,Fruit orchards,http://eunis.eea.europa.eu/eunishabitats/G1.D,
Waldwiese,26,linked,E2,Mesic grasslands,2,close,0.80,Mesic grassland within woodland,http://eunis.eea.europa.eu/eunishabitats/E2,
Weidengebüsch,25,linked,F9.2,[Salix] carr and fen scrub,3,exact,0.90,Salix carr and fen scrub,http://eunis.eea.europa.eu/eunishabitats/F9.2,
Weiden,25,linked,F9.2,[Salix] carr and fen scrub,3,close,0.80,Salix scrub or trees,http://eunis.eea.europa.eu/eunishabitats/F9.2,
Gärtnerei,24,linked,I1.2,Mixed crops of market gardens and horticulture,3,exact,0.90,Market gardens and horticulture,http://eunis.eea.europa.eu/eunishabitats/I1.2,
Wälder,23,linked,G,"Woodland, forest and other wooded land",1,exact,1.00,Woodland and forest,http://eunis.eea.europa.eu/eunishabitats/G,
Birken,23,linked,G1.9,"Non-riverine woodland with [Betula], [Populus tremula] or [Sorbus aucuparia]",3,close,0.80,Betula woodland,http://eunis.eea.europa.eu/eunishabitats/G1.9,
Fichtenbestand,22,linked,G3.1,[Abies] and [Picea] woodland,3,exact,0.90,Picea woodland,http://eunis.eea.europa.eu/eunishabitats/G3.1,
Wald und Berg,22,review,G,"Woodland, forest and other wooded land",1,broad,0.60,Complex of forest and mountain,http://eunis.eea.europa.eu/eunishabitats/G,
Ft,22,no_match,,,,none,0.10,"Abbreviation, unclear",,
Bach,21,linked,C2.2,"Permanent non-tidal, fast, turbulent watercourses",3,close,0.80,Fast-flowing stream,http://eunis.eea.europa.eu/eunishabitats/C2.2,
Buchenwald,20,linked,G1.6,[Fagus] woodland,3,exact,1.00,Fagus woodland,http://eunis.eea.europa.eu/eunishabitats/G1.6,
Futterplatz,20,linked,I2.2,Small-scale ornamental and domestic garden areas,3,broad,0.70,"Feeding station, usually in gardens",http://eunis.eea.europa.eu/eunishabitats/I2.2,
Büsche,20,linked,F3.1,Temperate thickets and scrub,3,close,0.80,Temperate thickets and scrub,http://eunis.eea.europa.eu/eunishabitats/F3.1,
Futterhäuschen,20,linked,I2.2,Small-scale ornamental and domestic garden areas,3,broad,0.70,Bird feeder in garden,http://eunis.eea.europa.eu/eunishabitats/I2.2,
Straße,19,linked,J4.2,Road networks,3,exact,1.00,Road networks,http://eunis.eea.europa.eu/eunishabitats/J4.2,
Schilfgürtel,19,linked,C3.2,Water-fringing reedbeds and tall helophytes other than canes,3,exact,0.90,Water-fringing reedbeds,http://eunis.eea.europa.eu/eunishabitats/C3.2,
Ahorn-Allee,19,linked,G5.1,Lines of trees,3,close,0.90,Line of trees (Acer),http://eunis.eea.europa.eu/eunishabitats/G5.1,
Strand,18,linked,B1,Coastal dunes and sandy shores,2,close,0.70,Sandy shore or lake beach,http://eunis.eea.europa.eu/eunishabitats/B1,
Wiesen und Felder,17,linked,X07,Intensively-farmed crops interspersed with strips of natural and/or semi-natural vegetation,2,close,0.80,Mosaic of crops and grassland,http://eunis.eea.europa.eu/eunishabitats/X07,
Futterständer,17,linked,I2.2,Small-scale ornamental and domestic garden areas,3,broad,0.70,Feeding stand in garden,http://eunis.eea.europa.eu/eunishabitats/I2.2,
Sumpfwiese,16,linked,E3,Seasonally wet and wet grasslands,2,close,0.80,Seasonally wet or wet grassland,http://eunis.eea.europa.eu/eunishabitats/E3,
Stoppelfeld,16,linked,I1.5,"Bare tilled, fallow or recently abandoned arable land",3,exact,0.90,Fallow or recently harvested arable land,http://eunis.eea.europa.eu/eunishabitats/I1.5,
Schotterwiese,16,linked,E1.1,Inland sand and rock with open vegetation,3,close,0.70,Gravelly dry grassland,http://eunis.eea.europa.eu/eunishabitats/E1.1,
Weingärten,16,linked,FB.4,Vineyards,3,exact,1.00,Vineyards,http://eunis.eea.europa.eu/eunishabitats/FB.4,
Fichtendickung,15,linked,G3.1,[Abies] and [Picea] woodland,3,close,0.80,Dense young spruce stand,http://eunis.eea.europa.eu/eunishabitats/G3.1,
Eiche,15,linked,G1.8,Acidophilous [Quercus]-dominated woodland,3,close,0.70,Quercus woodland,http://eunis.eea.europa.eu/eunishabitats/G1.8,
Mooswiese,15,linked,D2,"Valley mires, poor fens and transition mires",2,close,0.70,Mossy wet meadow or poor fen,http://eunis.eea.europa.eu/eunishabitats/D2,
Mischwald,15,linked,G4,Mixed deciduous and coniferous woodland,2,exact,1.00,Mixed deciduous and coniferous woodland,http://eunis.eea.europa.eu/eunishabitats/G4,
Buchenhochwald,15,linked,G1.6,[Fagus] woodland,3,exact,0.90,Mature Fagus forest,http://eunis.eea.europa.eu/eunishabitats/G1.6,
Fichteichen,15,linked,G4,Mixed deciduous and coniferous woodland,2,close,0.80,"Mixed spruce-oak forest, G4 mixed woodland",http://eunis.eea.europa.eu/eunishabitats/G4,
Balkon,14,linked,J1,"Buildings of cities, towns and villages",2,broad,0.90,"Balcony, part of residential buildings",http://eunis.eea.europa.eu/eunishabitats/J1,
Rohr,14,linked,C3.2,Water-fringing reedbeds and tall helophytes other than canes,3,close,0.90,"Reedbed, water-fringing reedbeds",http://eunis.eea.europa.eu/eunishabitats/C3.2,
Sandbank,14,linked,C3.6,Unvegetated or sparsely vegetated shores with soft or mobile sediments,3,close,0.90,Unvegetated or sparsely vegetated shores,http://eunis.eea.europa.eu/eunishabitats/C3.6,
Weidicht,14,linked,F9.1,Riverine scrub,3,exact,0.95,"Willow scrub, riverine scrub",http://eunis.eea.europa.eu/eunishabitats/F9.1,
Gartenanlagen,13,linked,I2,Cultivated areas of gardens and parks,2,exact,0.95,Cultivated areas of gardens and parks,http://eunis.eea.europa.eu/eunishabitats/I2,
Hecke,13,linked,FA,Hedgerows,2,exact,1.00,Hedgerows,http://eunis.eea.europa.eu/eunishabitats/FA,
Sumpf,13,linked,D5,"Sedge and reedbeds, normally without free-standing water",2,close,0.80,"Swamp/marsh, sedge and reedbeds",http://eunis.eea.europa.eu/eunishabitats/D5,
Ried,13,linked,D5,"Sedge and reedbeds, normally without free-standing water",2,exact,0.90,"Fen/reedbed, sedge and reedbeds",http://eunis.eea.europa.eu/eunishabitats/D5,
Tümpel,13,linked,C1.6,"Temporary lakes, ponds and pools",3,close,0.85,Temporary or small pond,http://eunis.eea.europa.eu/eunishabitats/C1.6,
Getreidefeld,12,linked,I1.1,Intensive unmixed crops,3,exact,0.95,"Cereal field, intensive unmixed crops",http://eunis.eea.europa.eu/eunishabitats/I1.1,
Birkenwäldchen,12,linked,G5.2,Small broadleaved deciduous anthropogenic woodlands,3,close,0.85,"Small birch wood, anthropogenic or early-stage",http://eunis.eea.europa.eu/eunishabitats/G5.2,
Steinbruch,12,linked,J3.2,"Active opencast mineral extraction sites, including quarries",3,exact,1.00,"Quarry, active or recently abandoned",http://eunis.eea.europa.eu/eunishabitats/J3.2,
Schilfwald,12,linked,C3.21,[Phragmites australis] beds,4,exact,0.95,Phragmites reedbed,http://eunis.eea.europa.eu/eunishabitats/C3.21,
Latschen,12,linked,F2.4,Conifer scrub close to the tree limit,3,exact,0.95,Pinus mugo scrub close to tree limit,http://eunis.eea.europa.eu/eunishabitats/F2.4,
Campos,12,linked,E1,Dry grasslands,2,close,0.70,Dry grassland or open fields,http://eunis.eea.europa.eu/eunishabitats/E1,
Torfstich,11,linked,J3.3,Recently abandoned above-ground spaces of extractive industrial sites,3,close,0.80,"Peat cutting, extractive site",http://eunis.eea.europa.eu/eunishabitats/J3.3,
Strauchwerk,11,linked,F3,Temperate and mediterranean-montane scrub,2,exact,0.90,Temperate scrub,http://eunis.eea.europa.eu/eunishabitats/F3,
Futterfenster,11,linked,J1,"Buildings of cities, towns and villages",2,broad,0.80,"Feeding window, part of a building",http://eunis.eea.europa.eu/eunishabitats/J1,
Sumpf- und Wasservogelreservat,11,linked,X,Habitat complexes,1,broad,0.70,"Wetland reserve, complex of habitats",http://eunis.eea.europa.eu/eunishabitats/X,
hohe Bäume,11,linked,G,"Woodland, forest and other wooded land",1,broad,0.70,"Tall trees, woodland or lines of trees",http://eunis.eea.europa.eu/eunishabitats/G,
Schirm,11,review,J2,Low density buildings,2,broad,0.50,Shelter or canopy structure,http://eunis.eea.europa.eu/eunishabitats/J2,
Allee,11,linked,G5.1,Lines of trees,3,exact,1.00,"Avenue, lines of trees",http://eunis.eea.europa.eu/eunishabitats/G5.1,
Buchenwäldchen,11,linked,G5.2,Small broadleaved deciduous anthropogenic woodlands,3,close,0.85,Small beech wood,http://eunis.eea.europa.eu/eunishabitats/G5.2,
Gehölz,10,linked,F3.1,Temperate thickets and scrub,3,close,0.80,"Copses, thickets or small woods",http://eunis.eea.europa.eu/eunishabitats/F3.1,
Auwäldchen,10,linked,G1.1,"Riparian and gallery woodland, with dominant [Alnus], [Betula], [Populus] or [Salix]",3,close,0.90,Small alluvial forest,http://eunis.eea.europa.eu/eunishabitats/G1.1,
Buchen,10,linked,G1.6,[Fagus] woodland,3,close,0.85,"Beech trees, Fagus woodland",http://eunis.eea.europa.eu/eunishabitats/G1.6,
Moorwiese,10,linked,E3,Seasonally wet and wet grasslands,2,close,0.85,"Fen meadow, wet grassland",http://eunis.eea.europa.eu/eunishabitats/E3,
Birkenmoor,10,linked,G1.5,Broadleaved swamp woodland on acid peat,3,exact,0.90,Birch bog woodland,http://eunis.eea.europa.eu/eunishabitats/G1.5,
Busch,10,linked,F3,Temperate and mediterranean-montane scrub,2,close,0.90,Shrub/bush,http://eunis.eea.europa.eu/eunishabitats/F3,
Waldungen,10,linked,G,"Woodland, forest and other wooded land",1,exact,1.00,Woodlands,http://eunis.eea.europa.eu/eunishabitats/G,
Lagunen,10,linked,X02,Saline coastal lagoons,2,close,0.80,Lagoons (Adriatic context),http://eunis.eea.europa.eu/eunishabitats/X02,
Schilfsaum,10,linked,C3.2,Water-fringing reedbeds and tall helophytes other than canes,3,exact,0.95,Reed fringe,http://eunis.eea.europa.eu/eunishabitats/C3.2,
Blänke,10,linked,C1,Surface standing waters,2,close,0.80,Pool of open water in a marsh,http://eunis.eea.europa.eu/eunishabitats/C1,
Pappeln,10,linked,G1.1,"Riparian and gallery woodland, with dominant [Alnus], [Betula], [Populus] or [Salix]",3,close,0.80,"Poplars, typical of riparian woodland",http://eunis.eea.europa.eu/eunishabitats/G1.1,
Damm,10,linked,J4,Transport networks and other constructed hard-surfaced areas,2,broad,0.70,Embankment/dyke,http://eunis.eea.europa.eu/eunishabitats/J4,
Schlamm,10,linked,C3.6,Unvegetated or sparsely vegetated shores with soft or mobile sediments,3,broad,0.80,"Mud, unvegetated shore",http://eunis.eea.europa.eu/eunishabitats/C3.6,
Bachwäldchen,10,linked,G1.1,"Riparian and gallery woodland, with dominant [Alnus], [Betula], [Populus] or [Salix]",3,close,0.85,Small brookside woodland,http://eunis.eea.europa.eu/eunishabitats/G1.1,
Saatfeld,9,linked,I1.5,"Bare tilled, fallow or recently abandoned arable land",3,close,0.80,"Sown field, arable land",http://eunis.eea.europa.eu/eunishabitats/I1.5,
Ufergebüsch,9,linked,F9.1,Riverine scrub,3,exact,0.95,Riparian scrub,http://eunis.eea.europa.eu/eunishabitats/F9.1,
Kiesgrube,9,linked,J3.2,"Active opencast mineral extraction sites, including quarries",3,exact,0.95,Active opencast mineral extraction sites,http://eunis.eea.europa.eu/eunishabitats/J3.2,
überschwemmte Wiese,9,linked,E3,Seasonally wet and wet grasslands,2,close,0.90,Seasonally wet and wet grasslands,http://eunis.eea.europa.eu/eunishabitats/E3,
Tannen,9,linked,G3.1,[Abies] and [Picea] woodland,3,close,0.85,Abies and Picea woodland,http://eunis.eea.europa.eu/eunishabitats/G3.1,
Ufer,9,linked,C3,Littoral zone of inland surface waterbodies,2,broad,0.80,Littoral zone of inland surface waterbodies,http://eunis.eea.europa.eu/eunishabitats/C3,
Schotterbank,9,linked,C3.6,Unvegetated or sparsely vegetated shores with soft or mobile sediments,3,close,0.90,Unvegetated or sparsely vegetated shores with soft/mobile sediments,http://eunis.eea.europa.eu/eunishabitats/C3.6,
Föhren,9,linked,G3.4,[Pinus sylvestris] woodland south of the taiga,3,close,0.85,Pinus sylvestris woodland,http://eunis.eea.europa.eu/eunishabitats/G3.4,
Fichtenwald,9,linked,G3.1,[Abies] and [Picea] woodland,3,exact,0.95,Picea woodland,http://eunis.eea.europa.eu/eunishabitats/G3.1,
Laubwald,9,linked,G1,Broadleaved deciduous woodland,2,exact,1.00,Broadleaved deciduous woodland,http://eunis.eea.europa.eu/eunishabitats/G1,
Seeufer,9,linked,C3,Littoral zone of inland surface waterbodies,2,close,0.90,Littoral zone of inland surface waterbodies,http://eunis.eea.europa.eu/eunishabitats/C3,
Winterteiche,9,linked,C1.6,"Temporary lakes, ponds and pools",3,close,0.75,"Temporary lakes, ponds and pools",http://eunis.eea.europa.eu/eunishabitats/C1.6,
Kungs-Anlagen beim Vasa-Schloß,9,linked,X11,Large parks,2,close,0.85,Large parks,http://eunis.eea.europa.eu/eunishabitats/X11,
Vorfluter,9,linked,C2,Surface running waters,2,broad,0.80,Surface running waters,http://eunis.eea.europa.eu/eunishabitats/C2,
Pappelhain,9,linked,G1.1,"Riparian and gallery woodland, with dominant [Alnus], [Betula], [Populus] or [Salix]",3,close,0.85,Populus woodland,http://eunis.eea.europa.eu/eunishabitats/G1.1,
Kiesinsel,8,linked,C3.6,Unvegetated or sparsely vegetated shores with soft or mobile sediments,3,broad,0.80,Unvegetated or sparsely vegetated river shores/islands,http://eunis.eea.europa.eu/eunishabitats/C3.6,
Hang,8,review,H,Inland unvegetated or sparsely vegetated habitats,1,broad,0.50,Inland unvegetated or sparsely vegetated habitats,http://eunis.eea.europa.eu/eunishabitats/H,
Erlengebüsch,8,linked,F9.2,[Salix] carr and fen scrub,3,exact,0.90,Salix carr and fen scrub (includes Alnus),http://eunis.eea.europa.eu/eunishabitats/F9.2,
Baum,8,review,G5.1,Lines of trees,3,broad,0.60,Lines of trees or single trees,http://eunis.eea.europa.eu/eunishabitats/G5.1,
Düne,8,linked,B1,Coastal dunes and sandy shores,2,broad,0.70,Coastal dunes or inland sand dunes (E1.9),http://eunis.eea.europa.eu/eunishabitats/B1,
Erlenbruch,8,linked,G1.4,Broadleaved swamp woodland not on acid peat,3,exact,0.95,Broadleaved swamp woodland not on acid peat,http://eunis.eea.europa.eu/eunishabitats/G1.4,
Lärchenwälder,8,linked,G3.2,Alpine [Larix] - [Pinus cembra] woodland,3,exact,0.90,Alpine Larix - Pinus cembra woodland,http://eunis.eea.europa.eu/eunishabitats/G3.2,
Hain,8,linked,G5,"Lines of trees, small anthropogenic woodlands, recently felled woodland, early-stage woodland and coppice",2,broad,0.70,Small anthropogenic woodlands,http://eunis.eea.europa.eu/eunishabitats/G5,
Waldsaum,8,linked,E5.2,Thermophile woodland fringes,3,close,0.85,Thermophile woodland fringes,http://eunis.eea.europa.eu/eunishabitats/E5.2,
Gürtelsaum,8,linked,E5,Woodland fringes and clearings and tall forb stands,2,broad,0.75,Woodland fringes and clearings,http://eunis.eea.europa.eu/eunishabitats/E5,
OB,8,no_match,,,,none,0.00,"Abbreviation, unclear meaning",,
Futterbrett am Küchenfenster,8,linked,J1.2,Residential buildings of villages and urban peripheries,3,broad,0.80,Residential buildings of villages and urban peripheries,http://eunis.eea.europa.eu/eunishabitats/J1.2,
Stausee,8,linked,J5.3,Highly artificial non-saline standing waters,3,exact,0.90,Highly artificial non-saline standing waters,http://eunis.eea.europa.eu/eunishabitats/J5.3,
Schotterfeld,7,linked,H2,Screes,2,broad,0.70,Screes or gravel fields,http://eunis.eea.europa.eu/eunishabitats/H2,
Fichtenschonung,7,linked,G3.F,Highly artificial coniferous plantations,3,close,0.85,Highly artificial coniferous plantations,http://eunis.eea.europa.eu/eunishabitats/G3.F,
Kastanien,7,linked,G1.D,Fruit and nut tree orchards,3,close,0.75,Fruit and nut tree orchards,http://eunis.eea.europa.eu/eunishabitats/G1.D,
Eichenwald,7,linked,G1.8,Acidophilous [Quercus]-dominated woodland,3,close,0.80,Acidophilous Quercus-dominated woodland,http://eunis.eea.europa.eu/eunishabitats/G1.8,
Lärche,7,linked,G3.2,Alpine [Larix] - [Pinus cembra] woodland,3,close,0.80,Alpine Larix - Pinus cembra woodland,http://eunis.eea.europa.eu/eunishabitats/G3.2,
Dickungen,7,linked,F3,Temperate and mediterranean-montane scrub,2,broad,0.75,Temperate and mediterranean-montane scrub,http://eunis.eea.europa.eu/eunishabitats/F3,
Bächlein,7,linked,C2.2,"Permanent non-tidal, fast, turbulent watercourses",3,close,0.80,"Permanent non-tidal, fast, turbulent watercourses",http://eunis.eea.europa.eu/eunishabitats/C2.2,
Isarauen,7,linked,G1.2,Mixed riparian floodplain and gallery woodland,3,close,0.90,Mixed riparian floodplain and gallery woodland,http://eunis.eea.europa.eu/eunishabitats/G1.2,
Au,7,linked,G1.2,Mixed riparian floodplain and gallery woodland,3,close,0.85,Mixed riparian floodplain and gallery woodland,http://eunis.eea.europa.eu/eunishabitats/G1.2,
Wiesen und Matten,7,linked,E2,Mesic grasslands,2,close,0.90,Mesic grasslands,http://eunis.eea.europa.eu/eunishabitats/E2,
Föhrenwald mit Hochmoorcharakter,7,linked,G3.D,Boreal bog conifer woodland,3,exact,0.90,Boreal bog conifer woodland,http://eunis.eea.europa.eu/eunishabitats/G3.D,
Waldhang,7,linked,G,"Woodland, forest and other wooded land",1,broad,0.80,"Woodland, forest and other wooded land",http://eunis.eea.europa.eu/eunishabitats/G,
Birkenbestände,7,linked,G1.9,"Non-riverine woodland with [Betula], [Populus tremula] or [Sorbus aucuparia]",3,close,0.85,Non-riverine woodland with Betula,http://eunis.eea.europa.eu/eunishabitats/G1.9,
Lech,7,linked,C2,Surface running waters,2,broad,0.90,River Lech (running water),http://eunis.eea.europa.eu/eunishabitats/C2,
Speichersee,7,linked,J5.3,Highly artificial non-saline standing waters,3,exact,0.90,Highly artificial non-saline standing waters,http://eunis.eea.europa.eu/eunishabitats/J5.3,
Bäume beim Haus,7,linked,G5.1,Lines of trees,3,close,0.80,Lines of trees or small anthropogenic woodland near buildings,http://eunis.eea.europa.eu/eunishabitats/G5.1,
Kolonie,7,no_match,,,,none,0.90,"Refers to breeding colony, not a habitat",,
Eis,7,linked,H4,Snow or ice-dominated habitats,2,close,0.80,Snow or ice-dominated habitats,http://eunis.eea.europa.eu/eunishabitats/H4,
Birkenhof,7,linked,J2,Low density buildings,2,broad,0.70,Farmstead/rural buildings with birch trees,http://eunis.eea.europa.eu/eunishabitats/J2,
Hainbuchen-Wäldchen,7,linked,G1.A,"Meso- and eutrophic [Quercus], [Carpinus], [Fraxinus], [Acer], [Tilia], [Ulmus] and related woodland",3,close,0.90,Carpinus-dominated small woodland,http://eunis.eea.europa.eu/eunishabitats/G1.A,
Felder und Wiesen,6,linked,X07,Intensively-farmed crops interspersed with strips of natural and/or semi-natural vegetation,2,close,0.80,Mosaic of arable land and grassland,http://eunis.eea.europa.eu/eunishabitats/X07,
Hochmoor,6,linked,D1.1,Raised bogs,3,exact,1.00,Raised bogs,http://eunis.eea.europa.eu/eunishabitats/D1.1,
Schilfrohr,6,linked,C3.21,[Phragmites australis] beds,4,exact,1.00,Phragmites beds,http://eunis.eea.europa.eu/eunishabitats/C3.21,
Holunderbüsche,6,linked,F3.1,Temperate thickets and scrub,3,close,0.80,Sambucus scrub,http://eunis.eea.europa.eu/eunishabitats/F3.1,
freies Wasser,6,linked,C1,Surface standing waters,2,broad,0.80,Open standing water,http://eunis.eea.europa.eu/eunishabitats/C1,
Disteln,6,linked,E5.1,Anthropogenic herb stands,3,broad,0.70,Anthropogenic herb stands with thistles,http://eunis.eea.europa.eu/eunishabitats/E5.1,
Anlagen am See-Ufer,6,linked,I2,Cultivated areas of gardens and parks,2,close,0.80,Parks/gardens at lake shore,http://eunis.eea.europa.eu/eunishabitats/I2,
Felsen,6,linked,H3,"Inland cliffs, rock pavements and outcrops",2,broad,0.90,Inland cliffs and rock outcrops,http://eunis.eea.europa.eu/eunishabitats/H3,
Campus,6,linked,J1.3,Urban and suburban public buildings,3,broad,0.70,Public buildings and surrounding grounds,http://eunis.eea.europa.eu/eunishabitats/J1.3,
Lagunengebiet,6,linked,X03,Brackish coastal lagoons,2,close,0.80,Brackish coastal lagoon complex,http://eunis.eea.europa.eu/eunishabitats/X03,
Tauen gegenüber unserer Wohnung,6,review,J1.2,Residential buildings of villages and urban peripheries,3,broad,0.60,Ropes/wires opposite apartment,http://eunis.eea.europa.eu/eunishabitats/J1.2,
Fichten beim Haus,6,linked,G5.4,Small coniferous anthropogenic woodlands,3,close,0.80,Small coniferous anthropogenic woodland,http://eunis.eea.europa.eu/eunishabitats/G5.4,
Schlammbank,6,linked,C3.6,Unvegetated or sparsely vegetated shores with soft or mobile sediments,3,exact,0.90,Unvegetated or sparsely vegetated shores with soft sediments,http://eunis.eea.europa.eu/eunishabitats/C3.6,
Westbecken,6,linked,C1,Surface standing waters,2,broad,0.70,Western basin of a lake,http://eunis.eea.europa.eu/eunishabitats/C1,
Graben,6,linked,J5.4,Highly artificial non-saline running waters,3,broad,0.70,Artificial ditch/running water,http://eunis.eea.europa.eu/eunishabitats/J5.4,
Grasgarten,6,linked,I2.2,Small-scale ornamental and domestic garden areas,3,close,0.80,Domestic garden lawn,http://eunis.eea.europa.eu/eunishabitats/I2.2,
Vorklär-Teich,6,linked,J5.3,Highly artificial non-saline standing waters,3,exact,0.90,Sewage treatment pond,http://eunis.eea.europa.eu/eunishabitats/J5.3,
Almboden,6,linked,E4,Alpine and subalpine grasslands,2,close,0.90,Alpine and subalpine grasslands,http://eunis.eea.europa.eu/eunishabitats/E4,
Silberweidenwald,6,linked,G1.1,"Riparian and gallery woodland, with dominant [Alnus], [Betula], [Populus] or [Salix]",3,exact,0.95,Salix alba riparian woodland,http://eunis.eea.europa.eu/eunishabitats/G1.1,
Tierpark,6,linked,I2.1,Large-scale ornamental garden areas,3,close,0.80,Zoo/large-scale ornamental park,http://eunis.eea.europa.eu/eunishabitats/I2.1,
Forstleite,6,linked,G,"Woodland, forest and other wooded land",1,broad,0.80,Forested slope,http://eunis.eea.europa.eu/eunishabitats/G,
Schilfdickicht,5,linked,C3.2,Water-fringing reedbeds and tall helophytes other than canes,3,exact,0.95,Water-fringing reedbeds,http://eunis.eea.europa.eu/eunishabitats/C3.2,
Fichtenhecke,5,linked,FA,Hedgerows,2,close,0.80,Spruce hedge,http://eunis.eea.europa.eu/eunishabitats/FA,
Seemoos,5,linked,D2,"Valley mires, poor fens and transition mires",2,close,0.80,Lake mire/bog,http://eunis.eea.europa.eu/eunishabitats/D2,
Felswand,5,linked,H3,"Inland cliffs, rock pavements and outcrops",2,exact,0.95,Inland cliffs,http://eunis.eea.europa.eu/eunishabitats/H3,
feuchte Wiesen,5,linked,E3,Seasonally wet and wet grasslands,2,exact,0.95,Seasonally wet and wet grasslands,http://eunis.eea.europa.eu/eunishabitats/E3,
Heckenauen,5,linked,F9.1,Riverine scrub,3,close,0.70,Riparian scrub/hedges,http://eunis.eea.europa.eu/eunishabitats/F9.1,
Telegrafendrähte längs der Straße,5,linked,J4.2,Road networks,3,broad,0.80,Telegraph wires along road,http://eunis.eea.europa.eu/eunishabitats/J4.2,
Steg,5,linked,J5,Highly artificial man-made waters and associated structures,2,broad,0.70,Wooden jetty/footbridge,http://eunis.eea.europa.eu/eunishabitats/J5,
Hangwälder,5,linked,G,"Woodland, forest and other wooded land",1,close,0.90,Slope forests,http://eunis.eea.europa.eu/eunishabitats/G,
Alleebäume,5,linked,G5.1,Lines of trees,3,exact,0.95,Lines of trees,http://eunis.eea.europa.eu/eunishabitats/G5.1,
alte Bäume,5,linked,G,"Woodland, forest and other wooded land",1,broad,0.70,Old trees,http://eunis.eea.europa.eu/eunishabitats/G,
Hof,5,linked,J2.4,Agricultural constructions,3,broad,0.80,Farmyard/courtyard,http://eunis.eea.europa.eu/eunishabitats/J2.4,
Watt,5,linked,A2,Littoral sediment,2,exact,0.90,Littoral sediment / mudflats,http://eunis.eea.europa.eu/eunishabitats/A2,
Schutzgebiet,5,no_match,,,,none,0.10,"Protected area, not a specific habitat type",,
Waldabteil,5,linked,G,"Woodland, forest and other wooded land",1,broad,0.80,Forest compartment,http://eunis.eea.europa.eu/eunishabitats/G,
Kleingärten,5,linked,I2.2,Small-scale ornamental and domestic garden areas,3,exact,0.95,Allotment gardens,http://eunis.eea.europa.eu/eunishabitats/I2.2,
Schutzholz,5,linked,G,"Woodland, forest and other wooded land",1,broad,0.70,Protective forest or shelterbelt,http://eunis.eea.europa.eu/eunishabitats/G,
Schilfwiese,5,linked,D5.1,Reedbeds normally without free-standing water,3,close,0.80,"Reed meadow, reedbed without standing water",http://eunis.eea.europa.eu/eunishabitats/D5.1,
Abwiesenhalden,5,review,E2,Mesic grasslands,2,close,0.60,Meadow slopes,http://eunis.eea.europa.eu/eunishabitats/E2,
Uferverbauungen und im Weidicht,5,linked,F9.1,Riverine scrub,3,close,0.70,Embankments and willow scrub,http://eunis.eea.europa.eu/eunishabitats/F9.1,
Fabrikgelände,5,linked,J1.4,Urban and suburban industrial and commercial sites still in active use,3,exact,0.90,Industrial site,http://eunis.eea.europa.eu/eunishabitats/J1.4,
Parkwald,5,linked,G5.2,Small broadleaved deciduous anthropogenic woodlands,3,close,0.80,Park woodland,http://eunis.eea.europa.eu/eunishabitats/G5.2,
Uferstücke,5,linked,C3,Littoral zone of inland surface waterbodies,2,broad,0.80,Riparian zones / shores,http://eunis.eea.europa.eu/eunishabitats/C3,
Werkkanal,5,linked,J5.4,Highly artificial non-saline running waters,3,exact,0.95,Industrial canal,http://eunis.eea.europa.eu/eunishabitats/J5.4,
Fütterplatz vor d. Küchenfenster,5,linked,I2.2,Small-scale ornamental and domestic garden areas,3,broad,0.90,Feeding station in domestic garden,http://eunis.eea.europa.eu/eunishabitats/I2.2,
Stadt,4,linked,J1,"Buildings of cities, towns and villages",2,broad,0.90,City / urban area,http://eunis.eea.europa.eu/eunishabitats/J1,
abgeerntetes Getreidefeld am Waldrand,4,linked,I1.5,"Bare tilled, fallow or recently abandoned arable land",3,close,0.85,Harvested cereal field,http://eunis.eea.europa.eu/eunishabitats/I1.5,
Fichtenwäldchen,4,linked,G5.4,Small coniferous anthropogenic woodlands,3,close,0.90,Small spruce woodland,http://eunis.eea.europa.eu/eunishabitats/G5.4,
Bahnhof,4,linked,J4.3,Rail networks,3,close,0.90,Railway station,http://eunis.eea.europa.eu/eunishabitats/J4.3,
niederes Buschwerk,4,linked,F3.1,Temperate thickets and scrub,3,close,0.80,Low shrubbery,http://eunis.eea.europa.eu/eunishabitats/F3.1,
Kiefern,4,linked,G3.4,[Pinus sylvestris] woodland south of the taiga,3,close,0.80,Pine trees / pine forest,http://eunis.eea.europa.eu/eunishabitats/G3.4,
Fichtendickicht,4,linked,G3.1,[Abies] and [Picea] woodland,3,close,0.85,Spruce thicket,http://eunis.eea.europa.eu/eunishabitats/G3.1,
Fichtenpflanzung,4,linked,G3.F,Highly artificial coniferous plantations,3,exact,0.90,Spruce plantation,http://eunis.eea.europa.eu/eunishabitats/G3.F,
Föhrenwäldchen,4,linked,G5.4,Small coniferous anthropogenic woodlands,3,close,0.90,Small pine woodland,http://eunis.eea.europa.eu/eunishabitats/G5.4,
Moorwald,4,linked,G3.D,Boreal bog conifer woodland,3,close,0.80,Bog woodland,http://eunis.eea.europa.eu/eunishabitats/G3.D,
Latschenmoos,4,linked,F2.4,Conifer scrub close to the tree limit,3,close,0.85,Pinus mugo scrub near tree limit,http://eunis.eea.europa.eu/eunishabitats/F2.4,
Weidenauen,4,linked,G1.1,"Riparian and gallery woodland, with dominant [Alnus], [Betula], [Populus] or [Salix]",3,exact,0.90,Riparian willow forest,http://eunis.eea.europa.eu/eunishabitats/G1.1,
Stadtwald,4,linked,G5.2,Small broadleaved deciduous anthropogenic woodlands,3,close,0.80,Urban forest,http://eunis.eea.europa.eu/eunishabitats/G5.2,
Moosgelände,4,linked,D,"Mires, bogs and fens",1,broad,0.70,Mire / bog terrain,http://eunis.eea.europa.eu/eunishabitats/D,
Weidenbüschen am Wasser,4,linked,F9.1,Riverine scrub,3,exact,0.90,Riparian willow scrub,http://eunis.eea.europa.eu/eunishabitats/F9.1,
Rohrfeld,4,linked,C3.2,Water-fringing reedbeds and tall helophytes other than canes,3,close,0.85,Reedbed,http://eunis.eea.europa.eu/eunishabitats/C3.2,
Schilf und See,4,linked,C3.2,Water-fringing reedbeds and tall helophytes other than canes,3,close,0.90,Reedbed and lake,http://eunis.eea.europa.eu/eunishabitats/C3.2,
Föhrenbestand,4,linked,G3.4,[Pinus sylvestris] woodland south of the taiga,3,close,0.85,Pine stand,http://eunis.eea.europa.eu/eunishabitats/G3.4,
Alpenmatten,4,linked,E4,Alpine and subalpine grasslands,2,exact,0.95,Alpine meadows,http://eunis.eea.europa.eu/eunishabitats/E4,
Wäldchen aus Falten-Eschen,4,linked,G5.2,Small broadleaved deciduous anthropogenic woodlands,3,close,0.80,Small ash woodland,http://eunis.eea.europa.eu/eunishabitats/G5.2,
Schlammlager in den Fischgärten,4,linked,J5.3,Highly artificial non-saline standing waters,3,broad,0.75,Mud deposits in fish ponds,http://eunis.eea.europa.eu/eunishabitats/J5.3,
Erlbäume,4,linked,G1.1,"Riparian and gallery woodland, with dominant [Alnus], [Betula], [Populus] or [Salix]",3,close,0.80,Alder trees,http://eunis.eea.europa.eu/eunishabitats/G1.1,
Gemüsegarten,4,linked,I2.2,Small-scale ornamental and domestic garden areas,3,exact,0.90,Vegetable garden,http://eunis.eea.europa.eu/eunishabitats/I2.2,
Schilfbestände,4,linked,C3.2,Water-fringing reedbeds and tall helophytes other than canes,3,exact,0.95,Reedbeds,http://eunis.eea.europa.eu/eunishabitats/C3.2,
Wirtsgarten,4,linked,I2.2,Small-scale ornamental and domestic garden areas,3,close,0.85,Beer garden / restaurant garden,http://eunis.eea.europa.eu/eunishabitats/I2.2,
Bergwäldern,4,linked,G,"Woodland, forest and other wooded land",1,broad,0.80,Mountain forests,http://eunis.eea.europa.eu/eunishabitats/G,
Dorf,4,linked,J1.2,Residential buildings of villages and urban peripheries,3,exact,0.95,Village,http://eunis.eea.europa.eu/eunishabitats/J1.2,
Fels,4,linked,H3,"Inland cliffs, rock pavements and outcrops",2,broad,0.90,Rock / cliffs,http://eunis.eea.europa.eu/eunishabitats/H3,
Bergwiese,4,linked,E2.3,Mountain hay meadows,3,exact,0.95,Mountain hay meadows,http://eunis.eea.europa.eu/eunishabitats/E2.3,
Wattwiesen,4,linked,E3,Seasonally wet and wet grasslands,2,close,0.80,Seasonally wet or wet grasslands,http://eunis.eea.europa.eu/eunishabitats/E3,
Rapsfeld,4,linked,I1.1,Intensive unmixed crops,3,close,0.95,Intensive unmixed crops,http://eunis.eea.europa.eu/eunishabitats/I1.1,
Laubbaumwald,4,linked,G1,Broadleaved deciduous woodland,2,exact,1.00,Broadleaved deciduous woodland,http://eunis.eea.europa.eu/eunishabitats/G1,
verschneite Bäume,4,linked,G,"Woodland, forest and other wooded land",1,broad,0.70,"Snow-covered trees, likely woodland",http://eunis.eea.europa.eu/eunishabitats/G,
Botanischer Garten,4,linked,I2.1,Large-scale ornamental garden areas,3,close,0.90,Large-scale ornamental garden areas,http://eunis.eea.europa.eu/eunishabitats/I2.1,
Ahornbäume vor unserem Haus,4,linked,G5.1,Lines of trees,3,broad,0.80,Lines of trees or small group near house,http://eunis.eea.europa.eu/eunishabitats/G5.1,
Lärche am Haus,4,linked,J2,Low density buildings,2,broad,0.70,Single tree next to a low density building,http://eunis.eea.europa.eu/eunishabitats/J2,
Dünenkuhlen,4,linked,B1.8,Moist and wet dune slacks,3,exact,0.90,Moist and wet dune slacks,http://eunis.eea.europa.eu/eunishabitats/B1.8,
Tierpark- und Isarauen,4,linked,X11,Large parks,2,broad,0.70,Zoo park and riparian floodplain complex,http://eunis.eea.europa.eu/eunishabitats/X11,
WE,4,no_match,,,,none,0.00,Unclear abbreviation,,
W.B.,4,no_match,,,,none,0.00,Unclear abbreviation,,
Futterplatz am Küchenfenster,4,linked,J1.2,Residential buildings of villages and urban peripheries,3,broad,0.80,Feeding station at residential building window,http://eunis.eea.europa.eu/eunishabitats/J1.2,
Riedwald,3,linked,G1.4,Broadleaved swamp woodland not on acid peat,3,exact,0.90,Broadleaved swamp woodland,http://eunis.eea.europa.eu/eunishabitats/G1.4,
Wiesenland,3,linked,E2,Mesic grasslands,2,close,0.95,Mesic grasslands,http://eunis.eea.europa.eu/eunishabitats/E2,
Reisighaufen,3,linked,J6.4,Agricultural and horticultural waste,3,broad,0.70,"Brushwood pile, agricultural/horticultural waste",http://eunis.eea.europa.eu/eunishabitats/J6.4,
Tannenhochwald,3,linked,G3.1,[Abies] and [Picea] woodland,3,close,0.95,Abies and Picea woodland,http://eunis.eea.europa.eu/eunishabitats/G3.1,
Tannenwald,3,linked,G3.1,[Abies] and [Picea] woodland,3,close,0.95,Abies and Picea woodland,http://eunis.eea.europa.eu/eunishabitats/G3.1,
frischgepflügter Acker,3,linked,I1.5,"Bare tilled, fallow or recently abandoned arable land",3,exact,0.95,Bare tilled arable land,http://eunis.eea.europa.eu/eunishabitats/I1.5,
Wiesen und Äcker,3,linked,X07,Intensively-farmed crops interspersed with strips of natural and/or semi-natural vegetation,2,close,0.80,Mosaic of crops and grassland,http://eunis.eea.europa.eu/eunishabitats/X07,
Weiden am Ufer,3,linked,F9.1,Riverine scrub,3,close,0.85,Riparian willow scrub,http://eunis.eea.europa.eu/eunishabitats/F9.1,
Wald- und Wiesenlandschaft,3,linked,X10,Mosaic landscapes with a woodland element (bocages),2,close,0.80,Mosaic landscape with woodland element,http://eunis.eea.europa.eu/eunishabitats/X10,
nasse Wiese,3,linked,E3,Seasonally wet and wet grasslands,2,exact,0.95,Seasonally wet and wet grasslands,http://eunis.eea.europa.eu/eunishabitats/E3,
Sand- und Kiesbänke,3,linked,C3.6,Unvegetated or sparsely vegetated shores with soft or mobile sediments,3,exact,0.90,Unvegetated or sparsely vegetated shores,http://eunis.eea.europa.eu/eunishabitats/C3.6,
seichtes Wasser,3,linked,C3,Littoral zone of inland surface waterbodies,2,broad,0.80,"Shallow water, littoral zone",http://eunis.eea.europa.eu/eunishabitats/C3,
Weg,3,linked,J4.2,Road networks,3,broad,0.80,Path or road network,http://eunis.eea.europa.eu/eunishabitats/J4.2,
Gesträuch,3,linked,F3,Temperate and mediterranean-montane scrub,2,exact,0.95,Temperate scrub,http://eunis.eea.europa.eu/eunishabitats/F3,
Kiesbänke am Fluß,3,linked,C3.6,Unvegetated or sparsely vegetated shores with soft or mobile sediments,3,exact,0.95,Unvegetated river gravel banks,http://eunis.eea.europa.eu/eunishabitats/C3.6,
Fichtenjungholz,3,linked,G5.7,Coppice and early-stage plantations,3,close,0.80,Young spruce plantation/regrowth,http://eunis.eea.europa.eu/eunishabitats/G5.7,
Terrasse,3,linked,J1.2,Residential buildings of villages and urban peripheries,3,broad,0.80,Terrace of a residential building,http://eunis.eea.europa.eu/eunishabitats/J1.2,
Wiesenflächen,3,linked,E2,Mesic grasslands,2,close,0.90,Mesic grasslands,http://eunis.eea.europa.eu/eunishabitats/E2,
Fichtenhochwald,3,linked,G3.1,[Abies] and [Picea] woodland,3,close,0.95,Mature spruce forest,http://eunis.eea.europa.eu/eunishabitats/G3.1,
verschneite Felder,3,linked,I1,Arable land and market gardens,2,broad,0.90,Snow-covered arable fields,http://eunis.eea.europa.eu/eunishabitats/I1,
Torfhütte,3,linked,J2.6,Disused rural constructions,3,broad,0.80,"Peat hut, disused rural construction",http://eunis.eea.europa.eu/eunishabitats/J2.6,
Erlen- und Weidenbüsche,3,linked,F9.2,[Salix] carr and fen scrub,3,exact,0.90,Salix carr and fen scrub,http://eunis.eea.europa.eu/eunishabitats/F9.2,
Wertachauen,3,linked,G1.1,"Riparian and gallery woodland, with dominant [Alnus], [Betula], [Populus] or [Salix]",3,close,0.85,Riparian woodland along the Wertach river,http://eunis.eea.europa.eu/eunishabitats/G1.1,
Wertachanlagen,3,linked,I2.1,Large-scale ornamental garden areas,3,close,0.80,Public parklands along the Wertach,http://eunis.eea.europa.eu/eunishabitats/I2.1,
hohe Buchen,3,linked,G1.6,[Fagus] woodland,3,close,0.90,"Tall beech trees, Fagus woodland",http://eunis.eea.europa.eu/eunishabitats/G1.6,
abgeerntete Felder,3,linked,I1.5,"Bare tilled, fallow or recently abandoned arable land",3,exact,0.90,Harvested/fallow arable land,http://eunis.eea.europa.eu/eunishabitats/I1.5,
Erlenwäldchen,3,linked,G1.B,Non-riverine [Alnus] woodland,3,exact,0.90,Non-riverine Alnus woodland or small wood,http://eunis.eea.europa.eu/eunishabitats/G1.B,
Stauden,3,linked,E5.1,Anthropogenic herb stands,3,close,0.80,"Staudenfluren, tall-herb stands",http://eunis.eea.europa.eu/eunishabitats/E5.1,
Friedhofanlagen,3,linked,J4.7,Constructed parts of cemeteries,3,close,0.90,Constructed parts of cemeteries,http://eunis.eea.europa.eu/eunishabitats/J4.7,
Felder in den Auen,3,linked,I1,Arable land and market gardens,2,close,0.80,Arable land in floodplains,http://eunis.eea.europa.eu/eunishabitats/I1,
Schilf und Rohr,3,linked,C3.2,Water-fringing reedbeds and tall helophytes other than canes,3,exact,0.95,Water-fringing reedbeds,http://eunis.eea.europa.eu/eunishabitats/C3.2,
freie Wasserfläche,3,linked,C1,Surface standing waters,2,close,0.90,Open standing water,http://eunis.eea.europa.eu/eunishabitats/C1,
Wehr,3,linked,J5.4,Highly artificial non-saline running waters,3,broad,0.80,"Weir, artificial running water structure",http://eunis.eea.europa.eu/eunishabitats/J5.4,
Tränke,3,linked,J5.3,Highly artificial non-saline standing waters,3,broad,0.70,"Watering trough, artificial standing water",http://eunis.eea.europa.eu/eunishabitats/J5.3,
Hangwiese,3,linked,E2,Mesic grasslands,2,close,0.80,Hillside meadow,http://eunis.eea.europa.eu/eunishabitats/E2,
Ufersand,3,linked,C3.6,Unvegetated or sparsely vegetated shores with soft or mobile sediments,3,exact,0.90,Unvegetated sandy shores,http://eunis.eea.europa.eu/eunishabitats/C3.6,
Flußufer,3,linked,C3,Littoral zone of inland surface waterbodies,2,close,0.90,River bank littoral zone,http://eunis.eea.europa.eu/eunishabitats/C3,
Rand eines gemischten Waldes,3,linked,E5.2,Thermophile woodland fringes,3,close,0.80,"Edge of mixed forest, woodland fringe",http://eunis.eea.europa.eu/eunishabitats/E5.2,
Entenanlagen,3,linked,J5.3,Highly artificial non-saline standing waters,3,broad,0.80,Artificial duck ponds,http://eunis.eea.europa.eu/eunishabitats/J5.3,
Futterplatz am Fenster,3,linked,I2.2,Small-scale ornamental and domestic garden areas,3,broad,0.80,"Feeding station at window, domestic garden",http://eunis.eea.europa.eu/eunishabitats/I2.2,
Schuttabladeplatz,3,linked,J6,Waste deposits,2,exact,0.90,"Rubbish dump, waste deposit",http://eunis.eea.europa.eu/eunishabitats/J6,
Stadtgarten,3,linked,I2.2,Small-scale ornamental and domestic garden areas,3,close,0.90,Urban garden,http://eunis.eea.europa.eu/eunishabitats/I2.2,
Bauernhöfen,3,linked,J2.4,Agricultural constructions,3,exact,0.90,"Agricultural constructions, farmsteads",http://eunis.eea.europa.eu/eunishabitats/J2.4,
Fichten und Föhrenbestand,3,linked,G3,Coniferous woodland,2,close,0.90,"Spruce and pine stand, coniferous woodland",http://eunis.eea.europa.eu/eunishabitats/G3,
Gras,3,linked,E,"Grasslands and lands dominated by forbs, mosses or lichens",1,broad,0.70,Grassland,http://eunis.eea.europa.eu/eunishabitats/E,
Bächen,3,linked,C2.2,"Permanent non-tidal, fast, turbulent watercourses",3,close,0.80,"Brooks, running waters",http://eunis.eea.europa.eu/eunishabitats/C2.2,
Erlenanlagen,3,linked,G1.B,Non-riverine [Alnus] woodland,3,close,0.80,Alder plantations or stands,http://eunis.eea.europa.eu/eunishabitats/G1.B,
Heide,3,linked,F4,Temperate shrub heathland,2,exact,0.90,Heathland,http://eunis.eea.europa.eu/eunishabitats/F4,
Sandgrube,3,linked,J3.2,"Active opencast mineral extraction sites, including quarries",3,exact,0.90,"Sand pit, active extraction site",http://eunis.eea.europa.eu/eunishabitats/J3.2,
Süßwasserquelle,3,linked,C2.1,"Springs, spring brooks and geysers",3,exact,0.95,Freshwater spring,http://eunis.eea.europa.eu/eunishabitats/C2.1,
Steinwüste,3,linked,H5.3,Sparsely- or un-vegetated habitats on mineral substrates not resulting from recent ice activity,3,close,0.70,Sparsely vegetated stony ground,http://eunis.eea.europa.eu/eunishabitats/H5.3,
Felsenhänge,3,linked,H3,"Inland cliffs, rock pavements and outcrops",2,close,0.90,Inland cliffs and rocky slopes,http://eunis.eea.europa.eu/eunishabitats/H3,
Meer,3,linked,A,Marine habitats,1,exact,0.95,Marine habitats,http://eunis.eea.europa.eu/eunishabitats/A,
Wasserflächen,3,linked,C,Inland surface waters,1,broad,0.80,Inland surface waters,http://eunis.eea.europa.eu/eunishabitats/C,
Birkenhain,3,linked,G1.9,"Non-riverine woodland with [Betula], [Populus tremula] or [Sorbus aucuparia]",3,close,0.85,Birch grove,http://eunis.eea.europa.eu/eunishabitats/G1.9,
Schotteranschwemmungen,3,linked,C3.6,Unvegetated or sparsely vegetated shores with soft or mobile sediments,3,close,0.80,"Gravel banks, unvegetated shores",http://eunis.eea.europa.eu/eunishabitats/C3.6,
Bäume und Sträucher längs der Straße,3,linked,G5.1,Lines of trees,3,close,0.85,Lines of trees along roads,http://eunis.eea.europa.eu/eunishabitats/G5.1,
Wälder längs der Straße,3,linked,G5.1,Lines of trees,3,close,0.70,Wooded strips along roads,http://eunis.eea.europa.eu/eunishabitats/G5.1,
Forstwald,3,linked,G,"Woodland, forest and other wooded land",1,broad,0.80,Forestry plantation or managed forest,http://eunis.eea.europa.eu/eunishabitats/G,
Zoo,3,linked,I2.1,Large-scale ornamental garden areas,3,broad,0.80,"Zoological garden, large park",http://eunis.eea.europa.eu/eunishabitats/I2.1,
Felsen-Gelände,3,linked,H3,"Inland cliffs, rock pavements and outcrops",2,close,0.85,Rocky terrain,http://eunis.eea.europa.eu/eunishabitats/H3,
Baumgarten,3,linked,G1.D,Fruit and nut tree orchards,3,exact,0.90,Orchard,http://eunis.eea.europa.eu/eunishabitats/G1.D,
Teichgebiet,3,linked,C1,Surface standing waters,2,close,0.80,Pond area,http://eunis.eea.europa.eu/eunishabitats/C1,
Schilfgras,3,linked,C3.2,Water-fringing reedbeds and tall helophytes other than canes,3,exact,0.90,Reedbeds,http://eunis.eea.europa.eu/eunishabitats/C3.2,
Schattenbänke,3,review,C3.6,Unvegetated or sparsely vegetated shores with soft or mobile sediments,3,close,0.60,Shady gravel/sand banks,http://eunis.eea.europa.eu/eunishabitats/C3.6,
Stall,3,linked,J2.4,Agricultural constructions,3,exact,0.90,"Stable, agricultural construction",http://eunis.eea.europa.eu/eunishabitats/J2.4,
Riedboden,3,linked,D5,"Sedge and reedbeds, normally without free-standing water",2,close,0.85,"Sedge and reedbeds, fen soil",http://eunis.eea.europa.eu/eunishabitats/D5,
Bachufer,3,linked,C3,Littoral zone of inland surface waterbodies,2,close,0.90,Littoral zone of running water,http://eunis.eea.europa.eu/eunishabitats/C3,
Waldteil,3,linked,G,"Woodland, forest and other wooded land",1,close,0.90,Part of a forest,http://eunis.eea.europa.eu/eunishabitats/G,
abgestorbenes Wäldchen,3,linked,G5,"Lines of trees, small anthropogenic woodlands, recently felled woodland, early-stage woodland and coppice",2,close,0.80,Dead small woodland,http://eunis.eea.europa.eu/eunishabitats/G5,
Naturschutzgebiet,3,no_match,,,,none,1.00,"Nature reserve, not a habitat type",,
Fichtenstücke,3,linked,G3.1,[Abies] and [Picea] woodland,3,close,0.85,Spruce stands,http://eunis.eea.europa.eu/eunishabitats/G3.1,
Randwald,3,linked,G,"Woodland, forest and other wooded land",1,close,0.80,Forest edge / border forest,http://eunis.eea.europa.eu/eunishabitats/G,
Schilfbord,3,linked,C3.2,Water-fringing reedbeds and tall helophytes other than canes,3,exact,0.95,Water-fringing reedbeds,http://eunis.eea.europa.eu/eunishabitats/C3.2,
Moorgraben,3,linked,D,"Mires, bogs and fens",1,broad,0.80,Ditch in a mire/bog,http://eunis.eea.europa.eu/eunishabitats/D,
Vorgarten,3,linked,I2.2,Small-scale ornamental and domestic garden areas,3,exact,0.95,Small-scale domestic front garden,http://eunis.eea.europa.eu/eunishabitats/I2.2,
Rebgärten,3,linked,FB.4,Vineyards,3,exact,1.00,Vineyards,http://eunis.eea.europa.eu/eunishabitats/FB.4,
Schloßpark,3,linked,I2.1,Large-scale ornamental garden areas,3,exact,0.95,Large-scale ornamental park,http://eunis.eea.europa.eu/eunishabitats/I2.1,
Binsen,3,linked,D5.3,Swamps and marshes dominated by [Juncus effusus] or other large [Juncus] spp.,3,close,0.80,Rushes (Juncus),http://eunis.eea.europa.eu/eunishabitats/D5.3,
Waldbestand,3,linked,G,"Woodland, forest and other wooded land",1,exact,1.00,Forest stand,http://eunis.eea.europa.eu/eunishabitats/G,
hohe Föhren,3,linked,G3.4,[Pinus sylvestris] woodland south of the taiga,3,close,0.80,Tall Scots pines,http://eunis.eea.europa.eu/eunishabitats/G3.4,
Linden- und Kastanienallee,3,linked,G5.1,Lines of trees,3,exact,0.95,Line of trees (avenue),http://eunis.eea.europa.eu/eunishabitats/G5.1,
Linde,3,linked,G5.1,Lines of trees,3,broad,0.70,Single linden tree,http://eunis.eea.europa.eu/eunishabitats/G5.1,
Sträucherzäune,3,linked,FA,Hedgerows,2,exact,0.95,Hedgerows,http://eunis.eea.europa.eu/eunishabitats/FA,
Fichtelbüsche,3,linked,F2.4,Conifer scrub close to the tree limit,3,close,0.70,Young spruce scrub,http://eunis.eea.europa.eu/eunishabitats/F2.4,
Tierparkauen,3,linked,X11,Large parks,2,broad,0.70,Zoo park meadows/floodplains,http://eunis.eea.europa.eu/eunishabitats/X11,
Fichtenbäume,3,linked,G3.1,[Abies] and [Picea] woodland,3,close,0.80,Spruce trees,http://eunis.eea.europa.eu/eunishabitats/G3.1,
Tierbauen,3,review,H5.3,Sparsely- or un-vegetated habitats on mineral substrates not resulting from recent ice activity,3,broad,0.50,Animal burrows,http://eunis.eea.europa.eu/eunishabitats/H5.3,
Wassertümpel,3,linked,C1,Surface standing waters,2,exact,0.95,Water pool,http://eunis.eea.europa.eu/eunishabitats/C1,
K2/3,3,no_match,,,,none,1.00,Uninterpretable code or abbreviation,,
W.,3,review,G,"Woodland, forest and other wooded land",1,close,0.60,Likely abbreviation for Wald (forest),http://eunis.eea.europa.eu/eunishabitats/G,
Hollerbusch,3,linked,F3.1,Temperate thickets and scrub,3,close,0.85,Elderberry bush,http://eunis.eea.europa.eu/eunishabitats/F3.1,
Schilf- und Weidendschungel,3,linked,F9.2,[Salix] carr and fen scrub,3,close,0.80,Reed and willow carr,http://eunis.eea.europa.eu/eunishabitats/F9.2,
Gartenbaum,3,linked,I2.2,Small-scale ornamental and domestic garden areas,3,broad,0.80,Tree in a domestic garden,http://eunis.eea.europa.eu/eunishabitats/I2.2,
Feld-Waldund Saumbummel,3,linked,X10,Mosaic landscapes with a woodland element (bocages),2,broad,0.70,"Mosaic of fields, woods and edges",http://eunis.eea.europa.eu/eunishabitats/X10,
Fütterfenster,3,linked,J1.2,Residential buildings of villages and urban peripheries,3,broad,0.80,Feeding window on a building,http://eunis.eea.europa.eu/eunishabitats/J1.2,
Bäume am Bach,3,linked,G1.1,"Riparian and gallery woodland, with dominant [Alnus], [Betula], [Populus] or [Salix]",3,close,0.85,Riparian trees,http://eunis.eea.europa.eu/eunishabitats/G1.1,
Schulwiese,3,linked,E2.6,"Agriculturally-improved, re-seeded and heavily fertilised grassland, including sports fields and grass lawns",3,close,0.85,School lawn/meadow,http://eunis.eea.europa.eu/eunishabitats/E2.6,
Wertach,2,linked,C2,Surface running waters,2,broad,0.90,River Wertach,http://eunis.eea.europa.eu/eunishabitats/C2,
"Fichten, Föhren und Buchen in sehr lockerer Verbande",2,linked,X16,Land sparsely wooded with mixed broadleaved and coniferous trees,2,exact,0.90,Sparsely wooded mixed land,http://eunis.eea.europa.eu/eunishabitats/X16,
Birkenmoos,2,linked,D2,"Valley mires, poor fens and transition mires",2,close,0.80,Birch bog/mire,http://eunis.eea.europa.eu/eunishabitats/D2,
Weidenund Erlengebüsch,2,linked,F9.1,Riverine scrub,3,exact,0.95,Riverine willow and alder scrub,http://eunis.eea.europa.eu/eunishabitats/F9.1,
Fichtenstangenholz,2,linked,G3.1,[Abies] and [Picea] woodland,3,close,0.90,Young spruce pole timber,http://eunis.eea.europa.eu/eunishabitats/G3.1,
Weiden und Erlen,2,linked,G1.1,"Riparian and gallery woodland, with dominant [Alnus], [Betula], [Populus] or [Salix]",3,close,0.90,Willow and alder trees,http://eunis.eea.europa.eu/eunishabitats/G1.1,
Fichtenhochholz,2,linked,G3.1,[Abies] and [Picea] woodland,3,close,0.90,Mature spruce forest,http://eunis.eea.europa.eu/eunishabitats/G3.1,
Klosterwald,2,linked,G,"Woodland, forest and other wooded land",1,close,0.90,Monastery forest,http://eunis.eea.europa.eu/eunishabitats/G,
Ufergestrüpp,2,linked,F9.1,Riverine scrub,3,exact,0.95,Riverine/shore scrub,http://eunis.eea.europa.eu/eunishabitats/F9.1,
Schilfgebiet,2,linked,C3.2,Water-fringing reedbeds and tall helophytes other than canes,3,exact,0.95,Water-fringing reedbeds,http://eunis.eea.europa.eu/eunishabitats/C3.2,
Rasen,2,linked,E2.6,"Agriculturally-improved, re-seeded and heavily fertilised grassland, including sports fields and grass lawns",3,close,0.85,Lawn or managed grassland,http://eunis.eea.europa.eu/eunishabitats/E2.6,
Brutwald,2,linked,G,"Woodland, forest and other wooded land",1,broad,0.90,"Breeding forest, general woodland",http://eunis.eea.europa.eu/eunishabitats/G,
Bäume am Wertachufer,2,linked,G1.1,"Riparian and gallery woodland, with dominant [Alnus], [Betula], [Populus] or [Salix]",3,close,0.90,Riparian trees on river bank,http://eunis.eea.europa.eu/eunishabitats/G1.1,
Rohrbestände,2,linked,C3.2,Water-fringing reedbeds and tall helophytes other than canes,3,exact,0.95,Reedbeds,http://eunis.eea.europa.eu/eunishabitats/C3.2,
Eibe,2,linked,G3.9,Coniferous woodland dominated by [Cupressaceae] or [Taxaceae],3,close,0.80,"Taxus tree, coniferous woodland element",http://eunis.eea.europa.eu/eunishabitats/G3.9,
Moorwäldchen,2,linked,G1.5,Broadleaved swamp woodland on acid peat,3,close,0.85,Bog woodland,http://eunis.eea.europa.eu/eunishabitats/G1.5,
Hochholz,2,linked,G,"Woodland, forest and other wooded land",1,close,0.90,"High forest, mature woodland",http://eunis.eea.europa.eu/eunishabitats/G,
Heustadel,2,linked,J2.4,Agricultural constructions,3,broad,0.90,"Hay barn, agricultural construction",http://eunis.eea.europa.eu/eunishabitats/J2.4,
Uferrand,2,linked,C3,Littoral zone of inland surface waterbodies,2,close,0.90,Waterbody margin / littoral zone,http://eunis.eea.europa.eu/eunishabitats/C3,
Brachfeld,2,linked,I1.5,"Bare tilled, fallow or recently abandoned arable land",3,exact,0.95,Fallow arable land,http://eunis.eea.europa.eu/eunishabitats/I1.5,
Eibe am Springbrunnen,2,linked,I2.2,Small-scale ornamental and domestic garden areas,3,broad,0.80,Yew tree by a fountain in a garden,http://eunis.eea.europa.eu/eunishabitats/I2.2,
Pfarrgarten,2,linked,I2.2,Small-scale ornamental and domestic garden areas,3,exact,0.95,Parsonage garden,http://eunis.eea.europa.eu/eunishabitats/I2.2,
Hofgartenanlage,2,linked,I2.1,Large-scale ornamental garden areas,3,exact,0.90,Large-scale ornamental garden/park,http://eunis.eea.europa.eu/eunishabitats/I2.1,
Obstbaum an der Straße,2,linked,G5.1,Lines of trees,3,broad,0.80,Fruit tree along a road,http://eunis.eea.europa.eu/eunishabitats/G5.1,
Bahndamm,2,linked,J4.3,Rail networks,3,broad,0.90,Railway embankment,http://eunis.eea.europa.eu/eunishabitats/J4.3,
Fichtenwaldungen,2,linked,G3.1,[Abies] and [Picea] woodland,3,exact,0.95,Picea woodland,http://eunis.eea.europa.eu/eunishabitats/G3.1,
Rohricht,2,linked,C3.2,Water-fringing reedbeds and tall helophytes other than canes,3,exact,0.95,Reedbeds,http://eunis.eea.europa.eu/eunishabitats/C3.2,
Bachsaum,2,linked,E5.4,Moist or wet tall-herb and fern fringes and meadows,3,close,0.80,Moist stream fringe,http://eunis.eea.europa.eu/eunishabitats/E5.4,
Schilf und Weidengebüsch,2,linked,F9.2,[Salix] carr and fen scrub,3,close,0.85,Reed and willow carr/scrub,http://eunis.eea.europa.eu/eunishabitats/F9.2,
Arbeitszimmer,2,linked,J1,"Buildings of cities, towns and villages",2,broad,0.95,Study room inside a building,http://eunis.eea.europa.eu/eunishabitats/J1,
Himbeerschlag,2,linked,E5.1,Anthropogenic herb stands,3,close,0.80,Raspberry clearing / anthropogenic herb stand,http://eunis.eea.europa.eu/eunishabitats/E5.1,
Unkraut,2,linked,E5.1,Anthropogenic herb stands,3,broad,0.75,"Weeds, anthropogenic herb stands",http://eunis.eea.europa.eu/eunishabitats/E5.1,
Kartoffelacker,2,linked,I1.1,Intensive unmixed crops,3,exact,0.95,Potato field,http://eunis.eea.europa.eu/eunishabitats/I1.1,
moorige Waldblöße,2,linked,G5.6,Early-stage natural and semi-natural woodlands and regrowth,3,close,0.80,Boggy forest clearing,http://eunis.eea.europa.eu/eunishabitats/G5.6,
Weidicht und Buschwerk,2,linked,F9.1,Riverine scrub,3,exact,0.90,Willow and other riverine scrub,http://eunis.eea.europa.eu/eunishabitats/F9.1,
Kahlschlag,2,linked,G5.8,Recently felled areas,3,exact,0.95,Recently felled area,http://eunis.eea.europa.eu/eunishabitats/G5.8,
Distelfeld,2,linked,E5.1,Anthropogenic herb stands,3,close,0.80,"Thistle field, ruderal herb stand",http://eunis.eea.europa.eu/eunishabitats/E5.1,
Hohlweg,2,linked,J4.2,Road networks,3,broad,0.80,Sunken lane / road network,http://eunis.eea.europa.eu/eunishabitats/J4.2,
Ulme,2,linked,G1.A,"Meso- and eutrophic [Quercus], [Carpinus], [Fraxinus], [Acer], [Tilia], [Ulmus] and related woodland",3,close,0.80,"Elm tree, deciduous woodland element",http://eunis.eea.europa.eu/eunishabitats/G1.A,
Gebüschfeld,2,linked,F3.1,Temperate thickets and scrub,3,close,0.85,Temperate thickets and scrub,http://eunis.eea.europa.eu/eunishabitats/F3.1,
Birnbaum,2,linked,G1.D,Fruit and nut tree orchards,3,close,0.80,"Pear tree, orchard element",http://eunis.eea.europa.eu/eunishabitats/G1.D,
vor dem Haus über dem See,2,linked,J2,Low density buildings,2,broad,0.70,In front of house overlooking lake,http://eunis.eea.europa.eu/eunishabitats/J2,
Tannenreisighaufen,2,linked,J6.3,Non-agricultural organic waste,3,broad,0.75,"Fir brushwood pile, organic waste",http://eunis.eea.europa.eu/eunishabitats/J6.3,
Weiden am Altwasser,2,linked,G1.1,"Riparian and gallery woodland, with dominant [Alnus], [Betula], [Populus] or [Salix]",3,close,0.90,Willows by oxbow lake,http://eunis.eea.europa.eu/eunishabitats/G1.1,
Summre,2,no_match,,,,none,0.00,"Unclear term, possibly dialect or typo",,
Steilufer,2,linked,H3.2,Basic and ultra-basic inland cliffs,3,close,0.75,Steep bank / inland cliff,http://eunis.eea.europa.eu/eunishabitats/H3.2,
Futterwiese,2,linked,E2.1,Permanent mesotrophic pastures and aftermath-grazed meadows,3,exact,0.90,Fodder meadow / pasture,http://eunis.eea.europa.eu/eunishabitats/E2.1,
Sandbänke und Ufer des Flusses,2,linked,C3.6,Unvegetated or sparsely vegetated shores with soft or mobile sediments,3,exact,0.90,Unvegetated river sandbanks and shores,http://eunis.eea.europa.eu/eunishabitats/C3.6,
Ufer des Weihers,2,linked,C3,Littoral zone of inland surface waterbodies,2,close,0.90,Pond shore / littoral zone,http://eunis.eea.europa.eu/eunishabitats/C3,
Weinberge,2,linked,FB.4,Vineyards,3,exact,1.00,Vineyards,http://eunis.eea.europa.eu/eunishabitats/FB.4,
Hotelterrasse,2,linked,J4.6,Pavements and recreation areas,3,broad,0.80,Pavements and recreation areas,http://eunis.eea.europa.eu/eunishabitats/J4.6,
Hotelgarten,2,linked,I2.2,Small-scale ornamental and domestic garden areas,3,close,0.90,Small-scale ornamental and domestic garden areas,http://eunis.eea.europa.eu/eunishabitats/I2.2,
alte Eiche,2,linked,G5.1,Lines of trees,3,broad,0.70,"Single old tree, closest to lines of trees or woodland",http://eunis.eea.europa.eu/eunishabitats/G5.1,
Hof der Akademie,2,linked,J4.6,Pavements and recreation areas,3,broad,0.80,"Courtyard, paved recreation area",http://eunis.eea.europa.eu/eunishabitats/J4.6,
Auwiese,2,linked,E3.4,Moist or wet eutrophic and mesotrophic grassland,3,close,0.90,Moist or wet eutrophic and mesotrophic grassland,http://eunis.eea.europa.eu/eunishabitats/E3.4,
"nördliche, stark mit Schilf bestandene Uferseite",2,linked,C3.2,Water-fringing reedbeds and tall helophytes other than canes,3,exact,0.95,Water-fringing reedbeds,http://eunis.eea.europa.eu/eunishabitats/C3.2,
Äcker,2,linked,I1,Arable land and market gardens,2,exact,1.00,Arable land,http://eunis.eea.europa.eu/eunishabitats/I1,
Stauweiher,2,linked,J5.3,Highly artificial non-saline standing waters,3,exact,0.90,Highly artificial non-saline standing waters,http://eunis.eea.europa.eu/eunishabitats/J5.3,
Holz,2,linked,G,"Woodland, forest and other wooded land",1,close,0.80,German colloquial for forest/woodland,http://eunis.eea.europa.eu/eunishabitats/G,
Föhrenwald,2,linked,G3.4,[Pinus sylvestris] woodland south of the taiga,3,exact,0.95,Pinus sylvestris woodland,http://eunis.eea.europa.eu/eunishabitats/G3.4,
Berghang,2,review,H3,"Inland cliffs, rock pavements and outcrops",2,broad,0.60,"Mountain slope, often rocky",http://eunis.eea.europa.eu/eunishabitats/H3,
Wände,2,linked,H3.2,Basic and ultra-basic inland cliffs,3,broad,0.70,"Cliffs or walls, likely natural rock faces",http://eunis.eea.europa.eu/eunishabitats/H3.2,
Olivenwald,2,linked,G2.4,[Olea europaea] - [Ceratonia siliqua] woodland,3,exact,0.95,Olea europaea woodland,http://eunis.eea.europa.eu/eunishabitats/G2.4,
Camp,2,linked,J2,Low density buildings,2,broad,0.70,Low density buildings or temporary settlement,http://eunis.eea.europa.eu/eunishabitats/J2,
Campos und felsige Hänge,2,linked,E1.3,Mediterranean xeric grassland,3,close,0.80,Mediterranean dry grasslands and rocky slopes,http://eunis.eea.europa.eu/eunishabitats/E1.3,
Lagunen- und Sumpfgebiet,2,linked,X03,Brackish coastal lagoons,2,close,0.80,Brackish coastal lagoon complex,http://eunis.eea.europa.eu/eunishabitats/X03,
Binnenwald,2,linked,G,"Woodland, forest and other wooded land",1,close,0.80,Inland woodland,http://eunis.eea.europa.eu/eunishabitats/G,
steile Gehänge,2,linked,H3,"Inland cliffs, rock pavements and outcrops",2,broad,0.70,Steep slopes / inland cliffs,http://eunis.eea.europa.eu/eunishabitats/H3,
Althemen am Hang,2,linked,G1.6,[Fagus] woodland,3,close,0.80,Althemen (old beeches) on slope,http://eunis.eea.europa.eu/eunishabitats/G1.6,
Orangen-Wäldchen,2,linked,G2.9,Evergreen orchards and groves,3,exact,0.90,Evergreen orchards and groves,http://eunis.eea.europa.eu/eunishabitats/G2.9,
alte hohe Bäume,2,linked,G5.1,Lines of trees,3,broad,0.70,Old tall trees,http://eunis.eea.europa.eu/eunishabitats/G5.1,
Hangwaldungen,2,linked,G,"Woodland, forest and other wooded land",1,close,0.80,Slope forests,http://eunis.eea.europa.eu/eunishabitats/G,
Telegraphenleitung,2,linked,J4,Transport networks and other constructed hard-surfaced areas,2,broad,0.70,"Utility line, transport/infrastructure network",http://eunis.eea.europa.eu/eunishabitats/J4,
Bachtal,2,linked,C2,Surface running waters,2,broad,0.70,Stream valley,http://eunis.eea.europa.eu/eunishabitats/C2,
Gärtchen beim Haus,2,linked,I2.2,Small-scale ornamental and domestic garden areas,3,exact,1.00,Small domestic garden,http://eunis.eea.europa.eu/eunishabitats/I2.2,
Weidengestrüpp,2,linked,F9.1,Riverine scrub,3,exact,0.95,Riverine willow scrub,http://eunis.eea.europa.eu/eunishabitats/F9.1,
Steinmauern,2,linked,J2.5,Constructed boundaries,3,exact,0.90,Constructed boundaries,http://eunis.eea.europa.eu/eunishabitats/J2.5,
Matten,2,linked,E4,Alpine and subalpine grasslands,2,close,0.90,Alpine/subalpine grasslands,http://eunis.eea.europa.eu/eunishabitats/E4,
Weiden und Pappeln,2,linked,G1.1,"Riparian and gallery woodland, with dominant [Alnus], [Betula], [Populus] or [Salix]",3,close,0.90,Riparian woodland with Salix and Populus,http://eunis.eea.europa.eu/eunishabitats/G1.1,
Wälder der Talsohle,2,linked,G1.2,Mixed riparian floodplain and gallery woodland,3,close,0.80,"Valley floor forests, likely riparian",http://eunis.eea.europa.eu/eunishabitats/G1.2,
Buschwald,2,linked,F3,Temperate and mediterranean-montane scrub,2,close,0.80,Temperate scrub / shrubland,http://eunis.eea.europa.eu/eunishabitats/F3,
Latschenregion,2,linked,F2.4,Conifer scrub close to the tree limit,3,exact,0.95,Conifer scrub close to the tree limit,http://eunis.eea.europa.eu/eunishabitats/F2.4,
Feldgelände,2,linked,I1,Arable land and market gardens,2,close,0.80,Agricultural fields,http://eunis.eea.europa.eu/eunishabitats/I1,
Teichgelände,2,linked,C1,Surface standing waters,2,broad,0.80,Pond area,http://eunis.eea.europa.eu/eunishabitats/C1,
Suhle,2,linked,C1.6,"Temporary lakes, ponds and pools",3,broad,0.70,"Wallow, temporary pool",http://eunis.eea.europa.eu/eunishabitats/C1.6,
Mühlweiher,2,linked,J5.3,Highly artificial non-saline standing waters,3,exact,0.90,"Mill pond, artificial standing water",http://eunis.eea.europa.eu/eunishabitats/J5.3,
Seefläche,2,linked,C1,Surface standing waters,2,close,0.90,Lake surface,http://eunis.eea.europa.eu/eunishabitats/C1,
Rohrschopf,2,linked,C3.2,Water-fringing reedbeds and tall helophytes other than canes,3,close,0.80,Reed clump / reedbed,http://eunis.eea.europa.eu/eunishabitats/C3.2,
Bruchwald,2,linked,G1.4,Broadleaved swamp woodland not on acid peat,3,exact,0.90,Broadleaved swamp woodland,http://eunis.eea.europa.eu/eunishabitats/G1.4,
Unterholz,2,linked,G,"Woodland, forest and other wooded land",1,broad,0.80,Undergrowth of woodland,http://eunis.eea.europa.eu/eunishabitats/G,
Quellwasser,2,linked,C2.1,"Springs, spring brooks and geysers",3,exact,0.90,Springs and spring brooks,http://eunis.eea.europa.eu/eunishabitats/C2.1,
Dornenhecke,2,linked,FA.3,Species-rich hedgerows of native species,3,close,0.80,Species-rich hedgerows of native species,http://eunis.eea.europa.eu/eunishabitats/FA.3,
Sumpfgelände,2,linked,D5,"Sedge and reedbeds, normally without free-standing water",2,close,0.80,"Sedge and reedbeds, marshes",http://eunis.eea.europa.eu/eunishabitats/D5,
Garten-Erlenwäldchen am Bach,2,linked,G1.1,"Riparian and gallery woodland, with dominant [Alnus], [Betula], [Populus] or [Salix]",3,close,0.80,Riparian alder woodland in garden context,http://eunis.eea.europa.eu/eunishabitats/G1.1,
hohen Gras,2,linked,E,"Grasslands and lands dominated by forbs, mosses or lichens",1,broad,0.70,Tall grassland,http://eunis.eea.europa.eu/eunishabitats/E,
Westufer,2,linked,C3,Littoral zone of inland surface waterbodies,2,broad,0.70,Lake shore littoral zone,http://eunis.eea.europa.eu/eunishabitats/C3,
Buchenhang,2,linked,G1.6,[Fagus] woodland,3,close,0.90,Fagus woodland on a slope,http://eunis.eea.europa.eu/eunishabitats/G1.6,
Seggewiese,2,linked,D5.2,Beds of large sedges normally without free-standing water,3,exact,0.90,Beds of large sedges,http://eunis.eea.europa.eu/eunishabitats/D5.2,
Grasfeldchen,2,linked,E2,Mesic grasslands,2,close,0.80,Small grassy field,http://eunis.eea.europa.eu/eunishabitats/E2,
Wall,2,linked,J2.5,Constructed boundaries,3,broad,0.70,Constructed boundary or embankment,http://eunis.eea.europa.eu/eunishabitats/J2.5,
Hausgarten,2,linked,I2.2,Small-scale ornamental and domestic garden areas,3,exact,1.00,Small-scale ornamental and domestic garden,http://eunis.eea.europa.eu/eunishabitats/I2.2,
Kornfeld,2,linked,I1.1,Intensive unmixed crops,3,close,0.90,Cereal field,http://eunis.eea.europa.eu/eunishabitats/I1.1,
unter dem Dach,2,linked,J1,"Buildings of cities, towns and villages",2,broad,0.90,Under the roof of a building,http://eunis.eea.europa.eu/eunishabitats/J1,
Watt am Seeufer,2,linked,C3.6,Unvegetated or sparsely vegetated shores with soft or mobile sediments,3,close,0.80,Unvegetated lake shore mud/sand,http://eunis.eea.europa.eu/eunishabitats/C3.6,
Voliere,2,linked,J2,Low density buildings,2,broad,0.80,"Aviary, artificial structure",http://eunis.eea.europa.eu/eunishabitats/J2,
Ackerland,2,linked,I1,Arable land and market gardens,2,exact,1.00,Arable land,http://eunis.eea.europa.eu/eunishabitats/I1,
Lärchen und Tannen,2,linked,G4,Mixed deciduous and coniferous woodland,2,close,0.80,Mixed coniferous woodland (Larix and Abies),http://eunis.eea.europa.eu/eunishabitats/G4,
Buchenhainwald,2,linked,G1.6,[Fagus] woodland,3,close,0.90,Fagus woodland grove,http://eunis.eea.europa.eu/eunishabitats/G1.6,
Brachwiese,2,linked,E2.7,Unmanaged mesic grassland,3,close,0.80,Unmanaged mesic grassland,http://eunis.eea.europa.eu/eunishabitats/E2.7,
Gartenzaun,2,linked,J2.5,Constructed boundaries,3,exact,0.90,"Garden fence, constructed boundary",http://eunis.eea.europa.eu/eunishabitats/J2.5,
Schilfhalme,2,linked,C3.2,Water-fringing reedbeds and tall helophytes other than canes,3,broad,0.90,"Reed stems, water-fringing reedbeds",http://eunis.eea.europa.eu/eunishabitats/C3.2,
Fichten im Moos,2,linked,G3.D,Boreal bog conifer woodland,3,close,0.70,Boreal/nemoral bog conifer woodland,http://eunis.eea.europa.eu/eunishabitats/G3.D,
Schilfwall,2,linked,C3.2,Water-fringing reedbeds and tall helophytes other than canes,3,broad,0.80,Reed barrier or dense reed stand,http://eunis.eea.europa.eu/eunishabitats/C3.2,
Ligusterbusch,2,linked,F3.1,Temperate thickets and scrub,3,close,0.80,"Privet shrub, temperate thicket",http://eunis.eea.europa.eu/eunishabitats/F3.1,
Dämme,2,review,J4,Transport networks and other constructed hard-surfaced areas,2,broad,0.60,"Embankments, constructed hard surfaces",http://eunis.eea.europa.eu/eunishabitats/J4,
Hangfelsen,2,linked,H3.2,Basic and ultra-basic inland cliffs,3,close,0.80,Inland cliffs on slopes,http://eunis.eea.europa.eu/eunishabitats/H3.2,
alte Weide,2,linked,G1.1,"Riparian and gallery woodland, with dominant [Alnus], [Betula], [Populus] or [Salix]",3,close,0.70,Old willow tree or riparian willow,http://eunis.eea.europa.eu/eunishabitats/G1.1,
Dorfbach,2,linked,C2.3,"Permanent non-tidal, smooth-flowing watercourses",3,close,0.80,"Village brook, running water",http://eunis.eea.europa.eu/eunishabitats/C2.3,
Binsen- Schilf-Bestand,2,linked,C3.2,Water-fringing reedbeds and tall helophytes other than canes,3,exact,0.90,Rush and reed beds,http://eunis.eea.europa.eu/eunishabitats/C3.2,
Leitungsdraht,2,linked,J4,Transport networks and other constructed hard-surfaced areas,2,broad,0.80,"Utility wire, artificial structure",http://eunis.eea.europa.eu/eunishabitats/J4,
Buchenwald-Bestände,2,linked,G1.6,[Fagus] woodland,3,exact,1.00,Fagus woodland stands,http://eunis.eea.europa.eu/eunishabitats/G1.6,
Büschen auf der Wiese,2,linked,E7,Sparsely wooded grasslands,2,close,0.80,Sparsely wooded grasslands with shrubs,http://eunis.eea.europa.eu/eunishabitats/E7,
Wattbecken,2,linked,C3.6,Unvegetated or sparsely vegetated shores with soft or mobile sediments,3,close,0.70,"Muddy basin, unvegetated shore",http://eunis.eea.europa.eu/eunishabitats/C3.6,
Wacholder,2,linked,F3.1,Temperate thickets and scrub,3,close,0.80,Juniper scrub,http://eunis.eea.europa.eu/eunishabitats/F3.1,
Siedlung,2,linked,J1.2,Residential buildings of villages and urban peripheries,3,close,0.90,"Settlement, residential buildings",http://eunis.eea.europa.eu/eunishabitats/J1.2,
Schilfwerk,2,linked,C3.2,Water-fringing reedbeds and tall helophytes other than canes,3,exact,0.90,Reedbed structure,http://eunis.eea.europa.eu/eunishabitats/C3.2,
hohen Weiden am Wasserweg im Englischen Garten,2,linked,G1.1,"Riparian and gallery woodland, with dominant [Alnus], [Betula], [Populus] or [Salix]",3,close,0.80,Tall riparian willows in park,http://eunis.eea.europa.eu/eunishabitats/G1.1,
Rain,2,linked,E5.1,Anthropogenic herb stands,3,close,0.70,Grassy field margin or ridge,http://eunis.eea.europa.eu/eunishabitats/E5.1,
Insel,2,review,X,Habitat complexes,1,broad,0.50,"Island, complex habitat",http://eunis.eea.europa.eu/eunishabitats/X,
Erlenauen,2,linked,G1.1,"Riparian and gallery woodland, with dominant [Alnus], [Betula], [Populus] or [Salix]",3,exact,0.95,Riparian alder woodland,http://eunis.eea.europa.eu/eunishabitats/G1.1,
Laubholz,2,linked,G1,Broadleaved deciduous woodland,2,close,0.95,Broadleaved deciduous woodland,http://eunis.eea.europa.eu/eunishabitats/G1,
Trockengebiet,2,linked,E1,Dry grasslands,2,close,0.70,Dry grassland or dry area,http://eunis.eea.europa.eu/eunishabitats/E1,
"Garten, Hangwald",2,review,G,"Woodland, forest and other wooded land",1,broad,0.60,"Mixed habitat description, woodland dominant",http://eunis.eea.europa.eu/eunishabitats/G,
tote Bäume,2,linked,G,"Woodland, forest and other wooded land",1,broad,0.70,Dead trees within woodland,http://eunis.eea.europa.eu/eunishabitats/G,
Teichränder,2,linked,C3,Littoral zone of inland surface waterbodies,2,exact,0.90,Littoral zone of inland waterbodies,http://eunis.eea.europa.eu/eunishabitats/C3,
Kohlenlagerplatz,2,linked,J1.4,Urban and suburban industrial and commercial sites still in active use,3,broad,0.80,Industrial storage site,http://eunis.eea.europa.eu/eunishabitats/J1.4,
Wiesengelände,2,linked,E2,Mesic grasslands,2,close,0.90,Mesic grassland,http://eunis.eea.europa.eu/eunishabitats/E2,
Hof der Fabrik,2,linked,J1.4,Urban and suburban industrial and commercial sites still in active use,3,broad,0.90,Industrial site courtyard,http://eunis.eea.europa.eu/eunishabitats/J1.4,
Vegetation,2,no_match,,,,none,0.10,Too generic to classify,,
beim Steinmetz,2,linked,J2.3,Rural industrial and commercial sites still in active use,3,broad,0.70,"Stonemason yard, rural industrial",http://eunis.eea.europa.eu/eunishabitats/J2.3,
Hangwaldrand,2,linked,E5.2,Thermophile woodland fringes,3,close,0.80,Thermophile woodland fringe,http://eunis.eea.europa.eu/eunishabitats/E5.2,
Silberweide,2,linked,G1.1,"Riparian and gallery woodland, with dominant [Alnus], [Betula], [Populus] or [Salix]",3,close,0.85,Salix alba riparian woodland,http://eunis.eea.europa.eu/eunishabitats/G1.1,
Häuser,2,linked,J1,"Buildings of cities, towns and villages",2,exact,0.95,Buildings,http://eunis.eea.europa.eu/eunishabitats/J1,
Park und Gärten,2,linked,I2,Cultivated areas of gardens and parks,2,exact,0.95,Cultivated areas of gardens and parks,http://eunis.eea.europa.eu/eunishabitats/I2,
Allier,2,linked,C2,Surface running waters,2,broad,0.80,"River name, running water",http://eunis.eea.europa.eu/eunishabitats/C2,
Nadelwald,2,linked,G3,Coniferous woodland,2,exact,1.00,Coniferous woodland,http://eunis.eea.europa.eu/eunishabitats/G3,
Graben am Bach im Garten,2,linked,J5.4,Highly artificial non-saline running waters,3,broad,0.70,Artificial ditch in garden,http://eunis.eea.europa.eu/eunishabitats/J5.4,
Burggarten,2,linked,I2.1,Large-scale ornamental garden areas,3,close,0.85,"Castle garden, ornamental",http://eunis.eea.europa.eu/eunishabitats/I2.1,
Hauswald,2,linked,G,"Woodland, forest and other wooded land",1,close,0.70,Local/domestic woodland,http://eunis.eea.europa.eu/eunishabitats/G,
Schuttplatz,2,linked,J6.1,Waste resulting from building construction or demolition,3,exact,0.90,Debris or waste deposit site,http://eunis.eea.europa.eu/eunishabitats/J6.1,
Garten beim Haus,2,linked,I2.2,Small-scale ornamental and domestic garden areas,3,exact,0.95,Domestic garden,http://eunis.eea.europa.eu/eunishabitats/I2.2,
Balkonnische,2,linked,J1,"Buildings of cities, towns and villages",2,broad,0.90,"Balcony niche, part of building",http://eunis.eea.europa.eu/eunishabitats/J1,
Ententeiche,2,linked,J5.3,Highly artificial non-saline standing waters,3,close,0.80,Artificial duck ponds,http://eunis.eea.europa.eu/eunishabitats/J5.3,
Bachwiesen,2,linked,E3.4,Moist or wet eutrophic and mesotrophic grassland,3,close,0.85,Moist/wet riparian meadows,http://eunis.eea.europa.eu/eunishabitats/E3.4,
ganz kleine Teiche direkt am Verwaltungsgebäude,2,linked,J5.3,Highly artificial non-saline standing waters,3,broad,0.90,Very small artificial ponds by office,http://eunis.eea.europa.eu/eunishabitats/J5.3,
Feldgehölz,2,linked,G5.2,Small broadleaved deciduous anthropogenic woodlands,3,exact,0.90,Small agricultural woodland copse,http://eunis.eea.europa.eu/eunishabitats/G5.2,
Fichtenkolonie,2,linked,G3.1,[Abies] and [Picea] woodland,3,close,0.85,Picea stand,http://eunis.eea.europa.eu/eunishabitats/G3.1,
Konditorei,2,linked,J1.2,Residential buildings of villages and urban peripheries,3,broad,0.80,Confectionery building,http://eunis.eea.europa.eu/eunishabitats/J1.2,
Gebüschten,2,linked,F3,Temperate and mediterranean-montane scrub,2,close,0.90,Temperate scrub,http://eunis.eea.europa.eu/eunishabitats/F3,
Tiergarten,2,linked,X11,Large parks,2,close,0.80,Zoo or large park,http://eunis.eea.europa.eu/eunishabitats/X11,
Waldgraben,2,linked,C2.5,Temporary running waters,3,close,0.70,Forest ditch/temporary stream,http://eunis.eea.europa.eu/eunishabitats/C2.5,
Saatkrähenkolonie,2,no_match,,,,none,0.90,"Rookery, bird colony, not a habitat",,
Ruinen,2,linked,J1.5,"Disused constructions of cities, towns and villages",3,exact,0.90,Disused constructions,http://eunis.eea.europa.eu/eunishabitats/J1.5,
Aschheimerstr.,2,linked,J4.2,Road networks,3,broad,0.80,"Street name, road network",http://eunis.eea.europa.eu/eunishabitats/J4.2,
Tfb,2,no_match,,,,none,0.50,Unclear abbreviation,,
Birkenstück,2,linked,G1.9,"Non-riverine woodland with [Betula], [Populus tremula] or [Sorbus aucuparia]",3,close,0.80,Birch stand,http://eunis.eea.europa.eu/eunishabitats/G1.9,
Vorbecken,2,linked,J5.3,Highly artificial non-saline standing waters,3,close,0.85,Artificial pre-basin,http://eunis.eea.europa.eu/eunishabitats/J5.3,
fast vereistes Wasser,2,linked,C1,Surface standing waters,2,broad,0.70,Nearly frozen standing water,http://eunis.eea.europa.eu/eunishabitats/C1,
Fütterplatz,2,linked,I2.2,Small-scale ornamental and domestic garden areas,3,broad,0.80,Feeding station in garden,http://eunis.eea.europa.eu/eunishabitats/I2.2,
Krähenkolonie,2,review,G5.1,Lines of trees,3,broad,0.60,Usually in lines of trees or small woods,http://eunis.eea.europa.eu/eunishabitats/G5.1,
Röhren,2,linked,C3.2,Water-fringing reedbeds and tall helophytes other than canes,3,close,0.70,Röhricht / reedbeds,http://eunis.eea.europa.eu/eunishabitats/C3.2,
Schilfgewirr und bei der Kiesgrube,2,linked,C3.2,Water-fringing reedbeds and tall helophytes other than canes,3,broad,0.80,Reedbeds near gravel pit,http://eunis.eea.europa.eu/eunishabitats/C3.2,
Wein,2,linked,FB.4,Vineyards,3,exact,0.90,Weinberge / Vineyards,http://eunis.eea.europa.eu/eunishabitats/FB.4,
Bäume der Kolonie,2,linked,G5.1,Lines of trees,3,broad,0.70,Trees of the colony,http://eunis.eea.europa.eu/eunishabitats/G5.1,
Hollerdikkicht,2,linked,F3.1,Temperate thickets and scrub,3,close,0.90,Elderberry thicket,http://eunis.eea.europa.eu/eunishabitats/F3.1,
Kiefernhorst,2,linked,G3.4,[Pinus sylvestris] woodland south of the taiga,3,close,0.80,Small stand of Pinus sylvestris,http://eunis.eea.europa.eu/eunishabitats/G3.4,
K. G.,2,review,I2.2,Small-scale ornamental and domestic garden areas,3,close,0.50,Abbreviation for Kleingarten / Schrebergarten,http://eunis.eea.europa.eu/eunishabitats/I2.2,
verlandetes Altwasser,2,linked,D5,"Sedge and reedbeds, normally without free-standing water",2,close,0.80,Silted-up oxbow lake,http://eunis.eea.europa.eu/eunishabitats/D5,
Ufergärten,2,linked,I2.2,Small-scale ornamental and domestic garden areas,3,close,0.80,Riparian gardens,http://eunis.eea.europa.eu/eunishabitats/I2.2,
Ft. und Wb.,2,review,G,"Woodland, forest and other wooded land",1,broad,0.40,Likely Forst und Wald (Forest and woodland),http://eunis.eea.europa.eu/eunishabitats/G,
Rhodobaumen,2,linked,FB.3,"Shrub plantations for ornamental purposes or for fruit, other than vineyards",3,close,0.70,Rhododendron bushes / ornamental plantation,http://eunis.eea.europa.eu/eunishabitats/FB.3,
Überschwemmungsgebiet,2,linked,E3,Seasonally wet and wet grasslands,2,broad,0.70,Floodplain / seasonally wet grassland,http://eunis.eea.europa.eu/eunishabitats/E3,
Holunder,2,linked,F3.1,Temperate thickets and scrub,3,close,0.80,Elderberry shrub,http://eunis.eea.europa.eu/eunishabitats/F3.1,
Sumpfsumpf,2,linked,D5,"Sedge and reedbeds, normally without free-standing water",2,close,0.80,Swamp / marsh,http://eunis.eea.europa.eu/eunishabitats/D5,
Schlehdornhecke,2,linked,FA.3,Species-rich hedgerows of native species,3,close,0.90,Blackthorn hedge,http://eunis.eea.europa.eu/eunishabitats/FA.3,
Stauseesaum,2,linked,C3.5,Periodically inundated shores with pioneer and ephemeral vegetation,3,close,0.80,Reservoir margin,http://eunis.eea.europa.eu/eunishabitats/C3.5,
Fichtenau,2,linked,G4.6,Mixed [Abies] - [Picea] - [Fagus] woodland,3,close,0.70,Spruce-dominated floodplain forest,http://eunis.eea.europa.eu/eunishabitats/G4.6,
Apfelgarten,2,linked,G1.D,Fruit and nut tree orchards,3,exact,0.90,Apple orchard,http://eunis.eea.europa.eu/eunishabitats/G1.D,
Parkplatz,2,linked,J4.6,Pavements and recreation areas,3,exact,0.90,Parking lot,http://eunis.eea.europa.eu/eunishabitats/J4.6,
Vorbeckenteiche,2,linked,J5.3,Highly artificial non-saline standing waters,3,exact,0.90,Pre-basin ponds,http://eunis.eea.europa.eu/eunishabitats/J5.3,
Futterfutter,2,review,I2.2,Small-scale ornamental and domestic garden areas,3,broad,0.60,Feeding station (Futterplatz),http://eunis.eea.europa.eu/eunishabitats/I2.2,
Waldbäche,2,linked,C2.2,"Permanent non-tidal, fast, turbulent watercourses",3,close,0.80,Forest brooks,http://eunis.eea.europa.eu/eunishabitats/C2.2,
Höfe,2,linked,J2.4,Agricultural constructions,3,close,0.80,Farmyards,http://eunis.eea.europa.eu/eunishabitats/J2.4,
Dach des Hauses,2,linked,J1,"Buildings of cities, towns and villages",2,broad,0.90,Roof of the house,http://eunis.eea.europa.eu/eunishabitats/J1,
Hainbuchenwald,2,linked,G1.A,"Meso- and eutrophic [Quercus], [Carpinus], [Fraxinus], [Acer], [Tilia], [Ulmus] and related woodland",3,exact,0.90,Carpinus woodland,http://eunis.eea.europa.eu/eunishabitats/G1.A,
Garten am Kirchturm,2,linked,I2.2,Small-scale ornamental and domestic garden areas,3,close,0.90,Garden by the church tower,http://eunis.eea.europa.eu/eunishabitats/I2.2,
Gartenplatte,2,linked,I2.2,Small-scale ornamental and domestic garden areas,3,broad,0.80,Paved garden area,http://eunis.eea.europa.eu/eunishabitats/I2.2,
Acerbäume,2,linked,G1.A,"Meso- and eutrophic [Quercus], [Carpinus], [Fraxinus], [Acer], [Tilia], [Ulmus] and related woodland",3,close,0.80,Maple trees,http://eunis.eea.europa.eu/eunishabitats/G1.A,
Ackerboden,2,linked,I1.5,"Bare tilled, fallow or recently abandoned arable land",3,exact,0.90,Arable soil / tilled land,http://eunis.eea.europa.eu/eunishabitats/I1.5,
Ahornbaum beim Zaun,2,linked,G5.1,Lines of trees,3,broad,0.80,Maple tree by a fence,http://eunis.eea.europa.eu/eunishabitats/G5.1,
Klee,2,linked,E2.1,Permanent mesotrophic pastures and aftermath-grazed meadows,3,close,0.70,Clover field / pasture,http://eunis.eea.europa.eu/eunishabitats/E2.1,
Flanzwald,2,linked,G1.C,Highly artificial broadleaved deciduous forestry plantations,3,close,0.70,Pflanzwald / plantation forest,http://eunis.eea.europa.eu/eunishabitats/G1.C,
Schlucht im Wald,2,linked,G,"Woodland, forest and other wooded land",1,broad,0.80,Ravine in the forest,http://eunis.eea.europa.eu/eunishabitats/G,
Flieder,2,linked,FB.3,"Shrub plantations for ornamental purposes or for fruit, other than vineyards",3,close,0.80,Lilac shrub (ornamental),http://eunis.eea.europa.eu/eunishabitats/FB.3,
Bachweidenbüsche,1,linked,F9.1,Riverine scrub,3,exact,0.90,Riparian willow shrubs,http://eunis.eea.europa.eu/eunishabitats/F9.1,
"Gemüsefelder, alter Steinbruch",1,linked,J3.3,Recently abandoned above-ground spaces of extractive industrial sites,3,broad,0.80,Vegetable fields in old quarry,http://eunis.eea.europa.eu/eunishabitats/J3.3,
Gutsacker,1,linked,I1.1,Intensive unmixed crops,3,exact,0.90,Estate arable field,http://eunis.eea.europa.eu/eunishabitats/I1.1,
Baum zwischen den Wiesen,1,linked,G5.1,Lines of trees,3,broad,0.80,Solitary tree between meadows,http://eunis.eea.europa.eu/eunishabitats/G5.1,
Telegraphendrähte entlang einer Tannenhecke am Bahndamm,1,linked,J4.3,Rail networks,3,broad,0.80,Telegraph wires along railway embankment,http://eunis.eea.europa.eu/eunishabitats/J4.3,
"Hang mit Buche, mit Föhren, Fichten und Laubbäumen ziemlich dicht bewachsen",1,linked,G4,Mixed deciduous and coniferous woodland,2,close,0.90,Mixed deciduous and coniferous woodland on a slope,http://eunis.eea.europa.eu/eunishabitats/G4,
Bäumchen,1,review,G5,"Lines of trees, small anthropogenic woodlands, recently felled woodland, early-stage woodland and coppice",2,broad,0.60,"Small tree, likely part of lines of trees or small woods",http://eunis.eea.europa.eu/eunishabitats/G5,
Weidenbäumchen,1,linked,F9.1,Riverine scrub,3,close,0.70,"Small willow tree, riverine scrub",http://eunis.eea.europa.eu/eunishabitats/F9.1,
Auengehölz,1,linked,G1.1,"Riparian and gallery woodland, with dominant [Alnus], [Betula], [Populus] or [Salix]",3,exact,0.95,Riparian woodland,http://eunis.eea.europa.eu/eunishabitats/G1.1,
frischgemähte Wiese,1,linked,E2.2,Low and medium altitude hay meadows,3,close,0.90,Freshly mown hay meadow,http://eunis.eea.europa.eu/eunishabitats/E2.2,
junge Fichte vor dem Wärterhaus,1,linked,J2,Low density buildings,2,broad,0.80,Young spruce in front of a low density building,http://eunis.eea.europa.eu/eunishabitats/J2,
Tannenjungholz,1,linked,G5.6,Early-stage natural and semi-natural woodlands and regrowth,3,close,0.80,Young fir regrowth,http://eunis.eea.europa.eu/eunishabitats/G5.6,
Tannenschonung,1,linked,G5.7,Coppice and early-stage plantations,3,close,0.85,Young fir plantation,http://eunis.eea.europa.eu/eunishabitats/G5.7,
Waldwiesen und Waldblößen,1,linked,E5,Woodland fringes and clearings and tall forb stands,2,close,0.85,Woodland glades and clearings,http://eunis.eea.europa.eu/eunishabitats/E5,
Wiese am Rand eines Kartoffelackers,1,linked,X07,Intensively-farmed crops interspersed with strips of natural and/or semi-natural vegetation,2,close,0.80,Meadow bordering arable land,http://eunis.eea.europa.eu/eunishabitats/X07,
Wald und Flur,1,linked,X10,Mosaic landscapes with a woodland element (bocages),2,close,0.70,Mosaic of woodland and open fields,http://eunis.eea.europa.eu/eunishabitats/X10,
Forstschlag,1,linked,G5.8,Recently felled areas,3,exact,0.95,Recently felled area,http://eunis.eea.europa.eu/eunishabitats/G5.8,
Kiefernverjüngung,1,linked,G5.6,Early-stage natural and semi-natural woodlands and regrowth,3,close,0.85,Pine regeneration,http://eunis.eea.europa.eu/eunishabitats/G5.6,
Gemeindeschlag,1,linked,G5.8,Recently felled areas,3,close,0.90,Municipal forest clearing,http://eunis.eea.europa.eu/eunishabitats/G5.8,
Schlag,1,linked,G5.8,Recently felled areas,3,exact,0.95,Forest clearing,http://eunis.eea.europa.eu/eunishabitats/G5.8,
Erlenmoos an einem klaren Tümpel,1,linked,G1.4,Broadleaved swamp woodland not on acid peat,3,close,0.85,Alder swamp woodland near a pool,http://eunis.eea.europa.eu/eunishabitats/G1.4,
Lehmwand,1,linked,H3.2,Basic and ultra-basic inland cliffs,3,broad,0.70,Clay wall/cliff,http://eunis.eea.europa.eu/eunishabitats/H3.2,
Nadelholzwaldungen,1,linked,G3,Coniferous woodland,2,exact,0.95,Coniferous woodland,http://eunis.eea.europa.eu/eunishabitats/G3,
"Wehr, Schotterfels",1,linked,J5.4,Highly artificial non-saline running waters,3,broad,0.70,"Weir, artificial running water structure",http://eunis.eea.europa.eu/eunishabitats/J5.4,
Fichten und Föhren,1,linked,G3,Coniferous woodland,2,close,0.90,Spruce and pine woodland,http://eunis.eea.europa.eu/eunishabitats/G3,
"Himbeersträucher, Fichtendickungen",1,linked,G5.6,Early-stage natural and semi-natural woodlands and regrowth,3,close,0.80,Raspberry shrubs and spruce thickets,http://eunis.eea.europa.eu/eunishabitats/G5.6,
"Waldrand, Linden an der Straße",1,linked,G5.1,Lines of trees,3,broad,0.80,Linden trees along a road at forest edge,http://eunis.eea.europa.eu/eunishabitats/G5.1,
Schilf des Altwassers,1,linked,C3.2,Water-fringing reedbeds and tall helophytes other than canes,3,exact,0.95,Reedbeds of oxbow lake,http://eunis.eea.europa.eu/eunishabitats/C3.2,
"Moor, Waldgebiet",1,linked,X04,Raised bog complexes,2,close,0.75,Mire and woodland complex,http://eunis.eea.europa.eu/eunishabitats/X04,
Tannenstichicht,1,linked,G3.1,[Abies] and [Picea] woodland,3,close,0.85,Dense young fir stand,http://eunis.eea.europa.eu/eunishabitats/G3.1,
Schmiede,1,linked,J1.2,Residential buildings of villages and urban peripheries,3,broad,0.80,"Smithy, village building",http://eunis.eea.europa.eu/eunishabitats/J1.2,
Kartoffelfeld,1,linked,I1.1,Intensive unmixed crops,3,exact,0.95,Potato field,http://eunis.eea.europa.eu/eunishabitats/I1.1,
Tannenwäldchen,1,linked,G5.4,Small coniferous anthropogenic woodlands,3,exact,0.90,Small coniferous wood,http://eunis.eea.europa.eu/eunishabitats/G5.4,
Moos am Südufer des Sees,1,linked,D2,"Valley mires, poor fens and transition mires",2,close,0.75,Moss/bog on lake shore,http://eunis.eea.europa.eu/eunishabitats/D2,
umgebrochene Äcker,1,linked,I1.5,"Bare tilled, fallow or recently abandoned arable land",3,exact,0.95,Ploughed fields,http://eunis.eea.europa.eu/eunishabitats/I1.5,
Bachschlucht,1,linked,C2.2,"Permanent non-tidal, fast, turbulent watercourses",3,broad,0.80,Stream ravine,http://eunis.eea.europa.eu/eunishabitats/C2.2,
Weghecke,1,linked,FA.2,Highly-managed hedgerows of native species,3,close,0.85,Wayside hedge,http://eunis.eea.europa.eu/eunishabitats/FA.2,
Haberfeld,1,linked,I1.1,Intensive unmixed crops,3,exact,0.95,Oat field,http://eunis.eea.europa.eu/eunishabitats/I1.1,
Birnbaum hinter dem Friedhofstor,1,linked,J4.7,Constructed parts of cemeteries,3,broad,0.75,Pear tree in cemetery,http://eunis.eea.europa.eu/eunishabitats/J4.7,
Allee vor dem Haus,1,linked,G5.1,Lines of trees,3,exact,0.90,Avenue of trees,http://eunis.eea.europa.eu/eunishabitats/G5.1,
Wertachufer,1,linked,C3.6,Unvegetated or sparsely vegetated shores with soft or mobile sediments,3,close,0.80,River bank of the Wertach,http://eunis.eea.europa.eu/eunishabitats/C3.6,
Wiesen und Erlen und Fichten am Altwasser,1,linked,G1.1,"Riparian and gallery woodland, with dominant [Alnus], [Betula], [Populus] or [Salix]",3,broad,0.75,"Riparian mosaic with meadows, alder, spruce",http://eunis.eea.europa.eu/eunishabitats/G1.1,
Fichtenbänke längs der Bahn,1,linked,G5.1,Lines of trees,3,close,0.80,Spruce rows along railway,http://eunis.eea.europa.eu/eunishabitats/G5.1,
reinen Nadelholz,1,linked,G3,Coniferous woodland,2,exact,0.95,Pure coniferous forest,http://eunis.eea.europa.eu/eunishabitats/G3,
Wirbachauen,1,linked,G1.1,"Riparian and gallery woodland, with dominant [Alnus], [Betula], [Populus] or [Salix]",3,close,0.85,Riparian floodplains of the Wirbach,http://eunis.eea.europa.eu/eunishabitats/G1.1,
überhangendes Ufer,1,linked,C3,Littoral zone of inland surface waterbodies,2,broad,0.70,Uferzone von Binnengewässern,http://eunis.eea.europa.eu/eunishabitats/C3,
angeschwemmter Sand,1,linked,C3.6,Unvegetated or sparsely vegetated shores with soft or mobile sediments,3,close,0.80,Unvegetated or sparsely vegetated shores,http://eunis.eea.europa.eu/eunishabitats/C3.6,
Tannen längs der Strasse,1,linked,G5.1,Lines of trees,3,broad,0.80,Lines of trees,http://eunis.eea.europa.eu/eunishabitats/G5.1,
Hausgiebel,1,linked,J1,"Buildings of cities, towns and villages",2,broad,0.90,Teil von Gebäuden,http://eunis.eea.europa.eu/eunishabitats/J1,
Weiden und Erlen am Bache,1,linked,F9.1,Riverine scrub,3,close,0.80,Riverine scrub or G1.1,http://eunis.eea.europa.eu/eunishabitats/F9.1,
Moosbeer Dickicht,1,linked,D1.1,Raised bogs,3,broad,0.70,Oxycoccus on raised bogs,http://eunis.eea.europa.eu/eunishabitats/D1.1,
Kies der Wehrinsel,1,linked,C3.6,Unvegetated or sparsely vegetated shores with soft or mobile sediments,3,close,0.80,Unvegetated river gravel,http://eunis.eea.europa.eu/eunishabitats/C3.6,
Auenauen,1,linked,G1.1,"Riparian and gallery woodland, with dominant [Alnus], [Betula], [Populus] or [Salix]",3,close,0.80,Auwald / Riparian woodland,http://eunis.eea.europa.eu/eunishabitats/G1.1,
laubloses Astwerk,1,review,G,"Woodland, forest and other wooded land",1,broad,0.50,Microhabitat in woodland,http://eunis.eea.europa.eu/eunishabitats/G,
Schilf- und Schachtelhalm-Dickicht,1,linked,C3.2,Water-fringing reedbeds and tall helophytes other than canes,3,exact,0.90,Water-fringing reedbeds,http://eunis.eea.europa.eu/eunishabitats/C3.2,
mit Fichten neu aufgeforstete Kahlschlagfläche,1,linked,G5.7,Coppice and early-stage plantations,3,exact,0.90,Early-stage plantations,http://eunis.eea.europa.eu/eunishabitats/G5.7,
große Kiesgrube,1,linked,J3.2,"Active opencast mineral extraction sites, including quarries",3,exact,0.90,Active opencast mineral extraction sites,http://eunis.eea.europa.eu/eunishabitats/J3.2,
Moosgraben,1,linked,C2.3,"Permanent non-tidal, smooth-flowing watercourses",3,close,0.70,Slow-flowing watercourse,http://eunis.eea.europa.eu/eunishabitats/C2.3,
Schuttansammlungen,1,linked,H2,Screes,2,close,0.70,Screes or anthropogenic waste,http://eunis.eea.europa.eu/eunishabitats/H2,
Randbänke,1,linked,C3.6,Unvegetated or sparsely vegetated shores with soft or mobile sediments,3,broad,0.70,Sparsely vegetated river banks,http://eunis.eea.europa.eu/eunishabitats/C3.6,
"Auen, Gärten",1,review,X11,Large parks,2,broad,0.60,Mosaic of riparian and gardens,http://eunis.eea.europa.eu/eunishabitats/X11,
"Lechauen, Sandinseln",1,linked,C3.6,Unvegetated or sparsely vegetated shores with soft or mobile sediments,3,close,0.80,Sparsely vegetated river sand islands,http://eunis.eea.europa.eu/eunishabitats/C3.6,
"Altwasser, Seen, Teiche, Flüsse",1,linked,C,Inland surface waters,1,broad,0.90,Inland surface waters,http://eunis.eea.europa.eu/eunishabitats/C,
Seeinseln,1,linked,C1,Surface standing waters,2,broad,0.70,Islands within standing waters,http://eunis.eea.europa.eu/eunishabitats/C1,
Halbinselwiese,1,linked,E2,Mesic grasslands,2,close,0.80,Meadow on a peninsula,http://eunis.eea.europa.eu/eunishabitats/E2,
Kieferngehölz,1,linked,G3.4,[Pinus sylvestris] woodland south of the taiga,3,close,0.80,Pinus sylvestris woodland,http://eunis.eea.europa.eu/eunishabitats/G3.4,
Tannendickicht,1,linked,G3.1,[Abies] and [Picea] woodland,3,close,0.80,Abies/Picea woodland,http://eunis.eea.europa.eu/eunishabitats/G3.1,
Fichten- und Buchenbestand,1,linked,G4.6,Mixed [Abies] - [Picea] - [Fagus] woodland,3,exact,0.90,Mixed Abies-Picea-Fagus woodland,http://eunis.eea.europa.eu/eunishabitats/G4.6,
Gärtneranlagen,1,linked,I2,Cultivated areas of gardens and parks,2,exact,0.90,Cultivated gardens and parks,http://eunis.eea.europa.eu/eunishabitats/I2,
Weidendickung,1,linked,F9.2,[Salix] carr and fen scrub,3,exact,0.90,Salix carr and fen scrub,http://eunis.eea.europa.eu/eunishabitats/F9.2,
sumpfige Wiesen,1,linked,E3,Seasonally wet and wet grasslands,2,exact,0.90,Seasonally wet and wet grasslands,http://eunis.eea.europa.eu/eunishabitats/E3,
Brutplatz,1,no_match,,,,none,0.10,"Nesting site, not a habitat class",,
Isar,1,linked,C2.2,"Permanent non-tidal, fast, turbulent watercourses",3,broad,0.80,Fast running watercourse,http://eunis.eea.europa.eu/eunishabitats/C2.2,
Wasserlache,1,linked,C1.6,"Temporary lakes, ponds and pools",3,close,0.80,Temporary pool,http://eunis.eea.europa.eu/eunishabitats/C1.6,
Heidekrautfläche,1,linked,F4.2,Dry heaths,3,exact,0.90,Dry heaths (Calluna),http://eunis.eea.europa.eu/eunishabitats/F4.2,
Gestrüpp längs des Flusses,1,linked,F9.1,Riverine scrub,3,exact,0.90,Riverine scrub,http://eunis.eea.europa.eu/eunishabitats/F9.1,
Anlagen und Vorgärten,1,linked,I2.2,Small-scale ornamental and domestic garden areas,3,exact,0.90,Small-scale domestic gardens,http://eunis.eea.europa.eu/eunishabitats/I2.2,
Tannenhochholz,1,linked,G3.1,[Abies] and [Picea] woodland,3,close,0.80,Mature Abies woodland,http://eunis.eea.europa.eu/eunishabitats/G3.1,
gemähte Wiesen,1,linked,E2.2,Low and medium altitude hay meadows,3,close,0.80,Lowland hay meadows,http://eunis.eea.europa.eu/eunishabitats/E2.2,
Linden im Schloßrondell,1,linked,I2.1,Large-scale ornamental garden areas,3,broad,0.80,Ornamental park trees,http://eunis.eea.europa.eu/eunishabitats/I2.1,
Parkgehölz,1,linked,G5.2,Small broadleaved deciduous anthropogenic woodlands,3,close,0.80,Small anthropogenic woodland,http://eunis.eea.europa.eu/eunishabitats/G5.2,
Truppenübungsplatz,1,review,E1,Dry grasslands,2,broad,0.60,Often dry grassland/heath mosaic,http://eunis.eea.europa.eu/eunishabitats/E1,
Hag,1,linked,FA,Hedgerows,2,exact,0.90,Hedgerow,http://eunis.eea.europa.eu/eunishabitats/FA,
Düngstätten,1,linked,J6.4,Agricultural and horticultural waste,3,exact,0.90,Agricultural organic waste,http://eunis.eea.europa.eu/eunishabitats/J6.4,
Latschenfelder,1,linked,F2.4,Conifer scrub close to the tree limit,3,exact,0.90,Pinus mugo scrub,http://eunis.eea.europa.eu/eunishabitats/F2.4,
Wiese am Rande einer kleinen Fichtendickung,1,linked,E2,Mesic grasslands,2,close,0.80,Wiese (E2) adjacent to young spruce stand,http://eunis.eea.europa.eu/eunishabitats/E2,
mit Erlen besetzte Wiese,1,linked,E7,Sparsely wooded grasslands,2,close,0.70,Sparsely wooded grassland with alder,http://eunis.eea.europa.eu/eunishabitats/E7,
tiefes Gebüsch,1,linked,F3.1,Temperate thickets and scrub,3,close,0.80,Temperate thickets and scrub,http://eunis.eea.europa.eu/eunishabitats/F3.1,
Fichtenholz,1,linked,G3.1,[Abies] and [Picea] woodland,3,close,0.90,Spruce woodland,http://eunis.eea.europa.eu/eunishabitats/G3.1,
Holzstoß,1,review,J6.3,Non-agricultural organic waste,3,broad,0.60,"Woodpile, non-agricultural organic waste/storage",http://eunis.eea.europa.eu/eunishabitats/J6.3,
Fichtengebüsch,1,linked,F2.4,Conifer scrub close to the tree limit,3,close,0.70,Conifer scrub or young spruce plantation,http://eunis.eea.europa.eu/eunishabitats/F2.4,
Moorgelände,1,linked,D,"Mires, bogs and fens",1,close,0.90,"Mires, bogs and fens",http://eunis.eea.europa.eu/eunishabitats/D,
Efeu,1,review,G,"Woodland, forest and other wooded land",1,broad,0.50,"Ivy, typically in woodland or on walls",http://eunis.eea.europa.eu/eunishabitats/G,
Auwaldungen und Fichtendickungen,1,linked,G4,Mixed deciduous and coniferous woodland,2,close,0.70,Mosaic of riparian deciduous and spruce woodland,http://eunis.eea.europa.eu/eunishabitats/G4,
Tannen am Altwasser,1,linked,G4.8,Mixed non-riverine deciduous and coniferous woodland,3,close,0.70,Firs near oxbow lake,http://eunis.eea.europa.eu/eunishabitats/G4.8,
kleines Wäldchen,1,linked,G5.2,Small broadleaved deciduous anthropogenic woodlands,3,close,0.80,Small anthropogenic woodland,http://eunis.eea.europa.eu/eunishabitats/G5.2,
lichter Jungholz,1,linked,G5.6,Early-stage natural and semi-natural woodlands and regrowth,3,close,0.80,Early-stage natural regrowth,http://eunis.eea.europa.eu/eunishabitats/G5.6,
Heute,1,no_match,,,,none,0.00,"Temporal term, not a habitat",,
"Büsche, nahe einer kleinen Fichtenpflanzung",1,linked,F3.1,Temperate thickets and scrub,3,close,0.80,Temperate scrub near spruce plantation,http://eunis.eea.europa.eu/eunishabitats/F3.1,
Bahnhofareal,1,linked,J4.3,Rail networks,3,close,0.90,"Station area, rail networks",http://eunis.eea.europa.eu/eunishabitats/J4.3,
Apfelbaum eines Bauernhofes,1,linked,G1.D,Fruit and nut tree orchards,3,broad,0.80,Apple tree in farmyard/orchard,http://eunis.eea.europa.eu/eunishabitats/G1.D,
Fichtenbäumchen,1,linked,G3.1,[Abies] and [Picea] woodland,3,broad,0.70,Young spruce tree,http://eunis.eea.europa.eu/eunishabitats/G3.1,
Fichtenspitzchen,1,linked,G3.1,[Abies] and [Picea] woodland,3,broad,0.70,Spruce treetop,http://eunis.eea.europa.eu/eunishabitats/G3.1,
Telegraphendrähte,1,linked,J4,Transport networks and other constructed hard-surfaced areas,2,broad,0.80,"Telegraph wires, transport/utility network",http://eunis.eea.europa.eu/eunishabitats/J4,
Weiden- und Erlenhäge am Rande eines fast ausgetrockneten Überschwemmungsarmes,1,linked,F9.1,Riverine scrub,3,close,0.80,Willow and alder riparian scrub,http://eunis.eea.europa.eu/eunishabitats/F9.1,
Wiesen beiderseits der Straße,1,linked,E2,Mesic grasslands,2,close,0.90,Meadows along road,http://eunis.eea.europa.eu/eunishabitats/E2,
Kurpark,1,linked,I2.1,Large-scale ornamental garden areas,3,close,0.90,"Spa park, large-scale ornamental garden",http://eunis.eea.europa.eu/eunishabitats/I2.1,
Buchenstamm,1,linked,G1.6,[Fagus] woodland,3,broad,0.80,Beech trunk,http://eunis.eea.europa.eu/eunishabitats/G1.6,
Forstfichten,1,linked,G3.F,Highly artificial coniferous plantations,3,close,0.90,Artificial spruce plantation,http://eunis.eea.europa.eu/eunishabitats/G3.F,
"Bachsaum, Schachtelhalm und Binsendickicht",1,linked,C3.2,Water-fringing reedbeds and tall helophytes other than canes,3,close,0.80,Stream margin with horsetail and rushes,http://eunis.eea.europa.eu/eunishabitats/C3.2,
seichtes Wasser des Südostteils,1,linked,C1,Surface standing waters,2,broad,0.80,Shallow standing water,http://eunis.eea.europa.eu/eunishabitats/C1,
über dem Fluße,1,linked,C2,Surface running waters,2,broad,0.90,Above the river,http://eunis.eea.europa.eu/eunishabitats/C2,
Pappel vor dem Pfarrhause,1,linked,G5.1,Lines of trees,3,broad,0.70,Poplar tree in front of building,http://eunis.eea.europa.eu/eunishabitats/G5.1,
Wald südlich dieses Weges,1,linked,G,"Woodland, forest and other wooded land",1,close,0.90,Woodland,http://eunis.eea.europa.eu/eunishabitats/G,
Fichtenstämmen,1,linked,G3.1,[Abies] and [Picea] woodland,3,broad,0.80,Spruce trunks,http://eunis.eea.europa.eu/eunishabitats/G3.1,
Fichten am Hang,1,linked,G3.1,[Abies] and [Picea] woodland,3,close,0.80,Spruce on slope,http://eunis.eea.europa.eu/eunishabitats/G3.1,
Mattengelände,1,linked,E4,Alpine and subalpine grasslands,2,close,0.80,Alpine/subalpine meadows,http://eunis.eea.europa.eu/eunishabitats/E4,
Bäume am Wehr,1,linked,G5.1,Lines of trees,3,broad,0.70,Trees at weir,http://eunis.eea.europa.eu/eunishabitats/G5.1,
Uferböschung,1,linked,C3,Littoral zone of inland surface waterbodies,2,close,0.80,Riverbank/shore slope,http://eunis.eea.europa.eu/eunishabitats/C3,
Föhrenstämmen,1,linked,G3.4,[Pinus sylvestris] woodland south of the taiga,3,broad,0.80,Pine trunks,http://eunis.eea.europa.eu/eunishabitats/G3.4,
Blumen auf der Terrasse,1,linked,I2.2,Small-scale ornamental and domestic garden areas,3,broad,0.80,"Flowers on terrace, domestic garden",http://eunis.eea.europa.eu/eunishabitats/I2.2,
See bei dem Schilfgurt,1,linked,C3.2,Water-fringing reedbeds and tall helophytes other than canes,3,close,0.90,Lake near reedbed,http://eunis.eea.europa.eu/eunishabitats/C3.2,
Parkanlage,1,linked,I2.1,Large-scale ornamental garden areas,3,close,0.90,Park,http://eunis.eea.europa.eu/eunishabitats/I2.1,
Buchen an der Kiesgrube,1,linked,G1.6,[Fagus] woodland,3,close,0.70,Beeches near gravel pit,http://eunis.eea.europa.eu/eunishabitats/G1.6,
"Fichten, Tannen und Buchen",1,linked,G4.6,Mixed [Abies] - [Picea] - [Fagus] woodland,3,exact,0.95,Mixed spruce-fir-beech forest,http://eunis.eea.europa.eu/eunishabitats/G4.6,
mit mächtigen Buchen untermischte Waldungen,1,linked,G4,Mixed deciduous and coniferous woodland,2,close,0.90,Mixed woodland with beech,http://eunis.eea.europa.eu/eunishabitats/G4,
Waldweg,1,linked,J4.1,"Disused road, rail and other constructed hard-surfaced areas",3,broad,0.70,Unpaved forest track,http://eunis.eea.europa.eu/eunishabitats/J4.1,
Auwaldungen,1,linked,G1.1,"Riparian and gallery woodland, with dominant [Alnus], [Betula], [Populus] or [Salix]",3,exact,0.95,Riparian and gallery woodland,http://eunis.eea.europa.eu/eunishabitats/G1.1,
Birken-Erlenwäldchen,1,linked,G1.4,Broadleaved swamp woodland not on acid peat,3,close,0.85,Broadleaved swamp woodland,http://eunis.eea.europa.eu/eunishabitats/G1.4,
Felder beim Hüttenamt,1,linked,I1,Arable land and market gardens,2,close,0.90,Arable fields near industrial site,http://eunis.eea.europa.eu/eunishabitats/I1,
Riedmoor,1,linked,D5,"Sedge and reedbeds, normally without free-standing water",2,close,0.85,Sedge and reedbeds,http://eunis.eea.europa.eu/eunishabitats/D5,
Sumpfgras,1,linked,D5.3,Swamps and marshes dominated by [Juncus effusus] or other large [Juncus] spp.,3,close,0.80,Swamps and marshes with large Juncus/grasses,http://eunis.eea.europa.eu/eunishabitats/D5.3,
Ufersäumen,1,linked,C3,Littoral zone of inland surface waterbodies,2,close,0.85,Littoral zone of inland surface waterbodies,http://eunis.eea.europa.eu/eunishabitats/C3,
Kiesbänken und Steinufern,1,linked,C3.6,Unvegetated or sparsely vegetated shores with soft or mobile sediments,3,close,0.90,Unvegetated or sparsely vegetated shores,http://eunis.eea.europa.eu/eunishabitats/C3.6,
"Wasser, Felder",1,linked,X07,Intensively-farmed crops interspersed with strips of natural and/or semi-natural vegetation,2,broad,0.70,Mosaic of water and fields,http://eunis.eea.europa.eu/eunishabitats/X07,
Fichten und Erlen,1,linked,G4,Mixed deciduous and coniferous woodland,2,close,0.85,Mixed spruce and alder woodland,http://eunis.eea.europa.eu/eunishabitats/G4,
Gärten und Feldgehölze,1,linked,X10,Mosaic landscapes with a woodland element (bocages),2,broad,0.80,Mosaic of gardens and small woods,http://eunis.eea.europa.eu/eunishabitats/X10,
Waldränder,1,linked,E5.2,Thermophile woodland fringes,3,close,0.80,Thermophile woodland fringes,http://eunis.eea.europa.eu/eunishabitats/E5.2,
Fichtenbesatz,1,linked,G3.1,[Abies] and [Picea] woodland,3,close,0.90,Spruce stand,http://eunis.eea.europa.eu/eunishabitats/G3.1,
Weiden des gegenüberliegenden Ufers,1,linked,F9.1,Riverine scrub,3,close,0.85,Riparian willow scrub,http://eunis.eea.europa.eu/eunishabitats/F9.1,
Buschwerk am Ufer,1,linked,F9.1,Riverine scrub,3,close,0.90,Riverine scrub,http://eunis.eea.europa.eu/eunishabitats/F9.1,
Mooswäldchen und Auen,1,linked,G1.1,"Riparian and gallery woodland, with dominant [Alnus], [Betula], [Populus] or [Salix]",3,close,0.80,Alluvial forest and wet woods,http://eunis.eea.europa.eu/eunishabitats/G1.1,
von dichten Tannen unterwachsene Mooswäldchen,1,linked,G4,Mixed deciduous and coniferous woodland,2,close,0.80,Mixed coniferous-deciduous wet woods,http://eunis.eea.europa.eu/eunishabitats/G4,
langsam fließender Bach,1,linked,C2.3,"Permanent non-tidal, smooth-flowing watercourses",3,exact,0.95,Smooth-flowing watercourse,http://eunis.eea.europa.eu/eunishabitats/C2.3,
Stoppelfelder und herbstlich karge Wiesen,1,linked,I1.5,"Bare tilled, fallow or recently abandoned arable land",3,broad,0.75,Fallow arable land and dry meadows,http://eunis.eea.europa.eu/eunishabitats/I1.5,
hohe Abbruchsufer,1,linked,C3.6,Unvegetated or sparsely vegetated shores with soft or mobile sediments,3,close,0.80,Eroding river banks,http://eunis.eea.europa.eu/eunishabitats/C3.6,
Staubecken,1,linked,J5.3,Highly artificial non-saline standing waters,3,exact,0.90,Highly artificial non-saline standing waters,http://eunis.eea.europa.eu/eunishabitats/J5.3,
Auen und Felder,1,linked,X07,Intensively-farmed crops interspersed with strips of natural and/or semi-natural vegetation,2,broad,0.70,Mosaic of floodplain and fields,http://eunis.eea.europa.eu/eunishabitats/X07,
Weißdornbaum,1,review,FA,Hedgerows,2,broad,0.60,"Hawthorn tree, likely in a hedge",http://eunis.eea.europa.eu/eunishabitats/FA,
sumpfige heute ganz wasserbedeckte Wiese,1,linked,E3.4,Moist or wet eutrophic and mesotrophic grassland,3,close,0.80,Moist or wet eutrophic grassland,http://eunis.eea.europa.eu/eunishabitats/E3.4,
Auenwald,1,linked,G1.2,Mixed riparian floodplain and gallery woodland,3,exact,0.95,Mixed riparian floodplain woodland,http://eunis.eea.europa.eu/eunishabitats/G1.2,
Seichtwasserpflanzen und Seggendickicht des Weihers,1,linked,C3.2,Water-fringing reedbeds and tall helophytes other than canes,3,close,0.90,Water-fringing reedbeds and helophytes,http://eunis.eea.europa.eu/eunishabitats/C3.2,
Sumpf- und Rohrgelände,1,linked,D5.1,Reedbeds normally without free-standing water,3,close,0.90,Reedbeds without free-standing water,http://eunis.eea.europa.eu/eunishabitats/D5.1,
Waldungen am Hang,1,linked,G,"Woodland, forest and other wooded land",1,close,0.90,Slope woodland,http://eunis.eea.europa.eu/eunishabitats/G,
Buschwerk am Altwasser,1,linked,F9.1,Riverine scrub,3,close,0.90,Riverine scrub by oxbow lake,http://eunis.eea.europa.eu/eunishabitats/F9.1,
grünendes Saatfeld,1,linked,I1.1,Intensive unmixed crops,3,close,0.90,Intensive unmixed crops,http://eunis.eea.europa.eu/eunishabitats/I1.1,
Tannenbestand,1,linked,G3.1,[Abies] and [Picea] woodland,3,close,0.90,Abies woodland,http://eunis.eea.europa.eu/eunishabitats/G3.1,
Abfallplatz,1,linked,J6,Waste deposits,2,exact,0.95,Waste deposits,http://eunis.eea.europa.eu/eunishabitats/J6,
Schlagplätze,1,linked,G5.8,Recently felled areas,3,exact,0.90,Recently felled areas,http://eunis.eea.europa.eu/eunishabitats/G5.8,
Moorweiher,1,linked,C1.4,"Permanent dystrophic lakes, ponds and pools",3,exact,0.90,Permanent dystrophic lakes/ponds,http://eunis.eea.europa.eu/eunishabitats/C1.4,
Sumpf-Moos,1,linked,D2,"Valley mires, poor fens and transition mires",2,close,0.80,Valley mires and poor fens,http://eunis.eea.europa.eu/eunishabitats/D2,
Weiden und Föhren,1,linked,G4,Mixed deciduous and coniferous woodland,2,close,0.80,Mixed willow and pine woodland,http://eunis.eea.europa.eu/eunishabitats/G4,
aus Fichten und Buchen gemischter Bestand,1,linked,G4.6,Mixed [Abies] - [Picea] - [Fagus] woodland,3,exact,0.95,Mixed Abies-Picea-Fagus woodland,http://eunis.eea.europa.eu/eunishabitats/G4.6,
Baum an der Kante der Rietlake / Fichtenabteilung,1,linked,G3.1,[Abies] and [Picea] woodland,3,broad,0.75,Spruce compartment edge,http://eunis.eea.europa.eu/eunishabitats/G3.1,
Kuhweide,1,linked,E2.1,Permanent mesotrophic pastures and aftermath-grazed meadows,3,exact,0.95,Permanent mesotrophic pastures,http://eunis.eea.europa.eu/eunishabitats/E2.1,
Fichtenrivier,1,linked,G3.1,[Abies] and [Picea] woodland,3,close,0.80,"Fichtenwald, Abies and Picea woodland",http://eunis.eea.europa.eu/eunishabitats/G3.1,
Rohrränder,1,linked,C3.2,Water-fringing reedbeds and tall helophytes other than canes,3,exact,0.90,Water-fringing reedbeds,http://eunis.eea.europa.eu/eunishabitats/C3.2,
Eichen am Seeufer,1,linked,G5.1,Lines of trees,3,broad,0.70,Lines of trees or lakeside broadleaved trees,http://eunis.eea.europa.eu/eunishabitats/G5.1,
Krähenwäldchen,1,linked,G5.2,Small broadleaved deciduous anthropogenic woodlands,3,close,0.80,Small broadleaved deciduous anthropogenic woodland,http://eunis.eea.europa.eu/eunishabitats/G5.2,
Fichtenwaldcomplex,1,linked,G3.1,[Abies] and [Picea] woodland,3,close,0.90,Coniferous woodland dominated by Picea,http://eunis.eea.europa.eu/eunishabitats/G3.1,
Fichten am Hang an einer Viehweide,1,linked,X15,Land sparsely wooded with coniferous trees,2,close,0.80,Land sparsely wooded with coniferous trees,http://eunis.eea.europa.eu/eunishabitats/X15,
verschilfter Weiher,1,linked,C1.2,"Permanent mesotrophic lakes, ponds and pools",3,broad,0.80,Mesotrophic/eutrophic lake with reedbeds,http://eunis.eea.europa.eu/eunishabitats/C1.2,
hohe Wiesen,1,linked,E2.2,Low and medium altitude hay meadows,3,close,0.80,Low and medium altitude hay meadows,http://eunis.eea.europa.eu/eunishabitats/E2.2,
Illerhalden,1,linked,G1.1,"Riparian and gallery woodland, with dominant [Alnus], [Betula], [Populus] or [Salix]",3,close,0.70,Riparian slopes/woodland along Iller river,http://eunis.eea.europa.eu/eunishabitats/G1.1,
föhren Mooswäldchen,1,linked,G3.D,Boreal bog conifer woodland,3,close,0.70,Boreal/nemoral bog conifer woodland (Pinus),http://eunis.eea.europa.eu/eunishabitats/G3.D,
Erlen-Weidendickungen,1,linked,F9.2,[Salix] carr and fen scrub,3,exact,0.90,Salix carr and fen scrub / Alnus thickets,http://eunis.eea.europa.eu/eunishabitats/F9.2,
Seewasserlache,1,linked,C1.2,"Permanent mesotrophic lakes, ponds and pools",3,close,0.80,Small standing waterbody,http://eunis.eea.europa.eu/eunishabitats/C1.2,
Dach,1,linked,J1,"Buildings of cities, towns and villages",2,broad,0.90,Roof of a building,http://eunis.eea.europa.eu/eunishabitats/J1,
Fichtengipfel,1,linked,G3.1,[Abies] and [Picea] woodland,3,broad,0.80,Spruce treetop in coniferous woodland,http://eunis.eea.europa.eu/eunishabitats/G3.1,
Kiesweite,1,linked,C3.6,Unvegetated or sparsely vegetated shores with soft or mobile sediments,3,close,0.80,Unvegetated riverine gravel shores,http://eunis.eea.europa.eu/eunishabitats/C3.6,
durch Felsblöcke unterbrochene Kiesweite,1,linked,C3.6,Unvegetated or sparsely vegetated shores with soft or mobile sediments,3,close,0.80,Gravel shore with boulders,http://eunis.eea.europa.eu/eunishabitats/C3.6,
seichter Fluß,1,linked,C2.2,"Permanent non-tidal, fast, turbulent watercourses",3,close,0.80,Shallow running watercourse,http://eunis.eea.europa.eu/eunishabitats/C2.2,
Mistelbaum,1,review,G,"Woodland, forest and other wooded land",1,broad,0.50,Tree with mistletoe,http://eunis.eea.europa.eu/eunishabitats/G,
Ufer auf den großen Felsblöcken,1,linked,C3.7,Unvegetated or sparsely vegetated shores with non-mobile substrates,3,close,0.80,Unvegetated shores with non-mobile substrates,http://eunis.eea.europa.eu/eunishabitats/C3.7,
Eschenanlagen,1,linked,G1.C,Highly artificial broadleaved deciduous forestry plantations,3,close,0.70,Ash plantations or park areas,http://eunis.eea.europa.eu/eunishabitats/G1.C,
Strassen der Stadt,1,linked,J4.2,Road networks,3,exact,0.90,Road networks of cities,http://eunis.eea.europa.eu/eunishabitats/J4.2,
aufgestauter Reisighaufen im Fluß,1,linked,C2,Surface running waters,2,broad,0.70,Debris dam in running water,http://eunis.eea.europa.eu/eunishabitats/C2,
Vogelnutzgehölz,1,linked,FB.3,"Shrub plantations for ornamental purposes or for fruit, other than vineyards",3,close,0.70,Shrub plantation for ornamental/wildlife purposes,http://eunis.eea.europa.eu/eunishabitats/FB.3,
Fichte am Ufer,1,review,G1.1,"Riparian and gallery woodland, with dominant [Alnus], [Betula], [Populus] or [Salix]",3,broad,0.60,Spruce tree on riverbank,http://eunis.eea.europa.eu/eunishabitats/G1.1,
Sammlungshof,1,review,J1.2,Residential buildings of villages and urban peripheries,3,broad,0.60,Courtyard of a building complex,http://eunis.eea.europa.eu/eunishabitats/J1.2,
Fluren,1,linked,I1,Arable land and market gardens,2,broad,0.70,Open agricultural fields,http://eunis.eea.europa.eu/eunishabitats/I1,
Schilfund Rohrdickungen,1,linked,C3.2,Water-fringing reedbeds and tall helophytes other than canes,3,exact,0.90,Water-fringing reedbeds,http://eunis.eea.europa.eu/eunishabitats/C3.2,
Altwasserauen,1,linked,G1.2,Mixed riparian floodplain and gallery woodland,3,close,0.80,Mixed riparian floodplain woodland,http://eunis.eea.europa.eu/eunishabitats/G1.2,
Aue am Altwasser,1,linked,G1.2,Mixed riparian floodplain and gallery woodland,3,close,0.80,Floodplain woodland near oxbow lake,http://eunis.eea.europa.eu/eunishabitats/G1.2,
Uferwand,1,review,H3.2,Basic and ultra-basic inland cliffs,3,broad,0.60,River cliff or steep bank,http://eunis.eea.europa.eu/eunishabitats/H3.2,
Schlafzimmer,1,linked,J1,"Buildings of cities, towns and villages",2,broad,0.80,Bedroom inside a residential building,http://eunis.eea.europa.eu/eunishabitats/J1,
am Hause,1,linked,J1.2,Residential buildings of villages and urban peripheries,3,broad,0.80,Near the house,http://eunis.eea.europa.eu/eunishabitats/J1.2,
Flussbett,1,linked,C2,Surface running waters,2,exact,0.90,Riverbed,http://eunis.eea.europa.eu/eunishabitats/C2,
Kanalauslauf,1,linked,J5.4,Highly artificial non-saline running waters,3,close,0.80,"Canal outlet, artificial running water",http://eunis.eea.europa.eu/eunishabitats/J5.4,
Almaten fichten,1,linked,G3.1,[Abies] and [Picea] woodland,3,close,0.70,Subalpine spruce forest (Alm-Fichten),http://eunis.eea.europa.eu/eunishabitats/G3.1,
"Felsen, Hochwald",1,linked,G4,Mixed deciduous and coniferous woodland,2,close,0.70,"Rocky high forest, likely mixed",http://eunis.eea.europa.eu/eunishabitats/G4,
Kanalausfluß,1,linked,J5.4,Highly artificial non-saline running waters,3,close,0.80,Canal outlet,http://eunis.eea.europa.eu/eunishabitats/J5.4,
Dungstätten,1,linked,J6.4,Agricultural and horticultural waste,3,exact,0.90,"Manure heaps, agricultural waste",http://eunis.eea.europa.eu/eunishabitats/J6.4,
Schrotmist,1,linked,J6.4,Agricultural and horticultural waste,3,exact,0.90,Manure/dung heap,http://eunis.eea.europa.eu/eunishabitats/J6.4,
Landstraße bei den Kleingärten,1,linked,J4.2,Road networks,3,broad,0.80,Country road near allotment gardens,http://eunis.eea.europa.eu/eunishabitats/J4.2,
Sammlungsfenster in der Akademie,1,linked,J1.3,Urban and suburban public buildings,3,broad,0.80,Window of a public building (Academy),http://eunis.eea.europa.eu/eunishabitats/J1.3,
Wiesental,1,linked,E2,Mesic grasslands,2,close,0.90,"Meadow valley, mesic grassland",http://eunis.eea.europa.eu/eunishabitats/E2,
Knick,1,linked,FA,Hedgerows,2,exact,0.95,Hedgerow,http://eunis.eea.europa.eu/eunishabitats/FA,
Rohrwatt,1,linked,C3.2,Water-fringing reedbeds and tall helophytes other than canes,3,close,0.80,Reedbed in tidal/littoral zone,http://eunis.eea.europa.eu/eunishabitats/C3.2,
hohe Tannen,1,linked,G3.1,[Abies] and [Picea] woodland,3,close,0.90,Abies/Picea woodland,http://eunis.eea.europa.eu/eunishabitats/G3.1,
Sumpfwäldchen,1,linked,G1.4,Broadleaved swamp woodland not on acid peat,3,close,0.85,Broadleaved swamp woodland,http://eunis.eea.europa.eu/eunishabitats/G1.4,
"Hang mit Fichten, Föhren und einzelnen Lärchen",1,linked,G4,Mixed deciduous and coniferous woodland,2,close,0.90,Mixed coniferous forest on slope,http://eunis.eea.europa.eu/eunishabitats/G4,
Obstbaumanlage,1,linked,G1.D,Fruit and nut tree orchards,3,exact,0.95,Fruit orchards,http://eunis.eea.europa.eu/eunishabitats/G1.D,
Hausdach,1,linked,J1,"Buildings of cities, towns and villages",2,broad,0.90,House roof,http://eunis.eea.europa.eu/eunishabitats/J1,
Buchenwäldungen der Berghänge,1,linked,G1.6,[Fagus] woodland,3,close,0.90,Fagus woodland on mountain slopes,http://eunis.eea.europa.eu/eunishabitats/G1.6,
Felstrümmer,1,linked,H2,Screes,2,exact,0.90,Screes / rock debris,http://eunis.eea.europa.eu/eunishabitats/H2,
Altwassergraben,1,linked,C2.3,"Permanent non-tidal, smooth-flowing watercourses",3,close,0.80,Old river arm / ditch,http://eunis.eea.europa.eu/eunishabitats/C2.3,
Hochwald am Hang,1,linked,G,"Woodland, forest and other wooded land",1,close,0.80,High forest on slope,http://eunis.eea.europa.eu/eunishabitats/G,
Schilf eines kleinen Weihers,1,linked,C3.2,Water-fringing reedbeds and tall helophytes other than canes,3,exact,0.95,Water-fringing reedbeds,http://eunis.eea.europa.eu/eunishabitats/C3.2,
Blänke vor dem alten zerfallenen Entenhaus,1,linked,C1,Surface standing waters,2,broad,0.70,Pool in front of ruined duck house,http://eunis.eea.europa.eu/eunishabitats/C1,
Entenwiesen,1,linked,E3,Seasonally wet and wet grasslands,2,close,0.80,Wet meadows frequented by ducks,http://eunis.eea.europa.eu/eunishabitats/E3,
Steg zum Entenweiher,1,linked,J5,Highly artificial man-made waters and associated structures,2,broad,0.70,Jetty/bridge at artificial pond,http://eunis.eea.europa.eu/eunishabitats/J5,
am Steg,1,review,J5,Highly artificial man-made waters and associated structures,2,broad,0.60,At the jetty,http://eunis.eea.europa.eu/eunishabitats/J5,
am Rohrwald,1,linked,C3.2,Water-fringing reedbeds and tall helophytes other than canes,3,exact,0.90,At the reedbed,http://eunis.eea.europa.eu/eunishabitats/C3.2,
vom Steg aus,1,review,J5,Highly artificial man-made waters and associated structures,2,broad,0.60,From the jetty,http://eunis.eea.europa.eu/eunishabitats/J5,
Bäume längs der Straße,1,linked,G5.1,Lines of trees,3,exact,0.95,Lines of trees along road,http://eunis.eea.europa.eu/eunishabitats/G5.1,
"enges, von Laubwald hängen begrenztes Tal",1,linked,G1,Broadleaved deciduous woodland,2,broad,0.80,Narrow valley bounded by deciduous forest,http://eunis.eea.europa.eu/eunishabitats/G1,
Küchengarten,1,linked,I2.2,Small-scale ornamental and domestic garden areas,3,exact,0.95,Kitchen garden,http://eunis.eea.europa.eu/eunishabitats/I2.2,
Tannen und auf der Telephonleitung,1,linked,G3.1,[Abies] and [Picea] woodland,3,broad,0.70,Fir trees near telephone line,http://eunis.eea.europa.eu/eunishabitats/G3.1,
steile Felswand direkt an der Strasse,1,linked,H3.2,Basic and ultra-basic inland cliffs,3,close,0.80,Inland cliff next to road,http://eunis.eea.europa.eu/eunishabitats/H3.2,
Almhütten und Ziegenställe,1,linked,J2.4,Agricultural constructions,3,exact,0.90,Alpine huts and goat sheds,http://eunis.eea.europa.eu/eunishabitats/J2.4,
über der Baumgrenze,1,linked,E4,Alpine and subalpine grasslands,2,broad,0.70,Above the treeline (alpine zone),http://eunis.eea.europa.eu/eunishabitats/E4,
Felsbrücken,1,linked,H3,"Inland cliffs, rock pavements and outcrops",2,broad,0.70,Natural rock bridges,http://eunis.eea.europa.eu/eunishabitats/H3,
Eisrand,1,linked,H4.2,Ice caps and true glaciers,3,close,0.80,Edge of ice/glacier,http://eunis.eea.europa.eu/eunishabitats/H4.2,
Mooswald,1,review,G,"Woodland, forest and other wooded land",1,close,0.60,"Mossy forest, likely coniferous or bog forest",http://eunis.eea.europa.eu/eunishabitats/G,
Buchen - Eichenbestände längs des Baches,1,linked,G1.A,"Meso- and eutrophic [Quercus], [Carpinus], [Fraxinus], [Acer], [Tilia], [Ulmus] and related woodland",3,close,0.85,Fagus-Quercus stands along stream,http://eunis.eea.europa.eu/eunishabitats/G1.A,
totes Schilf bei den einzelnen Tannen,1,linked,C3.2,Water-fringing reedbeds and tall helophytes other than canes,3,broad,0.70,Dead reeds near isolated firs,http://eunis.eea.europa.eu/eunishabitats/C3.2,
Schwarzkiefer,1,linked,G3.5,[Pinus nigra] woodland,3,exact,0.95,Pinus nigra woodland,http://eunis.eea.europa.eu/eunishabitats/G3.5,
Rohrdickicht,1,linked,C3.2,Water-fringing reedbeds and tall helophytes other than canes,3,exact,0.95,Reed thicket,http://eunis.eea.europa.eu/eunishabitats/C3.2,
Binsen auf der Wiese,1,linked,E3,Seasonally wet and wet grasslands,2,close,0.85,Juncus on wet meadow,http://eunis.eea.europa.eu/eunishabitats/E3,
Haferfeld,1,linked,I1.1,Intensive unmixed crops,3,exact,0.95,Oat field,http://eunis.eea.europa.eu/eunishabitats/I1.1,
Schilf des Nordufers,1,linked,C3.2,Water-fringing reedbeds and tall helophytes other than canes,3,exact,0.95,Reedbed of north shore,http://eunis.eea.europa.eu/eunishabitats/C3.2,
nördlicher Schilfrand,1,linked,C3.2,Water-fringing reedbeds and tall helophytes other than canes,3,exact,0.95,Northern reedbed margin,http://eunis.eea.europa.eu/eunishabitats/C3.2,
überschwemmte Auen,1,linked,E3.4,Moist or wet eutrophic and mesotrophic grassland,3,close,0.80,Flooded alluvial meadows,http://eunis.eea.europa.eu/eunishabitats/E3.4,
Binsenansammlung,1,linked,D5.3,Swamps and marshes dominated by [Juncus effusus] or other large [Juncus] spp.,3,close,0.80,Juncus accumulation / swamp,http://eunis.eea.europa.eu/eunishabitats/D5.3,
Donau-Altwässer,1,linked,C1.2,"Permanent mesotrophic lakes, ponds and pools",3,close,0.90,"Altwasser, permanent mesotrophic standing water",http://eunis.eea.europa.eu/eunishabitats/C1.2,
Distelstlägen,1,linked,E5.1,Anthropogenic herb stands,3,close,0.80,"Ruderal thistle stands, anthropogenic herb stands",http://eunis.eea.europa.eu/eunishabitats/E5.1,
Riedwerk,1,linked,D5,"Sedge and reedbeds, normally without free-standing water",2,close,0.85,Sedge and reedbeds without free-standing water,http://eunis.eea.europa.eu/eunishabitats/D5,
Buschwerk am Wasser,1,linked,F9.1,Riverine scrub,3,close,0.90,Riverine scrub,http://eunis.eea.europa.eu/eunishabitats/F9.1,
Weißdornbusch mitten im Feld,1,linked,FA.4,Species-poor hedgerows of native species,3,broad,0.80,Single hawthorn bush or species-poor hedge in field,http://eunis.eea.europa.eu/eunishabitats/FA.4,
Buchenholz,1,linked,G1.6,[Fagus] woodland,3,exact,1.00,Fagus woodland,http://eunis.eea.europa.eu/eunishabitats/G1.6,
vorjährige Gebestände,1,linked,E5.1,Anthropogenic herb stands,3,close,0.70,Old tall-herb stands from previous year,http://eunis.eea.europa.eu/eunishabitats/E5.1,
Ach,1,linked,C2.2,"Permanent non-tidal, fast, turbulent watercourses",3,close,0.90,Fast-flowing alpine/subalpine stream,http://eunis.eea.europa.eu/eunishabitats/C2.2,
Buchenlagen,1,linked,G1.6,[Fagus] woodland,3,close,0.90,Fagus woodland zones,http://eunis.eea.europa.eu/eunishabitats/G1.6,
"Schilf, Rohr und Binsen",1,linked,C3.2,Water-fringing reedbeds and tall helophytes other than canes,3,exact,0.95,Water-fringing reedbeds and tall helophytes,http://eunis.eea.europa.eu/eunishabitats/C3.2,
Kiefernheide,1,linked,G3.4,[Pinus sylvestris] woodland south of the taiga,3,close,0.85,Pinus sylvestris woodland on dry/sandy soil,http://eunis.eea.europa.eu/eunishabitats/G3.4,
gemischter Wald,1,linked,G4,Mixed deciduous and coniferous woodland,2,exact,1.00,Mixed deciduous and coniferous woodland,http://eunis.eea.europa.eu/eunishabitats/G4,
Buchenjungwald,1,linked,G5.6,Early-stage natural and semi-natural woodlands and regrowth,3,close,0.85,Early-stage Fagus woodland regrowth,http://eunis.eea.europa.eu/eunishabitats/G5.6,
gemischten Hochwald,1,linked,G4,Mixed deciduous and coniferous woodland,2,close,0.95,Mature mixed forest,http://eunis.eea.europa.eu/eunishabitats/G4,
Isarwald,1,linked,G1.2,Mixed riparian floodplain and gallery woodland,3,close,0.90,Riparian floodplain forest along the Isar,http://eunis.eea.europa.eu/eunishabitats/G1.2,
Wäldchen unweit des merkwürdigen Moostümpels,1,linked,G5.2,Small broadleaved deciduous anthropogenic woodlands,3,broad,0.80,Small broadleaved woodland near a bog pool,http://eunis.eea.europa.eu/eunishabitats/G5.2,
Altwasser beim Durchbruch,1,linked,C1.2,"Permanent mesotrophic lakes, ponds and pools",3,close,0.85,Oxbow lake near river breakthrough,http://eunis.eea.europa.eu/eunishabitats/C1.2,
Dächer der gegenüberliegenden Häuser,1,linked,J1,"Buildings of cities, towns and villages",2,broad,0.95,Roofs of buildings,http://eunis.eea.europa.eu/eunishabitats/J1,
Brackwassersumpf,1,linked,D6,Inland saline and brackish marshes and reedbeds,2,exact,0.95,Inland saline and brackish marshes,http://eunis.eea.europa.eu/eunishabitats/D6,
Buschwerk der Sumpfniederung,1,linked,F9.2,[Salix] carr and fen scrub,3,close,0.90,Salix carr and fen scrub,http://eunis.eea.europa.eu/eunishabitats/F9.2,
Talniederung,1,review,E3,Seasonally wet and wet grasslands,2,broad,0.60,"Valley lowland, typically wet grassland",http://eunis.eea.europa.eu/eunishabitats/E3,
Hänge,1,review,H3,"Inland cliffs, rock pavements and outcrops",2,broad,0.50,"Slopes, often rocky or grassy",http://eunis.eea.europa.eu/eunishabitats/H3,
Felsenküste,1,linked,B3,"Rock cliffs, ledges and shores, including the supralittoral",2,exact,0.95,"Rock cliffs, ledges and shores",http://eunis.eea.europa.eu/eunishabitats/B3,
Macchia,1,linked,F5.2,Maquis,3,exact,1.00,Maquis,http://eunis.eea.europa.eu/eunishabitats/F5.2,
Sandufer,1,linked,C3.6,Unvegetated or sparsely vegetated shores with soft or mobile sediments,3,close,0.90,Unvegetated or sparsely vegetated sandy shores,http://eunis.eea.europa.eu/eunishabitats/C3.6,
Oliven und Dornbüschen,1,linked,G2.9,Evergreen orchards and groves,3,broad,0.80,Olive groves with thorny scrub,http://eunis.eea.europa.eu/eunishabitats/G2.9,
Schildkrötensümpfe,1,linked,C1.3,"Permanent eutrophic lakes, ponds and pools",3,broad,0.70,Eutrophic ponds/swamps inhabited by turtles,http://eunis.eea.europa.eu/eunishabitats/C1.3,
Schilf- und Distelgestrüpp,1,linked,C3.2,Water-fringing reedbeds and tall helophytes other than canes,3,close,0.80,Reedbeds mixed with ruderal thistles,http://eunis.eea.europa.eu/eunishabitats/C3.2,
Telegraphendraht über dem Campus,1,linked,J4,Transport networks and other constructed hard-surfaced areas,2,broad,0.90,Utility wire over constructed area,http://eunis.eea.europa.eu/eunishabitats/J4,
Macchia-Hänge,1,linked,F5.2,Maquis,3,close,0.95,Maquis-covered slopes,http://eunis.eea.europa.eu/eunishabitats/F5.2,
Salzwasserquelle,1,linked,C2.1,"Springs, spring brooks and geysers",3,close,0.80,Saline spring,http://eunis.eea.europa.eu/eunishabitats/C2.1,
Felsen der Küste,1,linked,B3,"Rock cliffs, ledges and shores, including the supralittoral",2,exact,0.95,Coastal rocks,http://eunis.eea.europa.eu/eunishabitats/B3,
Macchien,1,linked,F5.2,Maquis,3,exact,1.00,Maquis,http://eunis.eea.europa.eu/eunishabitats/F5.2,
niedere Büsche,1,linked,F3,Temperate and mediterranean-montane scrub,2,broad,0.80,Low shrubs,http://eunis.eea.europa.eu/eunishabitats/F3,
feucht gehaltene Plätze,1,review,E3,Seasonally wet and wet grasslands,2,broad,0.60,Damp or wet grassy places,http://eunis.eea.europa.eu/eunishabitats/E3,
Moor in der nächsten Nähe des Ufers,1,linked,D2,"Valley mires, poor fens and transition mires",2,close,0.80,Mire/fen near a shore,http://eunis.eea.europa.eu/eunishabitats/D2,
Übergang von Camposvegetation in Macchie der Hänge,1,linked,F5.2,Maquis,3,broad,0.80,Transition from open grassland to maquis,http://eunis.eea.europa.eu/eunishabitats/F5.2,
Gestrüpp der Macchie,1,linked,F5.2,Maquis,3,close,0.95,Maquis scrub,http://eunis.eea.europa.eu/eunishabitats/F5.2,
steil zum Meer abfallende Küste,1,linked,B3,"Rock cliffs, ledges and shores, including the supralittoral",2,close,0.95,Steep sea cliffs,http://eunis.eea.europa.eu/eunishabitats/B3,
felsige Steilabbrüche,1,linked,H3.2,Basic and ultra-basic inland cliffs,3,close,0.85,Inland basic/calcareous cliffs,http://eunis.eea.europa.eu/eunishabitats/H3.2,
"Birnbäume und Platanen, kleine Teiche",1,linked,X11,Large parks,2,close,0.70,Mosaic of park trees and small ponds,http://eunis.eea.europa.eu/eunishabitats/X11,
alte Distelbestände,1,linked,E5.1,Anthropogenic herb stands,3,close,0.80,Anthropogenic herb stands with thistles,http://eunis.eea.europa.eu/eunishabitats/E5.1,
Birnbaum-Bestände,1,linked,G1.D,Fruit and nut tree orchards,3,close,0.90,Fruit orchards (pear trees),http://eunis.eea.europa.eu/eunishabitats/G1.D,
Binnen-Lagunen,1,linked,X03,Brackish coastal lagoons,2,close,0.80,Brackish coastal lagoons,http://eunis.eea.europa.eu/eunishabitats/X03,
Schwemmlandgebiet,1,linked,C3.5,Periodically inundated shores with pioneer and ephemeral vegetation,3,close,0.70,Periodically inundated alluvial shores,http://eunis.eea.europa.eu/eunishabitats/C3.5,
seichtes Wasser nahe dem Schilfrand,1,linked,C3.2,Water-fringing reedbeds and tall helophytes other than canes,3,close,0.90,Shallow water near reedbeds,http://eunis.eea.europa.eu/eunishabitats/C3.2,
Lagunen und Verlandungsstellen,1,linked,X03,Brackish coastal lagoons,2,close,0.70,Lagoons and silting-up zones,http://eunis.eea.europa.eu/eunishabitats/X03,
Felsen des Kapes,1,linked,B3,"Rock cliffs, ledges and shores, including the supralittoral",2,close,0.90,Coastal rock cliffs and shores,http://eunis.eea.europa.eu/eunishabitats/B3,
Büsche am Kamme des Kapes,1,linked,F5,"Maquis, arborescent matorral and thermo-Mediterranean brushes",2,close,0.80,Mediterranean coastal scrub / maquis,http://eunis.eea.europa.eu/eunishabitats/F5,
Verlandungsgebiet der Flußmündung,1,linked,X01,Estuaries,2,broad,0.80,Estuary silting-up zone,http://eunis.eea.europa.eu/eunishabitats/X01,
bewegtes Meer,1,linked,A7,Pelagic water column,2,broad,0.80,Pelagic water column,http://eunis.eea.europa.eu/eunishabitats/A7,
Felsblöcke am Ufer,1,linked,C3.7,Unvegetated or sparsely vegetated shores with non-mobile substrates,3,close,0.80,Inland water shores with non-mobile substrates,http://eunis.eea.europa.eu/eunishabitats/C3.7,
Felsblöcke am Meer,1,linked,A1,Littoral rock and other hard substrata,2,close,0.90,Littoral rock and hard substrata,http://eunis.eea.europa.eu/eunishabitats/A1,
Olivenbäume,1,linked,G2.9,Evergreen orchards and groves,3,close,0.90,Olive groves,http://eunis.eea.europa.eu/eunishabitats/G2.9,
Hafen in der Bucht,1,linked,J4.5,Hard-surfaced areas of ports,3,broad,0.80,Hard-surfaced areas of ports,http://eunis.eea.europa.eu/eunishabitats/J4.5,
steinige Hänge und Weingärten,1,linked,FB.4,Vineyards,3,broad,0.80,Vineyards on stony slopes,http://eunis.eea.europa.eu/eunishabitats/FB.4,
einzeln stehende Oliven und Obstbäume,1,linked,X14,Land sparsely wooded with broadleaved evergreen trees,2,close,0.70,Sparsely wooded land with evergreen/fruit trees,http://eunis.eea.europa.eu/eunishabitats/X14,
alter Olivenbestand,1,linked,G2.4,[Olea europaea] - [Ceratonia siliqua] woodland,3,close,0.90,Olea europaea woodland,http://eunis.eea.europa.eu/eunishabitats/G2.4,
Oliven am Hafen,1,linked,G2.4,[Olea europaea] - [Ceratonia siliqua] woodland,3,close,0.70,Olive trees near port,http://eunis.eea.europa.eu/eunishabitats/G2.4,
Hafenplatz,1,linked,J4.5,Hard-surfaced areas of ports,3,close,0.90,Port area,http://eunis.eea.europa.eu/eunishabitats/J4.5,
Oliven am Lager,1,linked,G2.4,[Olea europaea] - [Ceratonia siliqua] woodland,3,close,0.70,Olive trees near camp,http://eunis.eea.europa.eu/eunishabitats/G2.4,
Schilfrinnen,1,linked,C3.2,Water-fringing reedbeds and tall helophytes other than canes,3,close,0.80,Water-fringing reedbeds in channels,http://eunis.eea.europa.eu/eunishabitats/C3.2,
Erlwald,1,linked,G1.1,"Riparian and gallery woodland, with dominant [Alnus], [Betula], [Populus] or [Salix]",3,exact,0.95,Riparian alder forest,http://eunis.eea.europa.eu/eunishabitats/G1.1,
Distelbestände,1,linked,E5.1,Anthropogenic herb stands,3,close,0.80,Thistle stands,http://eunis.eea.europa.eu/eunishabitats/E5.1,
Flußrinne,1,linked,C2,Surface running waters,2,broad,0.80,River channel,http://eunis.eea.europa.eu/eunishabitats/C2,
Höfe und Waldränder,1,review,J2,Low density buildings,2,broad,0.60,Courtyards and forest edges,http://eunis.eea.europa.eu/eunishabitats/J2,
Hafengebiet,1,linked,J4.5,Hard-surfaced areas of ports,3,close,0.90,Port area,http://eunis.eea.europa.eu/eunishabitats/J4.5,
Fichten-Stadtwald,1,linked,G3.1,[Abies] and [Picea] woodland,3,close,0.80,Urban spruce forest,http://eunis.eea.europa.eu/eunishabitats/G3.1,
Böschungen der Befestigungsbauten des Schlosses,1,linked,J2.5,Constructed boundaries,3,broad,0.70,Slopes of castle fortifications,http://eunis.eea.europa.eu/eunishabitats/J2.5,
Naturschutz-Park,1,review,X11,Large parks,2,broad,0.50,Nature park / large park,http://eunis.eea.europa.eu/eunishabitats/X11,
Bäume eines nahen Parks,1,linked,X11,Large parks,2,close,0.80,Park trees,http://eunis.eea.europa.eu/eunishabitats/X11,
Wald am Hang,1,linked,G,"Woodland, forest and other wooded land",1,close,0.90,Slope forest,http://eunis.eea.europa.eu/eunishabitats/G,
Wiesen längs der Bahn,1,linked,E2,Mesic grasslands,2,close,0.80,Meadows along railway,http://eunis.eea.europa.eu/eunishabitats/E2,
Feldhölzchen,1,linked,G5.2,Small broadleaved deciduous anthropogenic woodlands,3,close,0.80,Small broadleaved deciduous copses,http://eunis.eea.europa.eu/eunishabitats/G5.2,
Büschenwald,1,linked,F3,Temperate and mediterranean-montane scrub,2,close,0.70,Scrub / thicket,http://eunis.eea.europa.eu/eunishabitats/F3,
Kiefernbruch,1,linked,G3.D,Boreal bog conifer woodland,3,close,0.80,Boreal/nemoral bog pine woodland,http://eunis.eea.europa.eu/eunishabitats/G3.D,
Tannenhecke,1,linked,FA,Hedgerows,2,close,0.80,Conifer hedge,http://eunis.eea.europa.eu/eunishabitats/FA,
lichte Buchenhänge,1,linked,G1.6,[Fagus] woodland,3,close,0.90,Open beech-covered slopes,http://eunis.eea.europa.eu/eunishabitats/G1.6,
Strandbad,1,linked,J4.6,Pavements and recreation areas,3,broad,0.70,Lido / recreational beach area,http://eunis.eea.europa.eu/eunishabitats/J4.6,
offene Felder,1,linked,I1,Arable land and market gardens,2,close,0.80,Open agricultural fields,http://eunis.eea.europa.eu/eunishabitats/I1,
Tannen im Moos,1,linked,G3.1,[Abies] and [Picea] woodland,3,close,0.80,Abies woodland on boggy/mossy ground,http://eunis.eea.europa.eu/eunishabitats/G3.1,
alte Spechthöhlen,1,linked,G,"Woodland, forest and other wooded land",1,broad,0.70,Microhabitat in woodland trees,http://eunis.eea.europa.eu/eunishabitats/G,
Birkengehölz,1,linked,G1.9,"Non-riverine woodland with [Betula], [Populus tremula] or [Sorbus aucuparia]",3,exact,0.90,Non-riverine birch woodland,http://eunis.eea.europa.eu/eunishabitats/G1.9,
Eichen - Erlen Bestand,1,linked,G1.A,"Meso- and eutrophic [Quercus], [Carpinus], [Fraxinus], [Acer], [Tilia], [Ulmus] and related woodland",3,close,0.80,"Oak-alder stand, likely mesotrophic woodland",http://eunis.eea.europa.eu/eunishabitats/G1.A,
Seegras,1,linked,C1,Surface standing waters,2,broad,0.70,Submerged vegetation in standing water,http://eunis.eea.europa.eu/eunishabitats/C1,
See und Schilf,1,linked,C3.2,Water-fringing reedbeds and tall helophytes other than canes,3,close,0.90,Lake and water-fringing reedbeds,http://eunis.eea.europa.eu/eunishabitats/C3.2,
Obstbäume am Haus,1,linked,I2.2,Small-scale ornamental and domestic garden areas,3,close,0.90,Fruit trees in domestic gardens,http://eunis.eea.europa.eu/eunishabitats/I2.2,
Schilf-Fluren,1,linked,C3.2,Water-fringing reedbeds and tall helophytes other than canes,3,exact,0.95,Water-fringing reedbeds,http://eunis.eea.europa.eu/eunishabitats/C3.2,
angeschwemmtes Holz,1,linked,C3.6,Unvegetated or sparsely vegetated shores with soft or mobile sediments,3,broad,0.70,Driftwood on shores,http://eunis.eea.europa.eu/eunishabitats/C3.6,
Schotter-Ansammlungen,1,linked,C3.6,Unvegetated or sparsely vegetated shores with soft or mobile sediments,3,close,0.80,Gravel shores or riverbeds,http://eunis.eea.europa.eu/eunishabitats/C3.6,
Weidenknust,1,linked,F9.2,[Salix] carr and fen scrub,3,close,0.80,Willow clump/scrub,http://eunis.eea.europa.eu/eunishabitats/F9.2,
Schilf im Weidicht,1,linked,F9.2,[Salix] carr and fen scrub,3,close,0.85,Reed within willow carr/scrub,http://eunis.eea.europa.eu/eunishabitats/F9.2,
Astwerk,1,review,G,"Woodland, forest and other wooded land",1,broad,0.60,"Tree branches, microhabitat",http://eunis.eea.europa.eu/eunishabitats/G,
angeschwemmtes Astgewirr,1,linked,C3.6,Unvegetated or sparsely vegetated shores with soft or mobile sediments,3,broad,0.70,Driftwood/branches on shores,http://eunis.eea.europa.eu/eunishabitats/C3.6,
Bruchstücke,1,no_match,,,,none,0.10,"Fragments, not a habitat",,
Dickicht der Erlen-Säumung,1,linked,F9.1,Riverine scrub,3,close,0.85,Alder fringe scrub,http://eunis.eea.europa.eu/eunishabitats/F9.1,
Schilf und Weidicht,1,linked,F9.2,[Salix] carr and fen scrub,3,close,0.90,Reed and willow scrub,http://eunis.eea.europa.eu/eunishabitats/F9.2,
Weidendickicht,1,linked,F9.2,[Salix] carr and fen scrub,3,exact,0.95,Willow carr and fen scrub,http://eunis.eea.europa.eu/eunishabitats/F9.2,
Bäume und Dächer,1,linked,J1.2,Residential buildings of villages and urban peripheries,3,broad,0.80,Village/suburban trees and roofs,http://eunis.eea.europa.eu/eunishabitats/J1.2,
Dorfstraße,1,linked,J4.2,Road networks,3,close,0.90,Village road network,http://eunis.eea.europa.eu/eunishabitats/J4.2,
Böschungsstein an der Straßenkante,1,linked,J4.2,Road networks,3,broad,0.80,Roadside stone embankment,http://eunis.eea.europa.eu/eunishabitats/J4.2,
Talmulde,1,review,E2,Mesic grasslands,2,broad,0.50,"Valley depression, likely grassland",http://eunis.eea.europa.eu/eunishabitats/E2,
Lärchenbestand,1,linked,G3.2,Alpine [Larix] - [Pinus cembra] woodland,3,close,0.90,Larix woodland,http://eunis.eea.europa.eu/eunishabitats/G3.2,
Wiesenmatten,1,linked,E2,Mesic grasslands,2,exact,0.90,Meadows,http://eunis.eea.europa.eu/eunishabitats/E2,
Forsthaus,1,linked,J2.1,Scattered residential buildings,3,close,0.85,Scattered residential building,http://eunis.eea.europa.eu/eunishabitats/J2.1,
Uferraum,1,linked,C3,Littoral zone of inland surface waterbodies,2,broad,0.80,Riparian/littoral zone,http://eunis.eea.europa.eu/eunishabitats/C3,
Höfe und Obstgärten,1,linked,I2.2,Small-scale ornamental and domestic garden areas,3,close,0.85,Courtyards and orchards,http://eunis.eea.europa.eu/eunishabitats/I2.2,
Eichenhochwald mit Unterholzbestand,1,linked,G1.A,"Meso- and eutrophic [Quercus], [Carpinus], [Fraxinus], [Acer], [Tilia], [Ulmus] and related woodland",3,close,0.80,Oak high forest with undergrowth,http://eunis.eea.europa.eu/eunishabitats/G1.A,
schilfiges Ufer,1,linked,C3.2,Water-fringing reedbeds and tall helophytes other than canes,3,exact,0.95,Reed-fringed shore,http://eunis.eea.europa.eu/eunishabitats/C3.2,
Moorland,1,linked,D,"Mires, bogs and fens",1,exact,0.90,"Mires, bogs and fens",http://eunis.eea.europa.eu/eunishabitats/D,
Bahnhang,1,linked,J4.3,Rail networks,3,broad,0.80,Railway embankment slope,http://eunis.eea.europa.eu/eunishabitats/J4.3,
Latschen- und Grünerlen,1,linked,F2,"Arctic, alpine and subalpine scrub",2,close,0.90,Subalpine Pinus mugo and Alnus alnobetula scrub,http://eunis.eea.europa.eu/eunishabitats/F2,
Latschen und Erlen,1,linked,F2,"Arctic, alpine and subalpine scrub",2,close,0.90,Subalpine Pinus mugo and Alnus scrub,http://eunis.eea.europa.eu/eunishabitats/F2,
alte Buche,1,linked,G1.6,[Fagus] woodland,3,broad,0.70,"Old beech tree, likely in Fagus woodland",http://eunis.eea.europa.eu/eunishabitats/G1.6,
Wildbach,1,linked,C2.2,"Permanent non-tidal, fast, turbulent watercourses",3,exact,0.95,"Fast, turbulent mountain stream",http://eunis.eea.europa.eu/eunishabitats/C2.2,
Fichtengruppe im Moos,1,linked,G3.D,Boreal bog conifer woodland,3,close,0.80,Spruce group in boggy ground,http://eunis.eea.europa.eu/eunishabitats/G3.D,
Ziegelwerk,1,linked,J1.4,Urban and suburban industrial and commercial sites still in active use,3,close,0.80,"Brickworks, industrial site",http://eunis.eea.europa.eu/eunishabitats/J1.4,
See-Büschel,1,linked,C3.2,Water-fringing reedbeds and tall helophytes other than canes,3,close,0.70,Lake-shore rush/reed tufts,http://eunis.eea.europa.eu/eunishabitats/C3.2,
Tann,1,linked,G3,Coniferous woodland,2,close,0.90,Coniferous forest (fir/spruce),http://eunis.eea.europa.eu/eunishabitats/G3,
Baumwerk beim Bootshaus,1,linked,J2,Low density buildings,2,broad,0.70,Trees near boathouse,http://eunis.eea.europa.eu/eunishabitats/J2,
über den Fichten,1,linked,G3.1,[Abies] and [Picea] woodland,3,close,0.80,"Above spruce trees, G3.1 Abies and Picea woodland",http://eunis.eea.europa.eu/eunishabitats/G3.1,
"Schilf, Seerosenblätter",1,linked,C3.2,Water-fringing reedbeds and tall helophytes other than canes,3,close,0.90,Reedbeds and floating vegetation,http://eunis.eea.europa.eu/eunishabitats/C3.2,
Waldzone,1,linked,G,"Woodland, forest and other wooded land",1,exact,0.90,Forest zone,http://eunis.eea.europa.eu/eunishabitats/G,
Fels- und Matten-Region,1,linked,E4,Alpine and subalpine grasslands,2,close,0.80,Alpine grasslands and rocks,http://eunis.eea.europa.eu/eunishabitats/E4,
"Ausfluß des Traun-Sees, dem Traun- Bach",1,linked,C2.3,"Permanent non-tidal, smooth-flowing watercourses",3,close,0.80,Smooth-flowing watercourse outlet,http://eunis.eea.europa.eu/eunishabitats/C2.3,
Käfigen an den Fenstern,1,linked,J1.2,Residential buildings of villages and urban peripheries,3,broad,0.70,Cages on windows of residential buildings,http://eunis.eea.europa.eu/eunishabitats/J1.2,
Latschen am Fels,1,linked,F2.4,Conifer scrub close to the tree limit,3,close,0.90,Pinus mugo scrub close to tree limit,http://eunis.eea.europa.eu/eunishabitats/F2.4,
"Ort, Bergflanken, Fels",1,review,H3,"Inland cliffs, rock pavements and outcrops",2,broad,0.60,"Village, mountain slopes and cliffs",http://eunis.eea.europa.eu/eunishabitats/H3,
steile Wände,1,linked,H3.2,Basic and ultra-basic inland cliffs,3,close,0.80,Steep rock cliffs,http://eunis.eea.europa.eu/eunishabitats/H3.2,
Weidenbusch in einem Wiesenstück mitten im Wasser,1,linked,F9.2,[Salix] carr and fen scrub,3,close,0.80,Willow scrub in wet meadow/water,http://eunis.eea.europa.eu/eunishabitats/F9.2,
Weiden-Staude mitten im Wasser,1,linked,F9.2,[Salix] carr and fen scrub,3,close,0.80,Willow shrub in water,http://eunis.eea.europa.eu/eunishabitats/F9.2,
Krautzäune,1,linked,E5.1,Anthropogenic herb stands,3,broad,0.70,"Weedy fence lines, anthropogenic herb stands",http://eunis.eea.europa.eu/eunishabitats/E5.1,
Teichboden,1,linked,C3.5,Periodically inundated shores with pioneer and ephemeral vegetation,3,close,0.80,Periodically inundated pond bottom,http://eunis.eea.europa.eu/eunishabitats/C3.5,
Sumpfstellen,1,linked,D5,"Sedge and reedbeds, normally without free-standing water",2,close,0.80,Swampy places,http://eunis.eea.europa.eu/eunishabitats/D5,
Tannen vor unserem Haus,1,linked,I2.2,Small-scale ornamental and domestic garden areas,3,broad,0.80,Fir trees in domestic garden,http://eunis.eea.europa.eu/eunishabitats/I2.2,
"Felder, Röhricht",1,linked,X07,Intensively-farmed crops interspersed with strips of natural and/or semi-natural vegetation,2,close,0.70,Crops interspersed with reedbeds,http://eunis.eea.europa.eu/eunishabitats/X07,
"Felder, Mooswiesen",1,linked,X07,Intensively-farmed crops interspersed with strips of natural and/or semi-natural vegetation,2,close,0.70,Crops and wet mossy meadows,http://eunis.eea.europa.eu/eunishabitats/X07,
Birkenbruch,1,linked,G1.5,Broadleaved swamp woodland on acid peat,3,exact,0.90,Birch swamp woodland on acid peat,http://eunis.eea.europa.eu/eunishabitats/G1.5,
"Rohrwald, Schilf",1,linked,C3.21,[Phragmites australis] beds,4,exact,0.90,Phragmites reedbeds,http://eunis.eea.europa.eu/eunishabitats/C3.21,
Buschwerk der Moosgräben,1,linked,F9.2,[Salix] carr and fen scrub,3,close,0.80,Scrub along bog ditches,http://eunis.eea.europa.eu/eunishabitats/F9.2,
Flachwasserlacke,1,linked,C1.6,"Temporary lakes, ponds and pools",3,close,0.80,Shallow temporary pool,http://eunis.eea.europa.eu/eunishabitats/C1.6,
Mooshölzchen,1,linked,G1.5,Broadleaved swamp woodland on acid peat,3,close,0.70,Small bog woodland,http://eunis.eea.europa.eu/eunishabitats/G1.5,
Bäume am Bahnhof,1,linked,G5.1,Lines of trees,3,broad,0.80,Trees at railway station,http://eunis.eea.europa.eu/eunishabitats/G5.1,
Hölzchen,1,linked,G5.2,Small broadleaved deciduous anthropogenic woodlands,3,close,0.80,Small anthropogenic woodland,http://eunis.eea.europa.eu/eunishabitats/G5.2,
Dammböschung,1,linked,J4.2,Road networks,3,broad,0.70,Embankment slope,http://eunis.eea.europa.eu/eunishabitats/J4.2,
Böschungshang,1,review,E1,Dry grasslands,2,broad,0.60,Grassy slope/embankment,http://eunis.eea.europa.eu/eunishabitats/E1,
Grünerlen und Latschenbeständen,1,linked,F2,"Arctic, alpine and subalpine scrub",2,close,0.90,Alnus alnobetula and Pinus mugo scrub,http://eunis.eea.europa.eu/eunishabitats/F2,
Dorfwiesen,1,linked,E2.1,Permanent mesotrophic pastures and aftermath-grazed meadows,3,close,0.80,Village meadows,http://eunis.eea.europa.eu/eunishabitats/E2.1,
Verlandung,1,linked,C3,Littoral zone of inland surface waterbodies,2,close,0.80,Siltation zone / littoral zone,http://eunis.eea.europa.eu/eunishabitats/C3,
Rohrstopf,1,linked,C3.2,Water-fringing reedbeds and tall helophytes other than canes,3,close,0.70,Reed clump,http://eunis.eea.europa.eu/eunishabitats/C3.2,
Seerosenblätter-Gewirr,1,linked,C1,Surface standing waters,2,broad,0.80,Water lily leaves in standing water,http://eunis.eea.europa.eu/eunishabitats/C1,
Birkenwald,1,linked,G1.9,"Non-riverine woodland with [Betula], [Populus tremula] or [Sorbus aucuparia]",3,exact,0.90,Non-riverine birch woodland,http://eunis.eea.europa.eu/eunishabitats/G1.9,
Birkenwald am Bach,1,linked,G1.1,"Riparian and gallery woodland, with dominant [Alnus], [Betula], [Populus] or [Salix]",3,close,0.80,Riparian birch woodland,http://eunis.eea.europa.eu/eunishabitats/G1.1,
überwucherte Wiesen,1,linked,E2.7,Unmanaged mesic grassland,3,close,0.80,Unmanaged mesic grassland,http://eunis.eea.europa.eu/eunishabitats/E2.7,
einzelnstehender Baum,1,linked,G5.1,Lines of trees,3,broad,0.70,Isolated tree,http://eunis.eea.europa.eu/eunishabitats/G5.1,
Seerosenblätter,1,linked,C1,Surface standing waters,2,broad,0.80,Water lily leaves,http://eunis.eea.europa.eu/eunishabitats/C1,
Baum längs des Weges,1,linked,G5.1,Lines of trees,3,close,0.90,Line of trees along path,http://eunis.eea.europa.eu/eunishabitats/G5.1,
Baum am Weg,1,linked,G5.1,Lines of trees,3,close,0.90,Tree along path,http://eunis.eea.europa.eu/eunishabitats/G5.1,
Caricetum am See,1,linked,D5.2,Beds of large sedges normally without free-standing water,3,exact,0.90,Sedge beds by lake,http://eunis.eea.europa.eu/eunishabitats/D5.2,
Schachtelhalmwald,1,linked,G1.4,Broadleaved swamp woodland not on acid peat,3,close,0.70,Equisetum-rich swamp woodland,http://eunis.eea.europa.eu/eunishabitats/G1.4,
Seerosenblattbelag,1,linked,C1,Surface standing waters,2,broad,0.80,Floating vegetation of water lilies in standing water,http://eunis.eea.europa.eu/eunishabitats/C1,
Almwiesen,1,linked,E4,Alpine and subalpine grasslands,2,close,0.90,Alpine and subalpine grasslands,http://eunis.eea.europa.eu/eunishabitats/E4,
Kiefernbestand,1,linked,G3.4,[Pinus sylvestris] woodland south of the taiga,3,close,0.90,Pinus sylvestris woodland,http://eunis.eea.europa.eu/eunishabitats/G3.4,
ausserhalb des Schilfes,1,linked,C1,Surface standing waters,2,broad,0.70,Open water outside the reedbeds,http://eunis.eea.europa.eu/eunishabitats/C1,
Speicher eines Bauernhauses,1,linked,J2.4,Agricultural constructions,3,broad,0.90,Attic of a farmhouse,http://eunis.eea.europa.eu/eunishabitats/J2.4,
Hochwaldregion,1,linked,G,"Woodland, forest and other wooded land",1,broad,0.80,High forest region,http://eunis.eea.europa.eu/eunishabitats/G,
Tannicht,1,linked,G3.1,[Abies] and [Picea] woodland,3,close,0.90,Dense fir forest (Abies),http://eunis.eea.europa.eu/eunishabitats/G3.1,
Rohrrodungen,1,linked,C3.2,Water-fringing reedbeds and tall helophytes other than canes,3,broad,0.70,Cleared reedbeds,http://eunis.eea.europa.eu/eunishabitats/C3.2,
Birken-Anstück,1,linked,G1.9,"Non-riverine woodland with [Betula], [Populus tremula] or [Sorbus aucuparia]",3,close,0.80,Small birch stand,http://eunis.eea.europa.eu/eunishabitats/G1.9,
trockener Winkel,1,review,H5,Miscellaneous inland habitats with very sparse or no vegetation,2,broad,0.40,"Dry corner, vague",http://eunis.eea.europa.eu/eunishabitats/H5,
Beerenwäldchen,1,linked,G,"Woodland, forest and other wooded land",1,broad,0.70,Small wood with berry shrubs,http://eunis.eea.europa.eu/eunishabitats/G,
Kiesfeld,1,linked,H5.3,Sparsely- or un-vegetated habitats on mineral substrates not resulting from recent ice activity,3,close,0.80,Gravel field,http://eunis.eea.europa.eu/eunishabitats/H5.3,
steiniger Weg,1,linked,J4.2,Road networks,3,broad,0.80,Stony path,http://eunis.eea.europa.eu/eunishabitats/J4.2,
Biergarten,1,linked,I2.2,Small-scale ornamental and domestic garden areas,3,broad,0.80,"Beer garden, domestic/recreational garden",http://eunis.eea.europa.eu/eunishabitats/I2.2,
Augeträuch,1,linked,F9.1,Riverine scrub,3,exact,0.90,Riparian scrub,http://eunis.eea.europa.eu/eunishabitats/F9.1,
Baumbestand,1,linked,G,"Woodland, forest and other wooded land",1,broad,0.80,Tree stand,http://eunis.eea.europa.eu/eunishabitats/G,
Austrittssumpf,1,linked,D2.2,Poor fens and soft-water spring mires,3,close,0.80,Spring mire / flush,http://eunis.eea.europa.eu/eunishabitats/D2.2,
sandiger Acker,1,linked,I1,Arable land and market gardens,2,close,0.90,Sandy arable field,http://eunis.eea.europa.eu/eunishabitats/I1,
"Wasser, Weiden",1,linked,G1.1,"Riparian and gallery woodland, with dominant [Alnus], [Betula], [Populus] or [Salix]",3,broad,0.80,Water and willow trees,http://eunis.eea.europa.eu/eunishabitats/G1.1,
"Schilfrand, See",1,linked,C3.2,Water-fringing reedbeds and tall helophytes other than canes,3,close,0.90,Reedbed edge at a lake,http://eunis.eea.europa.eu/eunishabitats/C3.2,
Wasserkante,1,linked,C3,Littoral zone of inland surface waterbodies,2,broad,0.80,Water's edge,http://eunis.eea.europa.eu/eunishabitats/C3,
"Weiden-Erlenbusch, Sumpfwiese",1,linked,F9.2,[Salix] carr and fen scrub,3,broad,0.80,Willow-alder scrub and wet meadow mosaic,http://eunis.eea.europa.eu/eunishabitats/F9.2,
"Unterholz, Büsche, Phragmitetum - Caricetum",1,linked,D5,"Sedge and reedbeds, normally without free-standing water",2,broad,0.80,"Undergrowth, shrubs, reed and sedge beds",http://eunis.eea.europa.eu/eunishabitats/D5,
"Birken, Rohr",1,linked,G1.4,Broadleaved swamp woodland not on acid peat,3,broad,0.70,Birch trees and reeds,http://eunis.eea.europa.eu/eunishabitats/G1.4,
Fichtengehölz,1,linked,G3.1,[Abies] and [Picea] woodland,3,close,0.90,Spruce grove,http://eunis.eea.europa.eu/eunishabitats/G3.1,
Birken und Föhren,1,linked,G4,Mixed deciduous and coniferous woodland,2,close,0.90,Mixed birch and pine woodland,http://eunis.eea.europa.eu/eunishabitats/G4,
Schachtelhalme,1,linked,C3,Littoral zone of inland surface waterbodies,2,broad,0.70,Horsetails (Equisetum beds),http://eunis.eea.europa.eu/eunishabitats/C3,
nasse Sumpfwiese,1,linked,E3.4,Moist or wet eutrophic and mesotrophic grassland,3,close,0.90,Wet marshy meadow,http://eunis.eea.europa.eu/eunishabitats/E3.4,
alter Torfstich,1,linked,J3.3,Recently abandoned above-ground spaces of extractive industrial sites,3,close,0.80,Old peat cutting,http://eunis.eea.europa.eu/eunishabitats/J3.3,
Schierlingstaude,1,linked,E5.1,Anthropogenic herb stands,3,broad,0.70,Hemlock tall herb,http://eunis.eea.europa.eu/eunishabitats/E5.1,
Flachsrath,1,linked,I1,Arable land and market gardens,2,close,0.80,Flax field,http://eunis.eea.europa.eu/eunishabitats/I1,
Fichte bei einem Forstgarten,1,linked,G5.2,Small broadleaved deciduous anthropogenic woodlands,3,broad,0.70,Spruce near a forest nursery,http://eunis.eea.europa.eu/eunishabitats/G5.2,
Rohr beim Schirm,1,linked,C3.2,Water-fringing reedbeds and tall helophytes other than canes,3,broad,0.80,Reeds near a hide/shelter,http://eunis.eea.europa.eu/eunishabitats/C3.2,
Seeheide,1,linked,F4,Temperate shrub heathland,2,close,0.70,Lake heathland,http://eunis.eea.europa.eu/eunishabitats/F4,
hohe Fichten,1,linked,G3.1,[Abies] and [Picea] woodland,3,close,0.90,Tall spruce trees,http://eunis.eea.europa.eu/eunishabitats/G3.1,
"Gebüsch beim Einlauf, der mit Schilf unterwuchs ist",1,linked,F9.2,[Salix] carr and fen scrub,3,broad,0.80,Scrub with reed undergrowth at inlet,http://eunis.eea.europa.eu/eunishabitats/F9.2,
Roggenfeld,1,linked,I1.1,Intensive unmixed crops,3,exact,0.90,Rye field,http://eunis.eea.europa.eu/eunishabitats/I1.1,
Caricetum-Rasen-Gelände,1,linked,D5.2,Beds of large sedges normally without free-standing water,3,close,0.90,Sedge-dominated terrain,http://eunis.eea.europa.eu/eunishabitats/D5.2,
"Buchenkronen, Birken",1,linked,G4,Mixed deciduous and coniferous woodland,2,broad,0.80,Beech canopy and birch trees,http://eunis.eea.europa.eu/eunishabitats/G4,
Fichten-Lärchen-Fichtenbesten,1,linked,G3.1,[Abies] and [Picea] woodland,3,close,0.80,Spruce-larch-spruce stand,http://eunis.eea.europa.eu/eunishabitats/G3.1,
Bächen und Seitenhängen,1,linked,C2,Surface running waters,2,close,0.80,Running waters and adjacent slopes,http://eunis.eea.europa.eu/eunishabitats/C2,
Cypressen,1,linked,G3.9,Coniferous woodland dominated by [Cupressaceae] or [Taxaceae],3,close,0.90,Coniferous woodland dominated by Cupressaceae,http://eunis.eea.europa.eu/eunishabitats/G3.9,
nassen Caricetum,1,linked,D5.2,Beds of large sedges normally without free-standing water,3,exact,0.95,Beds of large sedges,http://eunis.eea.europa.eu/eunishabitats/D5.2,
Carexdickicht,1,linked,D5.2,Beds of large sedges normally without free-standing water,3,exact,0.95,Sedge beds,http://eunis.eea.europa.eu/eunishabitats/D5.2,
Schafbach,1,linked,C2,Surface running waters,2,broad,0.80,"Name of a stream, running water",http://eunis.eea.europa.eu/eunishabitats/C2,
Trockene Stellen am Rande des Wassers,1,linked,C3.6,Unvegetated or sparsely vegetated shores with soft or mobile sediments,3,close,0.80,Dry areas on water margins,http://eunis.eea.europa.eu/eunishabitats/C3.6,
"Schilfbestände, dichte hohe Gras-Wälder",1,linked,C3.2,Water-fringing reedbeds and tall helophytes other than canes,3,exact,0.95,Water-fringing reedbeds,http://eunis.eea.europa.eu/eunishabitats/C3.2,
Trockenland,1,linked,E1,Dry grasslands,2,broad,0.70,Dry grassland or open ground,http://eunis.eea.europa.eu/eunishabitats/E1,
steiniges Sumpfgelände,1,linked,D4,Base-rich fens and calcareous spring mires,2,close,0.70,Stony marshland/fen,http://eunis.eea.europa.eu/eunishabitats/D4,
Kiesufer,1,linked,C3.6,Unvegetated or sparsely vegetated shores with soft or mobile sediments,3,exact,0.90,Unvegetated or sparsely vegetated gravel shores,http://eunis.eea.europa.eu/eunishabitats/C3.6,
Stadt-Graben,1,linked,J5.4,Highly artificial non-saline running waters,3,close,0.80,"Urban ditch, artificial running water",http://eunis.eea.europa.eu/eunishabitats/J5.4,
Weidenbänke,1,linked,F9.1,Riverine scrub,3,exact,0.90,Riverine willow scrub,http://eunis.eea.europa.eu/eunishabitats/F9.1,
Distelsaum,1,linked,E5.1,Anthropogenic herb stands,3,close,0.85,Anthropogenic herb stands (thistle fringe),http://eunis.eea.europa.eu/eunishabitats/E5.1,
Dorngelände,1,linked,F3.1,Temperate thickets and scrub,3,close,0.85,Temperate thorny scrub,http://eunis.eea.europa.eu/eunishabitats/F3.1,
Abräumplatz,1,linked,J6,Waste deposits,2,broad,0.70,Clearing/waste deposit site,http://eunis.eea.europa.eu/eunishabitats/J6,
Abzugsgraben,1,linked,J5.4,Highly artificial non-saline running waters,3,close,0.85,Drainage ditch,http://eunis.eea.europa.eu/eunishabitats/J5.4,
Talwände,1,linked,H3,"Inland cliffs, rock pavements and outcrops",2,broad,0.75,Valley cliffs/slopes,http://eunis.eea.europa.eu/eunishabitats/H3,
"hohe, alte Bäume",1,linked,G5.1,Lines of trees,3,broad,0.70,"Tall, old trees",http://eunis.eea.europa.eu/eunishabitats/G5.1,
Gartenanlage einer Kirchhofes,1,linked,J4.7,Constructed parts of cemeteries,3,close,0.85,Cemetery garden area,http://eunis.eea.europa.eu/eunishabitats/J4.7,
Riedteich,1,linked,C1.2,"Permanent mesotrophic lakes, ponds and pools",3,close,0.80,Reed pond,http://eunis.eea.europa.eu/eunishabitats/C1.2,
Fichtenregion,1,linked,G3.1,[Abies] and [Picea] woodland,3,close,0.90,Spruce forest zone,http://eunis.eea.europa.eu/eunishabitats/G3.1,
Dükergrabe,1,linked,J5.4,Highly artificial non-saline running waters,3,close,0.85,Culvert ditch,http://eunis.eea.europa.eu/eunishabitats/J5.4,
Schilfmeer,1,linked,C3.2,Water-fringing reedbeds and tall helophytes other than canes,3,exact,0.95,Extensive reedbeds,http://eunis.eea.europa.eu/eunishabitats/C3.2,
Wasser der Blänke,1,linked,C1,Surface standing waters,2,close,0.85,Water of a pool/depression,http://eunis.eea.europa.eu/eunishabitats/C1,
Sammelgraben,1,linked,J5.4,Highly artificial non-saline running waters,3,close,0.85,Collecting ditch,http://eunis.eea.europa.eu/eunishabitats/J5.4,
Jungwald,1,linked,G5.6,Early-stage natural and semi-natural woodlands and regrowth,3,exact,0.90,Early-stage natural/semi-natural woodland,http://eunis.eea.europa.eu/eunishabitats/G5.6,
Kleestück,1,linked,I1.1,Intensive unmixed crops,3,close,0.80,Clover field (crop),http://eunis.eea.europa.eu/eunishabitats/I1.1,
Rohrrand,1,linked,C3.2,Water-fringing reedbeds and tall helophytes other than canes,3,exact,0.95,Reed margin,http://eunis.eea.europa.eu/eunishabitats/C3.2,
Seekante,1,linked,C3,Littoral zone of inland surface waterbodies,2,close,0.90,Lake shore/edge,http://eunis.eea.europa.eu/eunishabitats/C3,
Rohrkante,1,linked,C3.2,Water-fringing reedbeds and tall helophytes other than canes,3,exact,0.95,Reed edge,http://eunis.eea.europa.eu/eunishabitats/C3.2,
Fliederbusch beim Haus,1,linked,I2.2,Small-scale ornamental and domestic garden areas,3,broad,0.80,Lilac bush in domestic garden,http://eunis.eea.europa.eu/eunishabitats/I2.2,
Binsen- und Schilfhalmen,1,linked,C3.2,Water-fringing reedbeds and tall helophytes other than canes,3,close,0.90,Rush and reed stems,http://eunis.eea.europa.eu/eunishabitats/C3.2,
Schilfrand der Blänke,1,linked,C3.2,Water-fringing reedbeds and tall helophytes other than canes,3,exact,0.95,Reed margin of a pool,http://eunis.eea.europa.eu/eunishabitats/C3.2,
Tannengruppe,1,linked,G3.1,[Abies] and [Picea] woodland,3,close,0.85,Group of fir trees,http://eunis.eea.europa.eu/eunishabitats/G3.1,
Weidenbusch und Gebüsch,1,linked,F9.1,Riverine scrub,3,exact,0.90,Willow scrub,http://eunis.eea.europa.eu/eunishabitats/F9.1,
"Rohrwald, Schilfrand",1,linked,C3.2,Water-fringing reedbeds and tall helophytes other than canes,3,exact,0.95,"Reedbed, reed margin",http://eunis.eea.europa.eu/eunishabitats/C3.2,
Altwasser der Donau,1,linked,C1.2,"Permanent mesotrophic lakes, ponds and pools",3,close,0.85,Oxbow lake of the Danube,http://eunis.eea.europa.eu/eunishabitats/C1.2,
Waldstücke,1,linked,G,"Woodland, forest and other wooded land",1,exact,0.90,Woodland patches,http://eunis.eea.europa.eu/eunishabitats/G,
Graben längs der Kanalgräben,1,linked,J5.4,Highly artificial non-saline running waters,3,close,0.85,Ditch along canal ditches,http://eunis.eea.europa.eu/eunishabitats/J5.4,
Bahnhofanlagen,1,linked,J4.3,Rail networks,3,exact,0.95,Railway station grounds,http://eunis.eea.europa.eu/eunishabitats/J4.3,
Hofgarten,1,linked,I2.1,Large-scale ornamental garden areas,3,close,0.90,Large-scale ornamental garden or park,http://eunis.eea.europa.eu/eunishabitats/I2.1,
Äcker und in Waldlichtungen gelegene feuchte Plätze,1,linked,X07,Intensively-farmed crops interspersed with strips of natural and/or semi-natural vegetation,2,broad,0.70,Mosaic of arable land and forest clearings,http://eunis.eea.europa.eu/eunishabitats/X07,
"Tann, Moos",1,linked,G3.1,[Abies] and [Picea] woodland,3,close,0.80,Fir/spruce forest with mossy ground,http://eunis.eea.europa.eu/eunishabitats/G3.1,
Tiefwiese,1,linked,E3.4,Moist or wet eutrophic and mesotrophic grassland,3,close,0.80,Moist or wet low-lying grassland,http://eunis.eea.europa.eu/eunishabitats/E3.4,
Erlenhafen und Weiden,1,linked,G1.1,"Riparian and gallery woodland, with dominant [Alnus], [Betula], [Populus] or [Salix]",3,close,0.90,Riparian alder and willow woodland,http://eunis.eea.europa.eu/eunishabitats/G1.1,
Birkenbäumchen,1,linked,G5.6,Early-stage natural and semi-natural woodlands and regrowth,3,broad,0.70,"Young birch trees, early-stage regrowth",http://eunis.eea.europa.eu/eunishabitats/G5.6,
Gehöfte und Ställe,1,linked,J2.4,Agricultural constructions,3,exact,0.95,"Agricultural constructions, farms and stables",http://eunis.eea.europa.eu/eunishabitats/J2.4,
Wiesengründe,1,linked,E2,Mesic grasslands,2,close,0.90,"Meadow grounds, mesic grasslands",http://eunis.eea.europa.eu/eunishabitats/E2,
Schlick,1,linked,C3.6,Unvegetated or sparsely vegetated shores with soft or mobile sediments,3,close,0.85,Unvegetated muddy shores,http://eunis.eea.europa.eu/eunishabitats/C3.6,
Kanäle im Park,1,linked,J5.3,Highly artificial non-saline standing waters,3,close,0.80,Man-made non-saline standing/slow water in park,http://eunis.eea.europa.eu/eunishabitats/J5.3,
Viehweideplatz,1,linked,E2.1,Permanent mesotrophic pastures and aftermath-grazed meadows,3,exact,0.90,Permanent pastures,http://eunis.eea.europa.eu/eunishabitats/E2.1,
Coniferen im Botanic Garten,1,linked,I2.2,Small-scale ornamental and domestic garden areas,3,broad,0.80,Cultivated conifers in botanical garden,http://eunis.eea.europa.eu/eunishabitats/I2.2,
Ufersaum,1,linked,C3,Littoral zone of inland surface waterbodies,2,close,0.90,Littoral zone of inland waterbodies,http://eunis.eea.europa.eu/eunishabitats/C3,
Fichten gegenüber vom Haus,1,linked,G5.4,Small coniferous anthropogenic woodlands,3,broad,0.80,Small coniferous anthropogenic woodland near house,http://eunis.eea.europa.eu/eunishabitats/G5.4,
Bachwerk,1,linked,C2,Surface running waters,2,close,0.70,Running watercourse or stream structure,http://eunis.eea.europa.eu/eunishabitats/C2,
Flutkraut,1,linked,C1,Surface standing waters,2,broad,0.70,Floating aquatic vegetation in standing water,http://eunis.eea.europa.eu/eunishabitats/C1,
Schirm und Steg,1,review,J5,Highly artificial man-made waters and associated structures,2,broad,0.60,Artificial structures at waterbody,http://eunis.eea.europa.eu/eunishabitats/J5,
abgemähte Stelle am Ende des Steges,1,review,C3.2,Water-fringing reedbeds and tall helophytes other than canes,3,broad,0.60,Mown reedbed area at jetty end,http://eunis.eea.europa.eu/eunishabitats/C3.2,
Fichtenzweig am Waldrand,1,linked,E5.2,Thermophile woodland fringes,3,broad,0.70,Spruce branch at woodland fringe,http://eunis.eea.europa.eu/eunishabitats/E5.2,
hohe Bäume an der Dorfstraße,1,linked,G5.1,Lines of trees,3,close,0.90,Lines of trees along village street,http://eunis.eea.europa.eu/eunishabitats/G5.1,
Bäume ganz nah beim Haus,1,linked,I2.2,Small-scale ornamental and domestic garden areas,3,broad,0.80,Trees in domestic garden near house,http://eunis.eea.europa.eu/eunishabitats/I2.2,
Hausdächer,1,linked,J1,"Buildings of cities, towns and villages",2,broad,0.90,Roofs of residential buildings,http://eunis.eea.europa.eu/eunishabitats/J1,
Tannensaum,1,linked,G5.1,Lines of trees,3,close,0.80,Line of fir trees,http://eunis.eea.europa.eu/eunishabitats/G5.1,
Böschungsdickung,1,linked,F3.1,Temperate thickets and scrub,3,close,0.80,Temperate thickets on slopes,http://eunis.eea.europa.eu/eunishabitats/F3.1,
Büschwerk,1,linked,F3.1,Temperate thickets and scrub,3,close,0.90,Temperate thickets and scrub,http://eunis.eea.europa.eu/eunishabitats/F3.1,
Schlammflächen,1,linked,C3.6,Unvegetated or sparsely vegetated shores with soft or mobile sediments,3,exact,0.90,Unvegetated muddy shores,http://eunis.eea.europa.eu/eunishabitats/C3.6,
Schilfinsel,1,linked,C3.2,Water-fringing reedbeds and tall helophytes other than canes,3,close,0.90,Water-fringing reedbeds forming an island,http://eunis.eea.europa.eu/eunishabitats/C3.2,
Grünerlenbüschen,1,linked,F2.3,Subalpine deciduous scrub,3,exact,0.95,Subalpine deciduous scrub (Alnus alnobetula),http://eunis.eea.europa.eu/eunishabitats/F2.3,
Kieshügel,1,linked,J3.2,"Active opencast mineral extraction sites, including quarries",3,broad,0.70,Gravel pile in extraction site,http://eunis.eea.europa.eu/eunishabitats/J3.2,
Moos-Rohrwalt,1,linked,D5.1,Reedbeds normally without free-standing water,3,close,0.80,"Reedbed without free-standing water, mossy",http://eunis.eea.europa.eu/eunishabitats/D5.1,
Birken-Büschen am Rande der grossen Lichtung,1,linked,E5,Woodland fringes and clearings and tall forb stands,2,broad,0.80,Birch scrub at woodland clearing edge,http://eunis.eea.europa.eu/eunishabitats/E5,
Typha-Halmen,1,linked,C3.2,Water-fringing reedbeds and tall helophytes other than canes,3,close,0.90,Typha beds in littoral zone,http://eunis.eea.europa.eu/eunishabitats/C3.2,
Schilfstengel,1,linked,C3.2,Water-fringing reedbeds and tall helophytes other than canes,3,broad,0.90,Reed stems in reedbeds,http://eunis.eea.europa.eu/eunishabitats/C3.2,
Rohrgebüsch,1,linked,C3.2,Water-fringing reedbeds and tall helophytes other than canes,3,close,0.85,Tall reedbeds,http://eunis.eea.europa.eu/eunishabitats/C3.2,
Teichgitter,1,linked,J5.3,Highly artificial non-saline standing waters,3,broad,0.70,Grate of artificial pond,http://eunis.eea.europa.eu/eunishabitats/J5.3,
Flachmoor,1,linked,D4.1,"Rich fens, including eutrophic tall-herb fens and calcareous flushes and soaks",3,exact,0.90,Rich fen / low moor,http://eunis.eea.europa.eu/eunishabitats/D4.1,
Entwässerungsgraben,1,linked,J5.4,Highly artificial non-saline running waters,3,exact,0.90,Highly artificial non-saline running waters,http://eunis.eea.europa.eu/eunishabitats/J5.4,
Kamin des Gartenhauses,1,linked,J2.1,Scattered residential buildings,3,broad,0.80,Chimney of garden house,http://eunis.eea.europa.eu/eunishabitats/J2.1,
Schilfungen,1,linked,C3.2,Water-fringing reedbeds and tall helophytes other than canes,3,exact,0.95,Water-fringing reedbeds,http://eunis.eea.europa.eu/eunishabitats/C3.2,
Wattdamm,1,linked,B2,Coastal shingle,2,broad,0.70,Coastal causeway or dyke,http://eunis.eea.europa.eu/eunishabitats/B2,
"trockene Felder, Wiesen im Moos, Leitungsdrähte",1,linked,X10,Mosaic landscapes with a woodland element (bocages),2,broad,0.70,"Mosaik aus Äckern, Wiesen und anthropogenen Strukturen",http://eunis.eea.europa.eu/eunishabitats/X10,
Kanäle und Teiche,1,linked,C1,Surface standing waters,2,close,0.80,Kombination aus stehenden Gewässern und Kanälen,http://eunis.eea.europa.eu/eunishabitats/C1,
"Wiesen und Felder, Eis",1,review,I1,Arable land and market gardens,2,broad,0.60,Kulturland im Winter,http://eunis.eea.europa.eu/eunishabitats/I1,
Schleuse,1,linked,J5.4,Highly artificial non-saline running waters,3,broad,0.80,Künstliches Bauwerk an Fließgewässern,http://eunis.eea.europa.eu/eunishabitats/J5.4,
"Föhrenwäldchen, Moos",1,linked,G3.4,[Pinus sylvestris] woodland south of the taiga,3,close,0.80,Kiefernwald auf Moorboden,http://eunis.eea.europa.eu/eunishabitats/G3.4,
"Mooswiesen, Fischteiche",1,linked,X10,Mosaic landscapes with a woodland element (bocages),2,broad,0.70,Mosaik aus Feuchtwiesen und Teichen,http://eunis.eea.europa.eu/eunishabitats/X10,
Fichtrichen beim abgestorbenen Wäldchen,1,linked,G3.1,[Abies] and [Picea] woodland,3,close,0.80,Fichtenjungwuchs / Totholzbestand,http://eunis.eea.europa.eu/eunishabitats/G3.1,
Bannwald,1,linked,G,"Woodland, forest and other wooded land",1,broad,0.90,Schutzwald ohne spezifische Baumartennennung,http://eunis.eea.europa.eu/eunishabitats/G,
Kiesrücken,1,linked,H5.3,Sparsely- or un-vegetated habitats on mineral substrates not resulting from recent ice activity,3,close,0.70,Sparsach bewachsener Kiesrücken,http://eunis.eea.europa.eu/eunishabitats/H5.3,
Weidenstücke,1,linked,E2.1,Permanent mesotrophic pastures and aftermath-grazed meadows,3,exact,0.90,Viehweiden,http://eunis.eea.europa.eu/eunishabitats/E2.1,
Weidenbüsche mit Schilfbestand,1,linked,F9.2,[Salix] carr and fen scrub,3,close,0.80,Weidengebüsch mit Schilf,http://eunis.eea.europa.eu/eunishabitats/F9.2,
Moorgewässern,1,linked,C1.4,"Permanent dystrophic lakes, ponds and pools",3,close,0.80,Dystrophe Moorgewässer,http://eunis.eea.europa.eu/eunishabitats/C1.4,
Kirche,1,linked,J1.3,Urban and suburban public buildings,3,broad,0.90,Öffentliches Gebäude,http://eunis.eea.europa.eu/eunishabitats/J1.3,
Steingarten,1,linked,I2.2,Small-scale ornamental and domestic garden areas,3,broad,0.80,Ziergartenbereich,http://eunis.eea.europa.eu/eunishabitats/I2.2,
Buchenbestände,1,linked,G1.6,[Fagus] woodland,3,exact,1.00,Fagus woodland,http://eunis.eea.europa.eu/eunishabitats/G1.6,
Einlauf,1,linked,J5.4,Highly artificial non-saline running waters,3,broad,0.70,Künstlicher Zufluss,http://eunis.eea.europa.eu/eunishabitats/J5.4,
Büschwerk beim Haus,1,linked,I2.2,Small-scale ornamental and domestic garden areas,3,broad,0.80,Gartengebüsch,http://eunis.eea.europa.eu/eunishabitats/I2.2,
Hochspannungsleitung,1,linked,J4,Transport networks and other constructed hard-surfaced areas,2,broad,0.70,Künstliche Infrastruktur,http://eunis.eea.europa.eu/eunishabitats/J4,
Fichten am Rande,1,linked,G3.1,[Abies] and [Picea] woodland,3,close,0.80,Fichtenwaldrand,http://eunis.eea.europa.eu/eunishabitats/G3.1,
Bünken,1,review,D5,"Sedge and reedbeds, normally without free-standing water",2,close,0.60,Bulten / Seggenbülten im Moor,http://eunis.eea.europa.eu/eunishabitats/D5,
großer See,1,linked,C1,Surface standing waters,2,close,0.90,Großes stehendes Gewässer,http://eunis.eea.europa.eu/eunishabitats/C1,
Schilfufer,1,linked,C3.2,Water-fringing reedbeds and tall helophytes other than canes,3,exact,0.90,Röhricht am Ufer,http://eunis.eea.europa.eu/eunishabitats/C3.2,
Eichen auf der Viehweide,1,linked,X09,Pasture woods (with a tree layer overlying pasture),2,exact,0.90,Hutewald / Weide mit Eichen,http://eunis.eea.europa.eu/eunishabitats/X09,
Rapsfeldern,1,linked,I1.1,Intensive unmixed crops,3,close,0.90,Intensivkultur Raps,http://eunis.eea.europa.eu/eunishabitats/I1.1,
Aquarium des Garten der Akademie,1,linked,J5.3,Highly artificial non-saline standing waters,3,broad,0.80,Künstliches Kleingewässer,http://eunis.eea.europa.eu/eunishabitats/J5.3,
Wiesenmooren,1,linked,D4.1,"Rich fens, including eutrophic tall-herb fens and calcareous flushes and soaks",3,close,0.80,Flachmoor / Niedermoorwiese,http://eunis.eea.europa.eu/eunishabitats/D4.1,
Akademiegarten,1,linked,I2.1,Large-scale ornamental garden areas,3,close,0.80,Großer Ziergarten / Park,http://eunis.eea.europa.eu/eunishabitats/I2.1,
Felsnische,1,linked,H3,"Inland cliffs, rock pavements and outcrops",2,broad,0.80,Felsstruktur,http://eunis.eea.europa.eu/eunishabitats/H3,
sümpfigem Gelände,1,linked,D5,"Sedge and reedbeds, normally without free-standing water",2,close,0.80,Sumpfland,http://eunis.eea.europa.eu/eunishabitats/D5,
Obstgelände,1,linked,G1.D,Fruit and nut tree orchards,3,exact,0.90,Obstgarten / Streuobst,http://eunis.eea.europa.eu/eunishabitats/G1.D,
Erlenringesitz,1,review,G1.B,Non-riverine [Alnus] woodland,3,broad,0.60,Erlenbestand / Ansitz,http://eunis.eea.europa.eu/eunishabitats/G1.B,
Fabrikkamin,1,linked,J1.4,Urban and suburban industrial and commercial sites still in active use,3,broad,0.90,Industriebauwerk,http://eunis.eea.europa.eu/eunishabitats/J1.4,
Tannenpflanzung,1,linked,G3.F,Highly artificial coniferous plantations,3,close,0.80,Nadelholzmonokultur,http://eunis.eea.europa.eu/eunishabitats/G3.F,
Wingert,1,linked,FB.4,Vineyards,3,exact,1.00,Weinberg,http://eunis.eea.europa.eu/eunishabitats/FB.4,
Jungwuchs,1,linked,G5.6,Early-stage natural and semi-natural woodlands and regrowth,3,close,0.80,Jungwald / Naturverjüngung,http://eunis.eea.europa.eu/eunishabitats/G5.6,
abgelassener Weiherboden,1,linked,C3.5,Periodically inundated shores with pioneer and ephemeral vegetation,3,exact,0.90,Periodisch trockenfallender Teichboden,http://eunis.eea.europa.eu/eunishabitats/C3.5,
mit Weiden bedeckte Ufer,1,linked,F9.1,Riverine scrub,3,close,0.80,Weidengebüsch am Ufer,http://eunis.eea.europa.eu/eunishabitats/F9.1,
Moor-Schutzgelände,1,linked,D,"Mires, bogs and fens",1,broad,0.80,Moorbiotop,http://eunis.eea.europa.eu/eunishabitats/D,
Au-Wiese,1,linked,E3.4,Moist or wet eutrophic and mesotrophic grassland,3,close,0.80,Feuchtwiese in der Aue,http://eunis.eea.europa.eu/eunishabitats/E3.4,
Schilfhorst,1,linked,C3.2,Water-fringing reedbeds and tall helophytes other than canes,3,close,0.90,Schilfbestand,http://eunis.eea.europa.eu/eunishabitats/C3.2,
Watt am Schilfrand,1,linked,C3.2,Water-fringing reedbeds and tall helophytes other than canes,3,close,0.80,Muddy shore near reedbeds,http://eunis.eea.europa.eu/eunishabitats/C3.2,
Wattgelände,1,linked,C3.6,Unvegetated or sparsely vegetated shores with soft or mobile sediments,3,close,0.80,Inland mudflats or shores,http://eunis.eea.europa.eu/eunishabitats/C3.6,
Wattland,1,linked,C3.6,Unvegetated or sparsely vegetated shores with soft or mobile sediments,3,close,0.80,Inland mudflats or shores,http://eunis.eea.europa.eu/eunishabitats/C3.6,
Weidenbüschen im alten Wertachbett,1,linked,F9.1,Riverine scrub,3,close,0.90,Riverine willow scrub in old riverbed,http://eunis.eea.europa.eu/eunishabitats/F9.1,
Wasserfalle,1,linked,C2,Surface running waters,2,broad,0.70,"Waterfall, running water feature",http://eunis.eea.europa.eu/eunishabitats/C2,
Vorflutgraben,1,linked,J5.4,Highly artificial non-saline running waters,3,close,0.90,Artificial drainage ditch,http://eunis.eea.europa.eu/eunishabitats/J5.4,
Gebirgsbach,1,linked,C2.2,"Permanent non-tidal, fast, turbulent watercourses",3,exact,0.95,Mountain torrent / fast-flowing stream,http://eunis.eea.europa.eu/eunishabitats/C2.2,
Maisfeld,1,linked,I1.1,Intensive unmixed crops,3,exact,0.95,"Maize field, intensive crop",http://eunis.eea.europa.eu/eunishabitats/I1.1,
Wäldchen an der Straße,1,linked,G5.2,Small broadleaved deciduous anthropogenic woodlands,3,close,0.80,Small anthropogenic woodland near road,http://eunis.eea.europa.eu/eunishabitats/G5.2,
Isarrinnsal,1,linked,C2.2,"Permanent non-tidal, fast, turbulent watercourses",3,broad,0.80,Small stream/trickle of the Isar river,http://eunis.eea.europa.eu/eunishabitats/C2.2,
Straßen-Allee,1,linked,G5.1,Lines of trees,3,exact,0.95,Avenue of trees along a road,http://eunis.eea.europa.eu/eunishabitats/G5.1,
Kornweiher,1,linked,C1.2,"Permanent mesotrophic lakes, ponds and pools",3,close,0.70,"Pond, likely mesotrophic/eutrophic",http://eunis.eea.europa.eu/eunishabitats/C1.2,
alte zerfallende Mauern,1,linked,J2.5,Constructed boundaries,3,close,0.80,Old crumbling walls,http://eunis.eea.europa.eu/eunishabitats/J2.5,
Stachelginsterwald,1,linked,F4.2,Dry heaths,3,close,0.70,"Gorse scrub (Ulex), classified as dry heath",http://eunis.eea.europa.eu/eunishabitats/F4.2,
"Sumpfgebiet mit Heide-Charakter, untermischt mit eher großen übermannshohen Ginstergebüschen",1,linked,F4.1,Wet heaths,3,close,0.80,Wet heath with tall gorse/broom,http://eunis.eea.europa.eu/eunishabitats/F4.1,
Birken- und Erlenbestände,1,linked,G1.4,Broadleaved swamp woodland not on acid peat,3,close,0.85,Birch and alder swamp/wet woodland,http://eunis.eea.europa.eu/eunishabitats/G1.4,
westlichen Mischwäldern,1,linked,G4,Mixed deciduous and coniferous woodland,2,exact,0.90,Mixed deciduous and coniferous woodland,http://eunis.eea.europa.eu/eunishabitats/G4,
außerhalb des Teichgeländes,1,no_match,,,,none,0.10,Not a specific habitat type,,
Eichenwäldchen,1,linked,G5.2,Small broadleaved deciduous anthropogenic woodlands,3,close,0.80,Small oak wood,http://eunis.eea.europa.eu/eunishabitats/G5.2,
Rainfarnbüsche,1,linked,E5.1,Anthropogenic herb stands,3,close,0.80,"Tansy stands, anthropogenic herb stands",http://eunis.eea.europa.eu/eunishabitats/E5.1,
Gartenhaus,1,linked,J2.1,Scattered residential buildings,3,broad,0.70,Garden house / shed,http://eunis.eea.europa.eu/eunishabitats/J2.1,
Hochregion,1,review,E4,Alpine and subalpine grasslands,2,broad,0.60,High alpine region,http://eunis.eea.europa.eu/eunishabitats/E4,
Almhütten,1,linked,J2.4,Agricultural constructions,3,close,0.85,"Alpine pasture huts, agricultural constructions",http://eunis.eea.europa.eu/eunishabitats/J2.4,
Brücke,1,linked,J4,Transport networks and other constructed hard-surfaced areas,2,broad,0.80,"Bridge, transport network structure",http://eunis.eea.europa.eu/eunishabitats/J4,
Hüttdamm,1,linked,J4,Transport networks and other constructed hard-surfaced areas,2,broad,0.70,Embankment/dam near a hut,http://eunis.eea.europa.eu/eunishabitats/J4,
Schilfgebüsch,1,linked,C3.2,Water-fringing reedbeds and tall helophytes other than canes,3,close,0.85,Reedbeds,http://eunis.eea.europa.eu/eunishabitats/C3.2,
Betonrand,1,linked,J4,Transport networks and other constructed hard-surfaced areas,2,broad,0.70,Concrete edge/margin,http://eunis.eea.europa.eu/eunishabitats/J4,
Wattboden,1,linked,C3.6,Unvegetated or sparsely vegetated shores with soft or mobile sediments,3,close,0.80,Muddy shore substrate,http://eunis.eea.europa.eu/eunishabitats/C3.6,
Almgelände,1,linked,E2.3,Mountain hay meadows,3,close,0.80,Alpine pasture land,http://eunis.eea.europa.eu/eunishabitats/E2.3,
Gebirgsbachstelle,1,linked,C2.2,"Permanent non-tidal, fast, turbulent watercourses",3,close,0.90,Location on a mountain stream,http://eunis.eea.europa.eu/eunishabitats/C2.2,
Waldsaum und Gärten,1,review,X11,Large parks,2,broad,0.60,Mosaic of woodland edge and gardens,http://eunis.eea.europa.eu/eunishabitats/X11,
Waldsaum-Gartenbau,1,linked,I2.2,Small-scale ornamental and domestic garden areas,3,close,0.70,Gardening at woodland edge,http://eunis.eea.europa.eu/eunishabitats/I2.2,
Erlenfreien,1,linked,G1.1,"Riparian and gallery woodland, with dominant [Alnus], [Betula], [Populus] or [Salix]",3,close,0.70,Open alder stands / riparian alder,http://eunis.eea.europa.eu/eunishabitats/G1.1,
Altwässer der Mainauen,1,linked,C1.2,"Permanent mesotrophic lakes, ponds and pools",3,close,0.85,Oxbow lakes of the Main floodplain,http://eunis.eea.europa.eu/eunishabitats/C1.2,
toten Wäldern,1,linked,G,"Woodland, forest and other wooded land",1,broad,0.80,Dead forests,http://eunis.eea.europa.eu/eunishabitats/G,
See- und Moorgebiet,1,linked,X04,Raised bog complexes,2,broad,0.70,Lake and mire complex,http://eunis.eea.europa.eu/eunishabitats/X04,
Englischer Garten,1,linked,I2.1,Large-scale ornamental garden areas,3,exact,0.90,Large-scale ornamental park,http://eunis.eea.europa.eu/eunishabitats/I2.1,
Wirtschaftsgarten,1,linked,I2.2,Small-scale ornamental and domestic garden areas,3,exact,0.90,Kitchen garden / domestic garden,http://eunis.eea.europa.eu/eunishabitats/I2.2,
Weinsträucher,1,linked,FB.4,Vineyards,3,exact,0.95,Vineyards,http://eunis.eea.europa.eu/eunishabitats/FB.4,
hohe lichte Buchenwälder,1,linked,G1.6,[Fagus] woodland,3,exact,0.95,Tall open beech forests,http://eunis.eea.europa.eu/eunishabitats/G1.6,
Wald u. Weingarten,1,linked,X10,Mosaic landscapes with a woodland element (bocages),2,close,0.80,Mosaic of woodland and vineyard (FB.4),http://eunis.eea.europa.eu/eunishabitats/X10,
Bäume beim Nachbarn,1,linked,G5.1,Lines of trees,3,broad,0.80,Lines of trees or small group in garden,http://eunis.eea.europa.eu/eunishabitats/G5.1,
Kar,1,linked,H2,Screes,2,close,0.80,"Glacial cirque, typically screes and rocks",http://eunis.eea.europa.eu/eunishabitats/H2,
Latschen- und Felsengebiet,1,linked,F2.4,Conifer scrub close to the tree limit,3,close,0.90,Pinus mugo scrub and rock complexes,http://eunis.eea.europa.eu/eunishabitats/F2.4,
abgelassener See,1,linked,C3.5,Periodically inundated shores with pioneer and ephemeral vegetation,3,close,0.80,"Drained lake bed, periodically inundated shore",http://eunis.eea.europa.eu/eunishabitats/C3.5,
Moosrand,1,linked,D2,"Valley mires, poor fens and transition mires",2,close,0.70,Edge of a bog or mire,http://eunis.eea.europa.eu/eunishabitats/D2,
kultivierten Acker,1,linked,I1.1,Intensive unmixed crops,3,exact,0.95,Cultivated arable land,http://eunis.eea.europa.eu/eunishabitats/I1.1,
Rapsstoppelfelder,1,linked,I1.5,"Bare tilled, fallow or recently abandoned arable land",3,close,0.90,"Rape stubble fields, fallow arable land",http://eunis.eea.europa.eu/eunishabitats/I1.5,
Grünanlage,1,linked,I2,Cultivated areas of gardens and parks,2,close,0.90,Public park or green space,http://eunis.eea.europa.eu/eunishabitats/I2,
Wiesen- und Moorgelände,1,linked,E3,Seasonally wet and wet grasslands,2,close,0.70,Wet grassland and mire mosaic,http://eunis.eea.europa.eu/eunishabitats/E3,
Bucht am See,1,linked,C1,Surface standing waters,2,broad,0.80,Bay of a lake,http://eunis.eea.europa.eu/eunishabitats/C1,
Büschen am See,1,linked,F9.1,Riverine scrub,3,close,0.85,Riparian scrub by a lake,http://eunis.eea.europa.eu/eunishabitats/F9.1,
Schilf im abgelassenen See,1,linked,C3.2,Water-fringing reedbeds and tall helophytes other than canes,3,close,0.90,Reedbeds in drained lake,http://eunis.eea.europa.eu/eunishabitats/C3.2,
Garten an der Terrasse,1,linked,I2.2,Small-scale ornamental and domestic garden areas,3,close,0.90,Domestic garden near terrace,http://eunis.eea.europa.eu/eunishabitats/I2.2,
Schilfpolstern,1,linked,C3.2,Water-fringing reedbeds and tall helophytes other than canes,3,close,0.85,Reedbeds,http://eunis.eea.europa.eu/eunishabitats/C3.2,
Torfgräben,1,linked,D1,Raised and blanket bogs,2,broad,0.80,Peat cutting trenches in bogs,http://eunis.eea.europa.eu/eunishabitats/D1,
Stadtpark,1,linked,I2.1,Large-scale ornamental garden areas,3,exact,0.95,Large-scale ornamental park,http://eunis.eea.europa.eu/eunishabitats/I2.1,
Zaun,1,linked,J2.5,Constructed boundaries,3,exact,0.90,Constructed boundary,http://eunis.eea.europa.eu/eunishabitats/J2.5,
Forststück,1,linked,G,"Woodland, forest and other wooded land",1,close,0.80,Forest patch / plantation,http://eunis.eea.europa.eu/eunishabitats/G,
Wiesenstreifen,1,linked,E2,Mesic grasslands,2,close,0.80,Grassy strip,http://eunis.eea.europa.eu/eunishabitats/E2,
Erlen-Sumpfwiesen-Bestand,1,linked,G1.4,Broadleaved swamp woodland not on acid peat,3,close,0.80,Alder swamp woodland / wet meadow mosaic,http://eunis.eea.europa.eu/eunishabitats/G1.4,
Bachhang,1,linked,G1.1,"Riparian and gallery woodland, with dominant [Alnus], [Betula], [Populus] or [Salix]",3,broad,0.70,"Slope of a stream, often wooded",http://eunis.eea.europa.eu/eunishabitats/G1.1,
Spechthöhlen,1,review,G,"Woodland, forest and other wooded land",1,broad,0.60,Woodpecker holes in trees (woodland microhabitat),http://eunis.eea.europa.eu/eunishabitats/G,
Balkon unter dem Gebälk,1,linked,J1,"Buildings of cities, towns and villages",2,broad,0.85,Balcony under beams of a building,http://eunis.eea.europa.eu/eunishabitats/J1,
Erlen-Bestand,1,linked,G1.1,"Riparian and gallery woodland, with dominant [Alnus], [Betula], [Populus] or [Salix]",3,close,0.90,"Alder stand, likely riparian",http://eunis.eea.europa.eu/eunishabitats/G1.1,
Fichtenboden,1,linked,G3.1,[Abies] and [Picea] woodland,3,close,0.85,Spruce forest floor,http://eunis.eea.europa.eu/eunishabitats/G3.1,
Hopfengärten,1,linked,I1.1,Intensive unmixed crops,3,close,0.90,Hop gardens (intensive crop),http://eunis.eea.europa.eu/eunishabitats/I1.1,
Kamin,1,linked,J1,"Buildings of cities, towns and villages",2,broad,0.90,Chimney of a building,http://eunis.eea.europa.eu/eunishabitats/J1,
Eschenbäume,1,linked,G1.A,"Meso- and eutrophic [Quercus], [Carpinus], [Fraxinus], [Acer], [Tilia], [Ulmus] and related woodland",3,broad,0.70,Ash trees,http://eunis.eea.europa.eu/eunishabitats/G1.A,
überschwemmte Wiesen und Felder,1,linked,E3.4,Moist or wet eutrophic and mesotrophic grassland,3,close,0.80,Flooded meadows and fields,http://eunis.eea.europa.eu/eunishabitats/E3.4,
Tiefschneelage,1,linked,H4.1,Snow packs,3,close,0.80,Deep snow pack,http://eunis.eea.europa.eu/eunishabitats/H4.1,
tiefen Schnee,1,linked,H4.1,Snow packs,3,close,0.80,Deep snow,http://eunis.eea.europa.eu/eunishabitats/H4.1,
Fichtenstumpfbaum,1,linked,G3.1,[Abies] and [Picea] woodland,3,broad,0.80,Spruce stump in spruce forest,http://eunis.eea.europa.eu/eunishabitats/G3.1,
"tote, am Waldrand stehende Laubbäume (Buchen, Ahorn, Birken)",1,linked,G5.6,Early-stage natural and semi-natural woodlands and regrowth,3,broad,0.75,Dead deciduous trees at forest edge,http://eunis.eea.europa.eu/eunishabitats/G5.6,
Obstlagen,1,linked,G1.D,Fruit and nut tree orchards,3,exact,0.90,Fruit orchards,http://eunis.eea.europa.eu/eunishabitats/G1.D,
Binsengürtel,1,linked,C3.2,Water-fringing reedbeds and tall helophytes other than canes,3,close,0.85,Rush belt (fringing vegetation),http://eunis.eea.europa.eu/eunishabitats/C3.2,
Seegebiet,1,linked,C1,Surface standing waters,2,broad,0.80,Lake area,http://eunis.eea.europa.eu/eunishabitats/C1,
Bachbett,1,linked,C2,Surface running waters,2,broad,0.85,Stream bed,http://eunis.eea.europa.eu/eunishabitats/C2,
Seepromenade,1,linked,J4,Transport networks and other constructed hard-surfaced areas,2,broad,0.80,Lake promenade (constructed path),http://eunis.eea.europa.eu/eunishabitats/J4,
Garten an den Obstbäumen,1,linked,I2.2,Small-scale ornamental and domestic garden areas,3,close,0.85,Garden with fruit trees,http://eunis.eea.europa.eu/eunishabitats/I2.2,
Anstaltspark,1,linked,X11,Large parks,2,close,0.80,Large park of an institution,http://eunis.eea.europa.eu/eunishabitats/X11,
Wald-Gartenteil,1,linked,I2.2,Small-scale ornamental and domestic garden areas,3,broad,0.70,Wooded part of a domestic garden,http://eunis.eea.europa.eu/eunishabitats/I2.2,
Sportplatzwiese,1,linked,E2.6,"Agriculturally-improved, re-seeded and heavily fertilised grassland, including sports fields and grass lawns",3,exact,0.90,Sports field lawn,http://eunis.eea.europa.eu/eunishabitats/E2.6,
Wälder am Hang,1,linked,G,"Woodland, forest and other wooded land",1,close,0.80,"Slope forests, unspecified type",http://eunis.eea.europa.eu/eunishabitats/G,
Au-Gelände,1,linked,G1.1,"Riparian and gallery woodland, with dominant [Alnus], [Betula], [Populus] or [Salix]",3,close,0.80,Alluvial/riparian area,http://eunis.eea.europa.eu/eunishabitats/G1.1,
"Baumbestand Eichen, Fichten, Föhren",1,linked,G4,Mixed deciduous and coniferous woodland,2,close,0.90,"Mixed stand of oak, spruce, pine",http://eunis.eea.europa.eu/eunishabitats/G4,
Forellenbächlein,1,linked,C2.2,"Permanent non-tidal, fast, turbulent watercourses",3,close,0.80,Fast-flowing trout stream,http://eunis.eea.europa.eu/eunishabitats/C2.2,
Abfallstelle,1,linked,J6,Waste deposits,2,close,0.90,Waste deposit site,http://eunis.eea.europa.eu/eunishabitats/J6,
"vertrocknete, überständige Disteln",1,linked,E5.1,Anthropogenic herb stands,3,broad,0.70,"Dry thistle stand, anthropogenic herb stand",http://eunis.eea.europa.eu/eunishabitats/E5.1,
direkt am Wasser,1,review,C3,Littoral zone of inland surface waterbodies,2,broad,0.60,"Directly by the water, littoral zone",http://eunis.eea.europa.eu/eunishabitats/C3,
Uferverbauung,1,linked,J5,Highly artificial man-made waters and associated structures,2,close,0.80,Artificial embankment/waterfront structures,http://eunis.eea.europa.eu/eunishabitats/J5,
Gestrüpp,1,linked,F3.1,Temperate thickets and scrub,3,close,0.80,Temperate thickets and scrub,http://eunis.eea.europa.eu/eunishabitats/F3.1,
Wiese beim Haus,1,linked,E2.6,"Agriculturally-improved, re-seeded and heavily fertilised grassland, including sports fields and grass lawns",3,close,0.80,Lawn/meadow near house,http://eunis.eea.europa.eu/eunishabitats/E2.6,
Südhängen,1,review,H,Inland unvegetated or sparsely vegetated habitats,1,broad,0.50,"South-facing slopes, generic terrain",http://eunis.eea.europa.eu/eunishabitats/H,
Getreide- u. Haferfeldern,1,linked,I1.1,Intensive unmixed crops,3,exact,0.90,Cereal and oat fields,http://eunis.eea.europa.eu/eunishabitats/I1.1,
Rohrkopf,1,linked,C3.2,Water-fringing reedbeds and tall helophytes other than canes,3,close,0.70,Reed bed / Typha stand,http://eunis.eea.europa.eu/eunishabitats/C3.2,
Hangwaldrand in den Auen,1,linked,G1.1,"Riparian and gallery woodland, with dominant [Alnus], [Betula], [Populus] or [Salix]",3,close,0.70,Slope forest edge in floodplain,http://eunis.eea.europa.eu/eunishabitats/G1.1,
Anger-Auen,1,linked,G1.1,"Riparian and gallery woodland, with dominant [Alnus], [Betula], [Populus] or [Salix]",3,close,0.70,Grassy floodplain/riparian area,http://eunis.eea.europa.eu/eunishabitats/G1.1,
Fichtenbestand im Bauerngarten,1,linked,I2.2,Small-scale ornamental and domestic garden areas,3,broad,0.80,Spruce stand in cottage garden,http://eunis.eea.europa.eu/eunishabitats/I2.2,
Krummholzregion,1,linked,F2,"Arctic, alpine and subalpine scrub",2,exact,0.90,Subalpine krummholz/scrub zone,http://eunis.eea.europa.eu/eunishabitats/F2,
Felsenregion,1,linked,H3,"Inland cliffs, rock pavements and outcrops",2,close,0.80,Rocky region / inland cliffs,http://eunis.eea.europa.eu/eunishabitats/H3,
Nadelholzregion,1,linked,G3,Coniferous woodland,2,close,0.80,Coniferous forest zone,http://eunis.eea.europa.eu/eunishabitats/G3,
Schlehen-Erlengebüsch,1,linked,F9.2,[Salix] carr and fen scrub,3,close,0.70,Blackthorn-alder scrub,http://eunis.eea.europa.eu/eunishabitats/F9.2,
"Mischwaldgebiet von Fichten, Föhren und Buchen",1,linked,G4.6,Mixed [Abies] - [Picea] - [Fagus] woodland,3,close,0.80,"Mixed spruce, pine, beech forest",http://eunis.eea.europa.eu/eunishabitats/G4.6,
Kletten-Bestand,1,linked,E5.1,Anthropogenic herb stands,3,close,0.80,"Burdock stand, nitrophilous herb stand",http://eunis.eea.europa.eu/eunishabitats/E5.1,
Eschenbäumchen,1,linked,G5.6,Early-stage natural and semi-natural woodlands and regrowth,3,broad,0.70,"Young ash tree, early-stage regrowth",http://eunis.eea.europa.eu/eunishabitats/G5.6,
Würmebüschwerk,1,linked,F9.1,Riverine scrub,3,close,0.80,Riparian scrub along the Würm river,http://eunis.eea.europa.eu/eunishabitats/F9.1,
Bäume am Hang,1,linked,G5,"Lines of trees, small anthropogenic woodlands, recently felled woodland, early-stage woodland and coppice",2,broad,0.70,Trees on a slope,http://eunis.eea.europa.eu/eunishabitats/G5,
Bäume am Seebecken,1,linked,G5.1,Lines of trees,3,broad,0.70,Trees along lake basin,http://eunis.eea.europa.eu/eunishabitats/G5.1,
Kastanienbaum,1,review,G1.D,Fruit and nut tree orchards,3,broad,0.60,"Chestnut tree, often in orchards/parks",http://eunis.eea.europa.eu/eunishabitats/G1.D,
Fabrikgebäude,1,linked,J1.4,Urban and suburban industrial and commercial sites still in active use,3,exact,0.90,Factory building,http://eunis.eea.europa.eu/eunishabitats/J1.4,
Eschen,1,linked,G1.A,"Meso- and eutrophic [Quercus], [Carpinus], [Fraxinus], [Acer], [Tilia], [Ulmus] and related woodland",3,broad,0.70,"Ash trees, deciduous woodland element",http://eunis.eea.europa.eu/eunishabitats/G1.A,
Fahrweg,1,linked,J4.2,Road networks,3,close,0.80,Dirt road / track,http://eunis.eea.europa.eu/eunishabitats/J4.2,
Obstbaum-Nisthöhle,1,linked,G1.D,Fruit and nut tree orchards,3,broad,0.70,Nest cavity in fruit tree,http://eunis.eea.europa.eu/eunishabitats/G1.D,
Wiesenwasen,1,linked,E2,Mesic grasslands,2,close,0.80,Grassy sod / meadow turf,http://eunis.eea.europa.eu/eunishabitats/E2,
Horstbäume,1,review,G,"Woodland, forest and other wooded land",1,broad,0.60,Nesting trees in forest,http://eunis.eea.europa.eu/eunishabitats/G,
Schilf und Büschwerk,1,linked,C3.2,Water-fringing reedbeds and tall helophytes other than canes,3,close,0.80,Reedbeds and scrub,http://eunis.eea.europa.eu/eunishabitats/C3.2,
alte Pappel,1,review,G1.1,"Riparian and gallery woodland, with dominant [Alnus], [Betula], [Populus] or [Salix]",3,broad,0.60,"Old poplar tree, riparian element",http://eunis.eea.europa.eu/eunishabitats/G1.1,
Thujenhecke,1,linked,FB.3,"Shrub plantations for ornamental purposes or for fruit, other than vineyards",3,close,0.80,"Thuja hedge, ornamental shrub",http://eunis.eea.europa.eu/eunishabitats/FB.3,
Saatbau-Kolonie,1,linked,I1,Arable land and market gardens,2,broad,0.70,Agricultural seed-breeding colony,http://eunis.eea.europa.eu/eunishabitats/I1,
Buchengebüsch,1,linked,F3.1,Temperate thickets and scrub,3,close,0.80,"Temperate thickets and scrub, Fagus scrub",http://eunis.eea.europa.eu/eunishabitats/F3.1,
Gärten und Bäumen,1,linked,I2,Cultivated areas of gardens and parks,2,close,0.90,Cultivated areas of gardens and parks,http://eunis.eea.europa.eu/eunishabitats/I2,
H2O,1,linked,C,Inland surface waters,1,broad,0.70,Inland surface waters,http://eunis.eea.europa.eu/eunishabitats/C,
Bäume am Kai,1,linked,G5.1,Lines of trees,3,close,0.80,Lines of trees along a quay,http://eunis.eea.europa.eu/eunishabitats/G5.1,
Quellsumpf,1,linked,D4.1,"Rich fens, including eutrophic tall-herb fens and calcareous flushes and soaks",3,close,0.80,Calcareous spring mires or rich fens,http://eunis.eea.europa.eu/eunishabitats/D4.1,
Laubhölzchen,1,linked,G5.2,Small broadleaved deciduous anthropogenic woodlands,3,exact,0.90,Small broadleaved deciduous anthropogenic woodland,http://eunis.eea.europa.eu/eunishabitats/G5.2,
Forst an der Bahn,1,linked,G,"Woodland, forest and other wooded land",1,close,0.80,Woodland near railway,http://eunis.eea.europa.eu/eunishabitats/G,
Bach und Seeufer,1,linked,C3,Littoral zone of inland surface waterbodies,2,close,0.80,Littoral zone of inland surface waterbodies,http://eunis.eea.europa.eu/eunishabitats/C3,
freistehende Eiche,1,linked,G5.1,Lines of trees,3,broad,0.70,Single standing tree,http://eunis.eea.europa.eu/eunishabitats/G5.1,
Nadelbaum,1,linked,G3,Coniferous woodland,2,broad,0.70,Coniferous tree,http://eunis.eea.europa.eu/eunishabitats/G3,
Schloßgraben,1,linked,J5.3,Highly artificial non-saline standing waters,3,close,0.80,Highly artificial non-saline standing waters,http://eunis.eea.europa.eu/eunishabitats/J5.3,
Seestrand,1,linked,C3.6,Unvegetated or sparsely vegetated shores with soft or mobile sediments,3,close,0.80,Unvegetated or sparsely vegetated lake shores,http://eunis.eea.europa.eu/eunishabitats/C3.6,
Gebäude,1,linked,J1,"Buildings of cities, towns and villages",2,exact,0.90,"Buildings of cities, towns and villages",http://eunis.eea.europa.eu/eunishabitats/J1,
Sch.- und Rohrbestand,1,linked,C3.2,Water-fringing reedbeds and tall helophytes other than canes,3,exact,0.90,Water-fringing reedbeds (Schilf- und Rohrbestand),http://eunis.eea.europa.eu/eunishabitats/C3.2,
wildes Weingewinde an der Mauer,1,linked,J2.5,Constructed boundaries,3,broad,0.80,Constructed boundaries with climbing plants,http://eunis.eea.europa.eu/eunishabitats/J2.5,
Scheune,1,linked,J2.4,Agricultural constructions,3,exact,0.90,Agricultural constructions,http://eunis.eea.europa.eu/eunishabitats/J2.4,
Apfelbaum,1,linked,G1.D,Fruit and nut tree orchards,3,broad,0.80,Fruit tree,http://eunis.eea.europa.eu/eunishabitats/G1.D,
Leitungsdrähte beim Haus,1,linked,J2,Low density buildings,2,broad,0.70,Low density buildings and infrastructure,http://eunis.eea.europa.eu/eunishabitats/J2,
Parkrand,1,linked,I2.1,Large-scale ornamental garden areas,3,close,0.80,Edge of large-scale ornamental garden/park,http://eunis.eea.europa.eu/eunishabitats/I2.1,
Flur,1,linked,I1,Arable land and market gardens,2,broad,0.70,Open agricultural land,http://eunis.eea.europa.eu/eunishabitats/I1,
Abfallhaufen,1,linked,J6.2,Household waste and landfill sites,3,close,0.80,Household waste and landfill sites,http://eunis.eea.europa.eu/eunishabitats/J6.2,
Komposthaufen,1,linked,J6.3,Non-agricultural organic waste,3,exact,0.90,Non-agricultural organic waste,http://eunis.eea.europa.eu/eunishabitats/J6.3,
Gartenentwässerung,1,linked,J5.4,Highly artificial non-saline running waters,3,close,0.80,Highly artificial non-saline running waters,http://eunis.eea.europa.eu/eunishabitats/J5.4,
Fenster,1,linked,J1,"Buildings of cities, towns and villages",2,broad,0.80,Window of a building,http://eunis.eea.europa.eu/eunishabitats/J1,
Balkon-Nische am Haus,1,linked,J1,"Buildings of cities, towns and villages",2,broad,0.80,Balcony niche on a residential building,http://eunis.eea.europa.eu/eunishabitats/J1,
Sumpfgebiet,1,linked,D5,"Sedge and reedbeds, normally without free-standing water",2,close,0.80,"Sedge and reedbeds, marshes",http://eunis.eea.europa.eu/eunishabitats/D5,
Weidenbestände,1,linked,F9.2,[Salix] carr and fen scrub,3,close,0.80,Salix carr and fen scrub,http://eunis.eea.europa.eu/eunishabitats/F9.2,
Bauhof-Gebäude,1,linked,J1.4,Urban and suburban industrial and commercial sites still in active use,3,close,0.80,Urban/suburban industrial/commercial sites,http://eunis.eea.europa.eu/eunishabitats/J1.4,
Lustgeheg,1,linked,I2.1,Large-scale ornamental garden areas,3,close,0.70,Ornamental park or enclosure,http://eunis.eea.europa.eu/eunishabitats/I2.1,
Holzhaus,1,linked,J2.1,Scattered residential buildings,3,close,0.80,Scattered residential building,http://eunis.eea.europa.eu/eunishabitats/J2.1,
Pappeln und Weiden beim E. W. an dem Überfalle,1,linked,G1.1,"Riparian and gallery woodland, with dominant [Alnus], [Betula], [Populus] or [Salix]",3,close,0.80,Riparian trees near power station weir,http://eunis.eea.europa.eu/eunishabitats/G1.1,
Isaranlage,1,linked,I2.1,Large-scale ornamental garden areas,3,close,0.80,Parkland along the Isar river,http://eunis.eea.europa.eu/eunishabitats/I2.1,
Erlenbewachsung,1,linked,G1.1,"Riparian and gallery woodland, with dominant [Alnus], [Betula], [Populus] or [Salix]",3,close,0.80,Riparian woodland with dominant Alnus,http://eunis.eea.europa.eu/eunishabitats/G1.1,
Strauchobst,1,linked,FB.3,"Shrub plantations for ornamental purposes or for fruit, other than vineyards",3,exact,0.80,Shrub plantations for fruit,http://eunis.eea.europa.eu/eunishabitats/FB.3,
Futterplatz an einem Fenster in meiner Wohnung,1,linked,I2.2,Small-scale ornamental and domestic garden areas,3,broad,0.80,Feeding station at domestic window,http://eunis.eea.europa.eu/eunishabitats/I2.2,
"Feld, Waldsaum",1,linked,E5.2,Thermophile woodland fringes,3,close,0.70,Woodland fringe next to field,http://eunis.eea.europa.eu/eunishabitats/E5.2,
Waldrand-Gebiet,1,linked,E5.2,Thermophile woodland fringes,3,close,0.80,Woodland fringe,http://eunis.eea.europa.eu/eunishabitats/E5.2,
Fütterung am Küchenfenster,1,linked,I2.2,Small-scale ornamental and domestic garden areas,3,broad,0.80,Feeding station at domestic window,http://eunis.eea.europa.eu/eunishabitats/I2.2,
Kastaniengehölz,1,linked,G1.C,Highly artificial broadleaved deciduous forestry plantations,3,close,0.70,Chestnut grove or plantation,http://eunis.eea.europa.eu/eunishabitats/G1.C,
Futterstellen,1,linked,I2.2,Small-scale ornamental and domestic garden areas,3,broad,0.70,Feeding stations in gardens,http://eunis.eea.europa.eu/eunishabitats/I2.2,
Busch am Zaun,1,linked,FA,Hedgerows,2,close,0.80,Hedgerow or shrub at fence,http://eunis.eea.europa.eu/eunishabitats/FA,
"Buschwerk, Schilfdickicht und Weidicht",1,linked,F9.2,[Salix] carr and fen scrub,3,close,0.80,"Salix carr, fen scrub and reedbeds",http://eunis.eea.europa.eu/eunishabitats/F9.2,
Birken Uferpappeln,1,linked,G1.1,"Riparian and gallery woodland, with dominant [Alnus], [Betula], [Populus] or [Salix]",3,close,0.90,Riparian woodland with Betula and Populus,http://eunis.eea.europa.eu/eunishabitats/G1.1,
Binsenwaldregion,1,linked,G1.4,Broadleaved swamp woodland not on acid peat,3,close,0.70,Wet swamp woodland with Juncus,http://eunis.eea.europa.eu/eunishabitats/G1.4,
Binsenregion,1,linked,D5.3,Swamps and marshes dominated by [Juncus effusus] or other large [Juncus] spp.,3,close,0.80,Swamps dominated by Juncus,http://eunis.eea.europa.eu/eunishabitats/D5.3,
Buschwald-Gebiet,1,linked,F3.1,Temperate thickets and scrub,3,close,0.70,Temperate thickets and scrub,http://eunis.eea.europa.eu/eunishabitats/F3.1,
Buchenhangwald,1,linked,G1.6,[Fagus] woodland,3,close,0.90,Fagus woodland on slopes,http://eunis.eea.europa.eu/eunishabitats/G1.6,
Bahnhof-Wärterhaus,1,linked,J2.2,Rural public buildings,3,close,0.80,Rural public/railway building,http://eunis.eea.europa.eu/eunishabitats/J2.2,
Tiergartenauen,1,linked,G1.2,Mixed riparian floodplain and gallery woodland,3,close,0.80,Riparian floodplain woodland/park,http://eunis.eea.europa.eu/eunishabitats/G1.2,
Kiefer-Altwasser,1,linked,C1,Surface standing waters,2,broad,0.70,Oxbow lake with pines nearby,http://eunis.eea.europa.eu/eunishabitats/C1,
Brüt-Wäldchen und auf den anliegenden Feldern und Wiesen,1,linked,X10,Mosaic landscapes with a woodland element (bocages),2,close,0.80,"Mosaic of small wood, fields and meadows",http://eunis.eea.europa.eu/eunishabitats/X10,
K 29,1,no_match,,,,none,0.00,Probably a map coordinate or plot code,,
K 26,1,no_match,,,,none,0.00,Probably a map coordinate or plot code,,
Hauwald,1,linked,G5.7,Coppice and early-stage plantations,3,close,0.80,Coppice or recently felled woodland,http://eunis.eea.europa.eu/eunishabitats/G5.7,
Stadtrandzone,1,linked,J1.2,Residential buildings of villages and urban peripheries,3,broad,0.70,Urban periphery,http://eunis.eea.europa.eu/eunishabitats/J1.2,
Gebüsch des Werksbaches am Gürtelsaum,1,linked,F9.1,Riverine scrub,3,close,0.80,Riverine scrub along industrial canal,http://eunis.eea.europa.eu/eunishabitats/F9.1,
Gürtelsaum im Werksbachsaum,1,linked,E5.4,Moist or wet tall-herb and fern fringes and meadows,3,close,0.70,Moist tall-herb fringe along canal,http://eunis.eea.europa.eu/eunishabitats/E5.4,
Gürtelsaum und beim Hause E. W.,1,review,J2,Low density buildings,2,broad,0.60,Fringe near a private house,http://eunis.eea.europa.eu/eunishabitats/J2,
Werksbachsaum,1,linked,C3.2,Water-fringing reedbeds and tall helophytes other than canes,3,close,0.80,Water-fringing vegetation of canal,http://eunis.eea.europa.eu/eunishabitats/C3.2,
"Felder, Gräben",1,linked,I1,Arable land and market gardens,2,broad,0.70,Arable fields and ditches,http://eunis.eea.europa.eu/eunishabitats/I1,
Heidicht,1,linked,F4.2,Dry heaths,3,close,0.80,Dry heathland / shrub,http://eunis.eea.europa.eu/eunishabitats/F4.2,
Schwemmwiesen,1,linked,E3.4,Moist or wet eutrophic and mesotrophic grassland,3,close,0.90,Moist or wet eutrophic grassland,http://eunis.eea.europa.eu/eunishabitats/E3.4,
Torfmoor,1,linked,D1,Raised and blanket bogs,2,exact,0.90,Peat bog,http://eunis.eea.europa.eu/eunishabitats/D1,
Brutplatz des Vorjahres,1,no_match,,,,none,0.00,"Nesting site, not a habitat class",,
Hollunderdickicht,1,linked,F3.1,Temperate thickets and scrub,3,close,0.90,Elderberry thicket,http://eunis.eea.europa.eu/eunishabitats/F3.1,
Forstkultur,1,linked,G5.7,Coppice and early-stage plantations,3,close,0.80,Early-stage forest plantation,http://eunis.eea.europa.eu/eunishabitats/G5.7,
Krautfeld,1,linked,E5.1,Anthropogenic herb stands,3,close,0.70,Anthropogenic herb stands,http://eunis.eea.europa.eu/eunishabitats/E5.1,
Ginsterbüschen,1,linked,F4.2,Dry heaths,3,close,0.80,Gorse/broom shrubs,http://eunis.eea.europa.eu/eunishabitats/F4.2,
Obstbäume am Abhang,1,linked,G1.D,Fruit and nut tree orchards,3,close,0.80,Fruit orchards on a slope,http://eunis.eea.europa.eu/eunishabitats/G1.D,
Süddamm,1,review,J4.2,Road networks,3,broad,0.60,Embankment/dyke,http://eunis.eea.europa.eu/eunishabitats/J4.2,
Insel und Tfb,1,review,C3,Littoral zone of inland surface waterbodies,2,broad,0.50,Island and pond/pool area,http://eunis.eea.europa.eu/eunishabitats/C3,
Bauh.,1,review,J2.4,Agricultural constructions,3,close,0.60,Abbreviation for Bauhof or Bauernhaus,http://eunis.eea.europa.eu/eunishabitats/J2.4,
Kraftwerk,1,linked,J1.4,Urban and suburban industrial and commercial sites still in active use,3,exact,0.90,Power station,http://eunis.eea.europa.eu/eunishabitats/J1.4,
Wn,1,no_match,,,,none,0.00,Unclear abbreviation,,
Wb dei Kiesinsel,1,linked,C3.6,Unvegetated or sparsely vegetated shores with soft or mobile sediments,3,close,0.70,Gravel island shore,http://eunis.eea.europa.eu/eunishabitats/C3.6,
K3/14,1,no_match,,,,none,0.00,Plot or map code,,
K3/6,1,no_match,,,,none,0.00,Plot or map code,,
Vkl.,1,no_match,,,,none,0.00,Unclear abbreviation,,
K2/6,1,no_match,,,,none,0.00,Plot or map code,,
Teichreihe,1,linked,C1,Surface standing waters,2,close,0.80,Series of ponds,http://eunis.eea.europa.eu/eunishabitats/C1,
Kanäle,1,linked,J5.4,Highly artificial non-saline running waters,3,exact,0.90,Highly artificial non-saline running waters,http://eunis.eea.europa.eu/eunishabitats/J5.4,
NS.,1,no_match,,,,none,0.10,"Abbreviation unclear, likely not a habitat",,
abgelassener Fischteich,1,linked,C3.5,Periodically inundated shores with pioneer and ephemeral vegetation,3,close,0.80,Periodically inundated shores / exposed pond bed,http://eunis.eea.europa.eu/eunishabitats/C3.5,
Gartengrundstück,1,linked,I2.2,Small-scale ornamental and domestic garden areas,3,exact,0.95,Small-scale ornamental and domestic garden areas,http://eunis.eea.europa.eu/eunishabitats/I2.2,
Altwasser einer breiter Kiesgrube,1,linked,J5.3,Highly artificial non-saline standing waters,3,close,0.80,Man-made standing water in gravel pit,http://eunis.eea.europa.eu/eunishabitats/J5.3,
Stammrohrzäune,1,linked,J2.5,Constructed boundaries,3,broad,0.70,Constructed boundaries / fences,http://eunis.eea.europa.eu/eunishabitats/J2.5,
"Kl., im Vorbecken und im Werkbecken",1,linked,J5.3,Highly artificial non-saline standing waters,3,close,0.80,Artificial basins / reservoirs,http://eunis.eea.europa.eu/eunishabitats/J5.3,
Kl.,1,no_match,,,,none,0.10,Abbreviation unclear,,
Bach in den Weidenbüschen,1,linked,C2.3,"Permanent non-tidal, smooth-flowing watercourses",3,broad,0.80,Running water with riparian willow scrub,http://eunis.eea.europa.eu/eunishabitats/C2.3,
Staustufendämme,1,linked,J4.2,Road networks,3,broad,0.70,Constructed embankments / dams,http://eunis.eea.europa.eu/eunishabitats/J4.2,
Werkbecken auf dem Eis,1,linked,J5.3,Highly artificial non-saline standing waters,3,broad,0.80,Frozen artificial basin,http://eunis.eea.europa.eu/eunishabitats/J5.3,
Verlandsteich,1,linked,D5,"Sedge and reedbeds, normally without free-standing water",2,close,0.80,"Silt-up pond, transitioning to fen/reedbed",http://eunis.eea.europa.eu/eunishabitats/D5,
ehemaliger Kartoffelacker,1,linked,I1.5,"Bare tilled, fallow or recently abandoned arable land",3,exact,0.95,Fallow or recently abandoned arable land,http://eunis.eea.europa.eu/eunishabitats/I1.5,
Sumpfweiden,1,linked,F9.2,[Salix] carr and fen scrub,3,exact,0.90,Salix carr and fen scrub,http://eunis.eea.europa.eu/eunishabitats/F9.2,
Futter,1,no_match,,,,none,0.20,"Feeding place or bait, not a habitat",,
Dornenbusch,1,linked,F3.1,Temperate thickets and scrub,3,close,0.85,Temperate thickets and scrub,http://eunis.eea.europa.eu/eunishabitats/F3.1,
Bäume am Kanal,1,linked,G5.1,Lines of trees,3,close,0.90,Lines of trees along canal,http://eunis.eea.europa.eu/eunishabitats/G5.1,
Erlensträucher,1,linked,F9.2,[Salix] carr and fen scrub,3,close,0.85,Alnus fen scrub,http://eunis.eea.europa.eu/eunishabitats/F9.2,
lichten Wiesenboden bei der Ruine,1,linked,E2,Mesic grasslands,2,broad,0.75,Mesic grassland near ruins,http://eunis.eea.europa.eu/eunishabitats/E2,
Wärmegraben,1,linked,C2.3,"Permanent non-tidal, smooth-flowing watercourses",3,close,0.70,Warm ditch / running water,http://eunis.eea.europa.eu/eunishabitats/C2.3,
Kiesweide,1,linked,E1.1,Inland sand and rock with open vegetation,3,close,0.70,Dry gravelly pasture / open vegetation,http://eunis.eea.europa.eu/eunishabitats/E1.1,
Isarpartanlagen,1,linked,I2.1,Large-scale ornamental garden areas,3,close,0.80,Large-scale ornamental parks along Isar,http://eunis.eea.europa.eu/eunishabitats/I2.1,
Grasheide,1,linked,E1.2,Perennial calcareous grassland and basic steppes,3,close,0.75,Dry grassland / grass heath,http://eunis.eea.europa.eu/eunishabitats/E1.2,
Laube,1,linked,J2,Low density buildings,2,broad,0.70,Arbour / garden summerhouse,http://eunis.eea.europa.eu/eunishabitats/J2,
Fliederbäume,1,linked,FB.3,"Shrub plantations for ornamental purposes or for fruit, other than vineyards",3,close,0.75,Lilac shrubs for ornamental purposes,http://eunis.eea.europa.eu/eunishabitats/FB.3,
Krautäcker,1,linked,I1.2,Mixed crops of market gardens and horticulture,3,exact,0.90,Mixed crops of market gardens,http://eunis.eea.europa.eu/eunishabitats/I1.2,
Genußgarten,1,linked,I2.2,Small-scale ornamental and domestic garden areas,3,exact,0.90,Domestic kitchen/pleasure garden,http://eunis.eea.europa.eu/eunishabitats/I2.2,
Uferbüschen und Bäumen,1,linked,F9.1,Riverine scrub,3,close,0.85,Riverine scrub and trees,http://eunis.eea.europa.eu/eunishabitats/F9.1,
Südufer,1,linked,C3,Littoral zone of inland surface waterbodies,2,broad,0.80,South shore littoral zone,http://eunis.eea.europa.eu/eunishabitats/C3,
Gehege,1,linked,J2.4,Agricultural constructions,3,broad,0.70,Enclosure / agricultural construction,http://eunis.eea.europa.eu/eunishabitats/J2.4,
Buchenwaldungen,1,linked,G1.6,[Fagus] woodland,3,exact,0.95,Fagus woodland,http://eunis.eea.europa.eu/eunishabitats/G1.6,
Schotter,1,linked,H5.3,Sparsely- or un-vegetated habitats on mineral substrates not resulting from recent ice activity,3,broad,0.80,Sparsely vegetated gravel / shingle,http://eunis.eea.europa.eu/eunishabitats/H5.3,
Gartenhecke,1,linked,FA.3,Species-rich hedgerows of native species,3,close,0.85,Garden hedge,http://eunis.eea.europa.eu/eunishabitats/FA.3,
Fluschenauen,1,linked,G1.1,"Riparian and gallery woodland, with dominant [Alnus], [Betula], [Populus] or [Salix]",3,close,0.80,Riverine floodplain forest,http://eunis.eea.europa.eu/eunishabitats/G1.1,
Wald in den Ackerrain,1,linked,G5.2,Small broadleaved deciduous anthropogenic woodlands,3,close,0.80,Small broadleaved woodland in field margins,http://eunis.eea.europa.eu/eunishabitats/G5.2,
verschlammtes Ufer,1,linked,C3.6,Unvegetated or sparsely vegetated shores with soft or mobile sediments,3,exact,0.90,Unvegetated muddy shore,http://eunis.eea.europa.eu/eunishabitats/C3.6,
frisch gepflügtes Feld,1,linked,I1.5,"Bare tilled, fallow or recently abandoned arable land",3,exact,0.95,Bare tilled arable land,http://eunis.eea.europa.eu/eunishabitats/I1.5,
Veronica anagallis,1,linked,C3.4,Species-poor beds of low-growing water-fringing or amphibious vegetation,3,broad,0.70,Water speedwell habitat / amphibious vegetation,http://eunis.eea.europa.eu/eunishabitats/C3.4,
Hollerbäume,1,linked,F3.1,Temperate thickets and scrub,3,close,0.80,Elderberry trees / temperate thickets,http://eunis.eea.europa.eu/eunishabitats/F3.1,
Wasserehrenpreiswiese,1,linked,E3.4,Moist or wet eutrophic and mesotrophic grassland,3,close,0.75,Moist/wet eutrophic grassland with Veronica,http://eunis.eea.europa.eu/eunishabitats/E3.4,
Schilfröhricht,1,linked,C3.21,[Phragmites australis] beds,4,exact,1.00,Phragmites beds,http://eunis.eea.europa.eu/eunishabitats/C3.21,
Gastzimmergarten,1,linked,I2.2,Small-scale ornamental and domestic garden areas,3,close,0.80,Small-scale domestic/ornamental garden,http://eunis.eea.europa.eu/eunishabitats/I2.2,
Weidendschungel,1,linked,F9.2,[Salix] carr and fen scrub,3,close,0.80,Salix carr and fen scrub,http://eunis.eea.europa.eu/eunishabitats/F9.2,
Sturzacker,1,linked,I1.5,"Bare tilled, fallow or recently abandoned arable land",3,exact,0.90,Bare tilled or fallow arable land,http://eunis.eea.europa.eu/eunishabitats/I1.5,
V.B.,1,no_match,,,,none,0.00,"Abbreviation unclear, likely not a habitat",,
Baumhöhle,1,linked,G,"Woodland, forest and other wooded land",1,broad,0.70,"Tree hollow, microhabitat within woodland",http://eunis.eea.europa.eu/eunishabitats/G,
Ahornbeeren am Haus Kruse,1,review,J1.2,Residential buildings of villages and urban peripheries,3,broad,0.60,Maple berries at a house,http://eunis.eea.europa.eu/eunishabitats/J1.2,
Teichdämmen,1,linked,J5.3,Highly artificial non-saline standing waters,3,broad,0.70,Pond dykes/dams,http://eunis.eea.europa.eu/eunishabitats/J5.3,
Uferfelsen,1,linked,H3.2,Basic and ultra-basic inland cliffs,3,close,0.80,Inland cliffs or rocks near water,http://eunis.eea.europa.eu/eunishabitats/H3.2,
Schilf oder an Sträuchern,1,linked,C3.2,Water-fringing reedbeds and tall helophytes other than canes,3,broad,0.70,Reedbeds or shrubs,http://eunis.eea.europa.eu/eunishabitats/C3.2,
Erlen bei der Hecke am Weg,1,linked,FA,Hedgerows,2,broad,0.70,Alders near a pathside hedge,http://eunis.eea.europa.eu/eunishabitats/FA,
Wiese hinter dem Schilf,1,linked,E2,Mesic grasslands,2,close,0.80,Meadow behind the reedbed,http://eunis.eea.europa.eu/eunishabitats/E2,
offenes Wasser,1,linked,C1,Surface standing waters,2,close,0.90,Open standing water,http://eunis.eea.europa.eu/eunishabitats/C1,
trockenen Grashang,1,linked,E1,Dry grasslands,2,close,0.90,Dry grassy slope,http://eunis.eea.europa.eu/eunishabitats/E1,
Eibengebüsch,1,linked,F3,Temperate and mediterranean-montane scrub,2,close,0.80,Yew scrub,http://eunis.eea.europa.eu/eunishabitats/F3,
WT,1,no_match,,,,none,0.00,"Abbreviation, likely not a habitat",,
Wt. und im Wb.,1,no_match,,,,none,0.00,"Abbreviations, likely not habitats",,
Wb. und Ft.,1,no_match,,,,none,0.00,"Abbreviations, likely not habitats",,
"Ft., Vkl., Wb.",1,no_match,,,,none,0.00,"Abbreviations, likely not habitats",,
Dünenwiese,1,linked,B1.4,Coastal stable dune grassland (grey dunes),3,exact,0.90,Coastal dune grassland,http://eunis.eea.europa.eu/eunishabitats/B1.4,
Rohrkolben und Weiden,1,linked,C3.2,Water-fringing reedbeds and tall helophytes other than canes,3,close,0.80,Typha and Salix fringing vegetation,http://eunis.eea.europa.eu/eunishabitats/C3.2,
Eichen-Birken-Bestand,1,linked,G1.8,Acidophilous [Quercus]-dominated woodland,3,exact,0.90,Acidophilous oak-birch woodland,http://eunis.eea.europa.eu/eunishabitats/G1.8,
Buchenschonung,1,linked,G5.7,Coppice and early-stage plantations,3,close,0.80,Young beech plantation/regrowth,http://eunis.eea.europa.eu/eunishabitats/G5.7,
Riet,1,linked,D5,"Sedge and reedbeds, normally without free-standing water",2,exact,0.90,Reed/sedge fen without standing water,http://eunis.eea.europa.eu/eunishabitats/D5,
Altschilf,1,linked,C3.21,[Phragmites australis] beds,4,close,0.90,Old/dry reedbeds,http://eunis.eea.europa.eu/eunishabitats/C3.21,
Kanalrand,1,linked,J5.4,Highly artificial non-saline running waters,3,broad,0.80,Canal bank,http://eunis.eea.europa.eu/eunishabitats/J5.4,
Schlickrand,1,linked,C3.6,Unvegetated or sparsely vegetated shores with soft or mobile sediments,3,close,0.80,Muddy shore,http://eunis.eea.europa.eu/eunishabitats/C3.6,
Altholzgeräumt,1,linked,G5.8,Recently felled areas,3,close,0.80,Recently cleared mature woodland,http://eunis.eea.europa.eu/eunishabitats/G5.8,
Farnwiese,1,linked,E5.3,[Pteridium aquilinum] fields,3,close,0.70,Fern-dominated meadow/field,http://eunis.eea.europa.eu/eunishabitats/E5.3,
Schilfhaufen,1,review,J6.3,Non-agricultural organic waste,3,broad,0.60,Pile of cut reeds,http://eunis.eea.europa.eu/eunishabitats/J6.3,
Schuttkippe,1,linked,J6.1,Waste resulting from building construction or demolition,3,exact,0.90,Debris/rubble dump,http://eunis.eea.europa.eu/eunishabitats/J6.1,
Schloßgarten,1,linked,I2.1,Large-scale ornamental garden areas,3,exact,0.90,Large-scale ornamental garden,http://eunis.eea.europa.eu/eunishabitats/I2.1,
Regenwasserlacke,1,linked,C1.6,"Temporary lakes, ponds and pools",3,close,0.80,Temporary rain puddle,http://eunis.eea.europa.eu/eunishabitats/C1.6,
überschwemmter Weidendschungel,1,linked,F9.2,[Salix] carr and fen scrub,3,close,0.80,Flooded willow carr,http://eunis.eea.europa.eu/eunishabitats/F9.2,
Badestrand,1,linked,C3.6,Unvegetated or sparsely vegetated shores with soft or mobile sediments,3,broad,0.70,Bathing beach (inland),http://eunis.eea.europa.eu/eunishabitats/C3.6,
Zeder,1,review,G3.F,Highly artificial coniferous plantations,3,broad,0.60,"Cedar tree, likely planted",http://eunis.eea.europa.eu/eunishabitats/G3.F,
Bergbächlein,1,linked,C2.2,"Permanent non-tidal, fast, turbulent watercourses",3,close,0.90,Mountain brook,http://eunis.eea.europa.eu/eunishabitats/C2.2,
Lindenstraße,1,linked,G5.1,Lines of trees,3,broad,0.80,Avenue of lime trees,http://eunis.eea.europa.eu/eunishabitats/G5.1,
Wassergraben,1,linked,J5.4,Highly artificial non-saline running waters,3,close,0.80,Artificial ditch,http://eunis.eea.europa.eu/eunishabitats/J5.4,
Äcker und Wiesen,1,linked,X07,Intensively-farmed crops interspersed with strips of natural and/or semi-natural vegetation,2,close,0.80,Arable land and meadows mosaic,http://eunis.eea.europa.eu/eunishabitats/X07,
Schilfboden,1,linked,D5.1,Reedbeds normally without free-standing water,3,exact,0.90,Reedbeds normally without free-standing water,http://eunis.eea.europa.eu/eunishabitats/D5.1,
Dornbüschen,1,linked,F3.1,Temperate thickets and scrub,3,close,0.90,"Temperate thickets and scrub, often thorny",http://eunis.eea.europa.eu/eunishabitats/F3.1,
Bachsammler,1,linked,J5.4,Highly artificial non-saline running waters,3,broad,0.70,Artificial non-saline running waters / drainage,http://eunis.eea.europa.eu/eunishabitats/J5.4,
Schneefeld,1,linked,H4.1,Snow packs,3,exact,1.00,Snow packs,http://eunis.eea.europa.eu/eunishabitats/H4.1,
verunreinigte Stellen,1,review,J6,Waste deposits,2,broad,0.60,Waste deposits or polluted sites,http://eunis.eea.europa.eu/eunishabitats/J6,
Seerosenfelder,1,linked,C1,Surface standing waters,2,broad,0.80,Vegetation of standing waterbodies,http://eunis.eea.europa.eu/eunishabitats/C1,
Schonung,1,linked,G5.7,Coppice and early-stage plantations,3,close,0.80,Coppice and early-stage plantations,http://eunis.eea.europa.eu/eunishabitats/G5.7,
Birkenpflanzung,1,linked,G1.C,Highly artificial broadleaved deciduous forestry plantations,3,close,0.80,Artificial broadleaved deciduous forestry plantations,http://eunis.eea.europa.eu/eunishabitats/G1.C,
Fichtenlockwald,1,linked,G3.1,[Abies] and [Picea] woodland,3,close,0.80,Lockerer Fichtenwald (Abies and Picea woodland),http://eunis.eea.europa.eu/eunishabitats/G3.1,
Aktinidienbüschgebiet,1,linked,FB.3,"Shrub plantations for ornamental purposes or for fruit, other than vineyards",3,close,0.80,Kiwi shrub plantations,http://eunis.eea.europa.eu/eunishabitats/FB.3,
Grauerlen,1,linked,G1.1,"Riparian and gallery woodland, with dominant [Alnus], [Betula], [Populus] or [Salix]",3,close,0.90,Alnus incana riparian woodland,http://eunis.eea.europa.eu/eunishabitats/G1.1,
Feldwiese,1,linked,E2.2,Low and medium altitude hay meadows,3,close,0.80,Low and medium altitude hay meadows,http://eunis.eea.europa.eu/eunishabitats/E2.2,
Küchenfenster,1,linked,J1,"Buildings of cities, towns and villages",2,broad,0.90,Part of a residential building,http://eunis.eea.europa.eu/eunishabitats/J1,
nasse Kulturen,1,linked,I1.4,"Inundated or inundatable croplands, including rice fields",3,close,0.70,Inundated or wet croplands,http://eunis.eea.europa.eu/eunishabitats/I1.4,
"Haus, Gärten, Forst",1,review,X11,Large parks,2,broad,0.50,"Mosaic of buildings, gardens and woodland",http://eunis.eea.europa.eu/eunishabitats/X11,
Futterkasten,1,linked,I2.2,Small-scale ornamental and domestic garden areas,3,broad,0.80,Feeding station in domestic garden,http://eunis.eea.europa.eu/eunishabitats/I2.2,
Schutthaufen,1,linked,J6.1,Waste resulting from building construction or demolition,3,close,0.80,Waste resulting from building construction,http://eunis.eea.europa.eu/eunishabitats/J6.1,
Buchenschlag,1,linked,G5.8,Recently felled areas,3,close,0.90,Recently felled Fagus area,http://eunis.eea.europa.eu/eunishabitats/G5.8,
Bäume beim Hof,1,linked,G5.1,Lines of trees,3,close,0.80,Lines of trees or small group near farm,http://eunis.eea.europa.eu/eunishabitats/G5.1,
beim Hof,1,linked,J2.4,Agricultural constructions,3,broad,0.80,Agricultural constructions and surroundings,http://eunis.eea.europa.eu/eunishabitats/J2.4,
Hofdach,1,linked,J2.4,Agricultural constructions,3,broad,0.90,Roof of agricultural building,http://eunis.eea.europa.eu/eunishabitats/J2.4,
Lattenzaun am Bauhof,1,linked,J2.5,Constructed boundaries,3,broad,0.80,Constructed boundary at depot,http://eunis.eea.europa.eu/eunishabitats/J2.5,
Trottoir,1,linked,J4.6,Pavements and recreation areas,3,exact,0.90,Pavements and recreation areas,http://eunis.eea.europa.eu/eunishabitats/J4.6,
Fahrradweg,1,linked,J4.2,Road networks,3,close,0.80,Road networks / cycle path,http://eunis.eea.europa.eu/eunishabitats/J4.2,
Forst und Gärten,1,review,X11,Large parks,2,broad,0.60,Mosaic of woodland and gardens,http://eunis.eea.europa.eu/eunishabitats/X11,
Kiefern-Tannen- und Fichten-Hangwald,1,linked,G3,Coniferous woodland,2,close,0.90,Coniferous slope forest,http://eunis.eea.europa.eu/eunishabitats/G3,
Schlehen,1,linked,F3.1,Temperate thickets and scrub,3,close,0.90,Prunus spinosa thickets,http://eunis.eea.europa.eu/eunishabitats/F3.1,
hinter den Fischerbooten,1,review,J4.5,Hard-surfaced areas of ports,3,broad,0.60,Hard-surfaced areas of ports / shore,http://eunis.eea.europa.eu/eunishabitats/J4.5,
Riedwerk und Schilfgeb,1,linked,C3.2,Water-fringing reedbeds and tall helophytes other than canes,3,close,0.90,Water-fringing reedbeds,http://eunis.eea.europa.eu/eunishabitats/C3.2,
Badeteich,1,linked,J5.3,Highly artificial non-saline standing waters,3,close,0.80,Highly artificial non-saline standing waters,http://eunis.eea.europa.eu/eunishabitats/J5.3,
Laubwaldungen,1,linked,G1,Broadleaved deciduous woodland,2,exact,1.00,Broadleaved deciduous woodland,http://eunis.eea.europa.eu/eunishabitats/G1,
Gebüsch am See,1,linked,F9.2,[Salix] carr and fen scrub,3,close,0.80,Salix carr and fen scrub / lake margin,http://eunis.eea.europa.eu/eunishabitats/F9.2,
Flachs,1,linked,I1.1,Intensive unmixed crops,3,close,0.80,Flax crop field,http://eunis.eea.europa.eu/eunishabitats/I1.1,
Parkwäldchen,1,linked,G5.2,Small broadleaved deciduous anthropogenic woodlands,3,close,0.80,Small broadleaved deciduous anthropogenic woodlands,http://eunis.eea.europa.eu/eunishabitats/G5.2,
Felder am Berghang,1,linked,I1,Arable land and market gardens,2,close,0.80,Arable land on mountain slope,http://eunis.eea.europa.eu/eunishabitats/I1,
Ort,1,linked,J1,"Buildings of cities, towns and villages",2,broad,0.70,Settlement / village / town,http://eunis.eea.europa.eu/eunishabitats/J1,
Eisgehölz,1,review,G1.1,"Riparian and gallery woodland, with dominant [Alnus], [Betula], [Populus] or [Salix]",3,close,0.50,Often refers to riparian/swamp woodland,http://eunis.eea.europa.eu/eunishabitats/G1.1,
Baumgarten- u. 2. Kastanienkronen,1,linked,G1.D,Fruit and nut tree orchards,3,close,0.70,Orchards and chestnut tree crowns,http://eunis.eea.europa.eu/eunishabitats/G1.D,
Stoppelwiese,1,linked,E2,Mesic grasslands,2,close,0.80,Mown meadow / stubble grassland,http://eunis.eea.europa.eu/eunishabitats/E2,
Buchen-Bäume,1,linked,G1.6,[Fagus] woodland,3,close,0.80,Fagus trees / woodland,http://eunis.eea.europa.eu/eunishabitats/G1.6,
Nutzwald,1,linked,G,"Woodland, forest and other wooded land",1,close,0.80,"Commercial forest, broad category G",http://eunis.eea.europa.eu/eunishabitats/G,
Altbäume beim Haus,1,linked,I2.2,Small-scale ornamental and domestic garden areas,3,broad,0.70,"Old trees near house, domestic garden context",http://eunis.eea.europa.eu/eunishabitats/I2.2,
Strom,1,linked,C2.3,"Permanent non-tidal, smooth-flowing watercourses",3,close,0.90,"Large river, smooth-flowing watercourse",http://eunis.eea.europa.eu/eunishabitats/C2.3,
Bachgraben,1,linked,C2,Surface running waters,2,close,0.80,"Stream ditch, running water",http://eunis.eea.europa.eu/eunishabitats/C2,
Steinwehrhang,1,review,J2.5,Constructed boundaries,3,broad,0.60,"Slope of a stone weir, constructed boundary/structure",http://eunis.eea.europa.eu/eunishabitats/J2.5,
Baumen beim Haus,1,linked,I2.2,Small-scale ornamental and domestic garden areas,3,broad,0.70,"Trees near house, domestic garden context",http://eunis.eea.europa.eu/eunishabitats/I2.2,
Birkenwiese,1,linked,E7,Sparsely wooded grasslands,2,close,0.80,Sparsely wooded grassland with birch,http://eunis.eea.europa.eu/eunishabitats/E7,
Gartenbaugelände,1,linked,I1.2,Mixed crops of market gardens and horticulture,3,exact,0.90,"Horticultural land, market gardens",http://eunis.eea.europa.eu/eunishabitats/I1.2,
Fliederbüschen,1,linked,FB.3,"Shrub plantations for ornamental purposes or for fruit, other than vineyards",3,broad,0.70,"Lilac bushes, ornamental shrub plantation",http://eunis.eea.europa.eu/eunishabitats/FB.3,
Hafen auf dem See,1,linked,J5,Highly artificial man-made waters and associated structures,2,broad,0.80,"Harbour on a lake, artificial water structure",http://eunis.eea.europa.eu/eunishabitats/J5,
Allee wiese,1,linked,E2,Mesic grasslands,2,broad,0.70,Meadow along an avenue,http://eunis.eea.europa.eu/eunishabitats/E2,
Futtermarke,1,review,I2.2,Small-scale ornamental and domestic garden areas,3,broad,0.60,"Feeding station, usually in domestic gardens",http://eunis.eea.europa.eu/eunishabitats/I2.2,
Schilfaltrand,1,linked,C3.2,Water-fringing reedbeds and tall helophytes other than canes,3,close,0.90,Old reedbed margin,http://eunis.eea.europa.eu/eunishabitats/C3.2,
Gartenlokal,1,linked,J1.2,Residential buildings of villages and urban peripheries,3,broad,0.70,"Beer garden, urban/village periphery building/yard",http://eunis.eea.europa.eu/eunishabitats/J1.2,
Holundersträucher,1,linked,F3.1,Temperate thickets and scrub,3,close,0.80,"Elderberry shrubs, temperate thickets",http://eunis.eea.europa.eu/eunishabitats/F3.1,
Küchenkräuter,1,linked,I2.2,Small-scale ornamental and domestic garden areas,3,broad,0.80,"Kitchen herbs, domestic garden",http://eunis.eea.europa.eu/eunishabitats/I2.2,
"Felder, Wälder und Wiesen",1,linked,X10,Mosaic landscapes with a woodland element (bocages),2,close,0.80,"Mosaic landscape of fields, woods, meadows",http://eunis.eea.europa.eu/eunishabitats/X10,
Garten am Hinterweg,1,linked,I2.2,Small-scale ornamental and domestic garden areas,3,exact,0.90,"Garden by back path, domestic garden",http://eunis.eea.europa.eu/eunishabitats/I2.2,
Steinbuchenwäldchen,1,linked,G1.A,"Meso- and eutrophic [Quercus], [Carpinus], [Fraxinus], [Acer], [Tilia], [Ulmus] and related woodland",3,close,0.80,Small hornbeam wood (Carpinus betulus),http://eunis.eea.europa.eu/eunishabitats/G1.A,
Hausbaumstädchen,1,linked,I2.2,Small-scale ornamental and domestic garden areas,3,broad,0.70,Small group of trees near house,http://eunis.eea.europa.eu/eunishabitats/I2.2,
Birke beim Haus,1,linked,I2.2,Small-scale ornamental and domestic garden areas,3,broad,0.80,"Birch tree near house, domestic garden",http://eunis.eea.europa.eu/eunishabitats/I2.2,
Linde beim Hain,1,linked,G5.2,Small broadleaved deciduous anthropogenic woodlands,3,broad,0.70,"Lime tree near grove, small anthropogenic wood",http://eunis.eea.europa.eu/eunishabitats/G5.2,
Schlucht beim Haus,1,review,H3,"Inland cliffs, rock pavements and outcrops",2,broad,0.60,"Ravine near house, inland cliff/outcrop context",http://eunis.eea.europa.eu/eunishabitats/H3,
Ahornstämme,1,review,G1,Broadleaved deciduous woodland,2,broad,0.60,"Maple trunks, broadleaved deciduous woodland",http://eunis.eea.europa.eu/eunishabitats/G1,
Busch in einem Garten,1,linked,I2.2,Small-scale ornamental and domestic garden areas,3,broad,0.90,Shrub in a garden,http://eunis.eea.europa.eu/eunishabitats/I2.2,
Fliederbüschwäldchen,1,linked,FB.3,"Shrub plantations for ornamental purposes or for fruit, other than vineyards",3,broad,0.70,"Small grove of lilac bushes, ornamental",http://eunis.eea.europa.eu/eunishabitats/FB.3,
Waldseite,1,linked,G,"Woodland, forest and other wooded land",1,broad,0.80,Forest edge or side,http://eunis.eea.europa.eu/eunishabitats/G,
feuchte Stellen,1,review,C3,Littoral zone of inland surface waterbodies,2,broad,0.50,"Damp spots, generic littoral/wetland",http://eunis.eea.europa.eu/eunishabitats/C3,
Platane,1,linked,G5.1,Lines of trees,3,broad,0.70,"Plane tree, typically planted in lines/parks",http://eunis.eea.europa.eu/eunishabitats/G5.1,
Reben,1,linked,FB.4,Vineyards,3,exact,0.90,"Grape vines, vineyards",http://eunis.eea.europa.eu/eunishabitats/FB.4,
Weinreben,1,linked,FB.4,Vineyards,3,exact,0.90,"Grape vines, vineyards",http://eunis.eea.europa.eu/eunishabitats/FB.4,
Schilf- und Rohrstreifen,1,linked,C3.2,Water-fringing reedbeds and tall helophytes other than canes,3,exact,0.90,Reed and cane strips,http://eunis.eea.europa.eu/eunishabitats/C3.2,
Ohligwald,1,review,G,"Woodland, forest and other wooded land",1,close,0.50,Likely local name or typo for a woodland type,http://eunis.eea.europa.eu/eunishabitats/G,
nahe beim Haus,1,linked,J2,Low density buildings,2,broad,0.70,"Near the house, low density buildings",http://eunis.eea.europa.eu/eunishabitats/J2,
Gartenheime neben dem Hauskanal,1,linked,X25,Domestic gardens of villages and urban peripheries,2,close,0.80,"Garden homes next to canal, domestic garden complex",http://eunis.eea.europa.eu/eunishabitats/X25,
Hafen,1,linked,J5,Highly artificial man-made waters and associated structures,2,broad,0.80,"Harbour, artificial waterbody",http://eunis.eea.europa.eu/eunishabitats/J5,
Feuerdornbau,1,linked,FB.3,"Shrub plantations for ornamental purposes or for fruit, other than vineyards",3,broad,0.70,"Pyracantha shrub, ornamental planting",http://eunis.eea.europa.eu/eunishabitats/FB.3,
"Ahornbäume, Efeu",1,linked,G1.A,"Meso- and eutrophic [Quercus], [Carpinus], [Fraxinus], [Acer], [Tilia], [Ulmus] and related woodland",3,close,0.70,"Maple trees with ivy, deciduous woodland",http://eunis.eea.europa.eu/eunishabitats/G1.A,
Garage,1,linked,J1.2,Residential buildings of villages and urban peripheries,3,broad,0.80,"Garage, residential outbuilding",http://eunis.eea.europa.eu/eunishabitats/J1.2,
Arcisstraße,1,linked,J4.2,Road networks,3,broad,0.90,"Street in Munich, road network",http://eunis.eea.europa.eu/eunishabitats/J4.2,
Flurstück,1,review,I,"Regularly or recently cultivated agricultural, horticultural and domestic habitats",1,broad,0.40,"Flurstück (parcel of land), usually agricultural or cultivated land.",http://eunis.eea.europa.eu/eunishabitats/I,
