place_name,n_uses,kind,status,source,lat,lon,uncertainty_m,geonames_id,geonames_name,feature,country,admin1,qid,osm,confidence,note,decision
München,25143,settlement,linked,osm+geonames,48.13743,11.57549,5000,2867714,Munich,P.PPLA,DE,02,Q1726,relation/62428,0.95,entry context 0 km (67% of the entries),
Ismaning,17352,locality,linked,osm+geonames,48.23333,11.68333,2000,2895643,Ismaning,P.PPLA4,DE,02,Q254897,relation/2168245,0.95,entry context 3 km (94% of the entries),
Kaufbeuren,3442,settlement,linked,osm+geonames,47.88238,10.62192,2000,2892080,Kaufbeuren,P.PPLA3,DE,02,Q14805,relation/62349,0.95,entry context 0 km (76% of the entries),
Ismaninger Speichersee,2284,locality,linked,osm,48.21295,11.73915,1500,,,,,,Q61018113,relation/12038482,0.95,entry context 4 km (95% of the entries),
Pöcking,1638,,linked,osm+geonames,47.96667,11.30000,2000,2853066,Pöcking,P.PPLA4,DE,02,Q514747,relation/932449,0.95,entry context 1 km (87% of the entries),
Maisinger See,1560,locality,linked,osm+geonames,47.98023,11.28020,1000,2874169,Maisinger See,H.LK,DE,02,Q267041,relation/15273359,0.95,entry context 1 km (71% of the entries),
Tutzing,1409,locality,linked,osm+geonames,47.90938,11.28030,2000,2820692,Tutzing,P.PPLA4,DE,02,Q533166,relation/932435,0.95,entry context 1 km (90% of the entries),
Ismaninger Teichgebiet,1384,locality,no_match,,,,,,,,,,,,0.00,no gazetteer entry,
Isar,1153,locality,linked,osm,48.25107,11.68398,3000,,,,,,Q106588,relation/273028,0.95,entry context 2 km (100% of the entries),
Hagnau,700,,linked,osm+geonames,47.67666,9.31787,1500,2912417,Hagnau,P.PPL,DE,01,Q539889,relation/2783927,0.95,entry context 2 km (77% of the entries),
Harlaching,605,locality,linked,osm+geonames,48.08978,11.56345,1000,2910448,Harlaching,P.PPLX,DE,02,Q52265016,node/60530001,0.95,entry context 1 km (94% of the entries),
Starnberger See,598,locality,linked,osm+geonames,47.90348,11.31187,1000,2829454,Starnberger See,H.LK,DE,02,Q131615,relation/168892,0.95,entry context 2 km (89% of the entries),
Perlacher Forst,584,locality,linked,osm+geonames,48.06721,11.57664,1500,2854856,Perlacher Forst,V.FRST,DE,02,Q252634,relation/38897,0.95,entry context 2 km (100% of the entries),
Ampermoos,498,locality,linked,osm,48.10120,11.13375,1500,,,,,,Q56102914,way/1116043568,0.95,entry context 1 km (98% of the entries),
Bernried,450,,linked,osm,47.78939,10.79665,500,,,,,,,node/416049712,0.95,entry context 16 km (75% of the entries),
Maininger See,431,locality,no_match,,,,,,,,,,,,0.00,not geocoded yet (no Nominatim cache entry),
Starnberg,415,locality,linked,osm+geonames,48.00193,11.34416,2000,2829457,Starnberg,P.PPLA3,DE,02,Q61936,relation/932485,0.95,entry context 1 km (96% of the entries),
Tierpark Hellabrunn,400,locality,linked,osm+geonames,48.09780,11.55446,500,7733347,Hellabrunn Zoo,S.ZOO,DE,02,Q264691,way/156435529,0.95,entry context 1 km (100% of the entries),
Wertach,390,locality,linked,osm+geonames,47.60301,10.40966,1500,2810728,Wertach,P.PPL,DE,02,Q549138,relation/958081,0.95,entry context 7 km (90% of the entries),
Tafelberg,380,locality,linked,osm,49.48446,11.78224,500,,,,,,,node/4483317389,0.85,,
Ammersee,355,locality,linked,osm+geonames,47.99668,11.12716,1000,2956426,Ammersee,H.LK,DE,02,Q265336,relation/168893,0.95,entry context 4 km (94% of the entries),
Grafrath,345,locality,linked,osm+geonames,48.11667,11.16667,2000,2918232,Grafrath,P.PPLA4,DE,02,Q503617,relation/933540,0.95,entry context 2 km (100% of the entries),
Nymphenburger Schlosspark,321,locality,no_match,,,,,,,,,,,,0.00,no gazetteer entry,
Germering,292,,linked,osm+geonames,48.13392,11.37650,1500,2921039,Germering,P.PPL,DE,02,Q14898,relation/933480,0.95,entry context 5 km (96% of the entries),
Münster,279,settlement,linked,osm+geonames,47.42164,11.83356,2000,2771028,Münster,P.PPLA3,AT,07,Q686524,relation/972054,0.95,,
Buchloe,273,,linked,osm+geonames,48.03719,10.72548,1500,2942281,Buchloe,P.PPL,DE,02,Q265110,relation/442789,0.95,entry context 4 km (78% of the entries),
Emmering,271,locality,linked,osm+geonames,48.18333,11.28333,2000,2930500,Emmering,P.PPLA4,DE,02,Q203397,relation/933487,0.95,entry context 2 km (90% of the entries),
Falkenstein,270,locality,linked,geonames,47.57000,10.59167,500,2927922,Falkenstein,T.MT,DE,02,Q31547515,,0.95,GeoNames primary name match (DE); entry context 1 km (59% of the entries),
Feldwies,259,locality,linked,osm+geonames,47.83240,12.48468,1500,2927283,Feldwies,P.PPL,DE,02,,node/60950708,0.95,,
Maining,248,locality,no_match,,,,,,,,,,,,0.00,no gazetteer entry,
Eching,228,locality,linked,osm+geonames,48.07991,11.11336,1500,2933801,Eching,P.PPL,DE,02,Q165818,relation/933872,0.95,entry context 1 km (81% of the entries),
Hochleite,220,,linked,osm,48.04619,11.51476,500,,,,,,,node/2955113215,0.95,entry context 1 km (100% of the entries),
Hirschau,212,locality,linked,osm,47.74436,10.83568,500,,,,,,,node/343349240,0.85,,
Mairinger See,210,locality,no_match,,,,,,,,,,,,0.00,not geocoded yet (no Nominatim cache entry),
Schirm,208,locality,review,osm,50.54243,12.08175,1500,,,,,,,way/396402360,0.45,"OSM amenity/fast_food named after the place; far from most of the entries' other places (3% within 80 km, nearest 43 km)",
Aumeister,205,,linked,osm,48.18559,11.62037,100,,,,,,,way/35955615,0.90,OSM amenity/biergarten named after the place; entry context 2 km (100% of the entries),
Freising,202,locality,linked,osm+geonames,48.40351,11.74876,2000,2925034,Freising,P.PPLA3,DE,02,Q6998,relation/30005,0.95,entry context 1 km (95% of the entries),
Kleinhesseloher See,201,locality,linked,osm,48.15941,11.59612,1000,,,,,,Q1746836,relation/62215,0.95,entry context 1 km (100% of the entries),
Harlachinger Berg,201,locality,no_match,,,,,,,,,,,,0.00,no gazetteer entry,
Bodensee,198,locality,linked,osm,47.64777,9.34718,1000,,,,,,Q4127,relation/1156846,0.95,entry context 3 km (68% of the entries),
Thalkirchen,197,,linked,osm+geonames,48.10075,11.54344,1000,2823058,Thalkirchen,P.PPLX,DE,02,Q51912577,node/702787847,0.95,entry context 1 km (95% of the entries),
Freiburg im Breisgau,195,route,linked,osm+geonames,47.99590,7.85222,3000,2925177,Freiburg,P.PPLA2,DE,01,Q2833,relation/62768,0.95,entry context 0 km (50% of the entries),
Nymphenburger Park,192,locality,no_match,,,,,,,,,,,,0.00,no gazetteer entry,
Grünwald,191,,linked,osm+geonames,48.03947,11.52320,2000,2914064,Grünwald,P.PPLA4,DE,02,Q220090,relation/415806,0.95,entry context 1 km (97% of the entries),
Stegen,186,locality,linked,osm+geonames,48.07785,11.13327,800,2829129,Stegen,P.PPLL,DE,02,Q56101683,node/302215109,0.95,entry context 1 km (100% of the entries),
Augsburg,180,locality,linked,osm+geonames,48.37154,10.89851,3000,2954172,Augsburg,P.PPLA2,DE,02,Q2749,relation/62407,0.95,entry context 3 km (30% of the entries),
Pupplinger Au,180,locality,linked,osm+geonames,47.93333,11.43333,1500,2851670,Pupplinger Au,V.FRST,DE,02,Q2118706,relation/936972,0.95,entry context 2 km (93% of the entries),
Neufinsing,176,,linked,osm+geonames,48.22084,11.80103,1500,3208356,Neufinsing,P.PPL,DE,02,Q57751962,node/108098138,0.95,entry context 2 km (100% of the entries),
Hinterstein,175,locality,linked,osm+geonames,47.48055,10.40577,1500,2903965,Hinterstein,P.PPL,DE,02,Q1619824,node/21636000,0.95,entry context 3 km (43% of the entries),
Bad Schandau,165,settlement,linked,osm+geonames,50.91743,14.15494,1500,2953352,Bad Schandau,P.PPL,DE,13,Q6406,relation/534534,0.95,entry context 1 km (75% of the entries),
Zell am Moos,161,route,linked,osm+geonames,47.90000,13.31667,2000,2760636,Zell am Moos,P.PPLA3,AT,04,Q187540,relation/102313,0.95,entry context 5 km (86% of the entries),
Dortmund,156,locality,linked,osm+geonames,51.51494,7.46600,2000,2935517,Dortmund,P.PPLA3,DE,07,Q1295,relation/1829065,0.95,,
Hintersteiner See,151,route,linked,osm+geonames,47.54003,12.21834,1000,2776237,Hintersteiner See,H.LK,AT,07,Q1619830,relation/17037003,0.95,entry context 2 km (88% of the entries),
Nymphenburg,150,locality,linked,osm+geonames,48.15853,11.49857,1000,2861525,Nymphenburg,P.PPLX,DE,02,Q59643691,way/1428889751,0.95,entry context 2 km (100% of the entries),
Überfälle,147,locality,no_match,osm,47.14805,16.12035,1500,,,,,,,node/6819891929,0.30,OSM information/board named after the place; 210 km from the entries' other places (0% within 80 km),
Lovran,144,settlement,linked,geonames,45.29194,14.27417,3000,3196175,Lovran,P.PPLA2,HR,12,Q757311,,0.80,GeoNames primary name match (HR); entry context 1 km (89% of the entries),
Obersee,139,locality,linked,osm,49.75933,11.78867,500,,,,,,,node/6394750502,0.95,entry context 26 km (22% of the entries),
Chiemsee,138,locality,linked,osm+geonames,47.86233,12.40122,2000,2940126,Chiemsee,P.PPLA4,DE,02,Q705821,relation/2168239,0.95,entry context 0 km (33% of the entries),
Ismaninger Kanal,138,,no_match,,,,,,,,,,,,0.00,no gazetteer entry,
Fürstenfeldbruck,137,route,linked,osm+geonames,48.17904,11.25470,2000,2923625,Fürstenfeldbruck,P.PPLA3,DE,02,Q16003,relation/933490,0.95,entry context 2 km (97% of the entries),
Echinger Weiher,137,locality,linked,osm,48.31551,11.61680,1000,,,,,,,way/4469716,0.95,entry context 8 km (100% of the entries),
Seeshaupt,134,locality,linked,osm+geonames,47.82468,11.30219,2000,2833590,Seeshaupt,P.PPLA4,DE,02,Q518061,relation/936913,0.95,entry context 2 km (71% of the entries),
Moosburg an der Isar,132,locality,linked,geonames,48.47089,11.93811,1500,2869449,Moosburg,P.PPL,DE,02,Q32142558,,0.85,GeoNames contains name match (DE); entry context 3 km (50% of the entries),
Simmering,131,settlement,linked,geonames,48.18333,16.43333,1000,2765028,Simmering,P.PPLX,AT,09,Q2287228,,0.90,GeoNames primary name match (AT); entry context 4 km (100% of the entries),
Radolfzell,130,locality,linked,osm+geonames,47.74194,8.97098,1500,2850954,Radolfzell,P.PPL,DE,01,Q16113,relation/2784987,0.95,entry context 2 km (90% of the entries),
Lindau,129,locality,linked,osm+geonames,47.54612,9.68431,2000,2877550,Lindau,P.PPLA3,DE,02,Q153969,relation/959426,0.95,entry context 2 km (71% of the entries),
Hagnau am Bodensee,128,route,linked,osm+geonames,47.67579,9.31499,3000,6556041,Hagnau am Bodensee,A.ADM4,DE,01,Q539889,relation/2783927,0.95,entry context 4 km (80% of the entries),
Stauwehr an der Isar,128,locality,no_match,,,,,,,,,,,,0.00,no gazetteer entry,
Elbsee,126,locality,linked,osm+geonames,47.79977,10.55300,1000,2931232,Elbsee,H.LK,DE,02,Q1325444,way/170930772,0.95,entry context 2 km (100% of the entries),
Achenmündung,126,locality,no_match,,,,,,,,,,,,0.00,no gazetteer entry,
Mairing,126,locality,linked,osm+geonames,48.22707,13.38427,1500,2772069,Mairing,P.PPL,AT,04,,node/240074388,0.80,"far from most of the entries' other places (7% within 80 km, nearest 20 km)",
Amper,125,locality,linked,osm+geonames,48.50030,11.95554,3000,2956389,Amper,H.STM,DE,02,Q166301,way/4492426,0.95,,
Söcking,125,locality,linked,osm+geonames,48.00056,11.31738,1500,2831729,Söcking,P.PPL,DE,02,Q1368459,node/1700541728,0.95,entry context 2 km (95% of the entries),
Maisinger Schlucht,123,,linked,osm,47.99063,11.29908,500,,,,,,,way/179248126,0.90,OSM highway/track named after the place; entry context 1 km (100% of the entries),
Grünwalder Forst,121,,linked,osm+geonames,48.03164,11.55279,1500,2914060,Grünwalder Forst,V.FRST,DE,02,Q1467128,relation/944959,0.95,entry context 1 km (100% of the entries),
Herrsching,119,locality,linked,geonames,47.99885,11.17057,300,11974275,Herrsching,S.RSTN,DE,02,,,0.95,GeoNames primary name match (DE); entry context 3 km (83% of the entries),
Semmering,115,region,linked,osm+geonames,47.63347,15.82993,2000,2765170,Semmering,P.PPLA3,AT,03,Q659891,relation/103769,0.95,,
Mering,114,locality,linked,osm+geonames,48.26560,10.98461,1500,2871813,Mering,P.PPL,DE,02,Q275579,relation/161796,0.95,entry context 4 km (71% of the entries),
Keilberg,114,locality,linked,osm+geonames,49.04248,12.15946,1500,2891881,Keilberg,P.PPL,DE,02,,node/5086661602,0.95,,
Maising,113,,linked,osm+geonames,47.98590,11.28983,1500,2874171,Maising,P.PPL,DE,02,Q1885870,node/1700541707,0.95,entry context 1 km (97% of the entries),
Isarbrücke,112,,review,osm,47.39664,11.26622,500,,,,,,,way/25031200,0.45,"OSM highway/track named after the place; far from most of the entries' other places (6% within 80 km, nearest 61 km)",
Vorklärteich,111,locality,no_match,,,,,,,,,,,,0.00,no gazetteer entry,
Freiburg,110,settlement,linked,osm+geonames,47.99590,7.85222,3000,2925177,Freiburg,P.PPLA2,DE,01,Q2833,relation/62768,0.95,entry context 0 km (70% of the entries),
Wollmatinger Ried,109,locality,linked,osm,47.67594,9.14324,1500,,,,,,,node/7777455169,0.90,OSM information/board named after the place; entry context 1 km (57% of the entries),
Gauting,108,locality,linked,osm+geonames,48.06919,11.37703,2000,2922230,Gauting,P.PPLA4,DE,02,Q74057,relation/932494,0.95,entry context 2 km (90% of the entries),
Überlingen,106,route,linked,osm+geonames,47.76977,9.17136,1500,2820577,Überlingen,P.PPL,DE,01,Q332952,relation/2784807,0.95,entry context 4 km (55% of the entries),
Hagenau,105,settlement,linked,osm+geonames,49.15072,12.11260,1500,2912583,Hagenau,P.PPL,DE,02,,node/319611864,0.95,,
Unterföhring,105,locality,linked,osm+geonames,48.19253,11.64293,2000,2819568,Unterföhring,P.PPLA4,DE,02,Q267408,relation/2168251,0.95,entry context 2 km (100% of the entries),
Meininger See,104,locality,no_match,,,,,,,,,,,,0.00,no gazetteer entry,
Winterteiche,104,locality,no_match,,,,,,,,,,,,0.00,no gazetteer entry,
Hintersee,103,locality,linked,osm+geonames,47.70000,13.28333,2000,2776240,Hintersee,P.PPLA3,AT,05,Q701169,relation/87092,0.95,entry context 21 km (27% of the entries),
Hirschzell,101,locality,linked,osm+geonames,47.86993,10.64445,1500,2903554,Hirschzell,P.PPL,DE,02,Q2718605,node/82666173,0.95,entry context 2 km (100% of the entries),
Aitrang,99,locality,linked,osm+geonames,47.81667,10.53333,2000,2958795,Aitrang,P.PPLA4,DE,02,Q411004,relation/447974,0.95,entry context 2 km (94% of the entries),
Flaucher,99,locality,linked,osm,48.10937,11.55897,800,,,,,,Q1427434,way/4641748,0.95,entry context 1 km (100% of the entries),
Garmisch,98,route,linked,osm+geonames,47.49257,11.08649,1000,2922532,Garmisch,P.PPLX,DE,02,,node/7839987371,0.95,entry context 1 km (47% of the entries),
Oberammergau,98,settlement,linked,osm+geonames,47.59812,11.06692,2000,2861422,Oberammergau,P.PPLA4,DE,02,Q503757,relation/937907,0.95,entry context 4 km (50% of the entries),
Gallerweiher,97,locality,no_match,,,,,,,,,,,,0.00,no gazetteer entry,
Grenzügen,96,route,no_match,,,,,,,,,,,,0.00,no gazetteer entry,
Korfu,95,route,review,geonames,39.62441,19.92016,5000,2463679,Corfu,P.PPLA,GR,ESYE22,,,0.65,GeoNames alternate name match (GR),
Bogenhausen,94,locality,linked,osm+geonames,48.15221,11.61585,1000,2947022,Bogenhausen,P.PPLX,DE,02,Q278590,node/1686467595,0.95,entry context 2 km (100% of the entries),
Bad Schmiedeberg,93,settlement,review,osm+geonames,51.68516,12.73483,1500,2953350,Bad Schmiedeberg,P.PPL,DE,14,Q522557,relation/1327705,0.65,543 km from the entries' other places (0% within 80 km),
Bernbach,92,locality,linked,osm+geonames,47.82267,10.68990,1500,2950088,Bernbach,P.PPL,DE,02,,node/319736711,0.95,entry context 3 km (96% of the entries),
Tüching,92,settlement,linked,osm+geonames,48.40721,11.75846,1500,2820849,Tuching,P.PPL,DE,02,Q2459100,relation/10669868,0.95,,
Isarfälle,92,,no_match,,,,,,,,,,,,0.00,no gazetteer entry,
Lindenau,91,locality,linked,osm+geonames,47.55510,9.86117,1500,2877433,Lindenau,P.PPL,DE,02,Q106317012,node/301097562,0.95,,
Wörthsee,91,locality,linked,osm+geonames,48.07250,11.20175,2000,2806072,Wörthsee,P.PPLA4,DE,02,Q526480,relation/932238,0.95,entry context 3 km (94% of the entries),
Forstenrieder Park,88,locality,linked,osm+geonames,48.05476,11.46363,800,3208336,Forstenrieder Park,L.PRK,DE,02,Q1438266,relation/419030,0.95,entry context 4 km (100% of the entries),
Föhringer Kanal,87,locality,no_match,,,,,,,,,,,,0.00,no gazetteer entry,
Lech,85,locality,linked,osm+geonames,47.20797,10.14184,2000,2772798,Lech,P.PPLA3,AT,08,Q567731,relation/74794,0.95,,
Garmisch-Partenkirchen,83,,linked,osm+geonames,47.49209,11.09576,2000,2922530,Garmisch-Partenkirchen,P.PPLA3,DE,02,Q127043,relation/939334,0.95,entry context 1 km (50% of the entries),
Feldmoching,83,locality,linked,osm+geonames,48.21667,11.53333,1000,2927319,Feldmoching,P.PPLX,DE,02,Q52541307,node/36745058,0.95,entry context 7 km (100% of the entries),
Erdinger Moos,83,region,linked,geonames,48.33085,11.80135,10000,2929713,Erdinger Moos,L.AREA,DE,02,,,0.95,GeoNames primary name match (DE); entry context 4 km (100% of the entries),
Füssen,82,locality,linked,osm+geonames,47.57143,10.70171,1500,2923507,Füssen,P.PPL,DE,02,Q262684,relation/448298,0.95,entry context 1 km (81% of the entries),
Isarhang,82,locality,no_match,,,,,,,,,,,,0.00,no gazetteer entry,
Stauweiher,81,locality,linked,geonames,48.50000,12.05000,1000,2829292,Stauweiher,H.LK,DE,02,,,0.95,GeoNames primary name match (DE); entry context 4 km (33% of the entries),
Speichersee-Gebiet,80,locality,no_match,,,,,,,,,,,,0.00,no gazetteer entry,
Uppsala,80,,linked,osm+geonames,59.85882,17.63889,5000,2666199,Uppsala,P.PPLA,SE,21,Q25286,node/25735371,0.95,entry context 37 km (20% of the entries),
Nürnberg,79,route,linked,osm+geonames,49.45421,11.07752,2000,2861650,Nuremberg,P.PPLA3,DE,02,Q2090,relation/62780,0.95,,
Einlauf,79,locality,linked,osm,48.15614,11.59594,1500,,,,,,,node/331355032,0.90,OSM shop/kiosk named after the place; entry context 3 km (92% of the entries),
Meersburg,78,,linked,osm+geonames,47.69419,9.27113,1500,2872486,Meersburg,P.PPL,DE,01,Q498212,relation/2784048,0.95,entry context 2 km (93% of the entries),
Großhesselohe,77,,linked,osm+geonames,48.07160,11.53217,1000,2915513,Großhesselohe,P.PPLX,DE,02,Q52264863,node/1724649333,0.95,entry context 1 km (98% of the entries),
Bad Reichenhall,76,locality,linked,osm+geonames,47.72947,12.87819,2000,2953371,Bad Reichenhall,P.PPLA3,DE,02,Q487971,relation/941794,0.95,entry context 3 km (36% of the entries),
Schleißheim,74,,linked,geonames,48.25734,11.55795,300,2838682,Oberschleißheim,S.RSTN,DE,02,Q801280,,0.80,GeoNames contains name match (DE); entry context 7 km (100% of the entries),
Erding,74,locality,linked,osm+geonames,48.30603,11.90686,2000,2929715,Erding,P.PPLA3,DE,02,Q15980,relation/934743,0.95,entry context 6 km (100% of the entries),
Hindelang,73,locality,linked,osm,47.50629,10.36993,2000,,,,,,Q124605307,node/21635999,0.95,entry context 1 km (73% of the entries),
Isarring,73,locality,no_match,,,,,,,,,,,,0.00,no gazetteer entry,
Spitalwald,72,locality,linked,osm+geonames,47.85000,10.65000,1500,2830384,Spitalwald,V.FRST,DE,02,Q33399689,relation/2267843,0.95,entry context 4 km (100% of the entries),
Oberstdorf,72,locality,linked,osm+geonames,47.40724,10.27939,1500,2858964,Oberstdorf,P.PPL,DE,02,Q266230,relation/958128,0.95,entry context 1 km (73% of the entries),
Mühltal,72,locality,linked,osm,47.42821,12.02756,500,,,,,,,node/30565059,0.85,,
Walchensee,71,locality,linked,osm+geonames,47.59100,11.31062,1500,2815228,Walchensee,P.PPL,DE,02,Q2540974,node/259070095,0.95,entry context 4 km (44% of the entries),
Emmendingen,71,,linked,osm+geonames,48.12096,7.85359,2000,2930523,Emmendingen,P.PPLA3,DE,01,Q494521,relation/1124268,0.95,entry context 14 km (33% of the entries),
Murnauer Moos,71,locality,linked,osm+geonames,47.65700,11.17575,1000,3205556,Murnauer Moos,H.MRSH,DE,02,Q1953772,relation/1632250,0.95,entry context 3 km (36% of the entries),
Weicht,70,locality,linked,osm+geonames,47.99831,10.67071,1500,2813127,Weicht,P.PPL,DE,02,Q2554953,node/1685790674,0.95,entry context 2 km (75% of the entries),
Westende,70,locality,review,geonames,52.56684,7.04744,1000,13640031,Westende,P.PPLX,DE,06,,,0.45,"GeoNames primary name match (DE); far from most of the entries' other places (0% within 80 km, nearest 117 km)",
Kissing,69,locality,linked,osm+geonames,48.30375,10.97088,2000,2890202,Kissing,P.PPLA4,DE,02,Q257284,relation/161795,0.95,entry context 4 km (67% of the entries),
Werkkanal,69,,linked,osm,48.47866,11.96545,1500,,,,,,,way/4785627,0.95,entry context 31 km (69% of the entries),
Angermoor,69,locality,no_match,,,,,,,,,,,,0.00,no gazetteer entry,
Bernrieder Filz,68,,linked,osm,47.84955,11.25265,1500,,,,,,Q56417587,way/37201795,0.95,entry context 2 km (100% of the entries),
Giesinger Waldhaus,68,locality,linked,osm,48.08899,11.57430,1500,,,,,,,way/66749902,0.90,OSM building/detached named after the place; entry context 2 km (96% of the entries),
Fröcking,67,settlement,no_match,,,,,,,,,,,,0.00,no gazetteer entry,
Isartal,66,locality,linked,osm,48.05561,11.52175,3000,,,,,,Q202116,relation/415807,0.95,entry context 2 km (92% of the entries),
Moosach,66,locality,linked,osm+geonames,48.17952,11.51296,1000,2869510,Moosach,P.PPLX,DE,02,Q263163,relation/54385,0.95,entry context 3 km (100% of the entries),
Stadtbergen,66,locality,linked,osm+geonames,48.36641,10.84636,1500,2829790,Stadtbergen,P.PPL,DE,02,Q503300,relation/406928,0.95,entry context 4 km (30% of the entries),
Obich,66,locality,no_match,,,,,,,,,,,,0.00,no gazetteer entry,
Bodensdorf,66,settlement,linked,osm+geonames,46.69111,13.97111,1500,2781629,Bodensdorf,P.PPL,AT,02,,node/206159916,0.95,entry context 2 km (89% of the entries),
Linthal,65,route,linked,osm+geonames,46.92127,8.99799,1500,2659878,Linthal,P.PPL,CH,GL,Q661454,node/32863361,0.95,entry context 2 km (100% of the entries),
Reichsforst,65,locality,no_match,,,,,,,,,,,,0.00,no gazetteer entry,
Gennachmoos,64,locality,linked,osm,48.12220,10.69515,500,,,,,,,node/5074562208,0.95,entry context 1 km (100% of the entries),
En-See,64,locality,no_match,,,,,,,,,,,,0.00,no gazetteer entry,
Murnau,64,locality,linked,osm+geonames,47.68085,11.20125,1500,2867445,Murnau am Staffelsee,P.PPL,DE,02,Q254356,relation/939375,0.95,entry context 2 km (57% of the entries),
Floßlände,64,locality,linked,osm,48.09264,11.54688,1500,,,,,,,way/156450262,0.95,entry context 1 km (100% of the entries),
Oberbeuren,63,locality,linked,osm+geonames,47.87170,10.59838,1500,2861268,Oberbeuren,P.PPL,DE,02,,node/82666172,0.95,entry context 2 km (92% of the entries),
Planegg,62,locality,linked,osm+geonames,48.10672,11.42483,2000,2853463,Planegg,P.PPLA4,DE,02,Q255796,relation/318693,0.95,entry context 2 km (100% of the entries),
Osterseen,62,locality,linked,osm,47.80715,11.31364,1500,,,,,,Q56150516,relation/5390702,0.95,entry context 2 km (67% of the entries),
Mytikas,62,route,review,osm+geonames,38.99744,20.70639,1500,256870,Mýtikas,P.PPL,GR,ESYE21,Q21500686,node/347258000,0.65,1140 km from the entries' other places (0% within 80 km),
Isarkanal,62,locality,linked,osm,48.20938,11.70543,1500,,,,,,,way/46995922,0.95,entry context 3 km (100% of the entries),
Aache-Einmündung in den Chiemsee,62,locality,no_match,,,,,,,,,,,,0.00,no gazetteer entry,
E.W.,62,locality,no_match,,,,,,,,,,,,0.00,no gazetteer entry,
Vkl,62,locality,no_match,,,,,,,,,,,,0.00,no gazetteer entry,
Stocklohe,62,locality,review,osm,49.60318,12.07971,500,,,,,,,node/1446378421,0.55,155 km from the entries' other places (0% within 80 km),
Ebenhausen,61,,linked,osm+geonames,47.98044,11.45136,1500,2934061,Ebenhausen,P.PPL,DE,02,Q21039776,node/3889466752,0.95,entry context 1 km (100% of the entries),
Kalamos,61,route,linked,osm+geonames,38.28447,23.86308,1500,261571,Kálamos,P.PPL,GR,ESYE31,Q1001880,node/1355455587,0.95,,
Würzburg,60,locality,linked,osm+geonames,49.79391,9.95121,3000,2805615,Würzburg,P.PPLA2,DE,02,Q2999,relation/62464,0.95,entry context 9 km (22% of the entries),
Allach,60,locality,linked,osm+geonames,48.19267,11.46235,1000,2958474,Allach,P.PPLX,DE,02,Q52326645,node/51545712,0.95,entry context 5 km (100% of the entries),
Possenhofen,60,,linked,osm+geonames,47.95947,11.31038,1500,2852520,Possenhofen,P.PPL,DE,02,Q559986,node/54805476,0.95,entry context 2 km (79% of the entries),
Ismaninger Teiche,60,locality,no_match,,,,,,,,,,,,0.00,no gazetteer entry,
Ermaring,60,settlement,no_match,,,,,,,,,,,,0.00,no gazetteer entry,
Meiringer See,59,locality,no_match,,,,,,,,,,,,0.00,not geocoded yet (no Nominatim cache entry),
Frankenried,58,locality,linked,osm+geonames,47.87097,10.66801,1500,2925564,Frankenried,P.PPL,DE,02,,node/355312860,0.95,entry context 2 km (100% of the entries),
Wolfratshausen,58,locality,linked,osm+geonames,47.91289,11.42166,1500,2806768,Wolfratshausen,P.PPL,DE,02,Q503160,relation/935131,0.95,entry context 1 km (100% of the entries),
Ammerland,58,,linked,osm+geonames,47.90255,11.33501,1500,2956440,Ammerland,P.PPL,DE,02,Q19834503,node/206100089,0.95,entry context 2 km (100% of the entries),
Moosburg,58,locality,linked,osm+geonames,48.47089,11.93811,1500,2869449,Moosburg,P.PPL,DE,02,Q31872,relation/29996,0.95,entry context 3 km (36% of the entries),
Brunnenberg,58,locality,review,osm,48.98754,11.26373,300,,,,,,,node/10103318114,0.70,"far from most of the entries' other places (0% within 80 km, nearest 137 km)",
Isarleite,58,locality,no_match,,,,,,,,,,,,0.00,no gazetteer entry,
Dießen am Ammersee,57,locality,linked,osm+geonames,47.95085,11.10306,1500,2937217,Dießen am Ammersee,P.PPL,DE,02,Q165501,relation/933895,0.95,entry context 2 km (44% of the entries),
Beuerberg,57,locality,linked,osm+geonames,47.82935,11.40853,1500,2949616,Beuerberg,P.PPL,DE,02,Q850858,node/59954794,0.95,entry context 3 km (100% of the entries),
Freiberg,57,locality,linked,osm+geonames,48.83994,9.20798,1000,11807619,Freiberg,P.PPLX,DE,01,Q20977790,relation/1107797,0.95,entry context 19 km (25% of the entries),
Freimann,57,locality,linked,osm+geonames,48.20000,11.61667,1000,2925065,Freimann,P.PPLX,DE,02,Q1454555,node/9164754129,0.95,entry context 2 km (100% of the entries),
Zeller See,57,,linked,osm,47.99022,9.48014,1000,,,,,,Q22694699,way/87287661,0.95,entry context 34 km (33% of the entries),
Stein,57,locality,linked,osm+geonames,50.08654,12.33473,1500,3066053,Skalka,P.PPL,CZ,81,Q1289194,node/1599034582,0.80,"far from most of the entries' other places (6% within 80 km, nearest 16 km)",
Durlacher Forst,57,locality,no_match,,,,,,,,,,,,0.00,no gazetteer entry,
Schleißheimer Moos,56,locality,no_match,,,,,,,,,,,,0.00,no gazetteer entry,
Antwinger Moos,56,locality,no_match,,,,,,,,,,,,0.00,no gazetteer entry,
Fridolfing,56,settlement,linked,osm+geonames,47.99773,12.82628,2000,2924819,Fridolfing,P.PPLA4,DE,02,Q259202,relation/941659,0.80,"far from most of the entries' other places (0% within 80 km, nearest 94 km)",
Breitenstein,56,locality,linked,osm+geonames,47.72113,11.98769,500,2944545,Breitenstein,T.MT,DE,02,Q879983,node/260979669,0.95,entry context 2 km (50% of the entries),
Straßlach,56,locality,linked,osm+geonames,48.00491,11.51410,2000,3205570,Straßlach-Dingharting,P.PPLA4,DE,02,Q503326,relation/929726,0.95,entry context 3 km (100% of the entries),
VKL,56,locality,no_match,,,,,,,,,,,,0.00,not geocoded yet (no Nominatim cache entry),
Echinger und Moosburger Stauseen,56,locality,no_match,,,,,,,,,,,,0.00,no gazetteer entry,
Hannover,55,,linked,osm+geonames,52.37052,9.73322,5000,2910831,Hannover,P.PPLA,DE,06,Q1715,relation/59418,0.95,entry context 3 km (40% of the entries),
Vorkanal,55,locality,no_match,,,,,,,,,,,,0.00,no gazetteer entry,
Inning am Ammersee,54,locality,linked,osm+geonames,48.07636,11.15232,1500,2895938,Inning am Ammersee,P.PPL,DE,02,Q310856,relation/932279,0.95,entry context 32 km (100% of the entries),
Dießen,54,settlement,linked,geonames,47.95082,11.10754,300,11976757,Dießen,S.RSTN,DE,02,,,0.95,GeoNames primary name match (DE); entry context 0 km (100% of the entries),
Neuhausen,54,locality,linked,osm+geonames,47.68579,8.61474,1500,2659485,Neuhausen,P.PPL,CH,SH,Q69372,relation/1683680,0.95,entry context 1 km (100% of the entries),
Mettnau,54,locality,linked,osm,47.73398,8.98455,500,,,,,,,node/1916294060,0.95,entry context 1 km (50% of the entries),
Zweite Insel,54,locality,no_match,,,,,,,,,,,,0.00,no gazetteer entry,
Landskrona,54,locality,linked,osm+geonames,55.87080,12.83016,3000,2697720,Landskrona,P.PPLA2,SE,27,Q54352,node/27699239,0.95,,
Garching,53,settlement,linked,osm+geonames,48.24896,11.65101,1500,2922582,Garching,P.PPL,DE,02,Q264620,relation/30971,0.95,entry context 3 km (69% of the entries),
Wertachanlagen,53,locality,no_match,,,,,,,,,,,,0.00,no gazetteer entry,
Oberföhring,53,locality,linked,osm+geonames,48.17251,11.62863,1000,2860689,Oberföhring,P.PPLX,DE,02,Q1616865,node/1700472217,0.95,entry context 3 km (100% of the entries),
Hangwald,53,locality,review,osm,50.96376,11.64323,1500,,,,,,,relation/19769480,0.55,268 km from the entries' other places (0% within 80 km),
Pitzing,53,route,linked,osm,48.31953,12.60297,1500,,,,,,,node/2217292651,0.85,,
Minden,52,settlement,linked,osm+geonames,49.83333,6.46667,2000,2871040,Minden,P.PPLA4,DE,08,Q660568,relation/1163507,0.95,entry context 35 km (50% of the entries),
Innsbruck,51,locality,linked,osm+geonames,47.26266,11.39454,5000,2775220,Innsbruck,P.PPLA,AT,07,Q1735,relation/4835169,0.95,entry context 1 km (43% of the entries),
Pocking,51,settlement,linked,osm+geonames,47.96667,11.30000,2000,2853066,Pöcking,P.PPLA4,DE,02,Q514747,relation/932449,0.95,entry context 2 km (50% of the entries),
Friedensdenkmal,50,locality,review,osm,48.37215,10.89548,1500,,,,,,,node/6267056178,0.60,OSM historic/memorial named after the place,
Schruns,50,locality,linked,osm+geonames,47.08028,9.91917,2000,2765581,Schruns,P.PPLA3,AT,08,Q603733,relation/76734,0.95,entry context 3 km (100% of the entries),
Ammersee Südende,50,locality,no_match,,,,,,,,,,,,0.00,no gazetteer entry,
Zell am See,49,locality,linked,osm+geonames,47.32306,12.79839,2000,2760634,Zell am See,P.PPLA3,AT,05,Q187572,relation/945962,0.95,entry context 30 km (33% of the entries),
Beckstetten,48,,linked,osm+geonames,47.98438,10.66886,1500,2951658,Beckstetten,P.PPL,DE,02,Q109659967,node/1685792817,0.95,entry context 2 km (100% of the entries),
Finsing,48,,linked,osm+geonames,48.21615,11.82412,2000,2926703,Finsing,P.PPLA4,DE,02,Q511719,relation/934744,0.95,entry context 2 km (100% of the entries),
Salzburg,48,locality,linked,osm+geonames,47.79941,13.04399,5000,2766824,Salzburg,P.PPLA,AT,05,Q34713,relation/86538,0.95,entry context 7 km (28% of the entries),
Wattbecken,48,locality,no_match,,,,,,,,,,,,0.00,no gazetteer entry,
Karlsring,48,,no_match,,,,,,,,,,,,0.00,no gazetteer entry,
Ismaninger Fischteiche,48,locality,linked,osm,48.21295,11.73915,1500,,,,,,Q61018113,relation/12038482,0.95,entry context 5 km (100% of the entries),
Riemerling,48,settlement,linked,osm+geonames,48.06024,11.68242,1500,2846989,Riemerling,P.PPL,DE,02,Q121434804,node/1574349205,0.95,,
Gadener Moos,48,locality,no_match,,,,,,,,,,,,0.00,no gazetteer entry,
Bogenhauser Brücke,47,,no_match,,,,,,,,,,,,0.00,no gazetteer entry,
Gut Hollern,47,locality,no_match,,,,,,,,,,,,0.00,no gazetteer entry,
Dauening,47,locality,no_match,,,,,,,,,,,,0.00,no gazetteer entry,
Leinau,46,locality,linked,osm+geonames,47.91647,10.61015,1500,2879207,Leinau,P.PPL,DE,02,Q113078345,node/82666337,0.95,entry context 2 km (94% of the entries),
Steinbach,46,locality,linked,osm+geonames,48.95712,9.47539,1500,2828836,Steinbach,P.PPL,DE,01,Q2339691,relation/16272121,0.95,,
Jachenau,46,locality,linked,osm+geonames,47.60574,11.43381,2000,2895517,Jachenau,P.PPLA4,DE,02,Q535418,relation/935251,0.95,entry context 4 km (89% of the entries),
Olching,46,locality,linked,osm+geonames,48.20000,11.33333,2000,2857472,Olching,P.PPLA4,DE,02,Q178486,relation/933493,0.95,entry context 4 km (100% of the entries),
Ismaning Speichersee,46,locality,no_match,,,,,,,,,,,,0.00,not geocoded yet (no Nominatim cache entry),
Buchenhügel,46,locality,review,osm+geonames,50.55847,11.49431,500,2942530,Buchenhügel,T.HLL,DE,15,Q30814297,node/7119910539,0.65,274 km from the entries' other places (0% within 80 km),
Totes Wäldchen,46,locality,no_match,,,,,,,,,,,,0.00,no gazetteer entry,
Mitterhaus,46,locality,linked,osm,47.70114,13.22532,1500,,,,,,,node/8923370434,0.95,entry context 31 km (25% of the entries),
Fiume,46,locality,review,geonames,45.32673,14.44241,5000,3191648,Rijeka,P.PPLA,HR,12,,,0.65,GeoNames alternate name match (HR),
Mindelsee,46,locality,linked,osm+geonames,47.75422,9.02167,1000,2871043,Mindelsee,H.LK,DE,01,Q62026906,relation/18336106,0.95,entry context 2 km (100% of the entries),
Hinterbrühl,46,locality,linked,osm+geonames,48.08611,16.24809,2000,2776358,Hinterbrühl,P.PPLA3,AT,03,Q664735,relation/111936,0.95,,
Germaring,46,settlement,no_match,,,,,,,,,,,,0.00,no gazetteer entry,
Zwiefalten,45,locality,linked,osm+geonames,48.23396,9.46232,2000,2803545,Zwiefalten,P.PPLA4,DE,01,Q83211,relation/2778122,0.95,entry context 2 km (100% of the entries),
Passau,45,settlement,linked,osm+geonames,48.56650,13.43122,2000,2855328,Passau,P.PPLA3,DE,02,Q4190,relation/62629,0.95,entry context 4 km (57% of the entries),
Hinterwöhr,45,locality,no_match,,,,,,,,,,,,0.00,no gazetteer entry,
Braunberg,45,locality,review,osm+geonames,48.14845,13.84264,1500,11669983,Braunberg,P.PPL,AT,04,,node/240057562,0.65,445 km from the entries' other places (0% within 80 km),
Ostinsel,45,locality,review,osm,-7.22720,72.41866,1500,,,,,,,way/132621379,0.55,8230 km from the entries' other places (0% within 80 km),
Riemer-Wiese,45,locality,no_match,,,,,,,,,,,,0.00,no gazetteer entry,
Oytal,44,locality,linked,osm,47.39034,10.33574,5000,,,,,,Q1463424,way/359087969,0.95,entry context 3 km (73% of the entries),
Traubing,44,,linked,osm+geonames,47.94211,11.25549,1500,2821533,Traubing,P.PPL,DE,02,Q1558397,node/1724649564,0.95,entry context 2 km (92% of the entries),
Klausenbrücke,44,,no_match,,,,,,,,,,,,0.00,no gazetteer entry,
Ismaninger Speichersee Westbecken,44,locality,no_match,,,,,,,,,,,,0.00,no gazetteer entry,
Erlen,44,locality,review,osm,47.91704,9.67258,300,,,,,,,node/2591911603,0.70,"far from most of the entries' other places (0% within 80 km, nearest 144 km)",
Innwiesing,44,locality,no_match,,,,,,,,,,,,0.00,no gazetteer entry,
Wörth-Ismaning,44,locality,no_match,,,,,,,,,,,,0.00,no gazetteer entry,
Isarhalde,44,locality,no_match,,,,,,,,,,,,0.00,no gazetteer entry,
Immenstadt,43,locality,linked,geonames,47.55920,10.21400,300,11972987,Immenstadt,S.RSTN,DE,02,,,0.95,GeoNames primary name match (DE); entry context 3 km (67% of the entries),
Preveza,43,route,linked,osm+geonames,38.95617,20.75050,3000,254698,Préveza,P.PPLA2,GR,ESYE21,Q213898,node/139648176,0.95,entry context 15 km (50% of the entries),
Kopenhagen,43,route,linked,osm+geonames,55.67594,12.56553,5000,2618425,Copenhagen,P.PPLC,DK,17,Q1748,node/13707878,0.95,entry context 11 km (60% of the entries),
Karpfenwinkel,43,locality,linked,osm,47.85403,12.53122,1000,,,,,,,way/478498755,0.85,,
Kämchen,43,locality,linked,osm,49.85383,6.15981,1500,,,,,,,relation/12319714,0.85,,
Perlach,43,,linked,osm+geonames,48.09952,11.62783,1000,2854857,Perlach,P.PPLX,DE,02,Q52382696,node/1569394920,0.95,entry context 6 km (100% of the entries),
Nebelhorn,42,,linked,osm+geonames,47.42167,10.34250,500,2866815,Nebelhorn,T.MT,DE,02,Q696067,node/276270971,0.95,entry context 5 km (64% of the entries),
Baierbrunn,42,,linked,osm+geonames,48.02030,11.48689,2000,2953213,Baierbrunn,P.PPLA4,DE,02,Q503705,relation/929705,0.95,entry context 3 km (100% of the entries),
Ermatingen,42,locality,linked,osm+geonames,47.67057,9.08573,1500,2660869,Ermatingen,P.PPL,CH,TG,Q65127,relation/1684517,0.95,entry context 4 km (50% of the entries),
Tutzinger Hütte,42,locality,linked,osm,47.65770,11.46243,1500,,,,,,Q2461881,way/97575267,0.90,OSM tourism/alpine_hut named after the place; entry context 6 km (100% of the entries),
Garatshausen,42,locality,linked,osm+geonames,47.91565,11.28571,1500,2922602,Garatshausen,P.PPL,DE,02,Q1493903,node/264661187,0.95,entry context 1 km (92% of the entries),
Gräfelfing,42,locality,linked,osm+geonames,48.11878,11.42939,2000,2918368,Gräfelfing,P.PPLA4,DE,02,Q504854,relation/2168243,0.95,entry context 10 km (100% of the entries),
Pörtschach,42,settlement,linked,osm+geonames,46.63639,14.14639,1500,2768497,Pörtschach am Wörthersee,P.PPL,AT,02,Q875805,relation/105936,0.95,entry context 2 km (100% of the entries),
Rouen,42,route,linked,osm+geonames,49.44313,1.09932,5000,2982652,Rouen,P.PPLA,FR,28,Q30974,relation/75628,0.95,entry context 3 km (50% of the entries),
Ascholding,42,,linked,osm+geonames,47.88780,11.50475,1500,2955157,Ascholding,P.PPL,DE,02,Q722854,node/34821457,0.95,entry context 4 km (100% of the entries),
Gröbenzell,42,locality,linked,osm+geonames,48.20000,11.36667,2000,2917221,Gröbenzell,P.PPLA4,DE,02,Q278609,relation/933494,0.95,entry context 17 km (100% of the entries),
Jägerbrunn,41,locality,review,osm,48.62685,13.08724,1500,,,,,,,node/12164183667,0.70,"far from most of the entries' other places (17% within 80 km, nearest 30 km)",
Unterhaching,41,locality,linked,osm+geonames,48.06598,11.61564,2000,2819465,Unterhaching,P.PPLA4,DE,02,Q264899,relation/497335,0.95,entry context 2 km (100% of the entries),
Tierparkauen,41,locality,no_match,,,,,,,,,,,,0.00,no gazetteer entry,
Tittmoning,41,settlement,linked,osm+geonames,48.06164,12.76760,1500,2822075,Tittmoning,P.PPL,DE,02,Q505158,relation/941656,0.95,,
Alsbach,41,locality,review,osm+geonames,49.74083,8.62337,1000,2958155,Alsbach,P.PPLX,DE,05,Q43273982,relation/14707235,0.65,233 km from the entries' other places (0% within 80 km),
Flecklehde,41,locality,no_match,,,,,,,,,,,,0.00,no gazetteer entry,
Ammer,40,locality,linked,osm,47.60546,11.05566,3000,,,,,,,way/50951793,0.95,entry context 1 km (75% of the entries),
Schloßberg,40,locality,linked,osm+geonames,48.37504,11.17788,1500,6543860,Schloßberg,P.PPL,DE,02,Q15127910,node/277675374,0.95,entry context 20 km (29% of the entries),
Meiningen,40,locality,linked,osm+geonames,47.29891,9.57862,2000,2771698,Meiningen,P.PPLA3,AT,08,Q700617,relation/75180,0.95,,
Zugspitze,40,locality,linked,osm+geonames,47.42118,10.98635,500,2760454,Zugspitze,T.MT,DE,02,Q3375,node/27384190,0.95,entry context 2 km (67% of the entries),
Aumühle,40,locality,linked,osm,47.95409,11.47038,1000,,,,,,Q19828269,node/1682211068,0.95,entry context 3 km (100% of the entries),
Gfällach,40,locality,linked,osm+geonames,48.33891,11.83806,3000,2920705,Gfällach,H.STM,DE,02,Q1970965,way/1121505235,0.95,entry context 6 km (100% of the entries),
Ammering,40,locality,review,osm+geonames,48.31667,15.55000,500,2782569,Ammering,T.MT,AT,03,,node/9321002921,0.65,295 km from the entries' other places (0% within 80 km),
Vhl.,40,locality,no_match,osm,47.04338,15.45853,1500,,,,,,,node/12450977430,0.30,OSM office/company named after the place; 194 km from the entries' other places (0% within 80 km),
Möserstein,40,locality,linked,osm,47.66510,13.09075,300,,,,,,,node/8587266578,0.85,,
Innerrhing,40,locality,no_match,,,,,,,,,,,,0.00,no gazetteer entry,
Benediktbeuern,39,locality,linked,osm+geonames,47.70624,11.41522,2000,2951104,Benediktbeuern,P.PPLA4,DE,02,Q503628,relation/935269,0.95,entry context 2 km (56% of the entries),
Sachenbach,39,locality,linked,osm+geonames,47.60745,11.37046,1500,2842581,Sachenbach,P.PPL,DE,02,Q1431304,node/259079783,0.95,entry context 2 km (100% of the entries),
Hohensteinau,39,route,no_match,,,,,,,,,,,,0.00,no gazetteer entry,
Roseninsel,39,locality,linked,osm+geonames,47.94175,11.30908,2000,2844962,Roseninsel,T.ISL,DE,02,Q263567,way/24352411,0.95,entry context 1 km (80% of the entries),
Stichrohr,39,locality,no_match,,,,,,,,,,,,0.00,no gazetteer entry,
Speichersee Moosburg und Eching,39,locality,no_match,,,,,,,,,,,,0.00,no gazetteer entry,
Wendelstein,38,locality,linked,osm+geonames,47.70343,12.01209,500,2811293,Wendelstein,T.MT,DE,02,Q819671,node/26865134,0.95,entry context 3 km (44% of the entries),
Pforzen,38,locality,linked,osm+geonames,47.92997,10.61357,2000,2853971,Pforzen,P.PPLA4,DE,02,Q516343,relation/447626,0.95,entry context 2 km (94% of the entries),
Kempten,38,locality,linked,osm+geonames,47.72674,10.31389,1500,2891621,Kempten (Allgäu),P.PPL,DE,02,Q3994,relation/62701,0.95,entry context 4 km (79% of the entries),
Günzburg,38,locality,linked,osm+geonames,48.45599,10.27695,2000,2913555,Günzburg,P.PPLA3,DE,02,Q489685,relation/964472,0.95,entry context 10 km (57% of the entries),
Reichenau,38,settlement,linked,osm+geonames,47.68885,9.06355,2000,3209418,Reichenau,P.PPLA4,DE,01,Q156439,relation/5335200,0.95,entry context 1 km (40% of the entries),
Großhesseloher Brücke,38,,linked,osm,48.07453,11.54054,1500,,,,,,Q1028257,way/161626743,0.90,OSM man_made/bridge named after the place; entry context 1 km (100% of the entries),
Odermündung,38,locality,no_match,,,,,,,,,,,,0.00,no gazetteer entry,
Loisach,37,locality,linked,osm+geonames,47.93333,11.45000,3000,2772288,Loisach,H.STM,AT,00,Q258400,way/93483688,0.95,entry context 3 km (88% of the entries),
Maximiliansanlagen,37,locality,linked,osm+geonames,48.13638,11.59443,10000,6544565,Maximiliansanlagen,L.AREA,DE,02,Q1914181,way/23040742,0.95,entry context 1 km (100% of the entries),
Töcking,37,settlement,no_match,,,,,,,,,,,,0.00,no gazetteer entry,
Versailles,37,locality,linked,osm+geonames,48.80359,2.13424,3000,2969679,Versailles,P.PPLA2,FR,11,Q621,relation/30295,0.95,entry context 17 km (100% of the entries),
Auweiher,37,locality,linked,osm,49.07685,12.70583,1000,,,,,,,way/26625561,0.95,entry context 22 km (100% of the entries),
Vorklärteiche,37,locality,no_match,,,,,,,,,,,,0.00,not geocoded yet (no Nominatim cache entry),
Clères,37,locality,linked,osm+geonames,49.60000,1.11667,1500,3024659,Clères,P.PPL,FR,28,Q1057646,relation/1240069,0.95,entry context 18 km (100% of the entries),
Greifenberg,37,settlement,linked,osm+geonames,48.07062,11.08349,2000,2917803,Greifenberg,P.PPLA4,DE,02,Q627500,relation/933870,0.95,entry context 4 km (100% of the entries),
Pasing,36,,linked,osm+geonames,48.14146,11.45599,1000,2855334,Pasing,P.PPLX,DE,02,Q256731,node/1617814689,0.95,entry context 4 km (92% of the entries),
Rauschen,36,settlement,review,osm+geonames,49.70844,9.14533,500,2849889,Rauschen,T.HLL,DE,02,,node/1659394233,0.50,157 km from the entries' other places (0% within 80 km),
Löwengrube,36,,linked,osm,48.13908,11.57300,1500,,,,,,Q106523047,way/91268749,0.90,OSM highway/pedestrian named after the place; entry context 39 km (25% of the entries),
Zürich,36,locality,linked,osm+geonames,47.36667,8.55000,5000,2657896,Zürich,P.PPLA,CH,ZH,Q72,relation/1682248,0.95,entry context 10 km (75% of the entries),
Oberaudorf,36,locality,linked,osm+geonames,47.64822,12.17242,2000,2861374,Oberaudorf,P.PPLA4,DE,02,Q524660,relation/2186930,0.95,entry context 4 km (38% of the entries),
Nassereith,36,locality,linked,osm+geonames,47.31667,10.83333,2000,2770927,Nassereith,P.PPLA3,AT,07,Q681692,relation/948185,0.95,entry context 6 km (100% of the entries),
Speichersee Ismaning,36,locality,linked,osm,48.21295,11.73915,1500,,,,,,Q61018113,relation/12038482,0.95,entry context 5 km (100% of the entries),
Iscking,36,settlement,no_match,,,,,,,,,,,,0.00,no gazetteer entry,
Kairing,36,locality,no_match,,,,,,,,,,,,0.00,no gazetteer entry,
Füssenberg,36,locality,linked,osm+geonames,49.07612,12.16921,1500,2923505,Fußenberg,P.PPL,DE,02,,node/264501681,0.80,"far from most of the entries' other places (0% within 80 km, nearest 113 km)",
Leinbach,36,locality,review,osm,48.68755,12.34455,500,,,,,,Q123243226,node/845121248,0.70,"far from most of the entries' other places (0% within 80 km, nearest 129 km)",
Seltmannshofer Baggersee,36,locality,no_match,,,,,,,,,,,,0.00,no gazetteer entry,
Eisweiher Püppel,36,locality,no_match,,,,,,,,,,,,0.00,no gazetteer entry,
Bad Schussenried,36,settlement,linked,osm+geonames,48.00468,9.65741,1500,2835635,Bad Schussenried,P.PPL,DE,01,Q522513,relation/2801317,0.95,,
Gennach,35,,linked,osm+geonames,48.12277,10.71500,1500,2921336,Gennach,P.PPL,DE,02,,node/34557683,0.95,entry context 28 km (100% of the entries),
Münchwald,35,locality,review,osm+geonames,49.90000,7.68333,2000,2867631,Münchwald,P.PPLA4,DE,08,Q640229,relation/1244214,0.65,323 km from the entries' other places (0% within 80 km),
Prinzregentenbrücke,34,locality,no_match,,,,,,,,,,,,0.00,no gazetteer entry,
Wertachwehr,34,locality,no_match,,,,,,,,,,,,0.00,no gazetteer entry,
Kaiserturm,34,locality,linked,osm,49.15168,9.21054,1500,,,,,,,way/89070905,0.90,OSM building/industrial named after the place; entry context 26 km (100% of the entries),
Sonthofen,34,locality,linked,osm+geonames,47.51821,10.28262,2000,2831088,Sonthofen,P.PPLA3,DE,02,Q162845,relation/156999,0.95,entry context 2 km (60% of the entries),
Wertachbrücke,34,locality,linked,osm,48.37895,10.88197,1500,,,,,,,way/68506936,0.90,OSM railway/platform named after the place; entry context 3 km (27% of the entries),
Rosenheim,34,,linked,osm+geonames,47.85637,12.12247,2000,2844988,Rosenheim,P.PPLA3,DE,02,Q4007,relation/2168233,0.95,entry context 8 km (59% of the entries),
Taching am See,34,settlement,linked,osm+geonames,47.95942,12.72933,1500,2824419,Taching am See,P.PPL,DE,02,Q253804,relation/941675,0.95,entry context 1 km (100% of the entries),
Gackelweiher,34,locality,no_match,,,,,,,,,,,,0.00,no gazetteer entry,
Georgenstein,34,,linked,osm,48.02307,11.49694,1500,,,,,,Q1508740,way/712537770,0.95,entry context 1 km (100% of the entries),
Oberbecken,34,locality,linked,osm,50.03942,9.58116,1000,,,,,,,way/4276511,0.95,entry context 24 km (50% of the entries),
Bad Schwalbach,34,settlement,linked,osm+geonames,50.14196,8.06964,2000,2953348,Bad Schwalbach,P.PPLA3,DE,05,Q522541,relation/1734859,0.95,,
Karolinger Allee,34,locality,no_match,,,,,,,,,,,,0.00,no gazetteer entry,
Wertachdurchbruch,33,locality,no_match,,,,,,,,,,,,0.00,no gazetteer entry,
Spittelwald,33,locality,no_match,osm,46.94554,7.65843,1500,,,,,,,node/8321534285,0.30,OSM information/guidepost named after the place; 246 km from the entries' other places (0% within 80 km),
Obsteig,33,locality,linked,osm+geonames,47.30000,10.93333,2000,3319578,Obsteig,P.PPLA3,AT,07,Q693962,relation/944614,0.95,entry context 3 km (100% of the entries),
Kapuzinerhölzl,33,locality,linked,osm,48.16861,11.49684,1500,,,,,,Q23786630,relation/8783267,0.95,entry context 1 km (100% of the entries),
Haynau,33,settlement,linked,osm+geonames,51.27373,15.93661,2000,3101660,Chojnów,P.PPLA3,PL,72,Q478869,relation/2841261,0.95,,
Füzing,33,settlement,no_match,,,,,,,,,,,,0.00,no gazetteer entry,
Reichbeuren,33,settlement,no_match,,,,,,,,,,,,0.00,no gazetteer entry,
Kiesberg,33,locality,linked,osm+geonames,50.39490,8.73250,500,2891003,Kiesberg,T.HLL,DE,05,Q31353342,way/572836877,0.95,,
Grammet,33,locality,review,osm,47.48515,7.76991,300,,,,,,,node/6300635618,0.55,293 km from the entries' other places (0% within 80 km),
Dürrenastwald,33,locality,no_match,,,,,,,,,,,,0.00,no gazetteer entry,
Dießing,33,settlement,no_match,,,,,,,,,,,,0.00,no gazetteer entry,
Biessenhofen,32,,linked,osm+geonames,47.83057,10.64022,2000,2949032,Biessenhofen,P.PPLA4,DE,02,Q531945,relation/447976,0.95,entry context 2 km (100% of the entries),
Rauschbeeren,32,locality,no_match,,,,,,,,,,,,0.00,no gazetteer entry,
Memmingen,32,locality,linked,osm+geonames,47.98372,10.18527,1500,2871992,Memmingen,P.PPL,DE,02,Q14825,relation/62590,0.95,entry context 12 km (62% of the entries),
Aschering,32,,linked,osm+geonames,47.96464,11.25463,1500,2955174,Aschering,P.PPL,DE,02,Q722548,relation/1663202,0.95,entry context 1 km (100% of the entries),
London,32,,linked,osm+geonames,51.50853,-0.12574,5000,2643743,London,P.PPLC,GB,ENG,Q84,relation/175342,0.95,,
Isar-Oder-Moos,32,locality,no_match,,,,,,,,,,,,0.00,no gazetteer entry,
Benning,32,locality,linked,osm+geonames,47.93963,12.19585,1500,2951015,Benning,P.PPL,DE,02,,node/256278792,0.95,,
Flachleite,32,locality,no_match,,,,,,,,,,,,0.00,no gazetteer entry,
Bernbacher Moos,31,locality,no_match,,,,,,,,,,,,0.00,no gazetteer entry,
Rietrau,31,locality,no_match,,,,,,,,,,,,0.00,no gazetteer entry,
Berchtesgaden,31,locality,linked,osm+geonames,47.63236,13.00187,1500,2950881,Berchtesgaden,P.PPL,DE,02,Q278221,relation/941837,0.95,entry context 4 km (23% of the entries),
Kofel,31,locality,linked,osm,47.58686,11.05953,300,,,,,,Q1641755,node/296034076,0.95,entry context 1 km (57% of the entries),
Warnemünde,31,,linked,osm+geonames,54.17670,12.08402,1000,2814055,Warnemünde,P.PPLX,DE,12,Q311849,relation/288466,0.95,entry context 1 km (80% of the entries),
Schwarzmoos,31,locality,linked,osm+geonames,48.01574,13.56485,1500,11609638,Schwarzmoos,P.PPL,AT,04,,node/240056276,0.95,,
Laufzorn,31,,linked,osm+geonames,48.01479,11.55350,1500,2880106,Laufzorn,P.PPL,DE,02,Q1676302,node/1682211132,0.95,entry context 2 km (100% of the entries),
Innerving,31,settlement,no_match,,,,,,,,,,,,0.00,no gazetteer entry,
Seemoos,30,locality,linked,osm,47.79660,10.54954,1000,,,,,,,relation/2134839,0.95,entry context 0 km (67% of the entries),
Schlingen,30,locality,linked,osm+geonames,47.96964,10.62092,1500,2838485,Schlingen,P.PPL,DE,02,Q1285510,node/82666336,0.95,entry context 4 km (91% of the entries),
Gasteig-Anlagen,30,locality,no_match,,,,,,,,,,,,0.00,no gazetteer entry,
Untersberg,30,locality,linked,osm+geonames,47.70000,12.98333,5000,2818796,Untersberg,T.MTS,AT,00,Q369269,relation/2110289,0.95,entry context 7 km (67% of the entries),
Westufer,30,,review,osm,52.15362,10.30279,500,,,,,,,way/32143376,0.55,211 km from the entries' other places (0% within 80 km),
Galtür,30,locality,linked,osm+geonames,46.96667,10.18333,2000,2778953,Galtür,P.PPLA3,AT,07,Q668195,relation/77046,0.95,entry context 3 km (100% of the entries),
Westheim,30,locality,linked,osm+geonames,48.38647,10.81839,1500,2810129,Westheim,P.PPL,DE,02,Q1674988,relation/3684026,0.95,,
Gallenweiher II,30,locality,no_match,,,,,,,,,,,,0.00,no gazetteer entry,
Tierparkbrücke,30,,no_match,,,,,,,,,,,,0.00,no gazetteer entry,
Gremmendorf,30,,review,osm+geonames,51.92892,7.67421,1000,2917719,Gremmendorf,P.PPLX,DE,07,Q896712,relation/3719219,0.65,238 km from the entries' other places (0% within 80 km),
Breitenthal,30,locality,linked,osm+geonames,48.23782,10.29951,2000,2944529,Breitenthal,P.PPLA4,DE,02,Q627506,relation/964151,0.95,entry context 29 km (20% of the entries),
Ammerung,30,locality,no_match,,,,,,,,,,,,0.00,no gazetteer entry,
Aschheimer Brücke,30,locality,no_match,,,,,,,,,,,,0.00,no gazetteer entry,
Auffahrtsallee,30,locality,no_match,,,,,,,,,,,,0.00,no gazetteer entry,
Ika,30,locality,linked,osm+geonames,45.30361,14.28167,1500,3199148,Ika,P.PPL,HR,12,Q3148382,relation/18786920,0.95,entry context 0 km (100% of the entries),
Tietzow,30,settlement,linked,osm+geonames,52.71248,12.93365,1500,2822205,Tietzow,P.PPL,DE,11,Q2432655,relation/1843093,0.95,,
Mühlbach,29,locality,linked,osm,48.09851,11.54644,1500,,,,,,Q58838468,relation/9906136,0.95,entry context 5 km (40% of the entries),
Türkheim,29,locality,linked,osm+geonames,48.06401,10.64156,1500,2820752,Türkheim,P.PPL,DE,02,Q552257,relation/958165,0.95,entry context 7 km (82% of the entries),
Wertachauen,29,locality,linked,osm,47.88038,10.63210,1500,,,,,,,way/93776842,0.95,entry context 1 km (100% of the entries),
Bad Wörishofen,29,locality,linked,osm+geonames,48.00674,10.59666,1500,2953313,Bad Wörishofen,P.PPL,DE,02,Q504579,relation/445544,0.95,entry context 4 km (100% of the entries),
Kochel,29,settlement,linked,geonames,47.66065,11.37099,300,11974419,Kochel,S.RSTN,DE,02,,,0.95,GeoNames primary name match (DE); entry context 5 km (100% of the entries),
Feldafing,29,,linked,osm+geonames,47.94602,11.29326,2000,2927464,Feldafing,P.PPLA4,DE,02,Q507424,relation/932437,0.95,entry context 1 km (86% of the entries),
Schwabing,29,locality,linked,osm+geonames,48.15830,11.58616,1000,2835485,Schwabing,P.PPLX,DE,02,Q252119,node/7437753753,0.95,entry context 1 km (100% of the entries),
Spartochori,29,locality,review,osm+geonames,38.65871,20.75910,1500,253382,Spartokhórion,P.PPL,GR,ESYE22,Q21103914,node/792992361,0.65,249 km from the entries' other places (0% within 80 km),
Hohenleiten,29,,linked,osm,47.81053,11.37281,500,,,,,,Q77259177,node/462185339,0.95,entry context 1 km (100% of the entries),
Altheimacher Wald,29,locality,no_match,,,,,,,,,,,,0.00,no gazetteer entry,
Erling,29,locality,linked,osm+geonames,47.96838,11.18570,1500,2929426,Erling,P.PPL,DE,02,Q24261814,node/6441636195,0.95,entry context 1 km (100% of the entries),
Station Föhringer Kanal,29,locality,no_match,,,,,,,,,,,,0.00,no gazetteer entry,
Basel,29,route,linked,osm+geonames,47.55839,7.57327,5000,2661604,Basel,P.PPLA,CH,BS,Q78,relation/1683619,0.95,entry context 4 km (25% of the entries),
Mörschwil,29,locality,review,osm+geonames,47.47097,9.42278,1500,2659579,Mörschwil,P.PPL,CH,SG,Q66334,relation/1683909,0.65,177 km from the entries' other places (0% within 80 km),
Tübingen,29,settlement,linked,osm+geonames,48.52266,9.05222,3000,2820860,Tübingen,P.PPLA2,DE,01,Q3806,relation/2778914,0.95,,
Gasteiganlagen,28,locality,no_match,,,,,,,,,,,,0.00,not geocoded yet (no Nominatim cache entry),
Maximilianeum,28,locality,review,osm+geonames,48.13585,11.59611,1000,11610236,Maximilianeum,P.PPLX,DE,02,Q266759,way/325929848,0.60,OSM tourism/attraction named after the place; named after a settlement elsewhere; not confirmed by context (2 km),
Ostrach,28,locality,linked,osm+geonames,47.53333,10.25000,3000,3205559,Ostrach,H.STM,DE,02,Q2035886,relation/1422293,0.95,entry context 3 km (83% of the entries),
Ammermoos,28,locality,no_match,,,,,,,,,,,,0.00,no gazetteer entry,
Krumbach,28,locality,linked,osm+geonames,48.24182,10.36320,1500,2883410,Krumbach,P.PPL,DE,02,Q504803,relation/444105,0.95,entry context 24 km (22% of the entries),
Bernbacher Weiher,28,,no_match,,,,,,,,,,,,0.00,no gazetteer entry,
Marienbrücke,28,locality,linked,osm,47.91685,11.44664,1500,,,,,,Q1897653,relation/12404991,0.90,OSM man_made/bridge named after the place; entry context 22 km (100% of the entries),
Gomaringen,28,,linked,osm+geonames,48.45349,9.09582,2000,2919146,Gomaringen,P.PPLA4,DE,01,Q507707,relation/2778693,0.95,entry context 35 km (100% of the entries),
Rappenalptal,28,locality,linked,osm+geonames,47.29903,10.23705,5000,13512572,Rappenalptal,T.VAL,DE,02,Q1521862,way/955274979,0.95,entry context 5 km (33% of the entries),
Texel III,28,locality,no_match,,,,,,,,,,,,0.00,no gazetteer entry,
Frösching,28,settlement,linked,osm,48.33945,12.46649,500,,,,,,,node/1234617667,0.85,,
Puching,28,settlement,no_match,,,,,,,,,,,,0.00,no gazetteer entry,
Regensburg,28,locality,linked,osm+geonames,49.01513,12.10161,3000,2849483,Regensburg,P.PPLA2,DE,02,Q2978,relation/62411,0.95,entry context 4 km (33% of the entries),
Karlin,28,locality,review,osm+geonames,48.97578,16.97730,1500,3073841,Karlín,P.PPL,CZ,78,Q929698,relation/441106,0.65,484 km from the entries' other places (0% within 80 km),
Feldwieser Bucht,28,locality,linked,osm,47.84477,12.47414,2000,,,,,,,node/5605024334,0.95,entry context 2 km (50% of the entries),
Alte Akademie,28,locality,linked,osm,48.39496,11.72918,1500,,,,,,Q107475710,way/726100356,0.90,OSM highway/pedestrian named after the place; entry context 18 km (100% of the entries),
Isarwehr,28,locality,linked,osm,48.02691,11.50214,1500,,,,,,Q96748042,way/171381911,0.90,OSM building/industrial named after the place; entry context 13 km (100% of the entries),
Menterschwaige,28,locality,linked,osm,48.08015,11.55179,1500,,,,,,,node/1495572898,0.90,OSM railway/stop named after the place; entry context 1 km (100% of the entries),
Hirschberg,28,settlement,linked,osm+geonames,50.40538,11.81829,1500,2903720,Hirschberg,P.PPL,DE,15,Q630383,relation/2179169,0.95,,
Lungkwitz,28,settlement,review,osm+geonames,50.93381,13.77385,1500,2875095,Lungkwitz,P.PPL,DE,13,Q1877492,relation/20676401,0.65,230 km from the entries' other places (0% within 80 km),
Ismaninger Speichersee-Gebiet,28,locality,no_match,,,,,,,,,,,,0.00,no gazetteer entry,
Isarstausee,28,locality,linked,osm,47.49272,11.28035,1000,,,,,,,relation/3388854,0.85,,
Dorfbach,28,locality,linked,osm,48.73919,10.99646,3000,,,,,,,way/431338140,0.85,,
Walgaublick,28,locality,no_match,,,,,,,,,,,,0.00,no gazetteer entry,
Florabahn,28,locality,no_match,,,,,,,,,,,,0.00,no gazetteer entry,
Elbe,27,locality,linked,osm+geonames,52.08333,10.28333,2000,3208598,Elbe,P.PPLA4,DE,06,Q689718,relation/1432666,0.95,,
Göcking,27,locality,review,osm,52.29667,7.47155,1500,,,,,,,way/132335599,0.55,438 km from the entries' other places (0% within 80 km),
Herzogpark,27,locality,linked,osm+geonames,48.15818,11.61505,1000,11610683,Herzogpark,P.PPLX,DE,02,,node/1700472151,0.95,entry context 4 km (100% of the entries),
Ulm,27,settlement,linked,osm+geonames,48.39841,9.99155,2000,2820256,Ulm,P.PPLA3,DE,01,Q3012,relation/62495,0.95,entry context 7 km (31% of the entries),
Bernried am Starnberger See,27,locality,linked,osm+geonames,47.86604,11.29386,2000,2949976,Bernried,P.PPLA4,DE,02,Q31652,relation/936914,0.95,entry context 4 km (100% of the entries),
Ehrwald,27,route,linked,osm+geonames,47.40000,10.91667,2000,3319581,Ehrwald,P.PPLA3,AT,07,Q667088,relation/37838,0.95,entry context 2 km (75% of the entries),
Würm,27,,linked,osm,48.12358,11.44636,3000,,,,,,,way/849595862,0.95,entry context 2 km (100% of the entries),
Deichelrieder See,27,locality,no_match,,,,,,,,,,,,0.00,no gazetteer entry,
Jägerbrunner Winkel,27,locality,no_match,,,,,,,,,,,,0.00,no gazetteer entry,
Nymphenburger Kanal,27,locality,linked,osm,48.15711,11.47072,1500,,,,,,Q19250109,way/30268667,0.95,entry context 1 km (100% of the entries),
Gersthofen,26,locality,linked,osm+geonames,48.42432,10.87273,1500,2920891,Gersthofen,P.PPL,DE,02,Q502767,relation/443126,0.95,entry context 6 km (38% of the entries),
Sankt Alban,26,locality,linked,osm+geonames,47.96072,11.10373,1500,2841676,Sankt Alban,P.PPL,DE,02,,node/10209436425,0.95,entry context 1 km (80% of the entries),
Schlossberg,26,locality,linked,geonames,47.86667,10.65000,500,2838412,Schloßberg,T.HLL,DE,02,Q31328733,,0.95,GeoNames primary name match (DE); entry context 1 km (100% of the entries),
Geiselgasteig,26,,linked,osm+geonames,48.06122,11.54500,1500,2921743,Geiselgasteig,P.PPL,DE,02,Q258622,node/2487073988,0.95,entry context 2 km (100% of the entries),
Icking,26,route,linked,osm+geonames,47.95000,11.43333,2000,2896761,Icking,P.PPLA4,DE,02,Q254148,relation/935092,0.95,entry context 2 km (100% of the entries),
Sauerlach,26,locality,linked,osm+geonames,47.97171,11.65383,2000,2841178,Sauerlach,P.PPLA4,DE,02,Q507232,relation/929730,0.95,entry context 5 km (100% of the entries),
Lefkada,26,route,linked,osm+geonames,38.83036,20.70442,3000,258438,Lefkáda,P.PPLA2,GR,ESYE22,Q941736,node/275295844,0.95,entry context 15 km (100% of the entries),
Salvatorkirche,26,locality,linked,osm,48.14165,11.57484,1500,,,,,,Q328188,way/88438056,0.90,OSM amenity/place_of_worship named after the place; entry context 1 km (100% of the entries),
Birkenstein,26,locality,linked,osm+geonames,47.71652,11.96042,1500,2948519,Birkenstein,P.PPL,DE,02,,node/294017242,0.95,entry context 1 km (40% of the entries),
Staffelsee,26,locality,linked,osm+geonames,47.68293,11.17413,1000,2829702,Staffelsee,H.LK,DE,02,Q278982,relation/154667,0.95,entry context 2 km (56% of the entries),
Ostufer des Sees,26,locality,linked,osm,47.92373,11.33222,1500,,,,,,Q59419878,way/1110795945,0.95,entry context 35 km (50% of the entries),
Fricking,26,settlement,no_match,osm+geonames,47.53024,12.41180,1500,2779248,Fricking,P.PPL,AT,07,,way/105304751,0.30,"OSM building/yes named after the place; far from most of the entries' other places (0% within 80 km, nearest 102 km)",
Lenggries,26,locality,linked,osm+geonames,47.68271,11.57474,2000,2878824,Lenggries,P.PPLA4,DE,02,Q532151,relation/935242,0.95,entry context 9 km (20% of the entries),
Schlosspark Nymphenburg,26,locality,linked,osm+geonames,48.15813,11.50097,800,2861524,Schlosspark Nymphenburg,L.PRK,DE,02,Q268492,relation/1394363,0.95,entry context 6 km (100% of the entries),
Ismaninger Stausee,26,locality,no_match,,,,,,,,,,,,0.00,no gazetteer entry,
Gstadt am Chiemsee,26,locality,linked,osm+geonames,47.88453,12.41813,1500,2913942,Gstadt am Chiemsee,P.PPL,DE,02,Q629619,relation/2186925,0.95,entry context 1 km (80% of the entries),
Ammeringer Teichgebiet,26,locality,no_match,,,,,,,,,,,,0.00,no gazetteer entry,
Westinsel,26,locality,review,osm,-7.24832,72.38450,1500,,,,,,,way/23047026,0.55,8230 km from the entries' other places (0% within 80 km),
Isar beim Stauwehr,26,locality,no_match,,,,,,,,,,,,0.00,no gazetteer entry,
Isaraugebiet Glück,26,locality,no_match,,,,,,,,,,,,0.00,no gazetteer entry,
Sanatorium,26,locality,review,osm,48.40609,8.77237,500,,,,,,,way/541764273,0.70,"far from most of the entries' other places (9% within 80 km, nearest 50 km)",
Ermaning,26,locality,no_match,,,,,,,,,,,,0.00,no gazetteer entry,
Selb,26,locality,linked,osm+geonames,50.17058,12.13054,1500,2833296,Selb,P.PPL,DE,02,Q49812,relation/1022879,0.95,entry context 5 km (33% of the entries),
Müllergeräumt,26,locality,no_match,,,,,,,,,,,,0.00,no gazetteer entry,
Uferfelsen,26,locality,no_match,,,,,,,,,,,,0.00,no gazetteer entry,
Hütte,26,,linked,osm+geonames,47.38333,12.41667,1500,3323979,Hütte,P.PPL,AT,07,,node/13151927531,0.80,"far from most of the entries' other places (0% within 80 km, nearest 101 km)",
Riedpacht,26,locality,no_match,,,,,,,,,,,,0.00,no gazetteer entry,
Hinterbrühler Kanal,26,locality,no_match,,,,,,,,,,,,0.00,no gazetteer entry,
Ossiach,26,locality,linked,osm+geonames,46.67435,13.98358,2000,2769391,Ossiach,P.PPLA3,AT,02,Q661996,relation/106205,0.95,entry context 2 km (100% of the entries),
Isarharfe,26,locality,no_match,,,,,,,,,,,,0.00,no gazetteer entry,
Friedrichshafen,25,,linked,osm+geonames,47.65689,9.47554,2000,2924585,Friedrichshafen,P.PPLA3,DE,01,Q4051,relation/2783849,0.95,entry context 6 km (100% of the entries),
Eurasburg,25,,linked,osm+geonames,47.85389,11.40587,2000,2928408,Eurasburg,P.PPLA4,DE,02,Q552713,relation/935157,0.95,entry context 3 km (100% of the entries),
Bonn,25,route,linked,osm+geonames,50.73438,7.09549,2000,2946447,Bonn,P.PPLA3,DE,07,Q586,relation/62508,0.95,entry context 20 km (38% of the entries),
Tegernsee,25,locality,linked,osm+geonames,47.71230,11.75820,1500,2823679,Tegernsee,P.PPL,DE,02,Q260130,relation/935954,0.95,entry context 2 km (50% of the entries),
Hegnau,25,settlement,linked,osm+geonames,47.39227,8.66988,1000,6295517,Hegnau,P.PPLX,CH,ZH,Q22703149,node/1684709402,0.95,entry context 3 km (33% of the entries),
Prien,25,locality,linked,osm+geonames,47.85602,12.34623,1500,2852101,Prien am Chiemsee,P.PPL,DE,02,Q18863,relation/2186932,0.95,entry context 3 km (75% of the entries),
Simbach,24,locality,linked,osm+geonames,48.26548,13.02309,1500,2832043,Simbach am Inn,P.PPL,DE,02,Q253236,relation/957049,0.95,entry context 20 km (25% of the entries),
Konstanz,24,,linked,osm+geonames,47.66033,9.17582,2000,2885679,Konstanz,P.PPLA3,DE,01,Q3834,relation/2784842,0.95,entry context 3 km (100% of the entries),
Aach,24,locality,linked,osm+geonames,47.84240,8.85384,1500,2959946,Aach,P.PPL,DE,01,Q62158,relation/1104550,0.95,,
Eichstätt,24,locality,linked,osm+geonames,48.88854,11.19675,2000,2932069,Eichstätt,P.PPLA3,DE,02,Q252772,relation/943557,0.95,entry context 22 km (25% of the entries),
Hamburg,24,,linked,osm+geonames,53.55073,9.99302,5000,2911298,Hamburg,P.PPLA,DE,04,Q1055,relation/62782,0.95,,
Bumberg,24,route,review,osm,47.45600,11.98018,500,,,,,,,node/1979661464,0.55,220 km from the entries' other places (0% within 80 km),
Anteringer Moos,24,locality,no_match,,,,,,,,,,,,0.00,no gazetteer entry,
Texel,24,region,linked,osm+geonames,53.07883,4.81166,20000,2746383,Gemeente Texel,A.ADM2,NL,07,Q9966,relation/296984,0.95,entry context 4 km (100% of the entries),
Paris,24,,linked,osm+geonames,48.85341,2.34880,5000,2988507,Paris,P.PPLC,FR,11,Q90,relation/71525,0.95,entry context 1 km (40% of the entries),
Es-See,24,locality,no_match,,,,,,,,,,,,0.00,no gazetteer entry,
Wörth,24,,linked,osm+geonames,48.24531,11.90214,2000,3208380,Wörth,P.PPLA4,DE,02,Q528465,relation/934776,0.95,entry context 16 km (100% of the entries),
Weiden in der Oberpfalz,24,locality,linked,osm+geonames,49.68667,12.16167,8000,3220860,Kreisfreie Stadt Weiden in der Oberpfalz,A.ADM3,DE,02,Q14803,relation/62554,0.95,entry context 4 km (50% of the entries),
Plattling,24,locality,linked,osm+geonames,48.77866,12.87509,1500,2853310,Plattling,P.PPL,DE,02,Q509566,relation/959822,0.95,entry context 5 km (38% of the entries),
Thiersteinreuther Weiher,24,locality,no_match,,,,,,,,,,,,0.00,no gazetteer entry,
Kabelsteg,24,locality,linked,osm,48.13450,11.58934,1500,,,,,,Q1666575,way/360825032,0.90,OSM man_made/bridge named after the place; entry context 1 km (100% of the entries),
Bucht von Arta,24,locality,no_match,,,,,,,,,,,,0.00,no gazetteer entry,
Flaucheranlagen,24,locality,linked,osm,48.10762,11.55252,1500,,,,,,,node/4229141795,0.90,OSM information/map named after the place; entry context 1 km (100% of the entries),
Feldmochinger Baggersee,24,locality,no_match,,,,,,,,,,,,0.00,no gazetteer entry,
Eching und Moosburg,24,locality,no_match,,,,,,,,,,,,0.00,no gazetteer entry,
Bad Schmeis,24,settlement,no_match,,,,,,,,,,,,0.00,no gazetteer entry,
Bad Schopis,24,settlement,no_match,,,,,,,,,,,,0.00,no gazetteer entry,
Bad Schmilka,24,settlement,no_match,,,,,,,,,,,,0.00,no gazetteer entry,
Krippen,24,locality,linked,osm+geonames,50.90823,14.16636,1500,2883874,Krippen,P.PPL,DE,13,Q1789042,relation/20429522,0.95,entry context 1 km (100% of the entries),
Flaklehk,24,locality,no_match,,,,,,,,,,,,0.00,no gazetteer entry,
Stockleite,24,locality,review,osm,49.52830,11.84507,500,,,,,,,node/12278761620,0.55,156 km from the entries' other places (0% within 80 km),
Alatsee,23,locality,linked,osm+geonames,47.56138,10.63922,1000,2958770,Alatsee,H.LK,DE,02,Q2637108,way/431145409,0.95,entry context 1 km (80% of the entries),
Stötten am Auerberg,23,locality,linked,osm+geonames,47.73871,10.68881,1500,2826341,Stötten am Auerberg,P.PPL,DE,02,Q511941,relation/448120,0.95,entry context 0 km (100% of the entries),
Dittersbach,23,locality,linked,osm+geonames,50.79195,13.48635,1500,2936746,Dittersbach,P.PPL,DE,13,Q1230362,node/206235132,0.95,entry context 34 km (50% of the entries),
Kirchbühl,23,locality,linked,osm,47.62271,9.65918,300,,,,,,Q138676504,node/13649666021,0.85,,
Theresienwiese,23,locality,linked,osm+geonames,48.13141,11.54989,10000,6544568,Theresienwiese,L.AREA,DE,02,Q1984610,node/2660347912,0.90,OSM railway/station named after the place; entry context 2 km (100% of the entries),
Ingolstadt,23,locality,linked,osm+geonames,48.76508,11.42372,2000,2895992,Ingolstadt,P.PPLA3,DE,02,Q3004,relation/62381,0.95,entry context 12 km (75% of the entries),
Biberwier,23,locality,linked,osm+geonames,47.38333,10.90000,2000,2781800,Biberwier,P.PPLA3,AT,07,Q688765,relation/67691,0.95,entry context 2 km (100% of the entries),
Seefeld in Tirol,23,route,linked,osm+geonames,47.33016,11.18786,2000,2765278,Seefeld in Tirol,P.PPLA3,AT,07,Q660035,relation/942611,0.95,entry context 2 km (100% of the entries),
Fucking,23,settlement,no_match,geonames,48.06741,12.86310,1500,2779155,Fugging,P.PPL,AT,04,,,0.25,"GeoNames alternate name match (AT); far from most of the entries' other places (0% within 80 km, nearest 123 km)",
Meiring,23,settlement,no_match,osm,52.58780,9.14548,1500,,,,,,,way/345752996,0.15,OSM building/barn named after the place; 398 km from the entries' other places (0% within 80 km),
Berndorf,23,settlement,linked,osm+geonames,49.35046,12.55440,1500,2950065,Berndorf,P.PPL,DE,02,Q113077237,node/272339363,0.95,,
Mittergeräumt,23,locality,no_match,,,,,,,,,,,,0.00,no gazetteer entry,
Weißenhorn,23,locality,linked,osm+geonames,48.30501,10.16047,1500,2811879,Weißenhorn,P.PPL,DE,02,Q519677,relation/941081,0.95,entry context 4 km (50% of the entries),
Annenheim,23,,linked,osm+geonames,46.65909,13.90036,1500,2782485,Annenheim,P.PPL,AT,02,,node/176983595,0.95,entry context 2 km (100% of the entries),
Rimsting,23,,linked,osm+geonames,47.88078,12.33713,2000,2846715,Rimsting,P.PPLA4,DE,02,Q532970,relation/2186936,0.95,entry context 3 km (100% of the entries),
Riedloh,22,locality,no_match,,,,,,,,,,,,0.00,no gazetteer entry,
Riedrau,22,settlement,no_match,,,,,,,,,,,,0.00,no gazetteer entry,
Artlenburg,22,settlement,linked,osm+geonames,53.37182,10.48793,1500,2955389,Artlenburg,P.PPL,DE,06,Q555845,relation/1388559,0.80,"far from most of the entries' other places (0% within 80 km, nearest 138 km)",
Lewitz,22,locality,review,osm,52.47369,15.97779,1000,,,,,,Q11755406,node/31619498,0.55,637 km from the entries' other places (0% within 80 km),
Frauenkirche,22,locality,linked,osm,48.13858,11.57359,1500,,,,,,Q167193,way/225698612,0.90,OSM amenity/place_of_worship named after the place; entry context 0 km (100% of the entries),
Rhein,22,,linked,osm+geonames,47.69682,8.64161,1000,11789587,Rhein,P.PPLX,CH,SH,,way/1337145285,0.95,entry context 0 km (50% of the entries),
Donaueschingen,22,locality,linked,osm+geonames,47.95514,8.49707,1500,2936267,Donaueschingen,P.PPL,DE,01,Q83062,relation/1242301,0.95,,
Mühlthal,22,locality,linked,geonames,48.03538,11.35892,1500,2867893,Mühlthal,P.PPL,DE,02,,,0.95,GeoNames primary name match (DE); entry context 3 km (100% of the entries),
Weßling,22,route,linked,osm+geonames,48.07452,11.24820,2000,2810587,Weßling,P.PPLA4,DE,02,Q536419,relation/936656,0.95,entry context 1 km (100% of the entries),
Maininger Schlucht,22,locality,no_match,,,,,,,,,,,,0.00,not geocoded yet (no Nominatim cache entry),
Giebel,22,locality,linked,osm+geonames,47.41289,10.39863,500,2920662,Giebel,T.MT,DE,02,Q601822,node/913851937,0.95,entry context 3 km (71% of the entries),
Eckbauer,22,locality,linked,osm+geonames,47.46639,11.13389,300,6939832,Eckbauer,T.PK,DE,02,Q31556020,node/1161728265,0.95,entry context 1 km (100% of the entries),
Raufsteinen,22,locality,no_match,,,,,,,,,,,,0.00,no gazetteer entry,
Fischbachau,22,locality,linked,osm+geonames,47.71952,11.95081,2000,2926586,Fischbachau,P.PPLA4,DE,02,Q572448,relation/935958,0.95,entry context 1 km (75% of the entries),
Dampferlände,22,locality,no_match,,,,,,,,,,,,0.00,no gazetteer entry,
Alzmündung bei Feldwies,22,locality,no_match,,,,,,,,,,,,0.00,no gazetteer entry,
Walleralpe,22,locality,no_match,,,,,,,,,,,,0.00,no gazetteer entry,
Griend,22,locality,no_match,osm,50.85140,5.69742,1500,,,,,,,way/139513068,0.30,OSM highway/pedestrian named after the place; 486 km from the entries' other places (0% within 80 km),
Unterzeismering,22,locality,linked,osm+geonames,47.89028,11.26596,1500,2818343,Unterzeismering,P.PPL,DE,02,Q64211391,node/1724649582,0.95,entry context 2 km (100% of the entries),
Mönchsee,22,locality,review,osm,49.95159,10.82516,1000,,,,,,Q32662278,way/599974170,0.55,209 km from the entries' other places (0% within 80 km),
Isaranlagen,22,locality,no_match,,,,,,,,,,,,0.00,no gazetteer entry,
Nymphenburger Schlossrondell,22,locality,no_match,,,,,,,,,,,,0.00,no gazetteer entry,
Emminger Speichersee,22,locality,no_match,,,,,,,,,,,,0.00,no gazetteer entry,
NS.,22,locality,no_match,osm,50.28031,12.38863,1500,,,,,,,node/11088913625,0.30,OSM information/board named after the place; 230 km from the entries' other places (0% within 80 km),
Birketweiher,22,locality,review,osm,48.44784,10.29379,1000,,,,,,,way/151567389,0.70,"far from most of the entries' other places (0% within 80 km, nearest 101 km)",
Wirbelbecken,22,locality,no_match,,,,,,,,,,,,0.00,no gazetteer entry,
Feldmochinger Baggerseen,22,locality,no_match,,,,,,,,,,,,0.00,not geocoded yet (no Nominatim cache entry),
Zicksee,22,locality,review,osm+geonames,47.78333,16.90000,1000,2760585,Zicksee,H.LK,AT,01,Q21864147,relation/545932,0.65,398 km from the entries' other places (0% within 80 km),
Staustufe,22,locality,no_match,,,,,,,,,,,,0.00,no gazetteer entry,
Auerberg,21,locality,linked,osm+geonames,47.73333,10.73333,500,2954580,Auerberg,T.MT,DE,02,Q759244,node/529449076,0.95,,
Sachsenbach,21,locality,review,geonames,49.59159,10.62133,3000,2842564,Sachsenbach,H.STM,DE,02,,,0.40,GeoNames primary name match (DE); 170 km from the entries' other places (0% within 80 km),
Oberstaufen,21,route,linked,osm+geonames,47.55568,10.02245,1500,2858966,Oberstaufen,P.PPL,DE,02,Q127637,relation/958139,0.95,entry context 4 km (67% of the entries),
Kapf,21,locality,linked,osm,47.74826,10.10296,300,,,,,,Q124323440,node/8913179167,0.95,entry context 22 km (100% of the entries),
Allgäu,21,locality,linked,osm+geonames,47.58333,10.16667,20000,2958342,Allgäu,L.RGN,DE,02,Q169276,node/9713704324,0.95,entry context 18 km (56% of the entries),
Sameister,21,locality,linked,osm+geonames,47.73333,10.75000,1500,2842091,Sameister,P.PPL,DE,02,Q1274713,node/5525773853,0.95,entry context 5 km (100% of the entries),
Schäftlarn,21,settlement,linked,osm+geonames,47.99027,11.45591,2000,2840634,Schäftlarn,P.PPLA4,DE,02,Q506494,relation/929704,0.95,entry context 1 km (100% of the entries),
Meiringen,21,locality,review,osm+geonames,46.72709,8.18720,1500,2659700,Meiringen,P.PPL,CH,BE,Q64123,relation/1682552,0.65,263 km from the entries' other places (0% within 80 km),
Landshut,21,locality,linked,osm+geonames,48.52961,12.16179,3000,2881485,Landshut,P.PPLA2,DE,02,Q3974,relation/62484,0.95,entry context 24 km (22% of the entries),
Amsterdam,21,route,linked,osm+geonames,52.37403,4.88969,5000,2759794,Amsterdam,P.PPLC,NL,07,Q727,relation/271110,0.95,entry context 17 km (100% of the entries),
Jägerbrünner Winkel,21,locality,no_match,,,,,,,,,,,,0.00,not geocoded yet (no Nominatim cache entry),
Föching,21,settlement,linked,osm+geonames,47.89482,11.71580,1500,2926018,Föching,P.PPL,DE,02,Q1479618,node/33197414,0.95,entry context 34 km (100% of the entries),
Hanau,21,settlement,linked,osm+geonames,50.13423,8.91418,2000,2911007,Hanau am Main,P.PPLA4,DE,05,Q3802,relation/535895,0.95,entry context 34 km (33% of the entries),
Gördamm,21,locality,no_match,,,,,,,,,,,,0.00,no gazetteer entry,
Schloss Hohenburg,21,,linked,osm,47.67218,11.58727,1500,,,,,,Q2241603,way/99523239,0.90,OSM building/yes named after the place; entry context 2 km (83% of the entries),
Hallerweiher,21,locality,review,osm,49.59290,10.82665,1500,,,,,,,way/149046514,0.55,167 km from the entries' other places (0% within 80 km),
Kageneck,21,settlement,no_match,osm,48.58396,7.73857,1500,,,,,,,node/7031008775,0.15,OSM amenity/car_sharing named after the place; 185 km from the entries' other places (0% within 80 km),
Hain,21,locality,linked,geonames,48.34795,12.06023,1500,2911920,Hain,P.PPL,DE,02,,,0.95,GeoNames primary name match (DE); entry context 31 km (25% of the entries),
Feldkirchen,21,locality,linked,osm+geonames,48.14811,11.73100,2000,2927347,Feldkirchen,P.PPLA4,DE,02,Q264501,relation/2168242,0.95,entry context 5 km (100% of the entries),
Mainebene,21,region,no_match,,,,,,,,,,,,0.00,no gazetteer entry,
Mitte auf dem See,21,locality,no_match,,,,,,,,,,,,0.00,no gazetteer entry,
Friedrich,21,locality,no_match,osm,49.46247,11.07131,1500,,,,,,Q1796309,node/8155420737,0.30,OSM railway/halt named after the place; 173 km from the entries' other places (0% within 80 km),
Buchstetten,20,locality,no_match,osm,47.86422,16.17107,300,,,,,,,way/58698558,0.30,OSM highway/footway named after the place; 257 km from the entries' other places (0% within 80 km),
Bidingen,20,locality,linked,osm+geonames,47.82974,10.72623,2000,2949279,Bidingen,P.PPLA4,DE,02,Q549554,relation/447977,0.95,entry context 4 km (100% of the entries),
Hohenschwangau,20,locality,linked,osm+geonames,47.55631,10.74085,1500,2901486,Hohenschwangau,P.PPL,DE,02,Q672962,node/75901923,0.95,entry context 1 km (75% of the entries),
Fischen,20,locality,linked,osm+geonames,47.67705,10.31589,1500,2926563,Fischen,P.PPL,DE,02,Q131281021,node/2454243269,0.95,entry context 6 km (25% of the entries),
Allgäuer Alpen,20,locality,linked,osm+geonames,47.40000,10.25000,5000,2958341,Allgäuer Alpen,T.MTS,AT,00,Q655747,node/12261195654,0.95,entry context 20 km (33% of the entries),
Badenburg,20,locality,review,osm+geonames,50.62885,8.69141,1500,2953501,Badenburg,P.PPL,DE,05,,node/611850333,0.65,347 km from the entries' other places (0% within 80 km),
Murnau am Staffelsee,20,locality,linked,osm+geonames,47.68085,11.20125,1500,2867445,Murnau am Staffelsee,P.PPL,DE,02,Q254356,relation/939375,0.95,entry context 2 km (60% of the entries),
Jordan-Anlagen,20,locality,no_match,,,,,,,,,,,,0.00,no gazetteer entry,
Korbsee,20,locality,linked,osm+geonames,47.79858,10.69879,1500,2885501,Korbsee,P.PPL,DE,02,,node/2340959666,0.95,entry context 2 km (100% of the entries),
Ringingen,20,locality,linked,osm+geonames,48.34387,9.81285,1500,2846598,Ringingen,P.PPL,DE,01,Q15126185,node/254170569,0.95,entry context 3 km (100% of the entries),
Langenwalder Weiher,20,locality,linked,osm+geonames,47.68314,10.73670,1000,2880875,Langenwalder Weiher,H.LK,DE,02,Q32086741,way/24761140,0.95,entry context 7 km (100% of the entries),
Garchinger Heide,20,locality,linked,osm,48.29160,11.65332,1500,,,,,,Q15463092,way/1121509844,0.95,entry context 5 km (100% of the entries),
Gommerzugen,20,settlement,no_match,,,,,,,,,,,,0.00,no gazetteer entry,
Waginger See,20,locality,linked,osm+geonames,47.93794,12.78095,1000,2815483,Waginger See,H.LK,DE,02,Q314769,way/8090324,0.95,entry context 4 km (22% of the entries),
Rotwand,20,locality,linked,osm+geonames,47.65076,11.93363,2000,2843628,Rotwand,T.SLP,DE,02,Q458097,node/26864487,0.95,,
Anbering,20,locality,no_match,,,,,,,,,,,,0.00,no gazetteer entry,
Saalachsee,20,locality,linked,osm+geonames,47.70902,12.85761,1000,2842722,Saalachsee,H.LK,DE,02,Q32273452,way/9660662,0.95,entry context 3 km (67% of the entries),
Partnachklamm,20,,linked,osm,47.46465,11.12212,1500,,,,,,Q453805,way/223452455,0.95,entry context 4 km (100% of the entries),
Hinterteiche,20,locality,no_match,,,,,,,,,,,,0.00,no gazetteer entry,
Deining,20,locality,linked,osm+geonames,47.95171,11.49745,1500,2938442,Deining,P.PPL,DE,02,Q20669106,node/95855586,0.95,entry context 3 km (100% of the entries),
Tirol,20,locality,linked,osm,47.22319,11.52610,3000,,,,,,Q42880,relation/52343,0.85,,
Schrecksee,20,locality,linked,osm+geonames,47.43758,10.46629,1000,2836142,Schrecksee,H.LK,DE,02,Q1557826,relation/1311889,0.95,entry context 23 km (25% of the entries),
Giesinger Waldsaum,20,locality,no_match,,,,,,,,,,,,0.00,no gazetteer entry,
Botanisches Institut,20,locality,linked,osm,48.16415,11.50122,1500,,,,,,,way/16576973,0.90,OSM tourism/attraction named after the place; entry context 1 km (100% of the entries),
Ismaning Speichersee Westbecken,20,locality,no_match,,,,,,,,,,,,0.00,not geocoded yet (no Nominatim cache entry),
Oberwiesenfeld,20,locality,review,osm+geonames,48.16597,11.54354,1000,11610224,Oberwiesenfeld,P.PPLX,DE,02,Q123726,node/2650093433,0.60,OSM railway/station named after the place; named after a settlement elsewhere; not confirmed by context (3 km),
Tafelsberg,20,locality,no_match,,,,,,,,,,,,0.00,not geocoded yet (no Nominatim cache entry),
Echinger Stausee,20,locality,linked,osm,48.50340,12.04707,1000,,,,,,Q1280345,relation/2001008,0.95,entry context 25 km (20% of the entries),
Isar bei der Klausenbrücke,20,locality,no_match,,,,,,,,,,,,0.00,no gazetteer entry,
Bachsammler,20,locality,linked,osm,48.21470,11.78525,1500,,,,,,,way/331874679,0.95,entry context 1 km (100% of the entries),
Inn bei Innen,20,locality,no_match,,,,,,,,,,,,0.00,no gazetteer entry,
Westufer des Oberbückinger Beckens,20,locality,no_match,,,,,,,,,,,,0.00,no gazetteer entry,
Kitzing,20,,linked,osm+geonames,48.05749,13.13519,1500,2774338,Kitzing,P.PPL,AT,04,,node/240126411,0.95,,
Wolfsberg,20,,linked,geonames,47.88878,12.38691,800,2806683,Wolfsberg,P.PPLL,DE,02,,,0.95,GeoNames primary name match (DE); entry context 1 km (67% of the entries),
Krippenbach,20,locality,linked,geonames,50.90688,14.16687,3000,2890289,Krippenbach,H.STM,DE,13,Q895510,,0.90,GeoNames primary name match (DE); entry context 0 km (100% of the entries),
Flochlacke,20,locality,no_match,,,,,,,,,,,,0.00,no gazetteer entry,
Germaringen,19,locality,linked,osm+geonames,47.93700,10.67383,3000,3205529,Germaringen,A.ADM4,DE,02,Q531957,relation/447633,0.95,entry context 4 km (90% of the entries),
Stuttgart,19,locality,linked,osm+geonames,48.78232,9.17702,5000,2825297,Stuttgart,P.PPLA,DE,01,Q1022,relation/2793104,0.95,,
Marktoberdorf,19,locality,linked,osm+geonames,47.77964,10.61713,2000,2873291,Marktoberdorf,P.PPLA3,DE,02,Q502955,relation/445608,0.95,entry context 3 km (100% of the entries),
Stockheim,19,locality,linked,osm+geonames,49.08519,9.01692,1500,2826747,Stockheim,P.PPL,DE,01,Q2350698,relation/15787088,0.95,,
Viehalpe,19,locality,no_match,,,,,,,,,,,,0.00,no gazetteer entry,
Altdorf,19,,linked,osm+geonames,48.98698,11.27953,1500,2958027,Altdorf,P.PPL,DE,02,Q435196,node/290357037,0.95,,
Herzogstandhaus,19,locality,linked,osm,47.60799,11.31096,1500,,,,,,,way/38451850,0.90,OSM building/retail named after the place; entry context 1 km (100% of the entries),
Artrang,19,settlement,no_match,,,,,,,,,,,,0.00,no gazetteer entry,
Henobrunn,19,route,no_match,,,,,,,,,,,,0.00,no gazetteer entry,
Fall,19,,linked,osm+geonames,47.56941,11.53232,1500,2927892,Fall,P.PPL,DE,02,Q1235211,node/5871167621,0.95,entry context 8 km (38% of the entries),
Chinesischer Turm,19,locality,linked,osm,48.15255,11.59210,1500,,,,,,Q3995164,way/18961351,0.90,OSM building/pavilion named after the place; entry context 2 km (100% of the entries),
Kloster Schäftlarn,19,locality,linked,osm+geonames,47.97738,11.46730,1500,2818792,Unterschäftlarn,P.PPL,DE,02,Q833178,node/34035733,0.95,entry context 1 km (100% of the entries),
Akademie,19,locality,linked,osm,48.14133,11.58039,1500,,,,,,Q684415,way/46650528,0.90,OSM amenity/university named after the place; entry context 1 km (100% of the entries),
Karlsfeld,19,locality,linked,osm+geonames,48.22697,11.47573,2000,2892874,Karlsfeld,P.PPLA4,DE,02,Q268707,relation/934461,0.95,entry context 8 km (100% of the entries),
Stockholm,19,locality,linked,osm+geonames,59.32938,18.06871,5000,2673730,Stockholm,P.PPLC,SE,26,Q1754,node/25929985,0.95,,
Ismaninger See,19,,no_match,,,,,,,,,,,,0.00,no gazetteer entry,
Seeseiten,19,locality,linked,osm+geonames,47.83603,11.28837,1500,2833595,Seeseiten,P.PPL,DE,02,,node/1098642098,0.95,entry context 2 km (100% of the entries),
Jägersbrunn,19,locality,no_match,,,,,,,,,,,,0.00,not geocoded yet (no Nominatim cache entry),
Andechs,19,,linked,osm+geonames,47.97464,11.18279,2000,2956253,Andechs,P.PPLA4,DE,02,Q165958,relation/932296,0.95,entry context 1 km (100% of the entries),
Langwied,19,settlement,linked,osm+geonames,48.18028,11.42338,1500,2880529,Langwied,P.PPL,DE,02,Q1805464,node/308238810,0.95,entry context 12 km (100% of the entries),
Bergwiese,19,locality,linked,osm,48.89985,13.45175,500,,,,,,,node/12374744487,0.85,,
Pliening,19,locality,linked,osm+geonames,48.19556,11.80069,2000,2853200,Pliening,P.PPLA4,DE,02,Q521701,relation/929779,0.95,entry context 2 km (100% of the entries),
Heuglinger Forst,19,locality,no_match,,,,,,,,,,,,0.00,no gazetteer entry,
Vlissingen,19,,linked,osm+geonames,51.44250,3.57361,1500,2745392,Vlissingen,P.PPL,NL,10,Q10084,relation/161150,0.95,,
Frühung,19,locality,no_match,,,,,,,,,,,,0.00,no gazetteer entry,
Theatinerkirche,19,locality,linked,osm,48.14182,11.57691,1500,,,,,,,way/312008157,0.90,OSM man_made/tower named after the place; entry context 1 km (100% of the entries),
Göttingen,19,,linked,osm+geonames,51.53443,9.93228,2000,2918632,Göttingen,P.PPLA3,DE,06,Q3033,relation/191361,0.95,entry context 6 km (50% of the entries),
Nu-See,19,locality,no_match,,,,,,,,,,,,0.00,no gazetteer entry,
Forstenried,19,locality,linked,osm+geonames,48.08434,11.49465,1000,2925787,Forstenried,P.PPLX,DE,02,Q51922314,node/1687590801,0.95,entry context 1 km (100% of the entries),
Presqu'île de Mauny,19,locality,no_match,,,,,,,,,,,,0.00,no gazetteer entry,
Neuweiher,19,locality,linked,osm+geonames,47.71667,9.28333,500,2863885,Neuweiher,H.PND,DE,01,Q136222468,way/5034963,0.95,entry context 1 km (100% of the entries),
Immenstaad,19,,linked,osm+geonames,47.66667,9.36667,2000,2896263,Immenstaad am Bodensee,P.PPLA4,DE,01,Q528029,relation/2783850,0.95,entry context 1 km (100% of the entries),
Maximiliansbrücke,19,locality,linked,osm,48.13693,11.59139,1500,,,,,,Q955838,way/341550125,0.90,OSM man_made/bridge named after the place; entry context 0 km (100% of the entries),
Gilching,19,locality,linked,osm+geonames,48.10755,11.29360,2000,2920433,Gilching,P.PPLA4,DE,02,Q552131,relation/932423,0.95,entry context 1 km (100% of the entries),
Stadtbecken,19,locality,no_match,,,,,,,,,,,,0.00,no gazetteer entry,
Geratshausen,19,,no_match,,,,,,,,,,,,0.00,no gazetteer entry,
Steinberg,19,,linked,geonames,47.74882,11.69224,1500,2828451,Steinberg,P.PPL,DE,02,,,0.95,GeoNames primary name match (DE); entry context 5 km (33% of the entries),
Mondsee,19,,linked,osm+geonames,47.85648,13.34908,2000,2771277,Mondsee,P.PPLA3,AT,04,Q665230,relation/102326,0.95,entry context 5 km (100% of the entries),
Ortsee,19,locality,no_match,osm,46.69916,13.41037,1500,,,,,,,node/14001012695,0.30,OSM amenity/ferry_terminal named after the place; 210 km from the entries' other places (0% within 80 km),
Weinhalde,18,locality,linked,geonames,48.40441,10.34640,1500,2812178,Weinhalde,V.FRST,DE,02,Q33414048,,0.95,GeoNames primary name match (DE); entry context 34 km (50% of the entries),
Gennachhauser Moos,18,locality,no_match,,,,,,,,,,,,0.00,no gazetteer entry,
Adelsried,18,locality,linked,osm+geonames,48.42465,10.71828,2000,2959498,Adelsried,P.PPLA4,DE,02,Q355526,relation/452562,0.95,,
Beckstetter Moos,18,locality,no_match,,,,,,,,,,,,0.00,no gazetteer entry,
Münchener Tierpark Hellabrunn,18,locality,no_match,,,,,,,,,,,,0.00,no gazetteer entry,
Neuwald,18,locality,linked,osm,50.13438,9.32704,500,,,,,,,relation/12225070,0.95,entry context 13 km (75% of the entries),
Braunwald,18,locality,linked,osm+geonames,46.94159,8.99643,1500,2661419,Braunwald,P.PPL,CH,GL,Q617569,node/32863363,0.95,entry context 2 km (100% of the entries),
Viechtach,18,locality,linked,osm+geonames,49.08001,12.88566,1500,2817483,Viechtach,P.PPL,DE,02,Q258787,relation/959163,0.80,"far from most of the entries' other places (0% within 80 km, nearest 129 km)",
Bad Tölz,18,locality,linked,osm+geonames,47.76111,11.55890,2000,2953324,Bad Tölz,P.PPLA3,DE,02,Q280491,relation/935181,0.95,entry context 6 km (67% of the entries),
Feldgeding,18,locality,linked,osm+geonames,48.24608,11.37372,1500,2927410,Feldgeding,P.PPL,DE,02,Q26214962,node/358939318,0.95,entry context 6 km (100% of the entries),
Akademie der Wissenschaften,18,locality,no_match,osm,49.41162,8.71307,1500,,,,,,,way/434751966,0.30,OSM building/university named after the place; 231 km from the entries' other places (0% within 80 km),
Bayern,18,locality,linked,osm+geonames,49.00000,11.50000,50000,2951839,Bavaria,A.ADM1,DE,02,Q980,relation/2145268,0.95,,
Sonnenhofen,18,settlement,linked,osm,47.80383,11.47414,500,,,,,,,node/567147750,0.95,entry context 16 km (50% of the entries),
Mittlere Isar,18,locality,review,geonames,48.16848,11.61733,2000,2870341,Mittlerer Isarkanal,H.CNL,DE,02,,,0.70,GeoNames alternate name match (DE); entry context 5 km (100% of the entries),
Inning,18,,linked,osm+geonames,48.07636,11.15232,1500,2895938,Inning am Ammersee,P.PPL,DE,02,Q310856,relation/932279,0.95,entry context 1 km (100% of the entries),
Lünersee,18,locality,linked,osm+geonames,47.05375,9.75380,1000,2772194,Lünersee,H.LK,AT,08,Q659123,way/39473328,0.95,entry context 7 km (100% of the entries),
Görking,18,locality,no_match,,,,,,,,,,,,0.00,no gazetteer entry,
Anteninger Sumpf,18,locality,no_match,,,,,,,,,,,,0.00,no gazetteer entry,
Gneisen,18,locality,no_match,,,,,,,,,,,,0.00,no gazetteer entry,
Antwinger Filz,18,locality,no_match,,,,,,,,,,,,0.00,no gazetteer entry,
Bad Windsheim,18,locality,linked,osm+geonames,49.50274,10.41539,1500,2953314,Bad Windsheim,P.PPL,DE,02,Q132278,relation/357057,0.95,entry context 9 km (50% of the entries),
Pullach,18,locality,linked,osm+geonames,48.06122,11.52148,1500,2851739,Pullach im Isartal,P.PPL,DE,02,Q202116,relation/415807,0.95,entry context 1 km (100% of the entries),
Werkskanal,18,locality,no_match,,,,,,,,,,,,0.00,not geocoded yet (no Nominatim cache entry),
Sammenheimer Weiher,18,locality,no_match,,,,,,,,,,,,0.00,no gazetteer entry,
Wohnsdorf,18,settlement,linked,osm+geonames,49.91796,11.42273,1500,2807013,Wohnsdorf,P.PPL,DE,02,Q105687434,node/1521953615,0.95,,
Obermenzing,18,locality,linked,osm+geonames,48.16946,11.46998,1000,2859782,Obermenzing,P.PPLX,DE,02,Q2010408,node/51546357,0.95,entry context 2 km (100% of the entries),
Eürenberg,18,settlement,no_match,,,,,,,,,,,,0.00,no gazetteer entry,
Ismaning Speichersee Ostbecken,18,locality,no_match,,,,,,,,,,,,0.00,no gazetteer entry,
Ismaning Südbecken,18,locality,no_match,,,,,,,,,,,,0.00,no gazetteer entry,
Zubringer,18,locality,linked,osm,48.20460,11.71341,1500,,,,,,,way/31991606,0.95,entry context 4 km (100% of the entries),
Ruine,18,locality,review,osm,49.36902,9.07303,200,,,,,,Q1011413,node/2427031298,0.70,"far from most of the entries' other places (0% within 80 km, nearest 80 km)",
Wfb.,18,locality,no_match,,,,,,,,,,,,0.00,no gazetteer entry,
Westwand des Wendelsteins,18,locality,no_match,,,,,,,,,,,,0.00,no gazetteer entry,
Ismaninger Baggerseen,18,locality,no_match,,,,,,,,,,,,0.00,no gazetteer entry,
Vogelkapelle,18,locality,no_match,,,,,,,,,,,,0.00,no gazetteer entry,
Westeinlauf,18,locality,no_match,,,,,,,,,,,,0.00,no gazetteer entry,
Locarno,18,settlement,linked,osm+geonames,46.17086,8.79953,3000,2659869,Locarno,P.PPLA2,CH,TI,Q11935,relation/1684697,0.95,,
Finsinger Teiche,18,route,no_match,,,,,,,,,,,,0.00,no gazetteer entry,
Winkl,18,locality,linked,osm+geonames,48.17349,10.92316,1500,2807924,Winkl,P.PPL,DE,02,Q61067860,node/666887780,0.95,,
Elbbach,17,locality,linked,osm+geonames,47.81667,10.56667,3000,2931299,Elbbach,H.STM,DE,02,Q32750587,relation/5201425,0.95,entry context 2 km (100% of the entries),
Riederau,17,settlement,linked,geonames,47.98440,11.09401,1500,2847207,Riederau,P.PPL,DE,02,Q26714934,,0.95,GeoNames primary name match (DE); entry context 1 km (50% of the entries),
Mühlweiher,17,locality,linked,geonames,47.92450,10.79459,1000,2867883,Mühlweiher,H.LK,DE,02,Q32664116,,0.95,GeoNames primary name match (DE); entry context 36 km (78% of the entries),
Aspropotamos-Mündung,17,locality,no_match,,,,,,,,,,,,0.00,no gazetteer entry,
Eilenriede,17,locality,linked,osm+geonames,52.37571,9.78117,1500,2931866,Eilenriede,V.FRST,DE,06,Q1304028,relation/2920831,0.95,entry context 3 km (75% of the entries),
Insel Mainau,17,locality,linked,osm,47.70161,9.18407,1500,,,,,,,node/3481482129,0.90,OSM information/guidepost named after the place; entry context 5 km (100% of the entries),
Bachern,17,locality,linked,osm+geonames,48.06265,11.16357,1500,2953671,Bachern,P.PPL,DE,02,Q62071036,node/1700548625,0.95,entry context 2 km (100% of the entries),
Angermoos,17,locality,no_match,,,,,,,,,,,,0.00,no gazetteer entry,
Jägerhaus,17,,linked,geonames,47.66678,11.08770,300,11976372,Jägerhaus,S.RSTN,DE,02,,,0.95,GeoNames primary name match (DE); entry context 37 km (29% of the entries),
Arber,17,region,linked,osm,49.11247,13.13619,300,,,,,,Q260073,node/26863050,0.85,,
Bregenz,17,locality,linked,osm+geonames,47.50311,9.74710,5000,2781503,Bregenz,P.PPLA,AT,08,Q1737,relation/75073,0.95,entry context 7 km (86% of the entries),
Landstetten,17,locality,linked,osm+geonames,47.98625,11.24657,1500,2881479,Landstetten,P.PPL,DE,02,Q28941014,node/1700541705,0.95,entry context 2 km (90% of the entries),
Entschenlohe,17,,no_match,,,,,,,,,,,,0.00,no gazetteer entry,
Pfarrkirchen,17,locality,linked,osm+geonames,48.43205,12.93812,2000,2854179,Pfarrkirchen,P.PPLA3,DE,02,Q545359,relation/957053,0.95,entry context 17 km (83% of the entries),
Zeller Bach,17,locality,linked,osm,47.90995,10.20037,1500,,,,,,Q132389,way/304875949,0.85,,
Gachenau,17,locality,no_match,,,,,,,,,,,,0.00,no gazetteer entry,
Eggstätt,17,locality,linked,osm+geonames,47.92698,12.37919,2000,2933018,Eggstätt,P.PPLA4,DE,02,Q551667,relation/2186918,0.95,entry context 3 km (50% of the entries),
Isarkante,17,,no_match,,,,,,,,,,,,0.00,no gazetteer entry,
Möggingen,17,,linked,osm+geonames,47.76624,9.00482,1500,2870204,Möggingen,P.PPL,DE,01,Q1957870,relation/6072426,0.95,entry context 2 km (100% of the entries),
Fort,17,,review,osm,47.59765,9.27919,500,,,,,,,node/11158999729,0.70,"far from most of the entries' other places (17% within 80 km, nearest 44 km)",
Goldacker,17,locality,review,osm,48.95197,9.26409,500,,,,,,,node/4239777483,0.70,"far from most of the entries' other places (11% within 80 km, nearest 63 km)",
Langer Weiher,17,locality,linked,osm,47.92441,11.26267,1000,,,,,,,way/27881211,0.95,entry context 2 km (100% of the entries),
Bodendorf,17,settlement,linked,geonames,48.32156,14.48771,1500,2781634,Bodendorf,P.PPL,AT,04,,,0.90,GeoNames primary name match (AT); entry context 12 km (50% of the entries),
Bovenden,17,settlement,linked,osm+geonames,51.58836,9.92220,1500,2945726,Bovenden,P.PPL,DE,06,Q621193,relation/1399079,0.95,entry context 6 km (100% of the entries),
Feldkirch,17,,linked,osm+geonames,47.23645,9.59734,3000,2779674,Feldkirch,P.PPLA2,AT,08,Q183104,relation/75155,0.95,entry context 10 km (100% of the entries),
Dürrlehener Wald,17,locality,no_match,,,,,,,,,,,,0.00,no gazetteer entry,
Hapnan,17,settlement,no_match,,,,,,,,,,,,0.00,no gazetteer entry,
Tübing,17,settlement,review,osm,51.99953,7.09926,1500,,,,,,,way/474907515,0.40,481 km from the entries' other places (0% within 80 km),
Lettenwand,16,locality,no_match,,,,,,,,,,,,0.00,no gazetteer entry,
Mairinger-See,16,locality,no_match,,,,,,,,,,,,0.00,not geocoded yet (no Nominatim cache entry),
Sankt Cosmas,16,locality,no_match,,,,,,,,,,,,0.00,no gazetteer entry,
Astrang am Elm,16,locality,no_match,,,,,,,,,,,,0.00,no gazetteer entry,
Horlach,16,locality,review,osm+geonames,49.72703,11.52993,1500,2899002,Horlach,P.PPL,DE,02,,node/333253925,0.65,204 km from the entries' other places (0% within 80 km),
Seeholz,16,locality,review,osm,49.30655,9.93782,1500,,,,,,,way/699446450,0.70,"far from most of the entries' other places (0% within 80 km, nearest 98 km)",
Rietnau,16,settlement,no_match,,,,,,,,,,,,0.00,no gazetteer entry,
Seeufer,16,locality,linked,osm,48.72238,13.27353,100,,,,,,,node/275125082,0.90,OSM amenity/restaurant named after the place; entry context 36 km (27% of the entries),
Schaffhausen,16,,linked,osm+geonames,47.69732,8.63493,5000,2658761,Schaffhausen,P.PPLA,CH,SH,Q9009,relation/1683703,0.95,entry context 1 km (62% of the entries),
Karlsruhe,16,settlement,linked,osm+geonames,49.00937,8.40444,3000,2892794,Karlsruhe,P.PPLA2,DE,01,Q1040,relation/62518,0.95,entry context 3 km (33% of the entries),
Karlshöhe,16,settlement,linked,osm+geonames,48.76791,9.16869,1000,11807675,Karlshöhe,P.PPLX,DE,01,,relation/1107843,0.95,,
Klausenpass,16,route,linked,osm+geonames,46.86819,8.85548,2000,2660149,Klausenpass,T.PASS,CH,UR,Q667398,node/1604293771,0.95,entry context 7 km (100% of the entries),
Gern,16,locality,linked,osm+geonames,48.16439,11.52730,1000,2921019,Gern,P.PPLX,DE,02,Q1514339,node/1376047982,0.95,entry context 5 km (67% of the entries),
Kufstein,16,locality,linked,osm+geonames,47.58333,12.16667,2000,2773300,Kufstein,P.PPLA3,AT,07,Q486341,relation/85918,0.95,entry context 2 km (71% of the entries),
Kataito,16,locality,no_match,,,,,,,,,,,,0.00,no gazetteer entry,
Meganisi,16,,linked,geonames,38.65228,20.76381,2000,257372,Nisída Meganísi,T.ISL,GR,ESYE22,Q539628,,0.85,GeoNames contains name match (GR); entry context 1 km (67% of the entries),
Fürstenbrück,16,locality,review,osm+geonames,50.48917,15.03829,1500,3073526,Kněžmost,P.PPL,CZ,88,Q1777768,relation/437721,0.65,432 km from the entries' other places (0% within 80 km),
Grafing,16,locality,linked,osm+geonames,47.95292,11.64422,1500,2918246,Grafing,P.PPL,DE,02,Q56644655,node/277686049,0.95,entry context 19 km (100% of the entries),
Kleinwalsertal,16,locality,linked,osm+geonames,47.38333,10.20000,5000,2774142,Kleines Walsertal,T.VAL,AT,08,Q689769,relation/3292352,0.80,"far from most of the entries' other places (0% within 80 km, nearest 87 km)",
Speicherweiher Ismaning,16,locality,no_match,,,,,,,,,,,,0.00,no gazetteer entry,
Weißbach,16,locality,linked,geonames,48.24015,11.74892,3000,2812024,Weißbach,H.STM,DE,02,Q27670366,,0.95,GeoNames primary name match (DE); entry context 17 km (100% of the entries),
Oudeschild,16,locality,linked,osm+geonames,53.03917,4.84722,1500,2749009,Oudeschild,P.PPL,NL,07,Q1012380,relation/2730426,0.95,entry context 5 km (100% of the entries),
Frühling,16,,linked,osm+geonames,48.01987,12.51965,1500,2924118,Frühling,P.PPL,DE,02,,node/727769087,0.80,"far from most of the entries' other places (0% within 80 km, nearest 92 km)",
Froschlacke,16,locality,review,osm,49.24048,12.10415,500,,,,,,,node/2205136760,0.70,"far from most of the entries' other places (0% within 80 km, nearest 129 km)",
Retterschwanger Tal,16,locality,linked,osm,47.46798,10.35265,5000,,,,,,Q2146363,way/1215696614,0.95,entry context 5 km (71% of the entries),
Deininger See,16,locality,no_match,,,,,,,,,,,,0.00,no gazetteer entry,
Silbernes Feld,16,locality,no_match,,,,,,,,,,,,0.00,no gazetteer entry,
Königsberg,16,locality,linked,geonames,47.87278,13.02472,1500,3322917,Königsberg,P.PPL,AT,05,,,0.90,GeoNames primary name match (AT); entry context 16 km (50% of the entries),
Mamming,16,locality,linked,osm+geonames,48.65174,12.60784,2000,2874000,Mamming,P.PPLA4,DE,02,Q511477,relation/959910,0.95,entry context 3 km (67% of the entries),
Bern,16,route,linked,osm+geonames,46.94809,7.44744,5000,2661552,Bern,P.PPLC,CH,BE,Q70,relation/1682378,0.95,entry context 6 km (33% of the entries),
Menzing,16,locality,no_match,,,,,,,,,,,,0.00,no gazetteer entry,
Schwillach,16,locality,linked,osm+geonames,48.25006,11.89364,3000,2834194,Schwillach,H.STM,DE,02,,way/249809910,0.95,entry context 27 km (100% of the entries),
Bad Aibling,16,locality,linked,osm+geonames,47.86380,12.01055,1500,2953558,Bad Aibling,P.PPL,DE,02,Q5758,relation/2186911,0.95,entry context 8 km (43% of the entries),
Hochfelln,16,locality,linked,osm+geonames,47.75935,12.56082,500,2903229,Hochfelln,T.MT,DE,02,Q1621782,node/3580272393,0.95,entry context 9 km (100% of the entries),
Caudebec-en-Caux,16,locality,linked,osm+geonames,49.52577,0.72561,1500,3028215,Caudebec-en-Caux,P.PPL,FR,28,Q640089,relation/104725,0.95,entry context 10 km (100% of the entries),
Fasanerie,16,locality,linked,osm,48.19895,11.52232,1000,,,,,,Q25391996,node/705007540,0.95,entry context 5 km (75% of the entries),
Kreuzeck,16,locality,linked,osm+geonames,47.45278,11.06694,300,6939818,Kreuzeck,T.PK,DE,02,Q268125,node/4547463685,0.95,entry context 15 km (50% of the entries),
Kranzberg,16,locality,linked,osm+geonames,48.40613,11.61246,2000,2884739,Kranzberg,P.PPLA4,DE,02,Q506248,relation/30010,0.95,entry context 30 km (50% of the entries),
Berenice,16,settlement,review,osm,45.55334,9.43528,1500,,,,,,,node/6712192906,0.45,OSM shop/hairdresser named after the place,
Klause,16,,linked,osm,48.43936,12.37444,500,,,,,,Q123252887,node/1079680471,0.85,,
Ahorn-Allee,16,locality,review,osm,49.12463,13.20446,1500,,,,,,,way/646031876,0.70,"far from most of the entries' other places (0% within 80 km, nearest 125 km)",
Fürstenfeldbruck - Emmering,16,locality,no_match,,,,,,,,,,,,0.00,no gazetteer entry,
Buchberg,16,locality,linked,osm+geonames,47.88592,11.44958,1500,2942718,Buchberg,P.PPL,DE,02,Q61247864,relation/8155242,0.95,entry context 2 km (100% of the entries),
Uffing am Staffelsee,16,locality,linked,osm+geonames,47.71670,11.15000,3000,6559182,Uffing am Staffelsee,A.ADM4,DE,02,Q256364,relation/937777,0.95,entry context 4 km (67% of the entries),
Harlachinger Wald,16,locality,no_match,,,,,,,,,,,,0.00,no gazetteer entry,
Neufinning,16,locality,no_match,,,,,,,,,,,,0.00,not geocoded yet (no Nominatim cache entry),
Schieferberg,16,locality,linked,osm,50.65252,11.09597,300,,,,,,,node/2117434420,0.85,,
Gaza,16,locality,review,osm,45.49752,15.55647,1500,,,,,,,node/8733916150,0.55,279 km from the entries' other places (0% within 80 km),
Ismaning Speichersee Unterbecken,16,locality,no_match,,,,,,,,,,,,0.00,no gazetteer entry,
Südamm zum qD,16,locality,no_match,,,,,,,,,,,,0.00,no gazetteer entry,
Ammerding,16,locality,no_match,,,,,,,,,,,,0.00,no gazetteer entry,
Brahms-Promenade,16,,no_match,,,,,,,,,,,,0.00,no gazetteer entry,
Riburger Stausee,16,locality,no_match,,,,,,,,,,,,0.00,no gazetteer entry,
Hemering,16,locality,review,osm+geonames,49.02600,6.67434,1500,3013546,Hémering,P.PPL,FR,44,,node/3702751818,0.65,374 km from the entries' other places (0% within 80 km),
Stetten,15,locality,linked,osm+geonames,47.69012,9.29855,2000,2827246,Stetten,P.PPLA4,DE,01,Q557664,relation/2784015,0.95,entry context 2 km (50% of the entries),
Märzenburg,15,,linked,osm,47.87224,10.62405,100,,,,,,,node/6463814142,0.90,OSM amenity/restaurant named after the place; entry context 1 km (100% of the entries),
Buchstettener Moos,15,locality,no_match,,,,,,,,,,,,0.00,no gazetteer entry,
Landsberg am Lech,15,locality,linked,osm+geonames,48.04819,10.88282,2000,2881509,Landsberg am Lech,P.PPLA3,DE,02,Q494299,relation/932270,0.95,entry context 9 km (83% of the entries),
Kochelsee,15,locality,linked,osm+geonames,47.64448,11.34071,1000,2886920,Kochelsee,H.LK,DE,02,Q257264,relation/337712,0.95,entry context 2 km (80% of the entries),
Weißensee,15,locality,linked,osm+geonames,47.57350,10.63830,1500,2811863,Weißensee,P.PPL,DE,02,Q1264663,node/195703973,0.95,entry context 5 km (100% of the entries),
Hacken,15,locality,review,osm,48.52665,12.38456,500,,,,,,Q122634197,node/1034531940,0.70,"far from most of the entries' other places (0% within 80 km, nearest 145 km)",
Rieder Moos,15,locality,linked,osm,47.69513,9.98621,500,,,,,,Q130479713,node/12236213091,0.95,entry context 33 km (100% of the entries),
Neubrunn,15,settlement,linked,geonames,47.65541,8.78892,800,6290990,Neubrunn,P.PPLL,CH,ZH,,,0.90,GeoNames primary name match (CH); entry context 12 km (67% of the entries),
Farchach,15,locality,linked,osm+geonames,47.96280,11.38124,1500,2927829,Farchach,P.PPL,DE,02,Q19822782,node/273204916,0.95,entry context 3 km (100% of the entries),
Astakos,15,,linked,osm+geonames,38.53556,21.08135,1500,264416,Astakós,P.PPL,GR,ESYE23,Q746362,node/3722770487,0.95,,
Stauwehr,15,locality,review,osm,48.99899,12.63693,1500,,,,,,,node/5169933654,0.70,"far from most of the entries' other places (0% within 80 km, nearest 110 km)",
Strödam,15,locality,linked,osm,55.96212,12.27596,1500,,,,,,Q61062679,way/221395800,0.95,entry context 4 km (100% of the entries),
Seefeld,15,route,linked,osm+geonames,48.03505,11.21395,2000,2833866,Seefeld,P.PPLA4,DE,02,Q138356,relation/932388,0.95,entry context 2 km (100% of the entries),
Leoni,15,,linked,osm+geonames,47.95700,11.34484,1500,2878684,Leoni,P.PPL,DE,02,Q19825961,node/8411204947,0.95,entry context 2 km (100% of the entries),
Au-Weiher,15,,review,geonames,47.87124,11.26292,1000,2953889,Auweiher,H.LK,DE,02,,,0.70,GeoNames alternate name match (DE); entry context 4 km (50% of the entries),
Wieling,15,,linked,osm+geonames,47.95452,11.26648,1500,2809483,Wieling,P.PPL,DE,02,Q2568710,node/1079684831,0.95,entry context 1 km (70% of the entries),
Törring,15,settlement,linked,osm+geonames,48.00721,12.74843,1500,2821757,Törring,P.PPL,DE,02,Q26271436,node/3894267258,0.80,"far from most of the entries' other places (0% within 80 km, nearest 147 km)",
München-Pasing,15,settlement,review,osm+geonames,48.15026,11.46160,300,2867691,Bahnhof München-Pasing,S.RSTN,DE,02,Q564970,node/2476438979,0.75,OSM railway/station named after the place; entry context 19 km (100% of the entries),
Moosmarie,15,,no_match,,,,,,,,,,,,0.00,no gazetteer entry,
Ambach,15,,linked,osm+geonames,47.86080,11.33566,1500,11608804,Ambach,P.PPL,DE,02,Q19834493,node/254110676,0.95,entry context 4 km (88% of the entries),
Waging am See,15,locality,linked,osm+geonames,47.93414,12.73392,1500,2815484,Waging am See,P.PPL,DE,02,Q259811,relation/941680,0.95,entry context 4 km (33% of the entries),
Seeheim,15,,linked,osm+geonames,47.87812,11.34612,1500,2833785,Seeheim,P.PPL,DE,02,Q20640429,node/7929396536,0.95,entry context 4 km (100% of the entries),
Isarställe,15,locality,no_match,,,,,,,,,,,,0.00,no gazetteer entry,
Gutenau,15,settlement,no_match,osm,47.64575,7.56442,1500,,,,,,,node/8121875074,0.15,OSM information/guidepost named after the place; 499 km from the entries' other places (0% within 80 km),
Linz,15,locality,linked,osm+geonames,48.30639,14.28611,5000,2772400,Linz,P.PPLA,AT,04,Q41329,relation/86708,0.95,entry context 2 km (50% of the entries),
Greifensee,15,locality,linked,osm+geonames,47.36717,8.68115,1500,2660515,Greifensee,P.PPL,CH,ZH,Q64882,relation/1682130,0.95,entry context 3 km (50% of the entries),
Gratz,15,route,review,geonames,52.22762,16.36534,2000,3098288,Grodzisk Wielkopolski,P.PPLA3,PL,86,,,0.65,GeoNames alternate name match (PL),
Johanneshöhe,15,locality,review,osm,48.42522,7.21224,300,,,,,,Q130218062,node/7446949353,0.55,185 km from the entries' other places (0% within 80 km),
Ludwigsbrücke,14,locality,review,osm,49.78637,9.92676,1500,,,,,,Q1269864,way/1022436532,0.45,"OSM man_made/bridge named after the place; far from most of the entries' other places (0% within 80 km, nearest 101 km)",
Nationalmuseum,14,locality,linked,osm,48.14339,11.59115,1500,,,,,,Q631056,node/305581866,0.90,OSM tourism/museum named after the place; entry context 1 km (100% of the entries),
Roßhaupten,14,locality,linked,osm+geonames,47.65000,10.71667,2000,2844702,Roßhaupten,P.PPLA4,DE,02,Q505676,relation/448302,0.95,entry context 2 km (71% of the entries),
Bichl,14,,linked,osm+geonames,47.72010,11.41231,2000,2949324,Bichl,P.PPLA4,DE,02,Q509296,relation/935270,0.95,entry context 2 km (43% of the entries),
Hotel Luitpold Park,14,locality,no_match,,,,,,,,,,,,0.00,no gazetteer entry,
St. Alban,14,locality,linked,geonames,47.96413,11.10536,300,11977163,St Alban,S.RSTN,DE,02,,,0.95,GeoNames primary name match (DE); entry context 4 km (33% of the entries),
Schwanden,14,locality,linked,osm+geonames,47.54534,10.23700,1500,2835307,Schwanden,P.PPL,DE,02,,node/248058201,0.95,entry context 14 km (50% of the entries),
Oberblegisee,14,,linked,osm+geonames,46.98019,9.01319,1000,11397104,Oberblegisee,H.LK,CH,GL,Q663078,way/4966436,0.95,entry context 2 km (100% of the entries),
Reibwände,14,locality,no_match,,,,,,,,,,,,0.00,no gazetteer entry,
Königssee,14,locality,linked,osm+geonames,47.59405,12.99564,1500,2885778,Königssee,P.PPL,DE,02,,node/318341776,0.95,entry context 3 km (40% of the entries),
Maisach,14,locality,linked,osm+geonames,48.21667,11.26667,2000,2874200,Maisach,P.PPLA4,DE,02,Q255106,relation/933500,0.95,entry context 5 km (100% of the entries),
Bayerischer Wald,14,locality,linked,osm,48.90996,13.08333,20000,,,,,,Q4207,relation/611246,0.95,entry context 28 km (67% of the entries),
Straubing,14,locality,linked,osm+geonames,48.88126,12.57385,2000,2826099,Straubing,P.PPLA3,DE,02,Q7027,relation/62636,0.95,,
Gauingen,14,settlement,linked,osm+geonames,48.23965,9.43677,1500,2922274,Gauingen,P.PPL,DE,01,Q81441211,relation/20269962,0.95,entry context 2 km (100% of the entries),
Smirsia,14,locality,no_match,,,,,,,,,,,,0.00,no gazetteer entry,
Spilia,14,locality,review,osm+geonames,35.51363,23.77899,1500,253345,Spiliá,P.PPL,GR,ESYE43,Q12884620,node/1756579802,0.65,440 km from the entries' other places (0% within 80 km),
Lioni,14,route,linked,osm+geonames,40.88083,15.18335,2000,3174697,Lioni,P.PPLA3,IT,04,Q55048,relation/40809,0.95,,
Giusta pitiana,14,locality,no_match,,,,,,,,,,,,0.00,no gazetteer entry,
Kiental,14,locality,review,osm+geonames,47.84220,13.56013,1500,11609388,Kiental,P.PPL,AT,04,,node/240024018,0.65,151 km from the entries' other places (0% within 80 km),
Jägerbrünne,14,locality,no_match,,,,,,,,,,,,0.00,not geocoded yet (no Nominatim cache entry),
Seebruck,14,locality,linked,osm+geonames,47.93423,12.47540,1500,2833918,Seebruck,P.PPL,DE,02,Q2264624,node/28588388,0.95,entry context 10 km (33% of the entries),
Ramsau,14,locality,linked,osm+geonames,47.61667,12.90000,1500,2850608,Ramsau,P.PPL,DE,02,Q253472,relation/941797,0.95,entry context 8 km (80% of the entries),
Altenerding,14,locality,linked,osm+geonames,48.29244,11.90532,1500,2957706,Altenerding,P.PPL,DE,02,Q51248691,relation/3884044,0.95,entry context 18 km (100% of the entries),
Maininger See-Gebiet,14,locality,no_match,,,,,,,,,,,,0.00,no gazetteer entry,
Lustigkeit,14,locality,no_match,,,,,,,,,,,,0.00,no gazetteer entry,
Wasserturm,14,locality,linked,osm,48.19934,11.61077,1500,,,,,,Q65952766,way/30216490,0.90,OSM man_made/tower named after the place; entry context 0 km (100% of the entries),
Esterberg-Alm,14,locality,linked,osm,47.52237,11.16881,1500,,,,,,,way/36904461,0.90,OSM building/yes named after the place; entry context 4 km (100% of the entries),
Gürtdamm,14,locality,no_match,,,,,,,,,,,,0.00,no gazetteer entry,
Ettlishofen,14,locality,linked,osm+geonames,48.38100,10.19497,1500,2928612,Ettlishofen,P.PPL,DE,02,Q21032321,node/1700232410,0.80,"far from most of the entries' other places (0% within 80 km, nearest 106 km)",
Burgsteinwand,14,locality,no_match,,,,,,,,,,,,0.00,no gazetteer entry,
Moosinning,14,locality,linked,osm+geonames,48.27708,11.84446,2000,2869361,Moosinning,P.PPLA4,DE,02,Q511796,relation/934763,0.95,entry context 6 km (100% of the entries),
Willersalpe,14,locality,linked,osm,47.47548,10.45255,1500,,,,,,Q2576846,relation/1431390,0.95,entry context 6 km (100% of the entries),
Langewalter Weiher,14,locality,no_match,,,,,,,,,,,,0.00,not geocoded yet (no Nominatim cache entry),
Nußberger Weiher,14,locality,linked,osm+geonames,47.84158,11.25909,1000,2861606,Nußberger Weiher,H.LK,DE,02,Q22693321,way/10559239,0.95,entry context 1 km (100% of the entries),
Rain am Lech,14,locality,review,osm,48.69331,10.92548,1500,,,,,,,way/1289353935,0.60,OSM amenity/social_facility named after the place,
Günterstal,14,,linked,osm+geonames,47.96345,7.86090,1000,2913585,Günterstal,P.PPLX,DE,01,Q1561278,relation/1946362,0.95,entry context 4 km (100% of the entries),
Gruttenhütte,14,,linked,osm+geonames,47.55000,12.30000,100,2777397,Gruttenhütte,S.HTL,AT,07,Q1551137,way/83122437,0.90,OSM tourism/alpine_hut named after the place; entry context 1 km (100% of the entries),
Hohe Tauern,14,locality,linked,geonames,47.16667,12.50000,5000,2775659,Hohe Tauern,T.MTS,AT,00,Q679359,,0.90,GeoNames primary name match (AT); entry context 23 km (20% of the entries),
Ahornallee,14,locality,no_match,,,,,,,,,,,,0.00,not geocoded yet (no Nominatim cache entry),
Reichenbachbrücke,14,locality,linked,osm,48.12722,11.57709,1500,,,,,,Q2139186,way/360823822,0.90,OSM man_made/bridge named after the place; entry context 1 km (100% of the entries),
Taufkirchen,14,,linked,osm+geonames,48.04860,11.61701,2000,2823812,Taufkirchen,P.PPLA4,DE,02,Q257018,relation/536184,0.95,entry context 2 km (100% of the entries),
Ludwigsfeld,14,locality,linked,osm+geonames,48.20000,11.50000,1000,2875381,Ludwigsfeld,P.PPLX,DE,02,Q25391981,node/1700472172,0.95,entry context 5 km (100% of the entries),
Erlangen,14,locality,linked,osm+geonames,49.59099,11.00783,2000,2929567,Erlangen,P.PPLA3,DE,02,Q3126,relation/62403,0.95,entry context 16 km (33% of the entries),
Uferfälle,14,locality,no_match,,,,,,,,,,,,0.00,no gazetteer entry,
Isarlust,14,locality,linked,osm,48.13531,11.58921,1500,,,,,,,node/14015824001,0.90,OSM amenity/cafe named after the place; entry context 1 km (100% of the entries),
Reispining,14,locality,no_match,,,,,,,,,,,,0.00,no gazetteer entry,
Hollerbusch,14,locality,linked,osm,48.12141,11.54411,1500,,,,,,,node/2801567981,0.90,OSM shop/convenience named after the place; entry context 2 km (83% of the entries),
Wl.,14,locality,no_match,geonames,47.27268,8.91399,300,11963260,Wald,S.RSTN,CH,ZH,,,0.05,GeoNames alternate name match (CH); 221 km from the entries' other places (0% within 80 km),
Münchener Park,14,locality,no_match,,,,,,,,,,,,0.00,no gazetteer entry,
Frankweiher,14,locality,no_match,,,,,,,,,,,,0.00,no gazetteer entry,
Vorstreckteiche,14,locality,no_match,,,,,,,,,,,,0.00,no gazetteer entry,
Wendelstein Gipfel,14,locality,no_match,,,,,,,,,,,,0.00,no gazetteer entry,
Großes Schilffeld,14,locality,no_match,,,,,,,,,,,,0.00,not geocoded yet (no Nominatim cache entry),
Ismaninger Baggersee,14,locality,no_match,,,,,,,,,,,,0.00,not geocoded yet (no Nominatim cache entry),
Ottowaching,14,locality,no_match,,,,,,,,,,,,0.00,no gazetteer entry,
Großhadern,14,locality,linked,osm+geonames,48.11603,11.47805,1000,2915562,Großhadern,P.PPLX,DE,02,Q267576,node/1700532828,0.95,entry context 8 km (100% of the entries),
Erste Insel,14,locality,no_match,,,,,,,,,,,,0.00,no gazetteer entry,
Villach,14,,linked,osm+geonames,46.61028,13.85583,3000,2762372,Villach,P.PPLA2,AT,02,Q483522,relation/106163,0.95,entry context 13 km (100% of the entries),
Mošćenička Draga,14,locality,linked,osm+geonames,45.23778,14.25222,3000,3194856,Mošćenička Draga,P.PPLA2,HR,12,Q518951,relation/2162166,0.95,entry context 1 km (100% of the entries),
See Hirschau,14,locality,no_match,,,,,,,,,,,,0.00,no gazetteer entry,
Spitzing-Gebiet,14,locality,no_match,,,,,,,,,,,,0.00,no gazetteer entry,
Henzwald,14,locality,no_match,,,,,,,,,,,,0.00,no gazetteer entry,
Bad Schinznach,14,locality,review,osm+geonames,47.44992,8.16833,1500,2658733,Schinznach Bad,P.PPL,CH,AG,,node/3559307951,0.45,"OSM information/guidepost named after the place; far from most of the entries' other places (0% within 80 km, nearest 110 km)",
Ludesch,14,settlement,linked,osm+geonames,47.20000,9.78306,2000,2772228,Ludesch,P.PPLA3,AT,08,Q700935,relation/2712949,0.95,entry context 4 km (100% of the entries),
Wörth bei Rauris,14,locality,no_match,,,,,,,,,,,,0.00,no gazetteer entry,
Rauhenwies,13,locality,no_match,,,,,,,,,,,,0.00,no gazetteer entry,
Gennachhausen,13,locality,linked,osm+geonames,47.87058,10.69030,1500,2921334,Gennachhausen,P.PPL,DE,02,Q109669845,node/261610353,0.95,entry context 2 km (100% of the entries),
Hausen,13,locality,linked,osm+geonames,50.50640,10.12661,2000,2908875,Hausen,P.PPLA4,DE,02,Q583335,relation/386917,0.95,entry context 31 km (50% of the entries),
Korber,13,locality,review,osm,48.85202,9.36552,300,,,,,,Q31332588,node/303721373,0.70,"far from most of the entries' other places (0% within 80 km, nearest 142 km)",
Faltenbach,13,locality,linked,osm+geonames,47.40000,10.28333,3000,2927856,Faltenbach,H.STM,DE,02,Q124496170,relation/1421192,0.95,entry context 1 km (100% of the entries),
Rietsee,13,locality,no_match,,,,,,,,,,,,0.00,no gazetteer entry,
Raisting,13,locality,linked,osm+geonames,47.91667,11.10000,2000,2850776,Raisting,P.PPLA4,DE,02,Q538426,relation/936834,0.95,entry context 9 km (60% of the entries),
Hohenschäftlarn,13,,linked,osm+geonames,47.99107,11.45720,1500,2901498,Hohenschäftlarn,P.PPL,DE,02,Q49289307,node/51550223,0.95,entry context 1 km (100% of the entries),
Neubauern,13,settlement,review,geonames,52.73570,7.40183,1500,13654585,Neubauern,P.PPL,DE,06,,,0.60,GeoNames primary name match (DE),
Mindelheim,13,locality,linked,osm+geonames,48.04578,10.49222,2000,2871045,Mindelheim,P.PPLA3,DE,02,Q518579,relation/445772,0.95,entry context 14 km (60% of the entries),
Ettal,13,settlement,linked,osm+geonames,47.56667,11.10000,2000,2928684,Ettal,P.PPLA4,DE,02,Q509068,relation/939317,0.95,entry context 4 km (100% of the entries),
Petala,13,locality,linked,geonames,38.41587,21.09263,2000,255478,Nisída Petalás,T.ISL,GR,ESYE22,Q3044679,,0.85,GeoNames contains name match (GR); entry context 13 km (100% of the entries),
Kap Skropha,13,route,no_match,,,,,,,,,,,,0.00,no gazetteer entry,
Mugamiri,13,settlement,no_match,,,,,,,,,,,,0.00,no gazetteer entry,
Lange Linie,13,locality,review,osm,50.67622,11.06003,500,,,,,,,node/283640363,0.55,565 km from the entries' other places (0% within 80 km),
Jochberg,13,,linked,osm+geonames,47.37920,12.41807,2000,2775068,Jochberg,P.PPLA3,AT,07,Q691877,relation/85643,0.95,entry context 8 km (25% of the entries),
Peterer-Alm,13,locality,review,osm,47.70527,12.41081,100,,,,,,,way/124840574,0.60,OSM amenity/restaurant named after the place,
Fuchsing,13,settlement,no_match,,,,,,,,,,,,0.00,no gazetteer entry,
Westseite,13,locality,review,osm,48.54622,10.84709,300,,,,,,,way/254492545,0.60,OSM highway/footway named after the place,
Mainz,13,,linked,osm+geonames,49.98185,8.28008,5000,2874225,Mainz,P.PPLA,DE,08,Q1720,relation/62630,0.95,entry context 25 km (40% of the entries),
Südufer,13,locality,linked,osm,47.93758,11.13026,1500,,,,,,Q56153887,way/595145281,0.95,entry context 40 km (67% of the entries),
Antoninger Sumpfgebiet,13,locality,no_match,,,,,,,,,,,,0.00,no gazetteer entry,
Ensee,13,locality,no_match,,,,,,,,,,,,0.00,no gazetteer entry,
Weilheim,13,,linked,osm+geonames,47.84147,11.15484,2000,2812515,Weilheim,P.PPLA3,DE,02,Q535674,relation/936925,0.95,entry context 6 km (100% of the entries),
Solln,13,locality,linked,osm+geonames,48.07877,11.51320,1000,2831511,Solln,P.PPLX,DE,02,Q2299008,node/1700532849,0.95,entry context 1 km (100% of the entries),
Maisinger Au,13,locality,no_match,,,,,,,,,,,,0.00,no gazetteer entry,
Speicherseegebiet,13,locality,no_match,,,,,,,,,,,,0.00,not geocoded yet (no Nominatim cache entry),
Graswangtal,13,locality,linked,osm,47.56775,10.97806,5000,,,,,,,way/1548196027,0.95,entry context 7 km (71% of the entries),
Gelting,13,locality,linked,osm+geonames,47.89356,11.42269,1500,2921446,Gelting,P.PPL,DE,02,Q61310671,node/7405701807,0.95,entry context 2 km (100% of the entries),
Kagnu,13,settlement,no_match,,,,,,,,,,,,0.00,no gazetteer entry,
Seefelden,13,locality,linked,osm+geonames,47.73647,9.22882,1500,2833856,Seefelden,P.PPL,DE,01,Q100255609,node/294973407,0.95,entry context 6 km (100% of the entries),
Saatkrähen-Kolonie,13,locality,no_match,osm,53.07015,7.69675,1500,,,,,,,node/693051221,0.30,OSM tourism/attraction named after the place; 607 km from the entries' other places (0% within 80 km),
Wehrfälle,13,,no_match,,,,,,,,,,,,0.00,no gazetteer entry,
Erlacher Forst,13,locality,no_match,,,,,,,,,,,,0.00,no gazetteer entry,
Jagdmuseum,13,,review,osm,48.93353,10.97132,1500,,,,,,Q135582982,way/166299132,0.45,"OSM tourism/museum named after the place; far from most of the entries' other places (17% within 80 km, nearest 58 km)",
Forstenrieder Forst,13,,no_match,,,,,,,,,,,,0.00,no gazetteer entry,
Grünwalder-Perlacher Forst,13,locality,linked,osm,48.04639,11.56855,1500,,,,,,,relation/19590738,0.95,entry context 10 km (100% of the entries),
Muttergeräumt,13,locality,no_match,,,,,,,,,,,,0.00,no gazetteer entry,
Bergl-Alm,13,locality,review,osm,46.72407,10.80175,500,,,,,,,node/6535291723,0.70,"far from most of the entries' other places (0% within 80 km, nearest 109 km)",
Unterberg,13,locality,linked,geonames,46.69528,13.98278,1500,3217636,Unterberg,P.PPL,AT,02,,,0.90,GeoNames primary name match (AT); entry context 1 km (57% of the entries),
Wagenweiher,13,locality,no_match,,,,,,,,,,,,0.00,no gazetteer entry,
Seeböden,13,locality,linked,osm+geonames,46.81909,13.51430,2000,2765286,Seeboden,P.PPLA3,AT,02,Q660576,relation/108848,0.95,,
Wörthersee,13,,linked,osm+geonames,46.62917,14.12306,1000,2760837,Wörthersee,H.LK,AT,02,Q546146,relation/301560,0.95,entry context 2 km (100% of the entries),
Botnsdorf,13,settlement,no_match,,,,,,,,,,,,0.00,no gazetteer entry,
Hull am Moos,13,settlement,no_match,,,,,,,,,,,,0.00,no gazetteer entry,
Kühlehner Höhe,13,locality,no_match,,,,,,,,,,,,0.00,no gazetteer entry,
Franking,13,locality,linked,osm+geonames,48.05215,12.91168,1500,2779373,Franking,P.PPL,AT,04,Q669436,relation/404463,0.95,,
Isarkai,12,locality,no_match,,,,,,,,,,,,0.00,no gazetteer entry,
Frauentürme,12,locality,no_match,,,,,,,,,,,,0.00,no gazetteer entry,
Rauhenstein,12,settlement,linked,osm,47.75491,10.24960,1000,,,,,,,node/519085396,0.85,,
Lech bei Augsburg,12,locality,no_match,,,,,,,,,,,,0.00,no gazetteer entry,
Buchloe und Beckstetten,12,locality,no_match,,,,,,,,,,,,0.00,no gazetteer entry,
Ettingen,12,route,linked,osm+geonames,47.48225,7.54654,1500,2660849,Ettingen,P.PPL,CH,BL,Q70012,relation/1683646,0.95,entry context 2 km (100% of the entries),
Herzogstand,12,locality,linked,osm+geonames,47.61804,11.30622,500,2905439,Herzogstand,T.MT,DE,02,Q315270,node/71530342,0.95,entry context 4 km (50% of the entries),
Hintersteiner Tal,12,locality,linked,osm,47.46291,10.43090,5000,,,,,,Q124524886,way/657221291,0.95,entry context 6 km (67% of the entries),
Bauernwald,12,,linked,osm+geonames,48.63333,9.28333,1500,2952101,Bauernwald,V.FRST,DE,01,Q31906767,relation/214378,0.80,"far from most of the entries' other places (0% within 80 km, nearest 130 km)",
Bierdorf,12,locality,linked,osm+geonames,47.97118,11.09602,1500,2949104,Bierdorf,P.PPL,DE,02,Q27077707,relation/9033261,0.95,entry context 2 km (100% of the entries),
Fabrikspitz,12,locality,no_match,,,,,,,,,,,,0.00,no gazetteer entry,
Riederau am Ammersee,12,settlement,no_match,,,,,,,,,,,,0.00,no gazetteer entry,
Wertachufer,12,,linked,osm,48.38074,10.88396,800,,,,,,,way/156948577,0.95,entry context 22 km (33% of the entries),
Korben,12,locality,no_match,,,,,,,,,,,,0.00,no gazetteer entry,
Institut Rhenania,12,locality,no_match,,,,,,,,,,,,0.00,no gazetteer entry,
Bösbächialp,12,,no_match,,,,,,,,,,,,0.00,no gazetteer entry,
Ostseestrand,12,locality,review,osm,54.15839,11.99667,1500,,,,,,,way/331658948,0.55,670 km from the entries' other places (0% within 80 km),
Schwaben,12,locality,linked,osm,48.15313,10.47129,3000,,,,,,Q10557,relation/17657,0.95,entry context 3 km (80% of the entries),
Forggensee,12,locality,linked,osm+geonames,47.61126,10.74137,1000,2925892,Forggensee,H.LK,DE,02,Q680236,relation/897899,0.95,entry context 14 km (100% of the entries),
Saameister Weiher,12,locality,no_match,,,,,,,,,,,,0.00,no gazetteer entry,
Laim,12,locality,linked,osm+geonames,48.13470,11.50200,1000,2881846,Laim,P.PPLX,DE,02,Q259879,relation/54388,0.95,entry context 3 km (100% of the entries),
Einödsbach,12,locality,linked,osm+geonames,47.31636,10.26637,1500,2931705,Einödsbach,P.PPL,DE,02,Q1310426,node/953872986,0.95,entry context 2 km (75% of the entries),
Birgsau,12,locality,linked,osm+geonames,47.33438,10.26811,1500,2948718,Birgsau,P.PPL,DE,02,Q865411,node/722308004,0.95,entry context 2 km (67% of the entries),
Mon Repos,12,locality,no_match,osm,45.70419,7.20563,1500,,,,,,,way/189230447,0.30,OSM building/yes named after the place; 1036 km from the entries' other places (0% within 80 km),
Bucht von Avria,12,locality,no_match,,,,,,,,,,,,0.00,no gazetteer entry,
Niederpöcking,12,locality,linked,osm+geonames,47.97313,11.32680,1500,2862991,Niederpöcking,P.PPL,DE,02,Q123294288,node/10964332660,0.95,entry context 3 km (40% of the entries),
Sammister-Weiher,12,locality,no_match,,,,,,,,,,,,0.00,no gazetteer entry,
Elektrizitätswerk,12,locality,review,osm,48.55634,8.72136,500,,,,,,,node/3381114646,0.55,160 km from the entries' other places (0% within 80 km),
Karlsburg,12,locality,linked,osm,49.96129,9.75788,1500,,,,,,,node/1444712939,0.95,entry context 26 km (50% of the entries),
Lohr am Main,12,locality,linked,osm+geonames,49.98922,9.57223,1500,2876147,Lohr am Main,P.PPL,DE,02,Q504774,relation/337282,0.95,entry context 25 km (40% of the entries),
Hohe Munde,12,locality,linked,osm+geonames,47.34743,11.07233,500,2775992,Hohe Munde,T.MT,AT,07,Q389939,node/256041976,0.95,entry context 5 km (100% of the entries),
Koppenberg-Unterholz-See,12,locality,no_match,,,,,,,,,,,,0.00,no gazetteer entry,
Isar-Stauwehr,12,locality,no_match,,,,,,,,,,,,0.00,no gazetteer entry,
Ludwigskirche,12,locality,no_match,osm,48.91709,8.50595,1500,,,,,,Q107544161,way/110185918,0.30,OSM amenity/place_of_worship named after the place; 242 km from the entries' other places (0% within 80 km),
Hanfeld,12,locality,linked,osm+geonames,48.02277,11.32227,1500,2910943,Hanfeld,P.PPL,DE,02,Q30239653,node/1700541698,0.95,entry context 2 km (100% of the entries),
Blänke,12,locality,review,osm,52.53404,9.60585,1500,,,,,,,way/1191833911,0.55,258 km from the entries' other places (0% within 80 km),
Finkbach,12,locality,no_match,,,,,,,,,,,,0.00,no gazetteer entry,
Sanguin,12,locality,review,osm,47.95414,6.77981,1500,,,,,,,node/4853250192,0.55,335 km from the entries' other places (0% within 80 km),
Gündelal-Alm,12,locality,no_match,,,,,,,,,,,,0.00,no gazetteer entry,
Falkenstein bei Pfronten,12,locality,no_match,,,,,,,,,,,,0.00,no gazetteer entry,
Gmund am Tegernsee,12,locality,linked,geonames,47.75119,11.73810,1500,2919717,Gmund am Tegernsee,P.PPL,DE,02,Q32034824,,0.95,GeoNames primary name match (DE); entry context 4 km (80% of the entries),
Oxford,12,,linked,osm+geonames,51.75222,-1.25596,3000,2640729,Oxford,P.PPLA2,GB,ENG,Q34217,relation/394037,0.95,,
Erfurt,12,settlement,linked,osm+geonames,50.97734,11.03536,5000,2929670,Erfurt,P.PPLA,DE,15,Q1729,relation/62745,0.95,,
Alter Schirm,12,locality,no_match,,,,,,,,,,,,0.00,no gazetteer entry,
Speichersee Westbecken,12,locality,linked,osm,48.21656,11.74236,1000,,,,,,Q1528809,relation/2930833,0.95,entry context 5 km (100% of the entries),
Kulmbach,12,locality,linked,osm+geonames,50.10068,11.45032,2000,2882588,Kulmbach,P.PPLA3,DE,02,Q157598,relation/1022764,0.95,entry context 33 km (50% of the entries),
Freilassing,12,locality,linked,osm+geonames,47.84085,12.98114,1500,2925080,Freilassing,P.PPL,DE,02,Q278352,relation/941757,0.95,entry context 7 km (67% of the entries),
Fichtelgebirge,12,locality,linked,osm+geonames,50.00000,12.00000,5000,2926978,Fichtelgebirge,T.MTS,DE,00,Q157728,relation/6696626,0.95,entry context 14 km (40% of the entries),
Neustadt am Main,12,locality,review,osm+geonames,49.93021,9.56808,1500,2864060,Neustadt am Main,P.PPL,DE,02,Q508822,relation/335458,0.65,203 km from the entries' other places (0% within 80 km),
Unterammergau,12,locality,linked,osm+geonames,47.61658,11.02718,2000,2820020,Unterammergau,P.PPLA4,DE,02,Q505408,relation/937895,0.95,entry context 4 km (100% of the entries),
Möiring,12,locality,no_match,,,,,,,,,,,,0.00,no gazetteer entry,
Pärking,12,settlement,review,osm,45.90192,6.12096,300,,,,,,,way/591899538,0.45,OSM highway/footway named after the place,
Metzingen,12,locality,linked,osm+geonames,48.53695,9.28330,1500,2871486,Metzingen,P.PPL,DE,01,Q82881,relation/2774075,0.95,,
Bamberg,12,locality,linked,osm+geonames,49.89873,10.90067,2000,2952984,Bamberg,P.PPLA3,DE,02,Q3936,relation/62525,0.95,entry context 14 km (33% of the entries),
Kleinziegenfelder Tal,12,locality,no_match,,,,,,,,,,,,0.00,no gazetteer entry,
Nördlicher Galla-Weiher,12,locality,no_match,,,,,,,,,,,,0.00,no gazetteer entry,
Lechtaler Alpen,12,locality,linked,geonames,47.25000,10.50000,5000,2772789,Lechtaler Alpen,T.MTS,AT,00,Q700267,,0.90,GeoNames primary name match (AT); entry context 40 km (100% of the entries),
Forêt de Brotonne,12,locality,linked,osm+geonames,49.43982,0.71821,1500,3029904,Forêt de Brotonne,V.FRST,FR,28,Q3078831,relation/2749282,0.95,entry context 7 km (100% of the entries),
Hocheck,12,,linked,osm+geonames,47.64784,12.14987,1500,2903272,Hocheck,P.PPL,DE,02,,way/144372239,0.95,entry context 13 km (100% of the entries),
Schutzgebiet,12,locality,review,osm,50.42669,9.09470,1500,,,,,,,way/239883838,0.55,160 km from the entries' other places (0% within 80 km),
Kottgeisering,12,locality,linked,osm+geonames,48.11667,11.13333,2000,3208350,Kottgeisering,P.PPLA4,DE,02,Q255217,relation/933545,0.95,entry context 2 km (100% of the entries),
Kirchberger Wäldchen,12,locality,no_match,,,,,,,,,,,,0.00,no gazetteer entry,
Kirchberg,12,,linked,osm+geonames,50.30187,12.42270,1500,3073139,Kostelní,P.PPL,CZ,81,Q1785197,node/35832721,0.95,entry context 21 km (20% of the entries),
Horn,12,locality,linked,osm+geonames,47.49425,9.46246,1500,2660303,Horn,P.PPL,CH,TG,Q66195,relation/1684531,0.95,,
Bogdanowicz,12,locality,no_match,,,,,,,,,,,,0.00,no gazetteer entry,
Bernrieder Weiher,12,locality,linked,osm,47.84436,11.26459,1500,,,,,,,way/32673671,0.95,entry context 0 km (100% of the entries),
Krailling,12,locality,linked,osm+geonames,48.10000,11.40000,2000,2884878,Krailling,P.PPLA4,DE,02,Q530780,relation/932431,0.95,entry context 2 km (100% of the entries),
Rappental,12,locality,linked,osm,47.32315,10.49516,5000,,,,,,Q131554973,way/1325484334,0.95,entry context 38 km (50% of the entries),
Kain,12,locality,review,osm,48.97695,15.26677,500,,,,,,Q20799371,node/299127385,0.55,313 km from the entries' other places (0% within 80 km),
Geißauer Horn - Hornbächle,12,locality,no_match,,,,,,,,,,,,0.00,no gazetteer entry,
Jordananlagen,12,locality,no_match,,,,,,,,,,,,0.00,not geocoded yet (no Nominatim cache entry),
Leopoldpark,12,locality,linked,osm,48.15600,11.58107,800,,,,,,Q21968076,way/252956228,0.95,entry context 2 km (100% of the entries),
Zubringerkanal,12,locality,no_match,,,,,,,,,,,,0.00,no gazetteer entry,
Harlachinger Kirchlein,12,locality,no_match,,,,,,,,,,,,0.00,no gazetteer entry,
Matroschka,12,locality,review,osm,50.71762,12.49366,100,,,,,,,node/566649509,0.60,OSM amenity/restaurant named after the place,
Bäckermühle,12,locality,linked,osm,47.79654,12.29284,500,,,,,,,node/1693501882,0.85,,
Steinbach und Osterbuchberg,12,locality,no_match,,,,,,,,,,,,0.00,no gazetteer entry,
Isar bei Schäftlarn,12,locality,no_match,,,,,,,,,,,,0.00,no gazetteer entry,
Ampermoor,12,locality,no_match,,,,,,,,,,,,0.00,no gazetteer entry,
Gerlacher Forst,12,locality,no_match,,,,,,,,,,,,0.00,no gazetteer entry,
Hengstberg,12,locality,linked,osm+geonames,50.13527,9.39194,500,2906437,Hengstberg,T.MT,DE,05,Q31541448,node/2547677575,0.95,,
Gut Stellerer,12,locality,no_match,,,,,,,,,,,,0.00,no gazetteer entry,
Klosterweiher bei Roggenburg,12,locality,no_match,,,,,,,,,,,,0.00,no gazetteer entry,
Hemmering,12,locality,no_match,geonames,49.02600,6.67434,1500,3013546,Hémering,P.PPL,FR,44,,,0.10,GeoNames alternate name match (FR); 368 km from the entries' other places (0% within 80 km),
Werkbecken,12,,no_match,,,,,,,,,,,,0.00,no gazetteer entry,
Ammergebirge,12,locality,linked,osm+geonames,47.58333,10.88333,5000,3261586,Ammergebirge,T.MTS,DE,00,Q59415928,relation/3859028,0.80,"far from most of the entries' other places (0% within 80 km, nearest 80 km)",
Isar-Kläranlage,12,locality,no_match,,,,,,,,,,,,0.00,no gazetteer entry,
Fehrbellin,12,locality,linked,osm+geonames,52.81350,12.76440,2000,2927564,Fehrbellin,P.PPLA4,DE,11,Q626792,relation/1302389,0.95,entry context 10 km (100% of the entries),
Großer Belt,12,locality,linked,osm,55.49928,10.91328,1500,,,,,,Q204715,way/486310481,0.95,entry context 22 km (100% of the entries),
Lattsee,12,locality,review,osm+geonames,52.64539,13.89721,1000,2889217,Lattsee,H.LK,DE,11,,way/5051334,0.65,528 km from the entries' other places (0% within 80 km),
Isarfüllen,12,locality,no_match,,,,,,,,,,,,0.00,no gazetteer entry,
Moosinger Moos,12,locality,no_match,,,,,,,,,,,,0.00,no gazetteer entry,
Stocklingen,12,locality,no_match,,,,,,,,,,,,0.00,no gazetteer entry,
Tfb,12,locality,no_match,osm,49.31082,13.12372,1500,,,,,,,node/4876333868,0.30,OSM historic/wayside_cross named after the place; 160 km from the entries' other places (0% within 80 km),
Großer Baggersee,12,locality,review,osm,48.31541,10.04929,1000,,,,,,,way/6234508,0.70,"far from most of the entries' other places (0% within 80 km, nearest 115 km)",
Ettenhäuser Baggersee,12,locality,no_match,,,,,,,,,,,,0.00,no gazetteer entry,
Isarklinik,12,locality,linked,osm,48.13490,11.56536,1500,,,,,,,node/2636635126,0.90,OSM amenity/taxi named after the place; entry context 1 km (100% of the entries),
Krakauer,12,locality,review,osm,49.45306,11.08582,1500,,,,,,Q1786355,way/212488940,0.45,"OSM building/office named after the place; far from most of the entries' other places (0% within 80 km, nearest 143 km)",
Tecklärsteich,12,locality,no_match,,,,,,,,,,,,0.00,no gazetteer entry,
Neupirsching,12,locality,no_match,,,,,,,,,,,,0.00,no gazetteer entry,
Spb.,12,locality,no_match,geonames,51.50513,-0.21756,300,6953547,Shepherd's Bush Railway Station,S.RSTN,GB,ENG,,,0.05,GeoNames alternate name match (GB); 924 km from the entries' other places (0% within 80 km),
Neupiering,12,locality,no_match,,,,,,,,,,,,0.00,no gazetteer entry,
Th.,12,locality,review,geonames,50.91667,11.00000,50000,2822542,Thuringia,A.ADM1,DE,15,,,0.45,GeoNames contains name match (DE),
Baggerseen,12,locality,no_match,,,,,,,,,,,,0.00,not geocoded yet (no Nominatim cache entry),
Wfb,12,locality,no_match,,,,,,,,,,,,0.00,not geocoded yet (no Nominatim cache entry),
Einlaufwerk,12,locality,no_match,,,,,,,,,,,,0.00,no gazetteer entry,
Isarhänge,12,locality,no_match,,,,,,,,,,,,0.00,no gazetteer entry,
Flochleite,12,locality,no_match,,,,,,,,,,,,0.00,no gazetteer entry,
Vogelklasse,12,locality,no_match,,,,,,,,,,,,0.00,no gazetteer entry,
Botendorf,12,settlement,no_match,,,,,,,,,,,,0.00,no gazetteer entry,
Bad Schruns,12,settlement,no_match,,,,,,,,,,,,0.00,no gazetteer entry,
Hitzing,12,route,linked,geonames,47.86593,12.29015,1500,2903443,Hitzing,P.PPL,DE,02,,,0.95,GeoNames primary name match (DE); entry context 4 km (100% of the entries),
Prizing,12,settlement,no_match,,,,,,,,,,,,0.00,no gazetteer entry,
Mühlen,12,locality,linked,osm+geonames,47.11667,11.46667,1500,3319501,Mühlen,P.PPL,AT,07,Q1958411,node/1650328006,0.80,"far from most of the entries' other places (0% within 80 km, nearest 106 km)",
Langbürgner See,12,locality,linked,osm+geonames,47.90119,12.35312,1000,2881384,Langbürgner See,H.LK,DE,02,Q1569749,relation/33315,0.95,entry context 3 km (100% of the entries),
Schafbergalpe,12,locality,linked,geonames,47.76969,13.42234,300,7874830,Schafbergalpe,S.RSTN,AT,05,,,0.85,GeoNames primary name match (AT); entry context 4 km (100% of the entries),
Hellmoos,12,locality,no_match,,,,,,,,,,,,0.00,no gazetteer entry,
Waldmann,12,locality,linked,osm,47.89255,10.45102,300,,,,,,,node/3143893986,0.85,,
Brahms-Anlagen,12,locality,no_match,,,,,,,,,,,,0.00,no gazetteer entry,
Moorsee,12,locality,linked,osm,47.42270,9.80732,1000,,,,,,Q100956771,way/115497199,0.85,,
Florliebe,12,locality,no_match,,,,,,,,,,,,0.00,no gazetteer entry,
Ismaninger Speicherseen,12,locality,no_match,,,,,,,,,,,,0.00,not geocoded yet (no Nominatim cache entry),
Ilkahöhe,12,,linked,osm+geonames,47.90209,11.24770,500,2896581,Ilkahöhe,T.HLL,DE,02,Q1607578,node/444241864,0.95,entry context 3 km (100% of the entries),
Diepingen,12,settlement,no_match,,,,,,,,,,,,0.00,no gazetteer entry,
Donauarm,12,locality,review,osm,48.23614,15.34374,1500,,,,,,,way/31021430,0.55,280 km from the entries' other places (0% within 80 km),
Oberndorf,11,locality,linked,osm+geonames,48.52647,8.92914,1500,2859645,Oberndorf,P.PPL,DE,01,Q321602,relation/4447613,0.95,entry context 13 km (25% of the entries),
Rieden,11,locality,linked,osm+geonames,47.95000,10.65000,2000,2847247,Rieden,P.PPLA4,DE,02,Q547380,relation/447627,0.95,entry context 3 km (100% of the entries),
Gennach-Moos,11,locality,no_match,,,,,,,,,,,,0.00,not geocoded yet (no Nominatim cache entry),
Spielmannsau,11,locality,linked,osm+geonames,47.34726,10.30535,1500,2830471,Spielmannsau,P.PPL,DE,02,Q2310234,node/246769919,0.95,entry context 3 km (50% of the entries),
Bärensee,11,locality,linked,osm,47.85689,10.64024,1000,,,,,,Q1019167,relation/356450,0.95,entry context 3 km (100% of the entries),
Staufenberg,11,locality,linked,osm+geonames,49.11667,9.23333,500,2829330,Staufenberg,T.HLL,DE,01,Q31311387,node/395517983,0.95,,
Bösbächli-Alpe,11,locality,no_match,,,,,,,,,,,,0.00,no gazetteer entry,
Unterschächen,11,locality,linked,osm+geonames,46.86281,8.76923,1500,2658243,Unterschächen,P.PPL,CH,UR,Q65959,relation/1683118,0.95,entry context 7 km (100% of the entries),
Holzkirchen,11,locality,linked,osm+geonames,47.87663,11.70181,1500,2899676,Holzkirchen,P.PPL,DE,02,Q260479,relation/935961,0.95,entry context 4 km (100% of the entries),
Schwarzhölzl,11,locality,linked,osm,48.24103,11.49464,1500,,,,,,,relation/296075,0.95,entry context 13 km (67% of the entries),
Münsing,11,,linked,osm+geonames,47.90000,11.36667,2000,2867561,Münsing,P.PPLA4,DE,02,Q532939,relation/935105,0.95,entry context 2 km (100% of the entries),
Eisweiher,11,locality,review,osm,48.60327,10.25088,1000,,,,,,,way/631099390,0.70,"far from most of the entries' other places (0% within 80 km, nearest 85 km)",
Oberau,11,,linked,osm+geonames,47.55979,11.13919,2000,2861384,Oberau,P.PPLA4,DE,02,Q505979,relation/939349,0.95,entry context 3 km (75% of the entries),
Karlshöfen,11,settlement,review,osm+geonames,53.35278,9.02037,1500,2892823,Karlshöfen,P.PPL,DE,06,Q13188561,node/892767274,0.65,607 km from the entries' other places (0% within 80 km),
Skorpios,11,,linked,geonames,38.69228,20.74558,2000,253563,Nisída Skorpiós,T.ISL,GR,ESYE22,Q1325264,,0.85,GeoNames contains name match (GR); entry context 4 km (100% of the entries),
Akrilia,11,locality,no_match,,,,,,,,,,,,0.00,no gazetteer entry,
Alogomandra,11,route,linked,geonames,38.59378,21.02438,2000,6255056,Alogomandra,T.BCH,GR,ESYE23,Q25159879,,0.80,GeoNames primary name match (GR); entry context 8 km (100% of the entries),
Oria,11,locality,linked,osm+geonames,40.49999,17.64280,2000,3171961,Oria,P.PPLA3,IT,13,Q51871,relation/40538,0.95,,
Falster,11,locality,linked,osm+geonames,54.80000,11.96667,2000,2622351,Falster,T.ISL,DK,20,Q735905,relation/5178556,0.95,entry context 25 km (50% of the entries),
Stadtpark,11,locality,linked,osm,47.42784,9.38247,800,,,,,,,way/25749721,0.85,,
Unteruhldingen,11,locality,linked,geonames,47.71667,9.23333,1500,2818518,Unteruhldingen,P.PPL,DE,01,Q7897599,,0.90,GeoNames primary name match (DE); entry context 2 km (100% of the entries),
Kitzbühel,11,,linked,osm+geonames,47.44637,12.39215,2000,2774347,Kitzbühel,P.PPLA3,AT,07,Q264665,relation/85657,0.95,entry context 8 km (50% of the entries),
Achemündung,11,locality,no_match,,,,,,,,,,,,0.00,not geocoded yet (no Nominatim cache entry),
Fernpass,11,locality,linked,osm+geonames,47.36667,10.83333,2000,2779628,Fernpass,T.PASS,AT,07,Q667984,node/1439237561,0.95,entry context 5 km (100% of the entries),
Seebach,11,locality,linked,osm+geonames,48.79700,13.00815,1500,2834022,Seebach,P.PPL,DE,02,Q1314083,node/283419918,0.95,,
Telfs,11,,linked,osm+geonames,47.30707,11.06817,2000,2763810,Telfs,P.PPLA3,AT,07,Q660015,relation/79367,0.95,entry context 4 km (100% of the entries),
Reutte,11,locality,linked,osm+geonames,47.48333,10.71667,2000,2767511,Reutte,P.PPLA3,AT,07,Q487513,relation/28754,0.95,entry context 7 km (50% of the entries),
Johanneskirchen,11,locality,linked,osm+geonames,48.17012,11.65063,1000,2894820,Johanneskirchen,P.PPLX,DE,02,Q1698872,node/3048165437,0.95,entry context 3 km (100% of the entries),
Weihenstephan,11,locality,linked,osm+geonames,48.39294,11.73758,1500,2812833,Weihenstephan,P.PPL,DE,02,Q25731,node/29818824,0.95,entry context 1 km (100% of the entries),
Göhring,11,settlement,no_match,osm,49.17894,10.40335,100,,,,,,,node/1690964720,0.15,OSM amenity/restaurant named after the place; 193 km from the entries' other places (0% within 80 km),
Wörling,11,,linked,osm+geonames,48.15790,13.52293,1500,11611583,Wörling,P.PPL,AT,04,,node/3284325680,0.95,entry context 31 km (29% of the entries),
Lände,11,locality,no_match,osm,48.22234,16.36757,200,,,,,,Q2465756,node/4003901213,0.30,OSM railway/station named after the place; 265 km from the entries' other places (0% within 80 km),
Frickingen,11,settlement,linked,osm+geonames,47.81438,9.27349,2000,2924826,Frickingen,P.PPLA4,DE,01,Q161019,relation/2806598,0.95,,
Walchstadt,11,locality,linked,osm+geonames,47.94487,11.41505,1500,2815220,Walchstadt,P.PPL,DE,02,Q55364705,node/273208199,0.95,entry context 1 km (100% of the entries),
Großlappen,11,locality,linked,osm,48.20678,11.62327,500,,,,,,,node/5695372526,0.95,entry context 5 km (100% of the entries),
Reininger See,11,locality,no_match,,,,,,,,,,,,0.00,no gazetteer entry,
Weilheim in Oberbayern,11,locality,linked,osm+geonames,47.84147,11.15484,2000,2812515,Weilheim,P.PPLA3,DE,02,Q535674,relation/936925,0.95,entry context 3 km (67% of the entries),
Unterholz,11,,linked,geonames,47.86227,11.26220,1500,2819331,Unterholz,P.PPL,DE,02,,,0.95,GeoNames primary name match (DE); entry context 2 km (100% of the entries),
Jumièges,11,locality,linked,osm+geonames,49.43324,0.81918,1500,3012066,Jumièges,P.PPL,FR,28,Q658613,relation/106396,0.95,entry context 7 km (100% of the entries),
Blumenauergau,11,region,no_match,,,,,,,,,,,,0.00,no gazetteer entry,
Bruckmühl,11,locality,linked,osm+geonames,47.87859,11.91098,1500,2943408,Bruckmühl,P.PPL,DE,02,Q545290,relation/2190662,0.95,entry context 8 km (100% of the entries),
Vogelherd,11,,linked,geonames,49.38333,12.18333,1500,2816992,Vogelherd,V.FRST,DE,02,Q33411403,,0.95,GeoNames primary name match (DE); entry context 25 km (50% of the entries),
Feldmoos,11,locality,linked,osm+geonames,47.86253,9.49968,1500,2927318,Feldmoos,P.PPL,DE,01,,node/61684893,0.80,"far from most of the entries' other places (0% within 80 km, nearest 135 km)",
Rieger-Hüttli,11,locality,no_match,,,,,,,,,,,,0.00,no gazetteer entry,
Biederstein,11,,linked,osm+geonames,48.16677,11.59787,1000,11610215,Biederstein,P.PPLX,DE,02,Q113799350,node/1700532814,0.95,entry context 1 km (100% of the entries),
Fabrik,11,,review,osm,50.79512,14.04383,300,,,,,,,node/3465319197,0.55,332 km from the entries' other places (0% within 80 km),
Laufzener Flur,11,locality,no_match,,,,,,,,,,,,0.00,no gazetteer entry,
Mittelberg,11,locality,linked,osm+geonames,47.35127,10.17197,2000,2771533,Mittelberg,P.PPLA3,AT,08,Q692976,relation/74228,0.95,,
Schloss Möggingen,11,locality,no_match,,,,,,,,,,,,0.00,no gazetteer entry,
Isarstufen,11,locality,no_match,,,,,,,,,,,,0.00,no gazetteer entry,
Eberne,11,locality,no_match,,,,,,,,,,,,0.00,no gazetteer entry,
Trimmiser Wald,11,locality,no_match,,,,,,,,,,,,0.00,no gazetteer entry,
Glion,11,locality,linked,osm+geonames,46.43360,6.92619,1500,2660581,Glion,P.PPL,CH,VD,Q688497,node/974936459,0.95,entry context 1 km (100% of the entries),
Nordbad,11,locality,linked,osm,48.16014,11.56442,1500,,,,,,Q1997626,way/1097547837,0.90,OSM leisure/sports_centre named after the place; entry context 3 km (100% of the entries),
Kagran,11,settlement,linked,osm+geonames,48.24899,16.44835,1000,2774984,Kagran,P.PPLX,AT,09,Q1721129,relation/5850337,0.95,,
Stegnais,11,locality,no_match,,,,,,,,,,,,0.00,no gazetteer entry,
Diepzig,11,settlement,review,osm,51.86507,11.93933,200,,,,,,,way/226743030,0.70,,
Pütting,11,settlement,linked,osm+geonames,48.15289,13.52760,1500,11611582,Putting,P.PPL,AT,04,,node/940293588,0.95,,
Aubing,10,,linked,osm+geonames,48.16070,11.41591,1500,2954729,Aubing,P.PPL,DE,02,Q758481,node/1700548609,0.95,entry context 4 km (100% of the entries),
Büchler,10,settlement,review,osm,47.41145,9.51652,500,,,,,,,way/777498598,0.75,OSM highway/track named after the place; entry context 17 km (33% of the entries),
Antheim,10,locality,no_match,,,,,,,,,,,,0.00,no gazetteer entry,
Kirchturm,10,locality,linked,geonames,47.43457,10.47492,300,6939780,Kirchturm,T.PK,AT,07,Q21877991,,0.90,GeoNames primary name match (AT); entry context 19 km (25% of the entries),
Frankenrieder Moos,10,locality,no_match,,,,,,,,,,,,0.00,no gazetteer entry,
Durchbruch,10,,review,osm,47.70099,13.11272,1500,,,,,,,way/759640533,0.55,185 km from the entries' other places (0% within 80 km),
Mertingen,10,locality,linked,osm+geonames,48.65695,10.80557,2000,2871716,Mertingen,P.PPLA4,DE,02,Q506753,relation/562972,0.95,entry context 32 km (50% of the entries),
Nesselwang,10,locality,linked,osm+geonames,47.62342,10.50243,1500,2866416,Nesselwang,P.PPL,DE,02,Q521510,relation/448300,0.95,entry context 6 km (100% of the entries),
Fallenbach-Hang,10,locality,no_match,,,,,,,,,,,,0.00,no gazetteer entry,
Vogelschutzgehölz,10,locality,review,osm,50.59214,11.69310,1500,,,,,,,way/1030994696,0.70,"far from most of the entries' other places (0% within 80 km, nearest 97 km)",
Villa Rebel,10,locality,no_match,,,,,,,,,,,,0.00,no gazetteer entry,
Lourdesgrotte,10,locality,review,osm,49.56231,9.67791,1500,,,,,,,way/591625787,0.70,"far from most of the entries' other places (0% within 80 km, nearest 91 km)",
Hopfensee,10,locality,linked,osm+geonames,47.60233,10.67179,1000,2899207,Hopfensee,H.LK,DE,02,Q315880,way/266220745,0.95,entry context 4 km (100% of the entries),
Baumwärter,10,locality,no_match,,,,,,,,,,,,0.00,no gazetteer entry,
Nussbaumen,10,settlement,linked,osm+geonames,47.62514,8.82803,1500,2659424,Nussbaumen,P.PPL,CH,TG,Q15837145,node/1511879218,0.95,entry context 17 km (100% of the entries),
Mittlere Guppenalpe,10,locality,no_match,,,,,,,,,,,,0.00,no gazetteer entry,
Neustadt an der Donau,10,locality,linked,osm+geonames,48.80705,11.76952,1500,2864056,Neustadt an der Donau,P.PPL,DE,02,Q269010,relation/956656,0.95,entry context 6 km (25% of the entries),
Linkerskopf,10,locality,linked,osm,47.29093,10.26369,300,,,,,,Q831129,node/530735159,0.95,entry context 1 km (100% of the entries),
Kaviza,10,locality,no_match,,,,,,,,,,,,0.00,no gazetteer entry,
Schloss Mon Repos,10,locality,no_match,,,,,,,,,,,,0.00,no gazetteer entry,
Kapruner Tal,10,locality,linked,osm,47.21934,12.72605,5000,,,,,,Q21868281,way/1367168200,0.85,,
Ostsee,10,locality,review,osm,50.11475,10.98328,1000,,,,,,,way/36131890,0.55,219 km from the entries' other places (0% within 80 km),
Langenargen,10,locality,linked,osm+geonames,47.59858,9.54163,2000,2881263,Langenargen,P.PPLA4,DE,01,Q532326,relation/2783823,0.95,entry context 3 km (75% of the entries),
Thüringen,10,locality,linked,osm+geonames,47.20000,9.76667,2000,2763658,Thüringen,P.PPLA3,AT,08,Q692961,relation/76689,0.95,,
Buchendorf,10,locality,linked,osm+geonames,48.05789,11.40252,1500,2942548,Buchendorf,P.PPL,DE,02,Q998274,node/51300396,0.95,entry context 2 km (100% of the entries),
Ascheringer Moos,10,,no_match,,,,,,,,,,,,0.00,no gazetteer entry,
Flintsbach,10,,linked,osm+geonames,48.71472,13.10473,1500,2926169,Flintsbach,P.PPL,DE,02,Q34905636,way/1165180775,0.80,"far from most of the entries' other places (0% within 80 km, nearest 114 km)",
Griesen,10,,linked,osm+geonames,47.47801,10.94490,1500,2917432,Griesen,P.PPL,DE,02,Q1546500,relation/19517451,0.95,,
Mittersee,10,locality,linked,osm,47.36877,10.86567,1000,,,,,,Q106974772,way/26813798,0.95,entry context 2 km (100% of the entries),
Fischbach,10,locality,linked,osm+geonames,50.21765,11.38191,1500,2926625,Fischbach,P.PPL,DE,02,Q61749762,node/30172154,0.95,entry context 14 km (20% of the entries),
Bludenz,10,route,linked,osm+geonames,47.15476,9.82255,3000,2781680,Bludenz,P.PPLA2,AT,08,Q494504,relation/76717,0.95,entry context 2 km (75% of the entries),
Breitachklamm,10,locality,linked,osm+geonames,47.39132,10.23055,2000,7521389,Breitachklamm,T.GRGE,DE,02,Q153135,way/1249040029,0.95,entry context 2 km (67% of the entries),
Tiefenbach,10,locality,linked,osm+geonames,48.50000,12.10000,2000,2822443,Tiefenbach,P.PPLA4,DE,02,Q278469,relation/191256,0.95,entry context 12 km (50% of the entries),
Kieferitz,10,locality,no_match,,,,,,,,,,,,0.00,no gazetteer entry,
Texel I,10,locality,no_match,,,,,,,,,,,,0.00,no gazetteer entry,
Staustufe der mittleren Isar,10,locality,no_match,,,,,,,,,,,,0.00,no gazetteer entry,
Andechs und Fischen,10,locality,no_match,,,,,,,,,,,,0.00,no gazetteer entry,
Seeninger See,10,locality,no_match,,,,,,,,,,,,0.00,no gazetteer entry,
Naturschutzgebiet Berchtesgaden,10,locality,no_match,,,,,,,,,,,,0.00,no gazetteer entry,
Pulling,10,locality,linked,osm+geonames,48.36480,11.70375,1500,2851730,Pulling,P.PPL,DE,02,Q2117920,node/260604926,0.95,entry context 5 km (100% of the entries),
Höllental-Anger,10,locality,no_match,,,,,,,,,,,,0.00,no gazetteer entry,
Entenweiher,10,locality,linked,osm,47.60412,9.89441,1000,,,,,,,way/44305722,0.95,entry context 15 km (50% of the entries),
Entenrhein,10,locality,no_match,,,,,,,,,,,,0.00,no gazetteer entry,
Rain,10,locality,linked,osm+geonames,48.69029,10.91611,1500,2850808,Rain,P.PPL,DE,02,Q503737,relation/962252,0.95,,
Speicher,10,locality,review,osm+geonames,47.41090,9.44335,1500,2658537,Speicher,P.PPL,CH,AR,Q67148,relation/1683940,0.65,179 km from the entries' other places (0% within 80 km),
Südteich,10,locality,review,osm,52.24912,10.52755,1000,,,,,,,relation/5903,0.55,317 km from the entries' other places (0% within 80 km),
Königsdorf,10,locality,linked,osm+geonames,47.81546,11.48063,2000,2885898,Königsdorf,P.PPLA4,DE,02,Q377715,relation/935160,0.95,entry context 3 km (100% of the entries),
Seekalpe,10,locality,no_match,,,,,,,,,,,,0.00,no gazetteer entry,
Grünau,10,,linked,osm+geonames,49.56321,12.12822,1500,2914486,Grünau,P.PPL,DE,02,,node/2666766785,0.80,"far from most of the entries' other places (0% within 80 km, nearest 138 km)",
Sankt Wolfgang,10,locality,linked,osm+geonames,48.21667,12.13333,2000,2841457,Sankt Wolfgang,P.PPLA4,DE,02,Q548507,relation/934757,0.95,entry context 7 km (33% of the entries),
Weiherhammer,10,locality,linked,osm+geonames,49.63333,12.06667,2000,2812752,Weiherhammer,P.PPLA4,DE,02,Q510047,relation/1059440,0.95,entry context 2 km (50% of the entries),
Kampenwand,10,locality,linked,osm+geonames,47.75581,12.36777,300,2893293,Kampenwand,T.PK,DE,02,Q263280,node/1772512527,0.95,entry context 37 km (50% of the entries),
Kapellberg,10,locality,linked,osm,47.67417,9.80153,1500,,,,,,Q138506750,node/13608011312,0.85,,
Bruck,10,locality,linked,osm+geonames,48.02116,11.90781,2000,2943531,Bruck,P.PPLA4,DE,02,Q566574,relation/929920,0.95,entry context 28 km (75% of the entries),
Schlosspark,10,locality,linked,osm,48.22758,11.67282,800,,,,,,Q1464855,way/9962972,0.95,entry context 1 km (75% of the entries),
Ruhpolding,10,locality,linked,osm+geonames,47.76667,12.65000,2000,2843203,Ruhpolding,P.PPLA4,DE,02,Q73532,relation/941688,0.95,entry context 32 km (33% of the entries),
Schwingen-Weiher,10,locality,no_match,,,,,,,,,,,,0.00,no gazetteer entry,
Galla-Weiher,10,locality,no_match,,,,,,,,,,,,0.00,no gazetteer entry,
Pernanung,10,locality,no_match,,,,,,,,,,,,0.00,no gazetteer entry,
Ringger Weiher,10,locality,no_match,,,,,,,,,,,,0.00,no gazetteer entry,
Nordkanal,10,locality,review,osm+geonames,51.22825,6.56220,2000,2861924,Nordkanal,H.CNL,DE,07,Q316300,relation/16711301,0.65,496 km from the entries' other places (0% within 80 km),
Marburg,10,,linked,osm+geonames,50.80904,8.77069,2000,2873759,Marburg an der Lahn,P.PPLA3,DE,05,Q3869,relation/225494,0.95,,
Kappel,10,,linked,osm+geonames,48.11207,8.50196,1500,2893057,Kappel,P.PPL,DE,01,Q27479041,relation/12502358,0.95,,
Birkenberg,10,locality,linked,osm,48.52072,12.13081,300,,,,,,,node/7306641852,0.85,,
Schloss Elmau,10,locality,review,osm+geonames,47.47226,11.21334,1500,9881873,Kranzbach,P.PPL,DE,02,Q317768,relation/3363432,0.60,OSM tourism/hotel named after the place,
Neusiedler See,10,locality,linked,osm+geonames,47.83333,16.75000,1000,3052649,Neusiedler See,H.LK,AT,00,Q6396,relation/28066,0.95,,
Siebenbrunn,10,locality,linked,osm+geonames,48.10216,11.55729,1000,11610684,Siebenbrunn,P.PPLX,DE,02,,node/1700532848,0.95,entry context 4 km (100% of the entries),
Borkum,10,route,linked,osm+geonames,53.58094,6.69153,1500,2946206,Borkum,P.PPL,DE,06,Q17075271,relation/3788971,0.95,entry context 23 km (100% of the entries),
Kagura,10,settlement,review,osm,35.70540,139.57704,1500,,,,,,,node/13431999401,0.45,OSM shop/furniture named after the place,
Leipzig,10,locality,linked,osm+geonames,51.33962,12.37129,2000,2879139,Leipzig,P.PPLA3,DE,13,Q2079,relation/62649,0.95,,
Retterschwangertal,10,locality,no_match,,,,,,,,,,,,0.00,not geocoded yet (no Nominatim cache entry),
Lankesheimer Wäldchen,10,locality,no_match,,,,,,,,,,,,0.00,no gazetteer entry,
Gerath,10,locality,no_match,,,,,,,,,,,,0.00,no gazetteer entry,
Rotspitze,10,locality,linked,osm,47.18912,10.42242,300,,,,,,,node/517785641,0.95,entry context 36 km (50% of the entries),
Ismaninger Speichersee Westende,10,locality,no_match,,,,,,,,,,,,0.00,no gazetteer entry,
Wolterbach,10,locality,no_match,,,,,,,,,,,,0.00,no gazetteer entry,
Uffing,10,locality,linked,osm+geonames,47.71378,11.15034,1500,2820419,Uffing,P.PPL,DE,02,Q97013262,node/2836036766,0.95,entry context 28 km (33% of the entries),
Poltwitz,10,locality,no_match,,,,,,,,,,,,0.00,no gazetteer entry,
Westteich,10,locality,review,osm,51.75402,8.03355,1000,,,,,,,way/60686243,0.55,424 km from the entries' other places (0% within 80 km),
Loisachwand,10,locality,no_match,,,,,,,,,,,,0.00,no gazetteer entry,
Linum,10,locality,linked,osm+geonames,52.75957,12.87495,1500,2876957,Linum,P.PPL,DE,11,Q1681447,relation/9298249,0.95,entry context 10 km (100% of the entries),
Öresund,10,locality,linked,osm+geonames,55.79975,12.74753,2000,2612845,The Sound,H.SD,DK,00,Q104662,way/486348349,0.95,entry context 18 km (100% of the entries),
Sankt Veit,10,locality,linked,osm+geonames,47.31667,11.06667,1500,2766362,Sankt Veit,P.PPL,AT,07,,node/240051171,0.80,"far from most of the entries' other places (0% within 80 km, nearest 94 km)",
Herrmanning,10,locality,no_match,,,,,,,,,,,,0.00,no gazetteer entry,
Isarinsel,10,locality,linked,osm,48.17390,11.62273,800,,,,,,Q124567899,relation/5333909,0.95,entry context 5 km (100% of the entries),
Westpark,10,locality,linked,osm+geonames,48.12255,11.51333,800,6544573,Westpark,L.PRK,DE,02,Q994667,relation/1395282,0.95,entry context 5 km (100% of the entries),
Nitzbecken,10,locality,no_match,,,,,,,,,,,,0.00,no gazetteer entry,
Südwall,10,locality,review,osm,52.20805,7.18828,800,,,,,,,way/151537586,0.55,545 km from the entries' other places (0% within 80 km),
Nordvorfluter,10,locality,no_match,,,,,,,,,,,,0.00,no gazetteer entry,
Wehrschanke,10,locality,no_match,,,,,,,,,,,,0.00,no gazetteer entry,
Jungfernberger Seen,10,locality,no_match,,,,,,,,,,,,0.00,no gazetteer entry,
Abhanggraben,10,,no_match,,,,,,,,,,,,0.00,no gazetteer entry,
Bb.,10,locality,review,geonames,49.82245,19.04686,2000,3103402,Bielsko-Biala,P.PPLA3,PL,83,,,0.65,GeoNames alternate name match (PL),
Baggersee I,10,locality,no_match,,,,,,,,,,,,0.00,no gazetteer entry,
Vb.,10,locality,no_match,geonames,45.93333,8.55000,20000,3164567,Provincia Verbano-Cusio-Ossola,A.ADM2,IT,12,,,0.30,GeoNames alternate name match (IT),
Frenzmeier,10,locality,no_match,,,,,,,,,,,,0.00,no gazetteer entry,
Bergen,10,locality,linked,geonames,50.15690,8.75472,1000,2950618,Bergen,P.PPLX,DE,05,Q819506,,0.90,GeoNames primary name match (DE); entry context 2 km (100% of the entries),
Wlb.,10,locality,no_match,osm,48.16228,16.33347,1500,,,,,,,node/4805327867,0.30,OSM railway/owner_change named after the place; 353 km from the entries' other places (0% within 80 km),
Lailling,10,locality,linked,osm+geonames,48.74349,12.82437,1500,2881848,Lailling,P.PPL,DE,02,Q27925558,node/2343818986,0.95,entry context 5 km (100% of the entries),
Kraftwerk Finsing,10,locality,no_match,,,,,,,,,,,,0.00,no gazetteer entry,
Kanal auf Höhe Ki,10,locality,no_match,,,,,,,,,,,,0.00,no gazetteer entry,
Pöckinger Alm,10,locality,no_match,,,,,,,,,,,,0.00,no gazetteer entry,
Pfb.,10,locality,review,osm,47.86637,12.16607,1500,,,,,,,way/258450677,0.60,OSM building/yes named after the place,
Kanzelhöhe,10,locality,linked,osm+geonames,46.67833,13.90167,1500,2774787,Kanzelhöhe,P.PPL,AT,02,,node/240075159,0.95,entry context 2 km (100% of the entries),
Echinger und Moorburger Speicherseen,10,locality,no_match,,,,,,,,,,,,0.00,no gazetteer entry,
Priel,10,locality,linked,osm+geonames,48.43769,11.41617,1500,2852117,Priel,P.PPL,DE,02,Q135312651,node/25397172,0.95,entry context 34 km (100% of the entries),
Thüringerberg,10,,linked,geonames,47.21437,9.78499,1500,11903686,Thüringerberg,P.PPL,AT,08,,,0.90,GeoNames primary name match (AT); entry context 3 km (50% of the entries),
Irrsee,10,locality,linked,osm,47.91105,13.30641,1000,,,,,,Q665961,way/3868873,0.95,entry context 1 km (100% of the entries),
Flackleit,10,locality,no_match,,,,,,,,,,,,0.00,no gazetteer entry,
Thüringenberg,10,locality,no_match,,,,,,,,,,,,0.00,no gazetteer entry,
Westleite,10,locality,no_match,,,,,,,,,,,,0.00,no gazetteer entry,
Birkenmoos,9,locality,linked,osm,47.62026,8.75070,500,,,,,,,way/915363352,0.85,,
Sachsenrieder Forst,9,locality,no_match,,,,,,,,,,,,0.00,no gazetteer entry,
Sachsenried,9,locality,linked,osm+geonames,47.83412,10.79129,1500,2842504,Sachsenried,P.PPL,DE,02,,node/268635680,0.95,entry context 2 km (80% of the entries),
Partenkirchen,9,locality,linked,osm+geonames,47.49482,11.10778,1000,2855372,Partenkirchen,P.PPLX,DE,02,,node/7839987372,0.95,entry context 2 km (50% of the entries),
Wertach-Halbinsel,9,locality,no_match,,,,,,,,,,,,0.00,no gazetteer entry,
Friedensengel,9,locality,linked,osm,48.14134,11.59699,1500,,,,,,Q504642,way/48441018,0.90,OSM tourism/attraction named after the place; entry context 2 km (100% of the entries),
Luitpoldbrücke,9,locality,linked,osm,48.14170,11.59523,1500,,,,,,Q1497789,way/360974018,0.90,OSM man_made/bridge named after the place; entry context 2 km (100% of the entries),
Gummachmoos,9,locality,no_match,,,,,,,,,,,,0.00,no gazetteer entry,
Schondorf,9,locality,linked,geonames,48.05296,11.09138,1500,3208367,Schondorf am Ammersee,P.PPL,DE,02,,,0.85,GeoNames contains name match (DE); entry context 7 km (100% of the entries),
Pfronten,9,,linked,osm+geonames,47.58220,10.54962,2000,2853949,Pfronten,P.PPLA4,DE,02,Q505488,relation/448299,0.95,entry context 6 km (83% of the entries),
Fulda,9,locality,linked,osm+geonames,50.55162,9.67518,2000,2923822,Fulda,P.PPLA3,DE,05,Q3963,relation/454863,0.95,,
Leutstetten,9,locality,linked,osm+geonames,48.02794,11.36999,1500,2878261,Leutstetten,P.PPL,DE,02,Q1821672,node/1700541706,0.95,entry context 5 km (100% of the entries),
Gottlieben,9,locality,linked,osm+geonames,47.66380,9.13371,2000,2660545,Gottlieben,P.PPLA3,CH,TG,Q66302,relation/1684524,0.95,entry context 3 km (100% of the entries),
Braunauer Brücke,9,locality,no_match,,,,,,,,,,,,0.00,no gazetteer entry,
Vido,9,locality,linked,osm,42.04884,-8.16641,500,,,,,,,node/3899182588,0.85,,
Königswieser Forst,9,locality,linked,osm+geonames,48.05000,11.35000,1500,2885737,Königswieser Forst,V.FRST,DE,02,Q33388126,relation/9128866,0.95,entry context 3 km (100% of the entries),
Seeland,9,locality,linked,osm+geonames,55.50000,11.75000,2000,2613979,Sjælland,T.ISL,DK,00,Q26589,relation/1320370,0.95,,
Farum,9,locality,linked,osm+geonames,55.80858,12.36066,3000,2622306,Farum,P.PPLA2,DK,17,Q3554742,node/26559262,0.95,entry context 14 km (100% of the entries),
Neufahrn,9,locality,linked,osm+geonames,47.99498,11.41943,1500,2865379,Neufahrn,P.PPL,DE,02,Q30525323,node/1700541711,0.95,entry context 3 km (100% of the entries),
Breitenberg,9,locality,linked,osm+geonames,48.66571,8.63743,1500,2944658,Breitenberg,P.PPL,DE,01,,node/291869200,0.95,,
Lauterbacher Mühle,9,locality,no_match,,,,,,,,,,,,0.00,no gazetteer entry,
Barwies,9,locality,linked,osm+geonames,47.30500,10.96649,1500,2781972,Barwies,P.PPL,AT,07,Q110226653,node/240069397,0.95,entry context 1 km (100% of the entries),
Wildsee,9,locality,linked,osm+geonames,47.31667,11.18333,1000,2761204,Wildsee,H.LK,AT,07,Q2570885,relation/8047475,0.95,entry context 2 km (100% of the entries),
Mittenwald,9,,linked,osm+geonames,47.44220,11.26187,1500,2870482,Mittenwald,P.PPL,DE,02,Q127553,relation/939341,0.95,entry context 2 km (100% of the entries),
Grüneck,9,locality,linked,osm+geonames,47.63570,11.74546,1500,2914295,Grüneck,P.PPL,DE,02,,way/309165557,0.95,,
Perchting,9,locality,linked,osm+geonames,48.00060,11.27455,1500,2854883,Perchting,P.PPL,DE,02,Q26265435,node/1700541717,0.95,entry context 2 km (83% of the entries),
Seekante,9,locality,no_match,,,,,,,,,,,,0.00,no gazetteer entry,
Bernrieder See,9,locality,no_match,,,,,,,,,,,,0.00,no gazetteer entry,
Maieringer See,9,locality,no_match,,,,,,,,,,,,0.00,not geocoded yet (no Nominatim cache entry),
Biberbach,9,locality,linked,osm+geonames,48.51778,10.81139,1500,2949415,Biberbach,P.PPL,DE,02,Q526553,relation/445867,0.95,entry context 5 km (33% of the entries),
Watzmann,9,locality,linked,osm+geonames,47.55450,12.92210,500,2813594,Watzmann,T.MT,DE,02,Q31306014,node/364134323,0.95,entry context 0 km (50% of the entries),
Anger,9,locality,linked,osm+geonames,49.09410,11.87004,1500,2956118,Anger,P.PPL,DE,02,Q122169063,node/271439148,0.95,entry context 31 km (25% of the entries),
Antering,9,,no_match,,,,,,,,,,,,0.00,no gazetteer entry,
Station Ismaninger Kanal,9,locality,no_match,,,,,,,,,,,,0.00,no gazetteer entry,
Söll,9,locality,linked,osm+geonames,47.50378,12.19221,2000,2764953,Söll,P.PPLA3,AT,07,Q255913,relation/1016888,0.95,,
Rothenrain,9,locality,linked,osm+geonames,47.80175,11.51584,1500,2843991,Rothenrain,P.PPL,DE,02,,node/261009387,0.95,entry context 3 km (100% of the entries),
Brannenburg,9,,linked,osm+geonames,47.73996,12.09166,2000,2945165,Brannenburg,P.PPLA4,DE,02,Q533000,relation/2186915,0.95,entry context 10 km (50% of the entries),
Eindhoven,9,locality,linked,osm+geonames,51.44083,5.47778,1500,2756253,Eindhoven,P.PPL,NL,06,Q9832,relation/296014,0.95,entry context 20 km (100% of the entries),
Regen,9,locality,linked,osm+geonames,48.97190,13.12824,2000,2849495,Regen,P.PPLA3,DE,02,Q489059,relation/959158,0.95,entry context 28 km (50% of the entries),
Marquartstein,9,locality,linked,osm+geonames,47.75857,12.46219,2000,2873220,Marquartstein,P.PPLA4,DE,02,Q279128,relation/941729,0.95,entry context 8 km (50% of the entries),
Bairawies,9,locality,linked,osm+geonames,47.83511,11.53590,1500,2953174,Bairawies,P.PPL,DE,02,Q803916,node/151269319,0.95,entry context 2 km (100% of the entries),
Hirschtal-Sattel,9,locality,review,geonames,47.66667,11.66667,2000,2903563,Hirschtalsattel,T.SDL,DE,02,,,0.70,GeoNames alternate name match (DE); entry context 7 km (100% of the entries),
Beraried,9,settlement,no_match,,,,,,,,,,,,0.00,no gazetteer entry,
Glanerhäusel-Wald,9,locality,no_match,,,,,,,,,,,,0.00,no gazetteer entry,
Merzhausen,9,locality,linked,osm+geonames,47.96667,7.83333,2000,2871680,Merzhausen,P.PPLA4,DE,01,Q632798,relation/1946233,0.95,entry context 4 km (100% of the entries),
Lünerhöhe,9,locality,no_match,,,,,,,,,,,,0.00,no gazetteer entry,
Poschinger Weiher,9,,linked,osm,48.20100,11.64332,1000,,,,,,Q2105588,relation/2018586,0.95,entry context 5 km (100% of the entries),
Ausgleichsweiher,9,locality,review,osm,50.37523,9.08904,1000,,,,,,,relation/85904,0.55,292 km from the entries' other places (0% within 80 km),
Beruniet,9,settlement,no_match,,,,,,,,,,,,0.00,no gazetteer entry,
Fabrikgelände,9,locality,no_match,osm,48.52098,9.03403,1500,,,,,,,way/618773130,0.30,OSM landuse/industrial named after the place; 193 km from the entries' other places (0% within 80 km),
Oberbeurer Steige,9,locality,no_match,,,,,,,,,,,,0.00,no gazetteer entry,
Kiemen,9,locality,no_match,osm,52.21559,8.81720,1500,,,,,,,node/13569682303,0.30,OSM tourism/artwork named after the place; 494 km from the entries' other places (0% within 80 km),
Pasinger Park,9,locality,no_match,,,,,,,,,,,,0.00,no gazetteer entry,
Korsör,9,,linked,osm+geonames,55.32993,11.13857,1500,2618361,Korsør,P.PPL,DK,20,Q1784816,node/26559203,0.95,entry context 16 km (100% of the entries),
Forst im Lütkenbeck,9,locality,no_match,,,,,,,,,,,,0.00,no gazetteer entry,
Oberhaching,9,,linked,osm+geonames,48.02455,11.59744,2000,2860525,Oberhaching,P.PPLA4,DE,02,Q504891,relation/538893,0.95,entry context 1 km (100% of the entries),
Mittergewand,9,locality,no_match,,,,,,,,,,,,0.00,no gazetteer entry,
Trambahn,9,,linked,osm,48.14622,11.47146,1500,,,,,,,way/1514658967,0.90,OSM building/container named after the place; entry context 8 km (100% of the entries),
Überfülle,9,locality,no_match,,,,,,,,,,,,0.00,not geocoded yet (no Nominatim cache entry),
Altlach,9,locality,linked,osm+geonames,47.57310,11.34048,1500,2957057,Altlach,P.PPL,DE,02,,node/259090450,0.95,entry context 4 km (100% of the entries),
Krähen-Kolonie,9,locality,no_match,,,,,,,,,,,,0.00,no gazetteer entry,
Teichgut,9,locality,linked,osm,48.20178,11.69789,1500,,,,,,,way/22936691,0.95,entry context 4 km (100% of the entries),
Hirschauauen,9,locality,no_match,,,,,,,,,,,,0.00,no gazetteer entry,
Rijeka,9,,linked,osm+geonames,45.32673,14.44241,5000,3191648,Rijeka,P.PPLA,HR,12,Q1647,relation/2260028,0.95,entry context 11 km (67% of the entries),
Neuführung,9,locality,no_match,,,,,,,,,,,,0.00,no gazetteer entry,
Forst auf Geraunt,9,locality,no_match,,,,,,,,,,,,0.00,no gazetteer entry,
Gerlitzen,9,locality,linked,osm+geonames,46.69417,13.91667,500,2778662,Gerlitzen,T.MT,AT,02,Q476184,node/26862939,0.95,entry context 2 km (100% of the entries),
Walsertal,9,locality,linked,osm,47.22838,9.88035,5000,,,,,,Q1549221,way/582994462,0.85,,
Wilhelmshöhe,9,locality,review,osm+geonames,50.55466,12.32118,500,2808688,Wilhelmshöhe,T.HLL,DE,13,Q30506344,node/7435603455,0.65,387 km from the entries' other places (0% within 80 km),
Grünwalder und Perlacher Forst,9,locality,no_match,,,,,,,,,,,,0.00,not geocoded yet (no Nominatim cache entry),
Totenschwan,9,locality,no_match,,,,,,,,,,,,0.00,no gazetteer entry,
Badra,9,locality,linked,osm+geonames,51.40693,10.97427,1500,2953377,Badra,P.PPL,DE,15,Q524502,relation/2388707,0.95,,
Nordende,9,,no_match,geonames,54.40458,8.98307,1500,2862110,Nordende,P.PPL,DE,10,,,0.30,GeoNames primary name match (DE); 740 km from the entries' other places (0% within 80 km),
Tüsking,9,settlement,no_match,,,,,,,,,,,,0.00,no gazetteer entry,
Brahmbergsee,9,locality,no_match,,,,,,,,,,,,0.00,no gazetteer entry,
Flaugratt,9,locality,no_match,,,,,,,,,,,,0.00,no gazetteer entry,
Katholischer Kirchturm,8,locality,no_match,,,,,,,,,,,,0.00,no gazetteer entry,
Wettach,8,locality,no_match,,,,,,,,,,,,0.00,no gazetteer entry,
Abtenau,8,settlement,linked,osm+geonames,47.56373,13.34599,2000,2783050,Abtenau,P.PPLA3,AT,05,Q334510,relation/86358,0.95,entry context 18 km (100% of the entries),
Rottach,8,locality,linked,osm+geonames,47.60809,10.29743,1500,2843783,Rottach,P.PPL,DE,02,Q130551900,node/2505654125,0.95,entry context 39 km (50% of the entries),
Rudratshofen,8,locality,no_match,,,,,,,,,,,,0.00,no gazetteer entry,
Mauerstetten,8,locality,linked,osm+geonames,47.89358,10.67127,2000,2872796,Mauerstetten,P.PPLA4,DE,02,Q514428,relation/447634,0.95,entry context 3 km (100% of the entries),
Aschaffenburg,8,locality,linked,osm+geonames,49.97704,9.15214,2000,2955272,Aschaffenburg,P.PPLA3,DE,02,Q3942,relation/62532,0.95,,
Affaltern,8,locality,linked,osm+geonames,48.48667,10.73778,1500,2959365,Affaltern,P.PPL,DE,02,Q382190,node/205289661,0.95,,
Nördlingen,8,locality,linked,osm+geonames,48.85122,10.48868,1500,2861914,Nördlingen,P.PPL,DE,02,Q489902,relation/962465,0.95,,
Dinkelsbühl,8,locality,linked,osm+geonames,49.06942,10.31985,1500,2936886,Dinkelsbühl,P.PPL,DE,02,Q491743,relation/534177,0.95,,
Schongau,8,locality,linked,osm+geonames,47.81240,10.89664,1500,2836616,Schongau,P.PPL,DE,02,Q518663,relation/936750,0.95,entry context 3 km (100% of the entries),
Alpsee,8,locality,linked,osm+geonames,47.57257,10.17440,1000,2958168,Alpsee,H.LK,DE,02,Q546344,way/8108212,0.95,entry context 20 km (100% of the entries),
Frankenhofen,8,locality,linked,osm+geonames,47.98304,10.63529,1500,2925580,Frankenhofen,P.PPL,DE,02,Q1303652,node/305452694,0.95,entry context 2 km (100% of the entries),
Apfeltrang,8,,linked,osm+geonames,47.83872,10.58581,1500,2955778,Apfeltrang,P.PPL,DE,02,Q57253202,node/256151336,0.95,entry context 3 km (100% of the entries),
Wertachtal,8,locality,linked,osm,47.63339,10.49922,1500,,,,,,,node/7907697370,0.90,OSM information/map named after the place; entry context 1 km (100% of the entries),
Wertachau,8,locality,no_match,,,,,,,,,,,,0.00,not geocoded yet (no Nominatim cache entry),
Beckstettener Moos,8,locality,no_match,,,,,,,,,,,,0.00,not geocoded yet (no Nominatim cache entry),
Pfronten-Ried,8,locality,linked,osm+geonames,47.58359,10.56103,300,11973604,Pfronten-Ried,S.RSTN,DE,02,Q315988,node/277340613,0.90,OSM railway/station named after the place; entry context 8 km (100% of the entries),
Loretto,8,locality,linked,osm+geonames,48.24984,9.46116,1500,2875891,Loretto,P.PPL,DE,01,,node/277547456,0.80,"far from most of the entries' other places (0% within 80 km, nearest 112 km)",
Seealp-Boden,8,locality,no_match,,,,,,,,,,,,0.00,no gazetteer entry,
Märisried,8,locality,no_match,,,,,,,,,,,,0.00,no gazetteer entry,
Schäferstadel,8,locality,no_match,,,,,,,,,,,,0.00,no gazetteer entry,
Erste Halbinselwiese,8,locality,no_match,,,,,,,,,,,,0.00,no gazetteer entry,
Altes Moos,8,locality,no_match,,,,,,,,,,,,0.00,no gazetteer entry,
Rietlake,8,locality,review,geonames,52.92366,9.00088,2000,13623308,Rietlake,H.DTCH,DE,06,,,0.60,GeoNames primary name match (DE),
Riederau - Sankt Alban,8,locality,no_match,,,,,,,,,,,,0.00,no gazetteer entry,
Zell,8,locality,linked,osm+geonames,47.57518,10.02215,1500,2804909,Zell,P.PPL,DE,02,Q113620794,node/300394785,0.95,entry context 36 km (40% of the entries),
Mentelschwaige,8,locality,no_match,,,,,,,,,,,,0.00,not geocoded yet (no Nominatim cache entry),
Königsberger Forst,8,locality,linked,osm+geonames,47.85370,10.55535,1500,2885918,Königsberger Forst,V.FRST,DE,02,Q33387871,node/5810641125,0.95,entry context 4 km (100% of the entries),
Bitrang,8,settlement,no_match,,,,,,,,,,,,0.00,no gazetteer entry,
Unterthingau,8,locality,linked,osm+geonames,47.77155,10.50446,1500,2818541,Unterthingau,P.PPL,DE,02,Q512033,relation/448111,0.95,entry context 5 km (100% of the entries),
Weiher bei Füssen,8,locality,no_match,,,,,,,,,,,,0.00,no gazetteer entry,
Würmsee,8,locality,review,geonames,47.90348,11.31187,1000,2829454,Starnberger See,H.LK,DE,02,,,0.70,GeoNames alternate name match (DE); entry context 11 km (67% of the entries),
Stappenbach,8,locality,linked,osm+geonames,49.81905,10.80694,1500,2829491,Stappenbach,P.PPL,DE,02,Q2332142,node/573105271,0.95,entry context 5 km (100% of the entries),
Kastpünnen,8,locality,no_match,,,,,,,,,,,,0.00,no gazetteer entry,
Nordsee,8,locality,linked,osm,48.06426,10.49704,1000,,,,,,,way/23117664,0.95,entry context 22 km (50% of the entries),
Akademiegebäude,8,locality,no_match,osm,52.35547,9.76703,1500,,,,,,Q14545691,relation/12918858,0.30,OSM building/college named after the place; 486 km from the entries' other places (0% within 80 km),
Obermüsnach,8,locality,no_match,,,,,,,,,,,,0.00,no gazetteer entry,
Maisinger Bach,8,,linked,geonames,47.99780,11.35037,3000,2874170,Maisinger Bach,H.STM,DE,02,Q824926,,0.95,GeoNames primary name match (DE); entry context 1 km (100% of the entries),
Neuhaus,8,settlement,linked,osm+geonames,49.14755,11.53308,1500,2865166,Neuhaus,P.PPL,DE,02,Q61011300,node/344852343,0.95,entry context 17 km (67% of the entries),
Oberbayern,8,locality,linked,osm,48.24058,11.96992,3000,,,,,,Q10562,relation/2145274,0.95,entry context 9 km (100% of the entries),
Hinterhornbach,8,locality,linked,osm+geonames,47.35930,10.46091,1500,11821786,Hinterhornbach,P.PPL,AT,07,Q692030,relation/37810,0.80,"far from most of the entries' other places (0% within 80 km, nearest 99 km)",
Mädelegabel,8,locality,linked,osm+geonames,47.30077,10.29556,500,3336579,Mädelegabel,T.MT,AT,00,Q186077,node/256041922,0.95,entry context 3 km (100% of the entries),
Rauheck,8,locality,linked,osm+geonames,47.36667,10.36667,500,2850003,Rauheck,T.MT,AT,02,Q872340,node/256042733,0.95,entry context 2 km (100% of the entries),
Eremitage,8,locality,linked,osm,49.94696,11.62319,800,,,,,,Q896879,way/158332577,0.85,,
Scharnitz,8,settlement,linked,osm+geonames,47.38899,11.26455,2000,2766140,Scharnitz,P.PPLA3,AT,07,Q664826,relation/122794,0.95,entry context 5 km (100% of the entries),
Luegsteinwand,8,locality,linked,osm,47.64091,12.16409,1500,,,,,,,way/61191644,0.95,entry context 1 km (33% of the entries),
Sammister Weiher,8,locality,no_match,,,,,,,,,,,,0.00,not geocoded yet (no Nominatim cache entry),
Bumisto,8,locality,review,geonames,38.73060,21.03183,500,263405,Boúmistos,T.MT,GR,ESYE23,,,0.40,GeoNames alternate name match (GR),
Kaloiro,8,locality,no_match,,,,,,,,,,,,0.00,no gazetteer entry,
Percha,8,,linked,osm+geonames,47.99773,11.36141,1500,2854884,Percha,P.PPL,DE,02,Q124538394,node/2338698689,0.95,entry context 1 km (100% of the entries),
Gedser,8,locality,linked,osm+geonames,54.57644,11.93004,1500,2621551,Gedser,P.PPL,DK,20,Q634481,node/10729666901,0.95,entry context 25 km (50% of the entries),
Hilleröd,8,locality,linked,osm+geonames,55.92791,12.30081,5000,2620320,Hillerød,P.PPLA,DK,17,Q27425,node/26559288,0.95,entry context 8 km (100% of the entries),
Bodman,8,locality,linked,osm+geonames,47.80147,9.03219,1000,2947070,Bodman,P.PPLX,DE,01,Q15051513,relation/4872408,0.95,entry context 3 km (50% of the entries),
Nußdorf,8,,linked,osm+geonames,47.75289,9.19865,1500,2861604,Nußdorf,P.PPL,DE,01,Q873606,node/34231852,0.95,entry context 3 km (75% of the entries),
Strandbad,8,locality,linked,osm,47.73828,9.00152,500,,,,,,,way/89221481,0.95,entry context 13 km (60% of the entries),
Bruckfischer,8,locality,no_match,,,,,,,,,,,,0.00,no gazetteer entry,
Achen-Einmündung,8,,no_match,,,,,,,,,,,,0.00,not geocoded yet (no Nominatim cache entry),
Achen-Mündung,8,locality,no_match,,,,,,,,,,,,0.00,not geocoded yet (no Nominatim cache entry),
Mösern,8,locality,linked,osm+geonames,47.31139,11.14923,1500,2771171,Mösern,P.PPL,AT,07,Q1958167,node/240110298,0.95,entry context 3 km (100% of the entries),
Nassfeld bei Gastein,8,locality,no_match,,,,,,,,,,,,0.00,no gazetteer entry,
Er-See,8,locality,no_match,,,,,,,,,,,,0.00,no gazetteer entry,
Buerberg,8,locality,review,osm,50.13351,6.75166,300,,,,,,Q1010277,node/4866255354,0.55,417 km from the entries' other places (0% within 80 km),
Hinterlang,8,locality,no_match,osm,47.54743,6.93394,1500,,,,,,,node/2041652591,0.30,OSM amenity/pharmacy named after the place; 212 km from the entries' other places (0% within 80 km),
Seefeld-Hechendorf,8,,linked,osm+geonames,48.04137,11.19873,300,11975101,Seefeld-Hechendorf,S.RSTN,DE,02,Q55632800,node/2508183287,0.90,OSM railway/station named after the place; entry context 0 km (100% of the entries),
Erlach am Main,8,locality,no_match,,,,,,,,,,,,0.00,no gazetteer entry,
Brandnertal,8,locality,linked,osm+geonames,47.11667,9.75000,5000,2781549,Brandner Tal,T.VAL,AT,08,Q898092,way/584733577,0.95,entry context 4 km (67% of the entries),
Brand,8,,linked,osm+geonames,47.10083,9.73722,2000,3324292,Brand,P.PPLA3,AT,08,Q701019,relation/76681,0.95,entry context 2 km (75% of the entries),
Forsthaus am See,8,locality,linked,osm,47.94992,11.30770,100,,,,,,,node/443112682,0.90,OSM amenity/restaurant named after the place; entry context 1 km (100% of the entries),
Daglfing,8,locality,linked,osm+geonames,48.14936,11.65613,1000,2939479,Daglfing,P.PPLX,DE,02,Q1157230,node/1724649310,0.95,entry context 3 km (100% of the entries),
Fischen am Ammersee,8,locality,no_match,,,,,,,,,,,,0.00,no gazetteer entry,
De Bol,8,locality,linked,geonames,53.10322,4.89024,2000,2757761,De Bol,L.RESN,NL,07,,,0.80,GeoNames primary name match (NL); entry context 6 km (100% of the entries),
Jägersbrunner Winkel,8,locality,no_match,,,,,,,,,,,,0.00,not geocoded yet (no Nominatim cache entry),
Esssee,8,locality,linked,osm+geonames,47.96975,11.23364,1000,2928745,Eßsee,H.LK,DE,02,Q1386134,way/10504418,0.95,entry context 4 km (100% of the entries),
Burghausen,8,locality,linked,osm+geonames,48.16925,12.83139,1500,2941279,Burghausen,P.PPL,DE,02,Q262669,relation/942044,0.95,entry context 4 km (25% of the entries),
Kleines Walsertal,8,locality,linked,geonames,47.38333,10.20000,5000,2774142,Kleines Walsertal,T.VAL,AT,08,Q689769,,0.90,GeoNames primary name match (AT); entry context 0 km (67% of the entries),
Undosabad,8,locality,no_match,,,,,,,,,,,,0.00,no gazetteer entry,
Weidenbusch,8,locality,linked,osm,50.38392,8.73656,500,,,,,,,node/9537733898,0.85,,
Predigtstuhl,8,locality,linked,osm+geonames,47.69651,12.88049,300,2852287,Predigtstuhl,T.PK,DE,02,Q877151,node/6543594144,0.80,"far from most of the entries' other places (0% within 80 km, nearest 109 km)",
Fröttning,8,locality,no_match,,,,,,,,,,,,0.00,no gazetteer entry,
Westfeld bei Gastein,8,locality,no_match,,,,,,,,,,,,0.00,no gazetteer entry,
Paring,8,locality,linked,osm+geonames,48.57651,12.33712,1500,2855423,Paring,P.PPL,DE,02,Q122839735,node/620863041,0.95,entry context 29 km (33% of the entries),
Untergriesbach,8,locality,linked,osm+geonames,48.45790,11.15426,1500,2819498,Untergriesbach,P.PPL,DE,02,Q15133289,node/97717434,0.95,entry context 7 km (50% of the entries),
Slugen,8,locality,no_match,geonames,55.48333,7.96667,2000,2613392,Slugen,H.CHNM,DK,21,,,0.20,GeoNames primary name match (DK); 823 km from the entries' other places (0% within 80 km),
Ramersdorf,8,locality,linked,osm+geonames,48.10938,11.61736,1000,2850697,Ramersdorf,P.PPLX,DE,02,Q52382892,node/7593552471,0.95,entry context 4 km (100% of the entries),
Wairinger See,8,,no_match,,,,,,,,,,,,0.00,no gazetteer entry,
Krattenkopf,8,locality,no_match,,,,,,,,,,,,0.00,no gazetteer entry,
Geigelstein,8,locality,linked,osm+geonames,47.70796,12.33476,500,2921876,Geigelstein,T.MT,DE,02,Q315546,node/1412836122,0.95,,
Rietbruch,8,locality,review,osm,51.28979,6.40926,500,,,,,,,node/2340461457,0.55,509 km from the entries' other places (0% within 80 km),
Haag an der Amper,8,locality,linked,osm+geonames,48.45840,11.82796,1500,2913224,Haag an der Amper,P.PPL,DE,02,Q517447,relation/29832,0.95,entry context 5 km (50% of the entries),
Matting,8,locality,linked,osm+geonames,48.96499,12.00608,1500,2872898,Matting,P.PPL,DE,02,Q118610430,node/5333874749,0.95,entry context 9 km (50% of the entries),
Westertalhang,8,locality,no_match,,,,,,,,,,,,0.00,no gazetteer entry,
Steinhausen,8,locality,linked,osm+geonames,48.13700,11.60700,1000,11610235,Steinhausen,P.PPLX,DE,02,Q2340820,node/1686466925,0.95,entry context 2 km (100% of the entries),
Einzinger Moos,8,locality,no_match,,,,,,,,,,,,0.00,no gazetteer entry,
Speichersee bei Ismaning,8,locality,no_match,,,,,,,,,,,,0.00,not geocoded yet (no Nominatim cache entry),
Altötting,8,locality,linked,osm+geonames,48.22533,12.67665,2000,2956940,Altötting,P.PPLA3,DE,02,Q256669,relation/942029,0.95,,
Watzfeld,8,locality,no_match,,,,,,,,,,,,0.00,no gazetteer entry,
Mairinger Schlucht,8,,no_match,,,,,,,,,,,,0.00,not geocoded yet (no Nominatim cache entry),
Rettenberger Tal,8,locality,no_match,,,,,,,,,,,,0.00,no gazetteer entry,
Taimering,8,locality,linked,osm+geonames,48.91785,12.31399,1500,2824366,Taimering,P.PPL,DE,02,Q120805226,node/46886714,0.95,entry context 5 km (100% of the entries),
Speicherturm,8,locality,review,osm,47.69362,10.03878,1500,,,,,,,way/269275523,0.45,"OSM man_made/tower named after the place; far from most of the entries' other places (0% within 80 km, nearest 125 km)",
Salzburger Alpen,8,locality,linked,geonames,47.66667,12.83333,5000,2766822,Salzburger Alpen,T.MTS,AT,00,Q285396,,0.90,GeoNames primary name match (AT); entry context 15 km (50% of the entries),
Pfarrkirchen an der Rott,8,locality,no_match,,,,,,,,,,,,0.00,no gazetteer entry,
Nabburg,8,locality,linked,osm+geonames,49.45347,12.17996,1500,2867262,Nabburg,P.PPL,DE,02,Q534634,relation/962202,0.95,entry context 15 km (33% of the entries),
Gerolzhofen,8,locality,linked,osm+geonames,49.90025,10.34832,1500,2920959,Gerolzhofen,P.PPL,DE,02,Q519134,relation/318227,0.95,entry context 29 km (50% of the entries),
Würmbachmündung,8,locality,no_match,,,,,,,,,,,,0.00,no gazetteer entry,
Etzenricht,8,locality,linked,osm+geonames,49.63333,12.10000,2000,2928564,Etzenricht,P.PPLA4,DE,02,Q258790,relation/1059452,0.95,entry context 2 km (100% of the entries),
Speicherngebiet,8,locality,no_match,,,,,,,,,,,,0.00,no gazetteer entry,
Rinssee,8,locality,linked,osm,47.91024,12.19690,1000,,,,,,,relation/4508138,0.95,entry context 2 km (100% of the entries),
Maining am Inn,8,locality,no_match,,,,,,,,,,,,0.00,no gazetteer entry,
Jenhausen,8,locality,linked,osm+geonames,47.83648,11.24100,800,2895033,Jenhausen,P.PPLL,DE,02,Q20203275,node/262555326,0.95,entry context 1 km (100% of the entries),
Südlicher Galla-Weiher,8,locality,no_match,,,,,,,,,,,,0.00,no gazetteer entry,
Vorarlberg,8,locality,linked,osm+geonames,47.25000,9.91667,50000,2762300,Vorarlberg,A.ADM1,AT,08,Q38981,relation/74942,0.95,entry context 3 km (25% of the entries),
Deininger Weiher,8,locality,linked,osm,47.96542,11.52298,1000,,,,,,Q1183305,way/8091692,0.95,entry context 1 km (100% of the entries),
Berghausen,8,settlement,linked,osm+geonames,49.00614,8.52998,1500,2950478,Berghausen,P.PPL,DE,01,Q819725,relation/357385,0.95,,
Südschwarzwald,8,locality,review,osm,47.88356,8.16350,1500,,,,,,Q885288,relation/16251323,0.55,255 km from the entries' other places (0% within 80 km),
Kaindlhütte,8,locality,linked,osm+geonames,47.56667,12.23333,100,2774973,Kaindlhütte,S.HTL,AT,07,Q1438118,way/83191820,0.90,OSM tourism/alpine_hut named after the place; entry context 2 km (67% of the entries),
Fürstenried,8,,linked,osm+geonames,48.08800,11.48118,1000,2923602,Fürstenried,P.PPLX,DE,02,Q51915939,node/1700532824,0.95,entry context 1 km (100% of the entries),
Bärnstatt,8,,linked,osm,47.54201,12.23292,500,,,,,,,node/1309807212,0.95,entry context 1 km (100% of the entries),
Oberdill,8,locality,linked,osm+geonames,47.62202,10.62430,1500,2861099,Oberdill,P.PPL,DE,02,Q127278637,node/988176281,0.95,,
Altes Schloß,8,locality,linked,osm+geonames,48.77720,9.17917,200,6948514,Altes Schloss,S.CSTL,DE,01,Q384841,relation/22988,0.80,"far from most of the entries' other places (0% within 80 km, nearest 134 km)",
Schwarzwassertal,8,locality,linked,osm+geonames,47.41667,10.51667,5000,2765394,Schwarzwassertal,T.VAL,AT,07,Q2254528,way/925971044,0.95,entry context 7 km (25% of the entries),
Hagman,8,settlement,review,osm,54.29915,-127.21853,1500,,,,,,,way/1246759423,0.40,7762 km from the entries' other places (0% within 80 km),
Haguenau,8,locality,review,geonames,48.81557,7.79051,2000,3014078,Haguenau,P.PPLA3,FR,44,,,0.50,GeoNames primary name match (FR),
"Ismaning, Süddamm",8,locality,no_match,,,,,,,,,,,,0.00,no gazetteer entry,
Petting,8,locality,linked,osm+geonames,47.91232,12.81512,2000,2854561,Petting,P.PPLA4,DE,02,Q127838,relation/941671,0.95,entry context 4 km (100% of the entries),
Haßberge,8,locality,review,osm+geonames,50.10527,10.65601,2000,2909462,Haßberge,T.HLLS,DE,02,,node/240044857,0.65,229 km from the entries' other places (0% within 80 km),
Zicker See,8,locality,linked,osm+geonames,54.28764,13.69960,2000,2804619,Zickersee,H.LGN,DE,12,Q198445,node/2723044663,0.95,,
Luitpoldpark,8,locality,linked,osm+geonames,48.17139,11.57000,800,11962148,Luitpoldpark,L.PRK,DE,02,Q1677091,way/19679713,0.95,entry context 4 km (100% of the entries),
Schorndorf,8,locality,linked,osm+geonames,48.80537,9.52721,1500,2836320,Schorndorf,P.PPL,DE,01,Q14882,relation/401643,0.95,,
Südbecken,8,locality,review,osm,52.52402,13.51458,1000,,,,,,,way/6013296,0.55,494 km from the entries' other places (0% within 80 km),
Mainburg,8,locality,linked,osm+geonames,48.64182,11.78093,1500,2874252,Mainburg,P.PPL,DE,02,Q503661,relation/956643,0.95,,
Staring,8,locality,review,osm,51.96671,6.79150,1000,,,,,,,way/58248951,0.55,546 km from the entries' other places (0% within 80 km),
Geller-Weiher,8,locality,no_match,,,,,,,,,,,,0.00,no gazetteer entry,
Elmau,8,locality,linked,osm+geonames,47.45998,11.17985,1500,2930871,Elmau,P.PPL,DE,02,,node/1685813026,0.95,entry context 3 km (100% of the entries),
Kammek,8,locality,no_match,,,,,,,,,,,,0.00,no gazetteer entry,
Bernreuth,8,locality,review,osm+geonames,49.67404,11.65563,1500,2949982,Bernreuth,P.PPL,DE,02,,node/1171035434,0.65,171 km from the entries' other places (0% within 80 km),
Neureuth,8,locality,linked,osm,47.72846,11.77209,300,,,,,,Q571058,node/5594875706,0.95,entry context 15 km (67% of the entries),
Waldbecken,8,locality,no_match,,,,,,,,,,,,0.00,no gazetteer entry,
Laufen,8,locality,linked,osm+geonames,47.93568,12.92856,1500,2880129,Laufen,P.PPL,DE,02,Q201066,relation/960544,0.95,entry context 11 km (67% of the entries),
Laimgerner Flur,8,locality,no_match,,,,,,,,,,,,0.00,no gazetteer entry,
Main,8,locality,linked,osm,49.93548,9.80583,3000,,,,,,Q1670,relation/412876,0.95,entry context 1 km (50% of the entries),
Ackermannberg,8,locality,no_match,,,,,,,,,,,,0.00,no gazetteer entry,
Amper-Ausfluss,8,locality,no_match,,,,,,,,,,,,0.00,no gazetteer entry,
Ebenthalerau,8,settlement,no_match,,,,,,,,,,,,0.00,no gazetteer entry,
Innaring,8,locality,no_match,,,,,,,,,,,,0.00,no gazetteer entry,
Ammerfeld,8,locality,linked,osm+geonames,48.79378,10.99474,1500,2956446,Ammerfeld,P.PPL,DE,02,Q473059,node/1099354726,0.95,entry context 3 km (100% of the entries),
Fichtberg,8,locality,linked,osm+geonames,51.63333,12.65000,1000,2926986,Fichtberg,P.PPLX,DE,14,,node/1318654551,0.95,,
Moorgrund,8,locality,review,osm+geonames,50.85000,10.28330,2000,6549906,Moorgrund,A.ADM4H,DE,15,Q634956,relation/2836719,0.65,316 km from the entries' other places (0% within 80 km),
München-Moosach,8,locality,linked,osm+geonames,48.17981,11.50577,300,2867694,Bahnhof München-Moosach,S.RSTN,DE,02,Q442739,way/28963889,0.90,OSM railway/signal_box named after the place; entry context 7 km (100% of the entries),
München-Thalkirchen,8,locality,no_match,,,,,,,,,,,,0.00,no gazetteer entry,
Isar-Kanal,8,locality,no_match,,,,,,,,,,,,0.00,not geocoded yet (no Nominatim cache entry),
Ammersee-Moos,8,locality,no_match,,,,,,,,,,,,0.00,no gazetteer entry,
Neu-Aubing,8,locality,no_match,,,,,,,,,,,,0.00,no gazetteer entry,
Bachern am Wörthsee,8,locality,no_match,,,,,,,,,,,,0.00,no gazetteer entry,
Kolonie,8,locality,linked,osm,48.15337,11.46437,500,,,,,,Q2526191,relation/18518269,0.95,entry context 8 km (100% of the entries),
Ludwigskanal,8,locality,linked,geonames,48.36667,11.76667,2000,2875350,Ludwigskanal,H.CNL,DE,02,Q32111661,,0.95,GeoNames primary name match (DE); entry context 29 km (100% of the entries),
Dahme-Einmündung in die Thiemme,8,locality,no_match,,,,,,,,,,,,0.00,no gazetteer entry,
E. W.,8,,no_match,,,,,,,,,,,,0.00,not geocoded yet (no Nominatim cache entry),
Rietraue,8,locality,no_match,,,,,,,,,,,,0.00,not geocoded yet (no Nominatim cache entry),
Gochmann,8,settlement,no_match,,,,,,,,,,,,0.00,no gazetteer entry,
Wehranfälle,8,locality,no_match,,,,,,,,,,,,0.00,not geocoded yet (no Nominatim cache entry),
Abbachern,8,locality,no_match,,,,,,,,,,,,0.00,no gazetteer entry,
Westraum,8,locality,no_match,,,,,,,,,,,,0.00,no gazetteer entry,
Tfb.,8,locality,no_match,,,,,,,,,,,,0.00,not geocoded yet (no Nominatim cache entry),
Bergwälder,8,locality,linked,osm,50.41490,8.61560,1500,,,,,,,node/8987913182,0.90,OSM information/board named after the place; entry context 9 km (100% of the entries),
Gärtnersee,8,,review,osm,48.54503,10.38312,1000,,,,,,,way/33178137,0.70,"far from most of the entries' other places (0% within 80 km, nearest 87 km)",
Küchenkolonie,8,locality,no_match,,,,,,,,,,,,0.00,no gazetteer entry,
Isarüberfälle,8,locality,no_match,,,,,,,,,,,,0.00,no gazetteer entry,
Isar bei den Eberfällen,8,locality,no_match,,,,,,,,,,,,0.00,no gazetteer entry,
Föhringer Stauwehr,8,locality,no_match,,,,,,,,,,,,0.00,no gazetteer entry,
Ehinger Stausee,8,locality,no_match,,,,,,,,,,,,0.00,no gazetteer entry,
Wälschbrücke,8,locality,no_match,,,,,,,,,,,,0.00,no gazetteer entry,
Ruinenwiese,8,locality,no_match,,,,,,,,,,,,0.00,no gazetteer entry,
Dampierersee,8,locality,no_match,,,,,,,,,,,,0.00,no gazetteer entry,
Rothenhall,8,locality,no_match,,,,,,,,,,,,0.00,no gazetteer entry,
"München, beim Stein",8,locality,no_match,,,,,,,,,,,,0.00,no gazetteer entry,
Isartalsperre,8,locality,no_match,,,,,,,,,,,,0.00,no gazetteer entry,
Baggersee II,8,locality,linked,osm,48.25380,11.48704,1000,,,,,,,way/23710613,0.95,entry context 15 km (100% of the entries),
Geltach-Arm,8,locality,no_match,,,,,,,,,,,,0.00,no gazetteer entry,
Gierdamm,8,locality,no_match,,,,,,,,,,,,0.00,no gazetteer entry,
Silberweidenwald,8,locality,review,osm,48.91266,8.17161,1500,,,,,,Q21540003,way/204267938,0.70,"far from most of the entries' other places (0% within 80 km, nearest 142 km)",
Ufergitter,8,locality,no_match,,,,,,,,,,,,0.00,no gazetteer entry,
Gasteig,8,locality,linked,osm+geonames,48.05651,11.98317,1500,2922361,Gasteig,P.PPL,DE,02,Q20180403,node/94582195,0.95,entry context 30 km (100% of the entries),
Verbindungskanal,8,locality,review,osm,48.00748,10.12177,1500,,,,,,,way/27508380,0.70,"far from most of the entries' other places (0% within 80 km, nearest 104 km)",
Finsinger Kraftwerk,8,locality,no_match,,,,,,,,,,,,0.00,no gazetteer entry,
Kanal bei Flinter,8,locality,no_match,,,,,,,,,,,,0.00,no gazetteer entry,
Ettewachinger Bagger,8,locality,no_match,,,,,,,,,,,,0.00,no gazetteer entry,
Grüngürtel,8,locality,no_match,osm,50.13869,8.76403,1500,,,,,,,node/8286314944,0.30,OSM information/guidepost named after the place; 300 km from the entries' other places (0% within 80 km),
Gleißenbach,8,locality,linked,osm,48.47332,12.09066,500,,,,,,Q123243181,node/295998684,0.85,,
Tafelberghütte,8,,no_match,,,,,,,,,,,,0.00,no gazetteer entry,
Alz-Ausfluss,8,locality,no_match,,,,,,,,,,,,0.00,no gazetteer entry,
Rott,8,locality,linked,osm+geonames,47.83421,12.99811,1500,2767045,Rott,P.PPL,AT,05,,node/240052369,0.95,,
Mošćenice,8,locality,linked,osm+geonames,45.22640,14.24855,1500,3194857,Mošćenice,P.PPL,HR,12,Q3515159,relation/18779322,0.95,entry context 1 km (100% of the entries),
Föhrer Kanal,8,locality,no_match,,,,,,,,,,,,0.00,no gazetteer entry,
Goliachsee,8,locality,no_match,,,,,,,,,,,,0.00,not geocoded yet (no Nominatim cache entry),
Gievenbeck,8,locality,review,osm+geonames,51.97018,7.56889,1000,8051527,Gievenbeck,P.PPLX,DE,07,Q896823,relation/3858974,0.65,245 km from the entries' other places (0% within 80 km),
Schandau-Berg,8,,no_match,,,,,,,,,,,,0.00,no gazetteer entry,
Leer,8,locality,review,osm+geonames,52.11399,7.29492,1500,2879698,Leer,P.PPL,DE,07,Q1812138,node/253468468,0.65,533 km from the entries' other places (0% within 80 km),
Lanzburger See,8,locality,no_match,,,,,,,,,,,,0.00,no gazetteer entry,
Hagen,8,settlement,linked,osm+geonames,47.67598,11.23115,1500,2912629,Hagen,P.PPL,DE,02,Q1338423,node/2468044863,0.95,,
Unterach am Attersee,8,locality,linked,osm+geonames,47.80522,13.48939,1500,2763144,Unterach am Attersee,P.PPL,AT,04,Q696222,relation/102387,0.95,entry context 7 km (100% of the entries),
Schloss Höhenried,8,locality,linked,osm,47.87690,11.28546,1500,,,,,,Q1429175,relation/1770778,0.90,OSM building/yes named after the place; entry context 1 km (100% of the entries),
Tilzburg,8,route,no_match,,,,,,,,,,,,0.00,no gazetteer entry,
Pleistermühle,8,locality,no_match,osm,51.96339,7.70228,1500,,,,,,,way/103067753,0.30,OSM man_made/watermill named after the place; 241 km from the entries' other places (0% within 80 km),
Tüfing,8,settlement,no_match,,,,,,,,,,,,0.00,no gazetteer entry,
Kirche am See-Treppe,8,locality,no_match,,,,,,,,,,,,0.00,no gazetteer entry,
Kreuzwald an der Hochleite,8,locality,no_match,,,,,,,,,,,,0.00,no gazetteer entry,
Gohl,8,locality,review,osm+geonames,46.95542,7.80622,1500,8469010,Gohl,P.PPL,CH,BE,,way/140358432,0.65,650 km from the entries' other places (0% within 80 km),
Ruderatshofen,7,locality,linked,geonames,47.81667,10.58333,2000,2843431,Ruderatshofen,P.PPLA4,DE,02,Q32268911,,0.95,GeoNames primary name match (DE); entry context 3 km (100% of the entries),
Kaisheim,7,settlement,linked,osm+geonames,48.76751,10.79639,1500,2893983,Kaisheim,P.PPL,DE,02,Q505166,relation/962387,0.95,,
Gengen,7,,no_match,,,,,,,,,,,,0.00,no gazetteer entry,
Betzigau,7,locality,linked,osm+geonames,47.73333,10.38333,2000,2949646,Betzigau,P.PPLA4,DE,02,Q549038,relation/957714,0.95,entry context 5 km (75% of the entries),
Saar,7,locality,linked,osm,50.53663,12.45527,1500,,,,,,,way/821119752,0.95,entry context 28 km (33% of the entries),
Ebenhofen,7,,linked,osm+geonames,47.81465,10.62133,1500,2934047,Ebenhofen,P.PPL,DE,02,Q1278709,node/256154079,0.95,entry context 2 km (75% of the entries),
Kochel am Kochelsee,7,settlement,no_match,,,,,,,,,,,,0.00,no gazetteer entry,
Rauhsturm,7,locality,no_match,,,,,,,,,,,,0.00,no gazetteer entry,
Kai-Wald,7,locality,linked,geonames,47.85988,10.71346,1500,2893970,Kai Wald,V.FRST,DE,02,Q32063632,,0.95,GeoNames primary name match (DE); entry context 2 km (100% of the entries),
Wertachauen am Hacken,7,locality,no_match,,,,,,,,,,,,0.00,no gazetteer entry,
Rückholz,7,,linked,osm+geonames,47.66667,10.55000,2000,2843472,Rückholz,P.PPLA4,DE,02,Q511871,relation/448307,0.95,entry context 6 km (100% of the entries),
Nebelhornhaus,7,locality,no_match,,,,,,,,,,,,0.00,no gazetteer entry,
Seealpboden,7,locality,no_match,,,,,,,,,,,,0.00,not geocoded yet (no Nominatim cache entry),
Salober,7,locality,linked,osm+geonames,47.39691,10.38637,300,6939713,Salober,T.PK,DE,02,Q572923,node/913851925,0.95,entry context 8 km (50% of the entries),
Stötten,7,,linked,osm+geonames,47.73871,10.68881,1500,2826341,Stötten am Auerberg,P.PPL,DE,02,Q511941,relation/448120,0.95,entry context 0 km (80% of the entries),
Bienenhofen,7,locality,no_match,,,,,,,,,,,,0.00,no gazetteer entry,
Gennachbeurer Moos,7,locality,no_match,,,,,,,,,,,,0.00,no gazetteer entry,
Kirnach,7,locality,linked,osm+geonames,47.82141,10.63320,3000,2890313,Kirnach,H.STM,DE,02,Q1743534,relation/6046054,0.95,entry context 4 km (100% of the entries),
Rauhfuhren,7,settlement,no_match,,,,,,,,,,,,0.00,no gazetteer entry,
Haid,7,locality,linked,geonames,47.88490,11.02224,1500,2912135,Haid,P.PPL,DE,02,,,0.95,GeoNames primary name match (DE); entry context 7 km (50% of the entries),
Beiningen,7,locality,linked,osm+geonames,48.37994,9.80628,1500,2951318,Beiningen,P.PPL,DE,01,Q55386326,relation/11164457,0.95,entry context 1 km (100% of the entries),
Schlachters,7,locality,linked,osm+geonames,47.58816,9.74645,1500,2839025,Schlachters,P.PPL,DE,02,Q105722855,node/148477652,0.95,entry context 4 km (100% of the entries),
Linau,7,locality,review,osm+geonames,53.64446,10.46853,2000,2877624,Linau,P.PPLA4,DE,10,Q632293,relation/1465816,0.65,372 km from the entries' other places (0% within 80 km),
Amrang,7,route,review,geonames,47.99139,12.30795,2000,2956570,Amerang,P.PPLA4,DE,02,,,0.40,GeoNames alternate name match (DE),
Genachshäusner Moos,7,locality,no_match,,,,,,,,,,,,0.00,no gazetteer entry,
See-See,7,locality,no_match,,,,,,,,,,,,0.00,no gazetteer entry,
Neuhausen am Rheinfall,7,locality,linked,osm+geonames,47.68579,8.61474,1500,2659485,Neuhausen,P.PPL,CH,SH,Q69372,relation/1683680,0.95,entry context 19 km (50% of the entries),
Emmerberg,7,locality,linked,osm+geonames,47.81500,16.10407,1500,2780096,Emmerberg,P.PPL,AT,03,Q136802469,relation/5887662,0.95,entry context 30 km (100% of the entries),
Hartwaldteich,7,locality,no_match,,,,,,,,,,,,0.00,no gazetteer entry,
Muenchen,7,,review,geonames,48.13743,11.57549,5000,2867714,Munich,P.PPLA,DE,02,,,0.70,GeoNames alternate name match (DE); entry context 0 km (43% of the entries),
Stein am Rhein,7,locality,linked,osm+geonames,47.65933,8.85964,1500,2658489,Stein am Rhein,P.PPL,CH,SH,Q11939,relation/1683709,0.95,entry context 17 km (100% of the entries),
Schloss Nymphenburg,7,locality,linked,osm,48.15826,11.50330,200,,,,,,Q131631,node/3189375851,0.95,entry context 0 km (100% of the entries),
Reisaus,7,locality,review,osm+geonames,53.87266,12.52074,800,2848536,Reisaus,P.PPLF,DE,12,,node/1353601225,0.65,713 km from the entries' other places (0% within 80 km),
Bolzwang,7,,linked,osm+geonames,47.88136,11.39814,1500,2946555,Bolzwang,P.PPL,DE,02,Q20737322,node/278997100,0.95,entry context 1 km (100% of the entries),
Isarau,7,locality,linked,osm+geonames,48.74051,12.90829,1500,2895726,Isarau,P.PPL,DE,02,Q15721690,node/2386457098,0.80,"far from most of the entries' other places (0% within 80 km, nearest 107 km)",
Brindisi,7,,linked,osm+geonames,40.63215,17.93607,3000,3181528,Brindisi,P.PPLA2,IT,13,Q13496,relation/40545,0.95,,
Alogamandra,7,locality,no_match,,,,,,,,,,,,0.00,no gazetteer entry,
Acheloos,7,locality,linked,geonames,38.33816,21.10560,3000,265483,Achelóos Potamós,H.STM,GR,ESYE23,Q203923,,0.85,GeoNames contains name match (GR); entry context 22 km (100% of the entries),
Kap Strapza,7,locality,no_match,,,,,,,,,,,,0.00,no gazetteer entry,
Unterbrunn,7,locality,linked,osm+geonames,48.06716,11.32518,1500,2819879,Unterbrunn,P.PPL,DE,02,Q337387,node/1700541730,0.95,entry context 3 km (100% of the entries),
Elektrizitätswerk in den Auen,7,locality,no_match,,,,,,,,,,,,0.00,no gazetteer entry,
Gossenzügen,7,route,linked,osm+geonames,48.24311,9.45232,1500,2918798,Goßenzugen,P.PPL,DE,01,,node/329578249,0.95,entry context 9 km (100% of the entries),
Gönningen,7,settlement,linked,osm+geonames,48.43319,9.14869,1500,2919100,Gönningen,P.PPL,DE,01,Q1559384,relation/2988907,0.80,"far from most of the entries' other places (0% within 80 km, nearest 87 km)",
Aue,7,,linked,osm+geonames,49.08722,11.25515,1500,2954696,Aue,P.PPL,DE,02,Q18747004,node/298849043,0.95,entry context 27 km (20% of the entries),
Wallhausen,7,locality,linked,osm+geonames,47.74775,9.13367,1500,2814573,Wallhausen,P.PPL,DE,01,,relation/2890642,0.95,entry context 2 km (100% of the entries),
Rothenfeld,7,,linked,osm,47.97074,11.21948,500,,,,,,Q24261881,node/1700548723,0.95,entry context 1 km (100% of the entries),
Acha-Einmündung,7,locality,no_match,,,,,,,,,,,,0.00,not geocoded yet (no Nominatim cache entry),
Hintermetzhaf,7,settlement,no_match,,,,,,,,,,,,0.00,no gazetteer entry,
Ratzing,7,locality,linked,osm+geonames,47.87315,12.29619,1500,2850110,Ratzing,P.PPL,DE,02,,node/11491177633,0.95,entry context 0 km (100% of the entries),
Achtal,7,,linked,osm+geonames,48.05468,13.20179,1500,2783010,Achtal,P.PPL,AT,04,,node/240098135,0.95,entry context 40 km (25% of the entries),
Mariahilf,7,locality,linked,osm+geonames,47.26667,11.38333,1000,2771933,Mariahilf,P.PPLX,AT,07,Q17578081,relation/19639219,0.95,entry context 1 km (50% of the entries),
Ostufer,7,,linked,osm,47.82928,11.33798,1500,,,,,,,relation/19600805,0.95,entry context 17 km (67% of the entries),
Tautenberg,7,locality,linked,osm,47.02389,15.99069,500,,,,,,,node/11708926610,0.85,,
Bruchsal,7,locality,linked,osm+geonames,49.12426,8.59804,1500,2943560,Bruchsal,P.PPL,DE,01,Q7059,relation/659820,0.95,entry context 32 km (100% of the entries),
Mannheim,7,,linked,osm+geonames,49.48910,8.46694,2000,2873891,Mannheim,P.PPLA3,DE,01,Q2119,relation/62691,0.95,entry context 2 km (67% of the entries),
Köln,7,,linked,osm+geonames,50.93333,6.95000,3000,2886242,Köln,P.PPLA2,DE,07,Q365,relation/62578,0.95,entry context 24 km (50% of the entries),
Hafen Amsterdam,7,locality,no_match,,,,,,,,,,,,0.00,no gazetteer entry,
Leiden,7,locality,linked,geonames,52.15833,4.49306,1500,2751773,Leiden,P.PPL,NL,11,Q43631,,0.80,GeoNames primary name match (NL); entry context 26 km (100% of the entries),
Brüssel,7,,linked,osm+geonames,50.85045,4.34878,5000,2800866,Brussels,P.PPLC,BE,BRU,Q239,relation/58274,0.95,,
Bad-Gotteskammer,7,locality,no_match,,,,,,,,,,,,0.00,no gazetteer entry,
Abfanggraben,7,locality,linked,osm+geonames,48.14253,11.66470,2000,2959828,Abfanggraben,H.DTCH,DE,02,Q319988,relation/3634868,0.95,entry context 7 km (100% of the entries),
Südseite,7,locality,review,osm,48.09330,11.53341,500,,,,,,Q54801999,node/8767818490,0.70,"far from most of the entries' other places (0% within 80 km, nearest 83 km)",
Finning,7,,linked,osm+geonames,48.02225,11.01100,1500,11608946,Finning,P.PPL,DE,02,Q512753,relation/933966,0.95,entry context 9 km (25% of the entries),
Jägerbrünn,7,,no_match,,,,,,,,,,,,0.00,not geocoded yet (no Nominatim cache entry),
Wien,7,locality,linked,osm+geonames,48.20849,16.37208,5000,2761369,Vienna,P.PPLC,AT,09,Q1741,relation/109166,0.95,,
Freisinger Moos,7,locality,linked,osm+geonames,48.37101,11.68166,2000,2925033,Freisinger Moos,L.GRAZ,DE,02,Q1454682,relation/12386047,0.95,entry context 27 km (50% of the entries),
Neustadt an der Aisch,7,locality,linked,osm+geonames,49.57953,10.61126,2000,2864057,Neustadt an der Aisch,P.PPLA3,DE,02,Q31503,relation/357040,0.95,entry context 31 km (50% of the entries),
Prien am Chiemsee,7,locality,linked,osm+geonames,47.85602,12.34623,1500,2852101,Prien am Chiemsee,P.PPL,DE,02,Q18863,relation/2186932,0.95,entry context 6 km (50% of the entries),
Krottenkopf,7,locality,linked,osm+geonames,47.54524,11.19073,500,2883528,Krottenkopf,T.MT,DE,02,Q565442,node/26863440,0.95,entry context 6 km (50% of the entries),
Konstein,7,settlement,linked,osm+geonames,48.82767,11.07341,1500,2885675,Konstein,P.PPL,DE,02,Q1405515,node/310302731,0.95,entry context 26 km (100% of the entries),
Brünnsteinhaus,7,locality,linked,osm,47.64455,12.09812,1500,,,,,,,node/3761652162,0.90,OSM information/guidepost named after the place; entry context 0 km (100% of the entries),
Hyde Park,7,locality,linked,osm+geonames,51.50735,-0.16571,800,2646325,Hyde Park,L.PRK,GB,ENG,Q123738,way/372975520,0.95,entry context 3 km (100% of the entries),
Tirschenreuth,7,settlement,linked,osm+geonames,49.88263,12.33112,2000,2822100,Tirschenreuth,P.PPLA3,DE,02,Q205436,relation/968889,0.95,entry context 10 km (33% of the entries),
Altbecken,7,locality,no_match,,,,,,,,,,,,0.00,no gazetteer entry,
Isarwiesen,7,,no_match,,,,,,,,,,,,0.00,no gazetteer entry,
Seeberg,7,locality,linked,osm+geonames,50.13181,12.28333,1500,3068788,Ostroh,P.PPL,CZ,81,Q1226638,node/33364303,0.95,,
Traunstein,7,locality,linked,osm+geonames,47.86825,12.64335,2000,2821515,Traunstein,P.PPLA3,DE,02,Q253119,relation/941745,0.95,entry context 14 km (67% of the entries),
Hohenburg,7,locality,linked,osm+geonames,47.67240,11.58749,1500,2901851,Hohenburg,P.PPL,DE,02,Q2241603,node/12573773287,0.95,entry context 2 km (67% of the entries),
Beruriet,7,locality,no_match,,,,,,,,,,,,0.00,no gazetteer entry,
Schwanen-Weiher,7,locality,no_match,,,,,,,,,,,,0.00,no gazetteer entry,
Neuried,7,,linked,osm+geonames,48.09322,11.46561,2000,2864303,Neuried,P.PPLA4,DE,02,Q259597,relation/306684,0.95,entry context 1 km (100% of the entries),
Schloßberg-Alpe,7,locality,no_match,,,,,,,,,,,,0.00,no gazetteer entry,
Finkeralm,7,locality,no_match,,,,,,,,,,,,0.00,no gazetteer entry,
Regenbrücke,7,locality,review,osm,49.01410,13.32584,500,,,,,,,way/79612021,0.60,OSM highway/track named after the place,
Hüttendamm,7,locality,no_match,osm,53.27620,8.94858,500,,,,,,,way/34959981,0.30,OSM highway/track named after the place; 531 km from the entries' other places (0% within 80 km),
Hagnauer Wald,7,,no_match,,,,,,,,,,,,0.00,no gazetteer entry,
Schlacker,7,,review,osm,51.07501,6.19740,500,,,,,,,node/9784739463,0.55,363 km from the entries' other places (0% within 80 km),
Steinwehr,7,locality,review,osm+geonames,52.98317,14.54384,1500,3096769,Kamienny Jaz,P.PPL,PL,87,Q11734422,node/546357719,0.65,568 km from the entries' other places (0% within 80 km),
Riegsee,7,locality,linked,osm+geonames,47.69867,11.23391,2000,2847017,Riegsee,P.PPLA4,DE,02,Q513584,relation/939371,0.95,entry context 3 km (100% of the entries),
Bennrieder Filz,7,locality,no_match,,,,,,,,,,,,0.00,no gazetteer entry,
Ferchensee,7,locality,linked,osm+geonames,47.43859,11.21392,1000,2927158,Ferchensee,H.LK,DE,02,Q1255560,way/23425364,0.95,entry context 1 km (100% of the entries),
Hammerberg,7,settlement,review,osm+geonames,49.71044,11.59622,1500,2911150,Hammerberg,P.PPL,DE,02,Q99472215,node/333253895,0.65,175 km from the entries' other places (0% within 80 km),
Steinbruchschlag,7,locality,review,osm,48.72874,9.41770,500,,,,,,,node/13363624698,0.55,172 km from the entries' other places (0% within 80 km),
Arktal,7,locality,no_match,,,,,,,,,,,,0.00,no gazetteer entry,
Kienparing,7,settlement,no_match,,,,,,,,,,,,0.00,no gazetteer entry,
Schwaigeralm,7,locality,linked,osm,47.72559,11.96117,1500,,,,,,,node/2629016340,0.90,OSM information/guidepost named after the place; entry context 9 km (100% of the entries),
Markelfingen,7,locality,linked,osm+geonames,47.74610,9.00960,1500,2873419,Markelfingen,P.PPL,DE,01,Q42894456,relation/6072420,0.95,entry context 3 km (100% of the entries),
Isardamm,7,,no_match,,,,,,,,,,,,0.00,no gazetteer entry,
Malmö,7,locality,linked,osm+geonames,55.60587,13.00073,5000,2692969,Malmö,P.PPLA,SE,27,Q2211,relation/10663667,0.95,entry context 16 km (100% of the entries),
Westerheim Tierpark,7,locality,no_match,,,,,,,,,,,,0.00,no gazetteer entry,
Flaucher-Auen,7,locality,no_match,,,,,,,,,,,,0.00,no gazetteer entry,
Nymphenburg Park,7,locality,no_match,,,,,,,,,,,,0.00,not geocoded yet (no Nominatim cache entry),
Forst zum Mittagschneid,7,locality,no_match,,,,,,,,,,,,0.00,no gazetteer entry,
Mittergermünz,7,locality,no_match,,,,,,,,,,,,0.00,no gazetteer entry,
Facklerteich,7,locality,no_match,,,,,,,,,,,,0.00,no gazetteer entry,
Geringer Waldhaus,7,locality,no_match,,,,,,,,,,,,0.00,no gazetteer entry,
Aussichtsturm,7,locality,review,osm,48.68530,10.16371,500,,,,,,,node/9181692345,0.70,"far from most of the entries' other places (0% within 80 km, nearest 109 km)",
Statlkirchen,7,settlement,no_match,,,,,,,,,,,,0.00,no gazetteer entry,
Lantinger Berg,7,locality,no_match,,,,,,,,,,,,0.00,no gazetteer entry,
Rieth,7,settlement,linked,osm+geonames,50.26431,10.63294,1500,2846834,Rieth,P.PPL,DE,15,Q2152580,node/311264268,0.80,"far from most of the entries' other places (0% within 80 km, nearest 90 km)",
Steingard,7,locality,review,osm,60.56359,5.24869,1500,,,,,,,node/9977326506,0.55,721 km from the entries' other places (0% within 80 km),
Kiebitzregnerfeifer,7,locality,no_match,,,,,,,,,,,,0.00,no gazetteer entry,
Betendorf,7,settlement,no_match,geonames,47.58389,7.27667,3000,6450656,Bettendorf,A.ADM4,FR,44,,,0.00,GeoNames alternate name match (FR); 438 km from the entries' other places (0% within 80 km),
Schmecks,7,locality,no_match,,,,,,,,,,,,0.00,no gazetteer entry,
Fraueninsel,7,locality,linked,osm+geonames,47.87289,12.42575,2000,2925339,Fraueninsel,T.ISL,DE,02,Q645925,way/320708783,0.95,entry context 1 km (100% of the entries),
Frankenbach,7,locality,review,osm+geonames,49.15890,9.17207,1000,2925649,Heilbronn-Frankenbach,P.PPLX,DE,01,Q875966,relation/3318346,0.65,165 km from the entries' other places (0% within 80 km),
Tölka-Höhe,7,locality,no_match,,,,,,,,,,,,0.00,no gazetteer entry,
Flecklalm,7,locality,no_match,,,,,,,,,,,,0.00,no gazetteer entry,
Trübing,7,settlement,no_match,,,,,,,,,,,,0.00,no gazetteer entry,
Johannesbügel,7,locality,no_match,,,,,,,,,,,,0.00,no gazetteer entry,
Erlenbruch,7,locality,review,osm,50.06060,10.49494,1000,,,,,,,way/1033550654,0.55,221 km from the entries' other places (0% within 80 km),
Dieburg,7,settlement,linked,osm+geonames,49.89738,8.84613,1500,2937591,Dieburg,P.PPL,DE,05,Q525493,relation/452393,0.95,,
Rauschmühle,6,settlement,review,osm,49.72483,6.95232,300,,,,,,,node/1378568024,0.55,381 km from the entries' other places (0% within 80 km),
Bruckbruck,6,locality,no_match,,,,,,,,,,,,0.00,no gazetteer entry,
Anstaltspark,6,locality,no_match,,,,,,,,,,,,0.00,no gazetteer entry,
Jürnholz,6,locality,no_match,,,,,,,,,,,,0.00,no gazetteer entry,
Rietloh,6,locality,no_match,,,,,,,,,,,,0.00,no gazetteer entry,
Obergermaringen,6,locality,review,osm+geonames,47.92215,10.67142,1500,2860630,Obergermaringen,P.PPL,DE,02,Q133292645,node/7852709699,0.60,OSM amenity/fire_station named after the place; named after a settlement elsewhere; not confirmed by context (2 km),
Heimbach,6,locality,linked,osm+geonames,49.02808,11.33524,1500,2907466,Heimbach,P.PPL,DE,02,Q22692264,node/294719693,0.95,,
Wetlach,6,locality,no_match,,,,,,,,,,,,0.00,no gazetteer entry,
Antshofener Moos,6,locality,no_match,,,,,,,,,,,,0.00,no gazetteer entry,
Unterbach,6,locality,linked,osm+geonames,47.82780,9.16135,1500,2819981,Unterbach,P.PPL,DE,01,,node/276708063,0.95,,
Steppach,6,locality,linked,osm+geonames,49.77417,10.80505,1500,2827388,Steppach,P.PPL,DE,02,Q15526123,node/26674670,0.95,entry context 5 km (33% of the entries),
Schwabmünchen,6,locality,linked,osm+geonames,48.17928,10.75675,1500,2835477,Schwabmünchen,P.PPL,DE,02,Q509676,relation/935178,0.95,entry context 12 km (100% of the entries),
Kaltinsel,6,locality,no_match,,,,,,,,,,,,0.00,no gazetteer entry,
Friesenried,6,,linked,osm+geonames,47.87477,10.53464,2000,2924371,Friesenried,P.PPLA4,DE,02,Q531867,relation/445499,0.95,entry context 2 km (80% of the entries),
Heinhalde,6,locality,no_match,,,,,,,,,,,,0.00,no gazetteer entry,
Bertoldshofen,6,locality,linked,osm+geonames,47.78393,10.65996,1500,2949859,Bertoldshofen,P.PPL,DE,02,,node/161640901,0.95,entry context 3 km (100% of the entries),
Gönelbach,6,locality,no_match,,,,,,,,,,,,0.00,no gazetteer entry,
Schlehdorf,6,locality,linked,osm+geonames,47.65795,11.31494,2000,2838769,Schlehdorf,P.PPLA4,DE,02,Q550790,relation/935260,0.95,entry context 2 km (100% of the entries),
Frankenviel,6,locality,no_match,,,,,,,,,,,,0.00,no gazetteer entry,
Schwanenweiher,6,locality,no_match,geonames,49.42859,8.46437,500,8714490,Schwanenweiher,H.PND,DE,08,,,0.30,GeoNames primary name match (DE); 227 km from the entries' other places (0% within 80 km),
Schwanengraben,6,locality,review,osm+geonames,52.13333,11.68333,2000,2835274,Schwanengraben,H.DTCH,DE,14,,relation/6401612,0.65,479 km from the entries' other places (0% within 80 km),
Halbinselwiese,6,locality,no_match,,,,,,,,,,,,0.00,no gazetteer entry,
Eisenbahnbrücke,6,locality,no_match,,,,,,,,,,,,0.00,no gazetteer entry,
Gummach,6,locality,no_match,,,,,,,,,,,,0.00,no gazetteer entry,
Fürchbruch,6,locality,no_match,,,,,,,,,,,,0.00,no gazetteer entry,
Südende des Sees,6,locality,no_match,,,,,,,,,,,,0.00,no gazetteer entry,
Seealpe,6,locality,linked,osm,47.40866,10.31589,1500,,,,,,,relation/1420888,0.95,entry context 2 km (100% of the entries),
Kaufbeuren Westseite Anlagen,6,locality,no_match,,,,,,,,,,,,0.00,no gazetteer entry,
Karbau,6,locality,review,osm,-8.66011,119.62652,2000,,,,,,,node/8043912676,0.55,11974 km from the entries' other places (0% within 80 km),
Högleberg,6,locality,no_match,,,,,,,,,,,,0.00,no gazetteer entry,
Flakken,6,locality,review,osm+geonames,61.74916,9.82674,500,3157209,Flakken,H.PND,NO,34,,relation/8400859,0.65,1341 km from the entries' other places (0% within 80 km),
Hörmatshofen,6,locality,no_match,,,,,,,,,,,,0.00,no gazetteer entry,
Frankeneck,6,locality,linked,osm+geonames,49.37639,8.04861,2000,2925614,Frankeneck,P.PPLA4,DE,08,Q565996,relation/1249988,0.80,"far from most of the entries' other places (0% within 80 km, nearest 117 km)",
Lermoos,6,locality,linked,osm+geonames,47.40358,10.88070,2000,2772592,Lermoos,P.PPLA3,AT,07,Q683600,relation/37839,0.95,entry context 3 km (100% of the entries),
Astrang,6,locality,no_match,geonames,51.87776,6.42014,2000,2760082,Aastrang,H.STMX,NL,00,,,0.25,GeoNames contains name match (NL); 517 km from the entries' other places (0% within 80 km),
Riedrain,6,locality,review,osm,47.72608,9.13930,1500,,,,,,,node/7356569245,0.55,151 km from the entries' other places (0% within 80 km),
Bühl- und Rietmoos,6,locality,no_match,,,,,,,,,,,,0.00,no gazetteer entry,
Markt Oberdorf,6,,no_match,,,,,,,,,,,,0.00,not geocoded yet (no Nominatim cache entry),
Donau,6,locality,linked,osm+geonames,49.35237,13.00237,1500,3076020,Hájek,P.PPL,CZ,87,Q12021202,node/408451861,0.95,,
Blaubeuren,6,locality,linked,osm+geonames,48.41215,9.78427,1500,2947949,Blaubeuren,P.PPL,DE,01,Q505955,relation/2788300,0.95,entry context 1 km (100% of the entries),
Ammer-Mündung,6,locality,no_match,,,,,,,,,,,,0.00,no gazetteer entry,
Werlachwehr,6,locality,no_match,,,,,,,,,,,,0.00,not geocoded yet (no Nominatim cache entry),
Löbau,6,route,linked,osm+geonames,51.09954,14.66738,1500,2876755,Löbau,P.PPL,DE,13,Q156768,relation/418120,0.95,,
Meiniger See,6,locality,no_match,,,,,,,,,,,,0.00,not geocoded yet (no Nominatim cache entry),
Südufer des Sees,6,locality,review,osm,51.36572,12.06375,1500,,,,,,,node/9972795398,0.45,"OSM information/board named after the place; far from most of the entries' other places (0% within 80 km, nearest 131 km)",
Damoos,6,locality,review,osm,47.78690,9.76434,300,,,,,,,node/2548942354,0.55,552 km from the entries' other places (0% within 80 km),
Schrancken-Berg,6,locality,no_match,,,,,,,,,,,,0.00,no gazetteer entry,
Staubrücke bei Biermachers,6,locality,no_match,,,,,,,,,,,,0.00,no gazetteer entry,
Feuchtental,6,locality,linked,osm+geonames,47.98333,15.78333,500,2779614,Feuchtental,T.MT,AT,03,Q21874113,node/1808491951,0.95,entry context 30 km (100% of the entries),
Oberblegi-See,6,locality,no_match,,,,,,,,,,,,0.00,not geocoded yet (no Nominatim cache entry),
Vilstal,6,locality,linked,osm,47.56829,10.48493,5000,,,,,,Q21863749,way/1331710285,0.85,,
Lochham,6,locality,linked,osm+geonames,48.13218,11.43617,1500,8468675,Lochham,P.PPL,DE,02,Q1648795,node/293932577,0.95,entry context 3 km (100% of the entries),
Sankt Bartholomä,6,locality,linked,osm+geonames,47.05457,15.25889,2000,2766751,Sankt Bartholomä,P.PPLA3,AT,06,Q687561,relation/34836,0.95,,
Bayreuth,6,locality,linked,osm+geonames,49.94782,11.57893,3000,2951825,Bayreuth,P.PPLA2,DE,02,Q3923,relation/62640,0.95,entry context 5 km (50% of the entries),
Hellabrunn,6,locality,linked,osm,48.09628,11.55420,500,,,,,,Q264691,way/156435529,0.95,entry context 1 km (100% of the entries),
Stallach,6,locality,review,osm,48.82462,7.83636,500,,,,,,,way/1443306104,0.45,"OSM highway/track named after the place; far from most of the entries' other places (0% within 80 km, nearest 113 km)",
Taubenberg,6,locality,linked,geonames,47.82952,11.76455,500,2823898,Taubenberg,T.MT,DE,02,Q2396498,,0.95,GeoNames primary name match (DE); entry context 7 km (67% of the entries),
Schachen,6,locality,linked,osm,47.41950,11.11284,500,,,,,,Q1377792,node/476787334,0.95,entry context 7 km (50% of the entries),
Flaucherbrücke,6,,no_match,,,,,,,,,,,,0.00,no gazetteer entry,
Germeringer Wälder,6,locality,no_match,,,,,,,,,,,,0.00,no gazetteer entry,
Gunzenhausen,6,locality,linked,osm+geonames,49.11663,10.75971,2000,2913537,Gunzenhausen,P.PPLA3,DE,02,Q503640,relation/1015096,0.95,,
Juist,6,locality,linked,osm+geonames,53.67787,6.99575,2000,2894569,Juist,P.PPLA4,DE,06,Q24846,relation/897895,0.95,entry context 23 km (33% of the entries),
Kempfenhausen,6,locality,linked,osm+geonames,47.98722,11.36235,1500,2891627,Kempfenhausen,P.PPL,DE,02,Q19825892,node/2338698690,0.95,entry context 2 km (100% of the entries),
Stadtwald,6,locality,linked,osm,48.47509,11.95042,1000,,,,,,,node/3819570960,0.95,entry context 38 km (50% of the entries),
Birkenwäldchen,6,,review,osm,48.81294,9.18863,1500,,,,,,,way/388600781,0.55,180 km from the entries' other places (0% within 80 km),
Baach,6,locality,linked,osm+geonames,48.22636,9.48073,1500,2953821,Baach,P.PPL,DE,01,Q110618930,node/495989652,0.95,entry context 2 km (100% of the entries),
Käseralpe,6,locality,linked,osm,47.36363,10.36791,1500,,,,,,Q123359981,node/14026316953,0.95,entry context 0 km (100% of the entries),
Benediktenwand,6,locality,linked,osm+geonames,47.65107,11.46386,500,2951101,Benediktenwand,T.MT,DE,02,Q456783,node/26862546,0.95,entry context 29 km (100% of the entries),
Schmutterweiher,6,locality,linked,osm,47.67399,10.75805,1000,,,,,,Q32288410,way/24760981,0.95,entry context 2 km (100% of the entries),
Brindisi Hafen,6,locality,no_match,,,,,,,,,,,,0.00,no gazetteer entry,
Bucht von Skutari,6,locality,no_match,,,,,,,,,,,,0.00,no gazetteer entry,
Küste,6,locality,no_match,,,,,,,,,,,,0.00,no gazetteer entry,
Arza,6,locality,review,osm,46.27978,11.13527,300,,,,,,Q31637017,node/870273895,0.55,683 km from the entries' other places (0% within 80 km),
Makri,6,locality,review,osm,24.19131,73.45226,3000,,,,,,,relation/13373420,0.55,4697 km from the entries' other places (0% within 80 km),
Leukas,6,,review,geonames,38.83036,20.70442,3000,258438,Lefkáda,P.PPLA2,GR,ESYE22,,,0.70,GeoNames alternate name match (GR); entry context 15 km (50% of the entries),
Kalamas-Mündung,6,locality,no_match,,,,,,,,,,,,0.00,no gazetteer entry,
Bad Oberdorf,6,locality,linked,osm+geonames,47.50183,10.38500,1500,2953387,Bad Oberdorf,P.PPL,DE,02,Q798749,node/60194192,0.95,entry context 1 km (67% of the entries),
Turmhaus,6,locality,review,osm,47.06014,9.49675,1500,,,,,,,way/165295164,0.45,"OSM building/yes named after the place; far from most of the entries' other places (0% within 80 km, nearest 92 km)",
Reichertshofen,6,locality,linked,osm+geonames,48.65775,11.46612,1500,2849017,Reichertshofen,P.PPL,DE,02,Q489285,relation/387305,0.95,entry context 12 km (100% of the entries),
Rostock,6,,linked,osm+geonames,54.08870,12.14049,2000,2844588,Rostock,P.PPLA3,DE,12,Q2861,relation/62405,0.95,entry context 10 km (100% of the entries),
Schwaig,6,locality,linked,osm+geonames,48.33908,11.83938,1500,2835427,Schwaig,P.PPL,DE,02,Q57978904,node/1700472229,0.95,entry context 6 km (100% of the entries),
Maximiliananlagen,6,locality,no_match,,,,,,,,,,,,0.00,not geocoded yet (no Nominatim cache entry),
Höllriegelskreuth,6,,linked,osm+geonames,48.04200,11.50681,1500,2900381,Höllriegelskreuth,P.PPL,DE,02,Q1121174,node/1700532832,0.95,entry context 1 km (100% of the entries),
Bad,6,,review,osm,50.19749,10.05733,3000,,,,,,Q488346,relation/383698,0.55,214 km from the entries' other places (0% within 80 km),
Unterfranken,6,locality,linked,osm+geonames,50.00000,10.00000,20000,2819564,Regierungsbezirk Unterfranken,A.ADM2,DE,02,Q10547,relation/17585,0.95,,
Inn,6,locality,linked,osm,47.35476,11.70757,3000,,,,,,Q14369,relation/406437,0.95,entry context 16 km (50% of the entries),
Oberstjägermeisterbach,6,locality,linked,osm,48.16780,11.60729,1500,,,,,,Q2011222,relation/2586495,0.95,entry context 4 km (100% of the entries),
Flurbrücke,6,locality,no_match,,,,,,,,,,,,0.00,no gazetteer entry,
Dingelsdorf,6,,linked,osm+geonames,47.73932,9.15582,1500,2936934,Dingelsdorf,P.PPL,DE,01,Q20791740,relation/2890641,0.95,entry context 4 km (100% of the entries),
Bodman-Ludwigshafen,6,locality,linked,osm+geonames,47.81817,9.05540,2000,3205645,Bodman-Ludwigshafen,P.PPLA4,DE,01,Q62013,relation/2784817,0.95,entry context 3 km (100% of the entries),
Kaffeewirtschaft,6,locality,review,osm,48.15407,11.56595,1500,,,,,,,node/5782281594,0.45,"OSM amenity/cafe named after the place; far from most of the entries' other places (0% within 80 km, nearest 81 km)",
Blindheim,6,locality,linked,osm+geonames,48.63138,10.61992,2000,2947713,Blindheim,P.PPLA4,DE,02,Q514914,relation/956998,0.95,,
Reichersbeuern,6,locality,linked,osm+geonames,47.76667,11.63333,2000,2849047,Reichersbeuern,P.PPLA4,DE,02,Q532923,relation/935185,0.95,,
Seealpsee,6,locality,linked,osm+geonames,47.39953,10.33980,1000,2834033,Seealpsee,H.LK,DE,02,Q1330363,way/25205149,0.95,entry context 3 km (67% of the entries),
Alengleichstädt,6,locality,no_match,,,,,,,,,,,,0.00,no gazetteer entry,
Hochlandhütte,6,locality,linked,osm,47.44960,11.31894,1500,,,,,,,node/471018211,0.90,OSM information/guidepost named after the place; entry context 3 km (100% of the entries),
Donauried,6,locality,linked,osm+geonames,48.57577,10.57266,10000,2936262,Donauried,L.AREA,DE,02,,node/9742042759,0.95,,
Starnberger Hafen,6,locality,no_match,,,,,,,,,,,,0.00,no gazetteer entry,
Giesing,6,,linked,osm+geonames,48.10479,11.57375,1000,2920525,Giesing,P.PPLX,DE,02,Q1523383,node/1692234478,0.95,entry context 4 km (100% of the entries),
Achen,6,locality,linked,osm+geonames,48.02789,12.27693,1500,2959700,Achen,P.PPL,DE,02,,node/60846621,0.95,entry context 15 km (33% of the entries),
Fürstenberg,6,locality,linked,osm+geonames,47.68505,9.15632,1500,2923644,Fürstenberg,P.PPL,DE,01,Q21039796,relation/1631738,0.95,,
Ortschaften,6,locality,no_match,osm,51.77617,9.38963,500,,,,,,,node/13818525124,0.30,OSM tourism/information named after the place; 431 km from the entries' other places (0% within 80 km),
Achau-Mündung,6,locality,no_match,,,,,,,,,,,,0.00,no gazetteer entry,
Ache,6,locality,linked,osm,47.16519,13.10655,3000,,,,,,Q262969,relation/2209493,0.85,,
Warfeld,6,locality,review,osm,53.06279,8.74095,500,,,,,,,node/2535672694,0.55,583 km from the entries' other places (0% within 80 km),
Oktoberfestwiese,6,locality,no_match,,,,,,,,,,,,0.00,no gazetteer entry,
Uffenheim,6,locality,linked,osm+geonames,49.54415,10.23286,1500,2820423,Uffenheim,P.PPL,DE,02,Q572410,relation/356764,0.95,entry context 15 km (67% of the entries),
Burghausen an der Salzach,6,locality,no_match,,,,,,,,,,,,0.00,no gazetteer entry,
Hohenbeuten,6,locality,no_match,,,,,,,,,,,,0.00,no gazetteer entry,
Kloster Grafrath,6,locality,no_match,,,,,,,,,,,,0.00,no gazetteer entry,
Gauertal,6,,linked,osm+geonames,47.05422,9.85826,5000,2778780,Gauertal,T.VAL,AT,08,Q1495965,way/1125245439,0.95,entry context 3 km (50% of the entries),
Schweizertor,6,locality,linked,geonames,47.03849,9.78438,2000,2658670,Schweizertor,T.PASS,CH,GR,Q22548239,,0.90,GeoNames primary name match (CH); entry context 6 km (100% of the entries),
Speicherbecken Ismaning,6,locality,no_match,,,,,,,,,,,,0.00,no gazetteer entry,
Langenmoos,6,locality,linked,osm+geonames,48.24656,11.12102,1500,2880970,Längenmoos,P.PPL,DE,02,,node/388702343,0.95,entry context 36 km (100% of the entries),
Herzogspark,6,locality,no_match,,,,,,,,,,,,0.00,not geocoded yet (no Nominatim cache entry),
Universität,6,locality,review,osm+geonames,48.78253,9.17242,1000,11807623,Universität,P.PPLX,DE,01,,relation/1107803,0.65,191 km from the entries' other places (0% within 80 km),
Bahntag Tannenhofer,6,locality,no_match,,,,,,,,,,,,0.00,no gazetteer entry,
Kühlenthal,6,locality,linked,osm+geonames,48.56667,10.81667,2000,2882777,Kühlenthal,P.PPLA4,DE,02,Q529278,relation/445850,0.95,entry context 5 km (50% of the entries),
Ostseite,6,locality,no_match,,,,,,,,,,,,0.00,no gazetteer entry,
Wasserlöse,6,locality,no_match,geonames,53.69629,8.48744,2000,2813724,Misselwardener Wasserlöse,H.STMC,DE,06,,,0.25,GeoNames contains name match (DE); 639 km from the entries' other places (0% within 80 km),
Lutzwinkel Hering und Sining,6,locality,no_match,,,,,,,,,,,,0.00,no gazetteer entry,
Cathkin Peak,6,locality,review,osm,-29.07722,29.35027,300,,,,,,Q1051085,node/345446887,0.55,8767 km from the entries' other places (0% within 80 km),
Gommerhofer See,6,locality,no_match,,,,,,,,,,,,0.00,no gazetteer entry,
Schweizer Nationalpark,6,locality,no_match,geonames,46.66667,10.20000,800,2658671,Schweizer Nationalpark,L.PRK,CH,GR,,,0.30,GeoNames primary name match (CH); 193 km from the entries' other places (0% within 80 km),
Viehweide,6,locality,linked,osm,48.00245,10.81326,1500,,,,,,,way/1249513884,0.95,entry context 35 km (67% of the entries),
Donauwörth,6,,linked,osm+geonames,48.71804,10.77930,2000,2936253,Donauwörth,P.PPLA3,DE,02,Q53742,relation/582215,0.95,entry context 19 km (50% of the entries),
Fangwasser,6,locality,no_match,,,,,,,,,,,,0.00,no gazetteer entry,
Südwiese,6,locality,review,osm,52.32986,9.73521,500,,,,,,,node/1528917539,0.70,"far from most of the entries' other places (0% within 80 km, nearest 144 km)",
Antreninger Sumpf,6,locality,no_match,,,,,,,,,,,,0.00,not geocoded yet (no Nominatim cache entry),
Torfstichmoos,6,locality,no_match,,,,,,,,,,,,0.00,no gazetteer entry,
Sicking,6,locality,review,osm+geonames,48.82509,13.04464,1500,2832764,Sicking,P.PPL,DE,02,Q34433452,node/370447408,0.65,307 km from the entries' other places (0% within 80 km),
Kramer,6,locality,linked,osm+geonames,47.50375,11.05752,5000,2884832,Kramer,T.MTS,DE,02,Q31533381,node/389944263,0.95,entry context 3 km (67% of the entries),
Einarstais,6,locality,no_match,,,,,,,,,,,,0.00,no gazetteer entry,
Burgwalden,6,locality,linked,osm+geonames,48.28297,10.75760,1500,2941077,Burgwalden,P.PPL,DE,02,Q1016137,node/286582228,0.95,entry context 5 km (100% of the entries),
Seehaus,6,locality,linked,osm,47.71114,12.62154,500,,,,,,,node/11349366875,0.95,entry context 28 km (33% of the entries),
Ötztal,6,locality,linked,osm+geonames,47.08333,10.91667,5000,2769321,Ötztal,T.VAL,AT,07,Q307456,way/925622633,0.95,entry context 14 km (100% of the entries),
Eßsee,6,locality,linked,geonames,47.96975,11.23364,1000,2928745,Eßsee,H.LK,DE,02,Q1386134,,0.95,GeoNames primary name match (DE); entry context 2 km (100% of the entries),
Burgbernheim,6,locality,linked,osm+geonames,49.45103,10.32385,1500,2941416,Burgbernheim,P.PPL,DE,02,Q502450,relation/356766,0.95,entry context 9 km (33% of the entries),
Finkenteiche,6,locality,no_match,,,,,,,,,,,,0.00,no gazetteer entry,
Waldkirchen,6,locality,linked,osm+geonames,48.73270,13.60082,1500,2814880,Waldkirchen,P.PPL,DE,02,Q505961,relation/958971,0.95,entry context 14 km (100% of the entries),
Straßkirchen,6,locality,linked,osm+geonames,48.63249,13.47920,1500,2826121,Straßkirchen,P.PPL,DE,02,Q2355029,node/63619717,0.95,entry context 4 km (100% of the entries),
Vilshofen,6,locality,linked,osm+geonames,48.62695,13.19222,1500,2817202,Vilshofen,P.PPL,DE,02,Q278312,relation/958090,0.95,entry context 8 km (100% of the entries),
Ebrach,6,locality,linked,osm+geonames,49.84728,10.49950,800,8378667,Ebrach,P.PPLL,DE,02,Q1391358,relation/2983448,0.95,entry context 31 km (50% of the entries),
Amper-Lände,6,,no_match,,,,,,,,,,,,0.00,no gazetteer entry,
Werse,6,locality,review,osm+geonames,51.75057,7.97324,800,2810738,Werse,P.PPLL,DE,07,,way/902777224,0.65,460 km from the entries' other places (0% within 80 km),
Rottenbuch,6,locality,linked,osm+geonames,47.73333,10.96667,2000,2843731,Rottenbuch,P.PPLA4,DE,02,Q518138,relation/936785,0.95,entry context 5 km (100% of the entries),
Einringer Allee,6,locality,no_match,,,,,,,,,,,,0.00,no gazetteer entry,
Schalthaus,6,locality,review,osm,48.24922,12.69109,1500,,,,,,,way/552648540,0.60,OSM building/commercial named after the place,
Kesselalm,6,locality,linked,osm,47.71279,11.97822,1500,,,,,,,way/175630226,0.95,entry context 1 km (100% of the entries),
Pfaffenhofen an der Ilm,6,locality,linked,osm+geonames,48.53053,11.50500,2000,2854386,Pfaffenhofen an der Ilm,P.PPLA4,DE,02,Q490319,relation/396556,0.95,entry context 36 km (67% of the entries),
Diedorfer Flachheide,6,locality,no_match,,,,,,,,,,,,0.00,no gazetteer entry,
Jägerhausener Zipfel,6,locality,no_match,,,,,,,,,,,,0.00,no gazetteer entry,
Knottenkopf,6,locality,no_match,,,,,,,,,,,,0.00,no gazetteer entry,
Watteiche,6,locality,no_match,,,,,,,,,,,,0.00,no gazetteer entry,
München-Gern,6,locality,no_match,,,,,,,,,,,,0.00,no gazetteer entry,
Hall,6,locality,linked,osm,47.47153,9.24458,500,,,,,,,node/10232968442,0.85,,
Spessart,6,locality,review,osm+geonames,49.99826,9.42119,20000,2830590,Spessart,L.RGN,DE,00,Q182470,relation/6308866,0.65,260 km from the entries' other places (0% within 80 km),
Flachslanden,6,locality,review,osm+geonames,49.39845,10.51323,1500,2926426,Flachslanden,P.PPL,DE,02,Q502992,relation/534271,0.65,160 km from the entries' other places (0% within 80 km),
Amper bei Steinbach,6,locality,no_match,,,,,,,,,,,,0.00,no gazetteer entry,
Kapellenberg,6,,review,geonames,48.11667,11.01667,500,2893150,Kapellenberg,T.HLL,DE,02,,,0.70,GeoNames primary name match (DE),
Himmelmoos-Alm,6,locality,linked,osm,47.68424,12.04102,1500,,,,,,,way/188644741,0.90,OSM building/yes named after the place; entry context 6 km (100% of the entries),
Ankeringer Filz,6,locality,no_match,,,,,,,,,,,,0.00,no gazetteer entry,
Sonnerhofen,6,locality,no_match,,,,,,,,,,,,0.00,no gazetteer entry,
Siedeseite,6,locality,no_match,,,,,,,,,,,,0.00,no gazetteer entry,
Neuer Schirm,6,locality,no_match,,,,,,,,,,,,0.00,not geocoded yet (no Nominatim cache entry),
Deixlsee,6,locality,no_match,,,,,,,,,,,,0.00,no gazetteer entry,
Hochvogel,6,locality,linked,osm+geonames,47.38047,10.43662,500,2775914,Hochvogel,T.MT,AT,00,Q455546,node/2622553312,0.95,entry context 7 km (100% of the entries),
Finkteich,6,locality,no_match,,,,,,,,,,,,0.00,no gazetteer entry,
Traithen,6,locality,linked,osm,47.65490,12.03585,300,,,,,,Q31534231,node/264037689,0.85,,
Landau in der Pfalz,6,locality,linked,osm+geonames,49.19844,8.11692,2000,2881646,Landau in der Pfalz,P.PPLA3,DE,08,Q7052,relation/62391,0.95,,
Staad,6,locality,linked,osm+geonames,47.68091,9.20794,1500,2829967,Staad,P.PPL,DE,01,Q1465502,relation/1631639,0.95,entry context 3 km (100% of the entries),
Ismaninger Schutzgebiet,6,locality,no_match,,,,,,,,,,,,0.00,no gazetteer entry,
Rappenseehütte,6,locality,linked,osm,47.28898,10.25507,100,,,,,,Q2131646,way/75472593,0.90,OSM amenity/restaurant named after the place; entry context 12 km (100% of the entries),
Sichtweite,6,locality,no_match,,,,,,,,,,,,0.00,no gazetteer entry,
Bayrischzell,6,locality,linked,osm+geonames,47.67440,12.01449,2000,2951824,Bayrischzell,P.PPLA4,DE,02,Q506244,relation/935962,0.95,,
Schwarzenfeld,6,locality,linked,osm+geonames,49.38774,12.13484,1500,2834945,Schwarzenfeld,P.PPL,DE,02,Q566553,relation/962184,0.95,entry context 27 km (50% of the entries),
Fürholzen,6,locality,linked,osm+geonames,48.33149,11.61864,1500,2923700,Fürholzen,P.PPL,DE,02,Q99476657,node/26536245,0.95,entry context 12 km (100% of the entries),
Arnstorf,6,locality,linked,osm+geonames,48.55840,12.81674,1500,2955429,Arnstorf,P.PPL,DE,02,Q582608,relation/957058,0.95,entry context 17 km (100% of the entries),
Ismaninger Moos,6,locality,no_match,,,,,,,,,,,,0.00,no gazetteer entry,
Mündung des Alserbaches,6,locality,no_match,,,,,,,,,,,,0.00,no gazetteer entry,
Keilstein,6,locality,linked,osm+geonames,49.96604,11.72313,1500,2891862,Keilstein,P.PPL,DE,02,,node/2343358306,0.95,,
Übersee-Bachmündung,6,locality,no_match,,,,,,,,,,,,0.00,no gazetteer entry,
Staatsrath,6,locality,no_match,,,,,,,,,,,,0.00,no gazetteer entry,
Höchstädt an der Donau,6,locality,linked,osm+geonames,48.61124,10.56816,1500,2903012,Höchstädt an der Donau,P.PPL,DE,02,Q505909,relation/957012,0.95,entry context 20 km (33% of the entries),
Mängisried,6,locality,no_match,,,,,,,,,,,,0.00,no gazetteer entry,
Oberhünigen,6,locality,linked,osm+geonames,46.88049,7.65696,2000,11790577,Oberhünigen,P.PPLA3,CH,BE,Q67805,relation/1682589,0.95,entry context 3 km (100% of the entries),
Säuling-Gipfel,6,locality,no_match,,,,,,,,,,,,0.00,no gazetteer entry,
Karlstadt,6,locality,linked,osm+geonames,49.96034,9.77239,2000,2892786,Karlstadt,P.PPLA3,DE,02,Q507854,relation/336479,0.95,entry context 39 km (50% of the entries),
Isarauen nördlich vom Aumeister,6,locality,no_match,,,,,,,,,,,,0.00,no gazetteer entry,
Lassen am See,6,locality,no_match,,,,,,,,,,,,0.00,no gazetteer entry,
Magnetsried,6,locality,linked,osm+geonames,47.82492,11.23392,1500,2874515,Magnetsried,P.PPL,DE,02,Q49177922,node/3517043441,0.95,entry context 1 km (100% of the entries),
Naturschutzgebiet Bernried,6,locality,no_match,,,,,,,,,,,,0.00,no gazetteer entry,
Kötz-Wörther Moor,6,locality,no_match,,,,,,,,,,,,0.00,no gazetteer entry,
Bodenmais,6,locality,review,osm+geonames,49.06667,13.10000,1500,2947120,Bodenmais,P.PPL,DE,02,Q513654,relation/959154,0.65,153 km from the entries' other places (0% within 80 km),
Schwaig bei Erding,6,locality,no_match,,,,,,,,,,,,0.00,no gazetteer entry,
Langenbürgner See,6,locality,no_match,,,,,,,,,,,,0.00,not geocoded yet (no Nominatim cache entry),
Vils,6,locality,linked,osm+geonames,47.55000,10.63333,2000,2762358,Vils,P.PPLA3,AT,07,Q26340,relation/28755,0.95,entry context 1 km (100% of the entries),
Schergenweiher,6,locality,linked,osm,47.86453,11.25901,1000,,,,,,Q22693759,way/32929626,0.95,entry context 38 km (100% of the entries),
Kurtmannsberg,6,locality,no_match,,,,,,,,,,,,0.00,no gazetteer entry,
Seehoff,6,locality,no_match,,,,,,,,,,,,0.00,not geocoded yet (no Nominatim cache entry),
Scheffau am Wilden Kaiser,6,locality,linked,osm+geonames,47.52943,12.25139,2000,2766084,Scheffau am Wilden Kaiser,P.PPLA3,AT,07,Q701149,relation/1016898,0.95,entry context 3 km (100% of the entries),
Sackenbacher Bucht,6,locality,no_match,,,,,,,,,,,,0.00,no gazetteer entry,
Gürteldamm,6,locality,no_match,,,,,,,,,,,,0.00,not geocoded yet (no Nominatim cache entry),
Parthenen,6,locality,review,geonames,46.96667,10.05000,1500,2769232,Partenen,P.PPL,AT,08,,,0.70,GeoNames alternate name match (AT); entry context 10 km (100% of the entries),
Hartmannsberg,6,locality,linked,osm+geonames,47.91232,12.33662,800,2910054,Hartmannsberg,P.PPLL,DE,02,,node/266507481,0.95,entry context 6 km (50% of the entries),
Steyer,6,locality,review,geonames,48.04274,14.42127,2000,2764359,Steyr,P.PPLA3,AT,04,,,0.65,GeoNames alternate name match (AT),
Binnensee bei Lindau,6,locality,no_match,,,,,,,,,,,,0.00,no gazetteer entry,
Burg Kippenberg,6,locality,no_match,,,,,,,,,,,,0.00,no gazetteer entry,
Gütermann-Weiher,6,locality,no_match,,,,,,,,,,,,0.00,no gazetteer entry,
Bruning,6,locality,no_match,osm,50.01798,8.78232,1500,,,,,,,node/1087089067,0.30,OSM shop/hairdresser named after the place; 290 km from the entries' other places (0% within 80 km),
Speichersee Westdamm,6,locality,no_match,,,,,,,,,,,,0.00,no gazetteer entry,
Meringer See,6,locality,no_match,,,,,,,,,,,,0.00,no gazetteer entry,
Handelsbrunn,6,locality,no_match,,,,,,,,,,,,0.00,no gazetteer entry,
Ungererbad,6,locality,linked,osm,48.17019,11.59174,1500,,,,,,Q2493578,way/172682940,0.90,OSM leisure/sports_centre named after the place; entry context 4 km (100% of the entries),
Steinernes Meer,6,locality,linked,osm+geonames,47.50000,12.96667,5000,2764459,Steinernes Meer,T.MTS,AT,00,Q263635,relation/2110418,0.80,"far from most of the entries' other places (0% within 80 km, nearest 126 km)",
Lahm,6,locality,linked,osm+geonames,50.08058,11.13434,1500,2881915,Lahm,P.PPL,DE,02,Q36510116,node/25983926,0.95,entry context 3 km (100% of the entries),
Grimmer,6,locality,review,osm,48.85225,10.48923,1500,,,,,,,node/991070303,0.45,"OSM shop/travel_agency named after the place; far from most of the entries' other places (0% within 80 km, nearest 112 km)",
Felden,6,locality,linked,osm+geonames,47.83232,12.38955,800,2927427,Felden,P.PPLL,DE,02,,node/60643450,0.95,,
Erzgebirge,6,locality,review,geonames,50.89603,13.81460,5000,12076794,Erzgebirge,T.MTS,DE,13,,,0.60,GeoNames primary name match (DE),
Froschhauser See,6,locality,linked,osm+geonames,47.68579,11.22611,1000,2924148,Froschhauser See,H.LK,DE,02,Q50388845,way/140683528,0.95,entry context 31 km (50% of the entries),
Biberkor,6,locality,linked,osm+geonames,47.94682,11.38132,1500,2949389,Biberkor,P.PPL,DE,02,Q20164868,node/269055838,0.95,entry context 7 km (100% of the entries),
Adelheid,6,locality,linked,osm,50.64835,12.23499,1500,,,,,,Q2316833,node/2962595076,0.85,,
Lizumer Alpe,6,locality,no_match,,,,,,,,,,,,0.00,no gazetteer entry,
Königsbrück,6,locality,review,osm+geonames,51.26451,13.90540,1500,2885910,Königsbrück,P.PPL,DE,13,Q81739,relation/913783,0.65,386 km from the entries' other places (0% within 80 km),
Memminger See,6,locality,no_match,,,,,,,,,,,,0.00,no gazetteer entry,
Isar-Rauwehr,6,locality,no_match,,,,,,,,,,,,0.00,no gazetteer entry,
Meerenge bei Leukos,6,locality,no_match,,,,,,,,,,,,0.00,no gazetteer entry,
Gospreuth,6,locality,no_match,,,,,,,,,,,,0.00,no gazetteer entry,
Kirchfarter See,6,locality,no_match,,,,,,,,,,,,0.00,no gazetteer entry,
Bodnerau,6,locality,no_match,,,,,,,,,,,,0.00,no gazetteer entry,
Rappanalptal,6,locality,no_match,,,,,,,,,,,,0.00,not geocoded yet (no Nominatim cache entry),
Pfatter,6,locality,linked,osm+geonames,48.96309,12.38254,2000,2854165,Pfatter,P.PPLA4,DE,02,Q491751,relation/966631,0.80,"far from most of the entries' other places (0% within 80 km, nearest 109 km)",
Lüneburg,6,locality,linked,osm+geonames,53.25122,10.41548,2000,2875115,Lüneburg,P.PPLA3,DE,06,Q3920,relation/2420744,0.95,,
Sendling,6,locality,linked,osm+geonames,48.11964,11.54114,1000,6940469,Sendling,P.PPLX,DE,02,Q262879,relation/54393,0.95,entry context 3 km (100% of the entries),
Speichersee-Westbecken,6,locality,no_match,,,,,,,,,,,,0.00,not geocoded yet (no Nominatim cache entry),
Harlachinger Hang,6,locality,no_match,,,,,,,,,,,,0.00,no gazetteer entry,
Hangwall,6,locality,no_match,,,,,,,,,,,,0.00,no gazetteer entry,
"Isar, Wittelsbacherbrücke",6,locality,no_match,,,,,,,,,,,,0.00,no gazetteer entry,
Forst Kasten,6,locality,linked,osm+geonames,48.07914,11.42609,1500,2892478,Forst Kasten,V.FRST,DE,02,Q32012250,node/8625808357,0.95,entry context 4 km (100% of the entries),
Erbacherpark,6,locality,no_match,,,,,,,,,,,,0.00,no gazetteer entry,
Grünthal,6,locality,linked,osm+geonames,47.79817,12.09483,1500,2914076,Grünthal,P.PPL,DE,02,,node/5320870199,0.95,,
Isar beim Kabelsteg,6,locality,no_match,,,,,,,,,,,,0.00,no gazetteer entry,
Anger-Moos,6,locality,no_match,,,,,,,,,,,,0.00,not geocoded yet (no Nominatim cache entry),
Euerberg,6,locality,review,osm+geonames,49.93169,10.53991,500,2928519,Euerberg,T.HLL,DE,02,Q30763974,node/4169432704,0.65,213 km from the entries' other places (0% within 80 km),
Eck-Alpe und Kammereck-Alpe,6,locality,no_match,,,,,,,,,,,,0.00,no gazetteer entry,
Angerlohe,6,locality,linked,osm,48.18752,11.48011,1500,,,,,,Q56045977,way/1428889749,0.95,entry context 9 km (100% of the entries),
Saalachau,6,locality,linked,osm+geonames,47.80000,12.96889,2000,3322816,Saalachau,L.LCTY,AT,05,,relation/2024033,0.80,"far from most of the entries' other places (0% within 80 km, nearest 110 km)",
Watbecken,6,locality,no_match,,,,,,,,,,,,0.00,not geocoded yet (no Nominatim cache entry),
Nonner Au,6,locality,linked,osm,47.73375,12.86880,1500,,,,,,,way/48453564,0.90,OSM amenity/parking named after the place; entry context 3 km (100% of the entries),
Piding,6,locality,linked,osm+geonames,47.76667,12.91667,2000,2853855,Piding,P.PPLA4,DE,02,Q267865,relation/941790,0.95,entry context 8 km (100% of the entries),
Saalach,6,locality,linked,osm+geonames,47.85000,13.00000,3000,2842723,Saalach,H.STM,AT,00,Q700453,way/270221880,0.95,entry context 11 km (100% of the entries),
Schwaigwörth,6,locality,no_match,,,,,,,,,,,,0.00,no gazetteer entry,
Lügenwand,6,locality,no_match,,,,,,,,,,,,0.00,no gazetteer entry,
Isarpark,6,locality,review,osm,48.78325,12.86954,1500,,,,,,,way/60038685,0.45,"OSM amenity/parking named after the place; far from most of the entries' other places (0% within 80 km, nearest 119 km)",
Füllberg,6,locality,linked,osm,48.55308,11.60721,300,,,,,,,node/6213035133,0.95,entry context 36 km (50% of the entries),
Sülzberg,6,locality,linked,osm+geonames,47.52178,9.91353,2000,2764010,Sulzberg,P.PPLA3,AT,08,Q644855,relation/74863,0.95,,
Schneizlreuth,6,locality,linked,osm+geonames,47.68333,12.80000,2000,2837375,Schneizlreuth,P.PPLA4,DE,02,Q253867,relation/941796,0.95,entry context 4 km (100% of the entries),
Gefängnis Stadelheim,6,locality,no_match,,,,,,,,,,,,0.00,no gazetteer entry,
Volkmannsdorf,6,locality,linked,osm+geonames,48.50236,11.95480,1500,2816627,Volkmannsdorf,P.PPL,DE,02,Q2531444,node/26439169,0.95,,
Gieringer Waldsaum,6,locality,no_match,,,,,,,,,,,,0.00,not geocoded yet (no Nominatim cache entry),
Lützel,6,locality,linked,osm+geonames,47.43813,7.34280,3000,2659815,Lucelle,H.STM,FR,00,Q1880486,relation/8139582,0.80,"far from most of the entries' other places (0% within 80 km, nearest 85 km)",
Hochfelln-Gipfel,6,locality,no_match,,,,,,,,,,,,0.00,no gazetteer entry,
Seelächet,6,locality,no_match,,,,,,,,,,,,0.00,no gazetteer entry,
Haar,6,locality,linked,osm+geonames,48.10881,11.72653,1500,2913192,Haar,P.PPL,DE,02,Q504820,relation/543186,0.95,entry context 10 km (100% of the entries),
Taufkirchen-Unterhaching,6,,linked,osm,48.05110,11.60935,1500,,,,,,,way/74607637,0.90,OSM historic/heritage named after the place; entry context 1 km (100% of the entries),
Brunnthal,6,locality,linked,osm+geonames,48.00652,11.68405,2000,2943074,Brunnthal,P.PPLA4,DE,02,Q251101,relation/539954,0.95,entry context 17 km (100% of the entries),
Fränkische Schweiz,6,locality,no_match,osm+geonames,49.79256,11.32622,20000,2925502,Fränkische Schweiz,L.RGN,DE,02,,way/1019022679,0.30,OSM amenity/biergarten named after the place; 177 km from the entries' other places (0% within 80 km),
Maißwiesen,6,locality,no_match,,,,,,,,,,,,0.00,no gazetteer entry,
"München, Isar",6,locality,no_match,,,,,,,,,,,,0.00,no gazetteer entry,
Lautern,6,locality,linked,osm+geonames,48.80048,9.97305,1500,2879886,Lautern,P.PPL,DE,01,Q1808665,relation/3422777,0.80,"far from most of the entries' other places (0% within 80 km, nearest 131 km)",
Reepermoor,6,locality,no_match,,,,,,,,,,,,0.00,no gazetteer entry,
Burgwaldener Weiher,6,locality,no_match,,,,,,,,,,,,0.00,no gazetteer entry,
Erlachbauer See bei Garmisch,6,locality,no_match,,,,,,,,,,,,0.00,no gazetteer entry,
Westkanal,6,,review,osm,47.33796,8.46142,1500,,,,,,,way/580245853,0.55,249 km from the entries' other places (0% within 80 km),
Stichwehr,6,locality,no_match,,,,,,,,,,,,0.00,no gazetteer entry,
Roggenburger Weiher,6,locality,linked,osm,48.27740,10.21820,1000,,,,,,,way/28165470,0.85,,
Stachus,6,locality,linked,osm,48.13924,11.56632,1500,,,,,,Q152974,relation/14471471,0.95,entry context 1 km (100% of the entries),
Haugwald,6,locality,no_match,,,,,,,,,,,,0.00,no gazetteer entry,
"München, Hangwald",6,locality,no_match,,,,,,,,,,,,0.00,no gazetteer entry,
Jieringer Waldhaus,6,locality,no_match,,,,,,,,,,,,0.00,no gazetteer entry,
Isar bei der Tierparkbrücke,6,locality,no_match,,,,,,,,,,,,0.00,no gazetteer entry,
Elenfälle,6,locality,no_match,,,,,,,,,,,,0.00,no gazetteer entry,
Ismaning Ost- und Westbecken,6,locality,no_match,,,,,,,,,,,,0.00,no gazetteer entry,
Leipziger,6,locality,review,osm,49.47218,11.10440,1500,,,,,,,way/1107959401,0.70,"far from most of the entries' other places (0% within 80 km, nearest 149 km)",
Erbacher Forst,6,locality,no_match,,,,,,,,,,,,0.00,no gazetteer entry,
Kaiserslautern,6,locality,linked,osm+geonames,49.44300,7.77161,2000,2894003,Kaiserslautern,P.PPLA3,DE,08,Q3758,relation/62652,0.95,,
Isarfälle beim E-Werk,6,locality,no_match,,,,,,,,,,,,0.00,no gazetteer entry,
Auen bei den Überfällen,6,locality,no_match,,,,,,,,,,,,0.00,no gazetteer entry,
Weihermoos,6,locality,review,osm,47.71100,9.88591,500,,,,,,,node/12244103140,0.70,"far from most of the entries' other places (0% within 80 km, nearest 131 km)",
Birkenberg-See,6,locality,no_match,,,,,,,,,,,,0.00,no gazetteer entry,
Maisinger See Südende,6,locality,no_match,,,,,,,,,,,,0.00,no gazetteer entry,
Baierberg,6,locality,linked,osm+geonames,48.26805,11.04660,1500,2953214,Baierberg,P.PPL,DE,02,Q25158518,node/121805213,0.95,,
Gaschurn,6,settlement,linked,osm+geonames,46.98584,10.02702,2000,2778834,Gaschurn,P.PPLA3,AT,08,Q700997,relation/76666,0.95,entry context 6 km (50% of the entries),
Kraftwerk Niedernach,6,locality,no_match,,,,,,,,,,,,0.00,no gazetteer entry,
Güterdamm,6,locality,no_match,,,,,,,,,,,,0.00,no gazetteer entry,
Finkenreuthen,6,locality,no_match,,,,,,,,,,,,0.00,no gazetteer entry,
Westbecken beim Einlauf,6,locality,no_match,,,,,,,,,,,,0.00,no gazetteer entry,
Karlsberinger Berg,6,locality,no_match,,,,,,,,,,,,0.00,no gazetteer entry,
Isar bei der Reichenbachbrücke,6,locality,no_match,,,,,,,,,,,,0.00,no gazetteer entry,
Ismaning und Speichersee,6,locality,no_match,,,,,,,,,,,,0.00,not geocoded yet (no Nominatim cache entry),
"München, Herzoganlagen",6,locality,no_match,,,,,,,,,,,,0.00,no gazetteer entry,
Goldackersee,6,locality,no_match,,,,,,,,,,,,0.00,no gazetteer entry,
Mullergereut,6,locality,no_match,,,,,,,,,,,,0.00,no gazetteer entry,
Lauchdorf,6,locality,linked,osm+geonames,47.96726,10.53460,1500,2880224,Lauchdorf,P.PPL,DE,02,Q43375924,node/365727251,0.95,entry context 12 km (100% of the entries),
Jordanweiher,6,locality,no_match,,,,,,,,,,,,0.00,no gazetteer entry,
Seehlärteich,6,locality,no_match,,,,,,,,,,,,0.00,no gazetteer entry,
Volkherteich,6,locality,no_match,,,,,,,,,,,,0.00,no gazetteer entry,
Musiering,6,locality,no_match,,,,,,,,,,,,0.00,no gazetteer entry,
Baracke,6,locality,linked,osm,48.48164,11.94273,1500,,,,,,Q881306,way/177129134,0.90,OSM historic/building named after the place; entry context 34 km (100% of the entries),
Krumme L.,6,locality,no_match,,,,,,,,,,,,0.00,no gazetteer entry,
E. H.,6,locality,no_match,,,,,,,,,,,,0.00,no gazetteer entry,
Reihersing,6,locality,no_match,,,,,,,,,,,,0.00,no gazetteer entry,
Wb und Ft,6,locality,no_match,,,,,,,,,,,,0.00,no gazetteer entry,
Kalchham,6,locality,no_match,,,,,,,,,,,,0.00,no gazetteer entry,
Emscher,6,region,review,osm+geonames,51.51667,7.65000,3000,2930453,Emscher,H.STM,DE,07,,way/905462509,0.65,350 km from the entries' other places (0% within 80 km),
Gurtamm,6,locality,no_match,,,,,,,,,,,,0.00,no gazetteer entry,
Gelbachmündung,6,locality,no_match,,,,,,,,,,,,0.00,no gazetteer entry,
Gürtamm,6,locality,no_match,,,,,,,,,,,,0.00,not geocoded yet (no Nominatim cache entry),
Rinne,6,locality,review,osm+geonames,50.68397,11.27215,3000,2846553,Rinne,H.STM,DE,15,Q799502,relation/10795158,0.65,257 km from the entries' other places (0% within 80 km),
Ismaninger Speichersee Einlauf,6,locality,no_match,,,,,,,,,,,,0.00,no gazetteer entry,
Schüttwiese,6,locality,no_match,,,,,,,,,,,,0.00,no gazetteer entry,
Harbeine pürninger Wehr,6,locality,no_match,,,,,,,,,,,,0.00,no gazetteer entry,
Stauraum,6,locality,no_match,osm,51.98207,7.61774,1500,,,,,,,way/667190549,0.30,OSM shop/storage_rental named after the place; 512 km from the entries' other places (0% within 80 km),
Sps.,6,locality,no_match,osm,48.62480,9.45232,1500,,,,,,,way/297818352,0.30,OSM building/yes named after the place; 166 km from the entries' other places (0% within 80 km),
Spielerberg,6,locality,no_match,,,,,,,,,,,,0.00,no gazetteer entry,
Riedhäusern,6,locality,no_match,,,,,,,,,,,,0.00,no gazetteer entry,
Isarhüllen,6,locality,no_match,,,,,,,,,,,,0.00,not geocoded yet (no Nominatim cache entry),
Vogelsüd,6,locality,no_match,,,,,,,,,,,,0.00,no gazetteer entry,
Binsfurt,6,settlement,linked,osm,49.02951,7.10243,500,,,,,,,node/7063879024,0.85,,
Emmareviere,6,locality,no_match,,,,,,,,,,,,0.00,no gazetteer entry,
Bauh.,6,locality,review,osm,48.43295,10.86360,1500,,,,,,,node/12923277462,0.60,OSM office/company named after the place,
Knüpiering,6,locality,no_match,,,,,,,,,,,,0.00,no gazetteer entry,
Wohlfülle,6,locality,no_match,,,,,,,,,,,,0.00,no gazetteer entry,
Gänsemoor,6,locality,review,geonames,53.72240,11.67031,1500,13515125,Gänsemoor,H.MOOR,DE,12,,,0.60,GeoNames primary name match (DE),
Hemmennig,6,locality,no_match,,,,,,,,,,,,0.00,no gazetteer entry,
Waldgitter,6,locality,no_match,,,,,,,,,,,,0.00,no gazetteer entry,
Schinderdaxet,6,locality,no_match,,,,,,,,,,,,0.00,no gazetteer entry,
Bruderholz,6,locality,linked,osm+geonames,47.52960,7.59902,1500,8469026,Bruderholz,P.PPL,CH,BS,Q809902,relation/7849707,0.95,entry context 4 km (100% of the entries),
Neuchâtel,6,locality,linked,geonames,46.99179,6.93100,5000,2659496,Neuchâtel,P.PPLA,CH,NE,Q69345,,0.90,GeoNames primary name match (CH); entry context 10 km (100% of the entries),
Wendelstein-Hotel,6,locality,linked,osm,47.85270,12.12102,1500,,,,,,,node/12393798160,0.90,OSM tourism/hotel named after the place; entry context 0 km (100% of the entries),
Goldbachsee,6,locality,no_match,,,,,,,,,,,,0.00,not geocoded yet (no Nominatim cache entry),
Langengeisling,6,locality,linked,osm+geonames,48.32559,11.92376,1500,2881072,Langengeisling,P.PPL,DE,02,Q1805048,relation/3884046,0.95,entry context 14 km (100% of the entries),
Gütternam,6,locality,no_match,,,,,,,,,,,,0.00,no gazetteer entry,
Elektrowerk,6,locality,no_match,osm,47.19157,14.12917,1500,,,,,,,node/13744766805,0.30,OSM office/energy_supplier named after the place; 218 km from the entries' other places (0% within 80 km),
Ft.,6,locality,no_match,geonames,47.69216,8.64595,300,11963156,Feuerthalen,S.RSTN,CH,ZH,,,0.05,GeoNames alternate name match (CH); 184 km from the entries' other places (0% within 80 km),
Steinbrückl,6,locality,review,osm,47.27418,16.15375,300,,,,,,,node/6545856076,0.55,356 km from the entries' other places (0% within 80 km),
Ismaning Speichersee Oberbecken,6,locality,no_match,,,,,,,,,,,,0.00,no gazetteer entry,
Wasserkraftwerk Finsing,6,locality,no_match,,,,,,,,,,,,0.00,no gazetteer entry,
Landshamer Brücke,6,locality,no_match,,,,,,,,,,,,0.00,no gazetteer entry,
"München, Friedensengel",6,locality,no_match,,,,,,,,,,,,0.00,no gazetteer entry,
"München, Kabelsteg",6,locality,no_match,,,,,,,,,,,,0.00,no gazetteer entry,
Park am Nordarm,6,locality,no_match,,,,,,,,,,,,0.00,no gazetteer entry,
Stangwald,6,locality,no_match,,,,,,,,,,,,0.00,no gazetteer entry,
Forststenrieder Park Geräumt V,6,locality,no_match,,,,,,,,,,,,0.00,no gazetteer entry,
Medveja,6,,linked,osm+geonames,45.26833,14.26667,1500,3195286,Medveja,P.PPL,HR,12,Q3304115,relation/18783260,0.95,entry context 1 km (100% of the entries),
Pappelhain,6,locality,review,osm,49.57568,10.37384,1500,,,,,,,way/220964871,0.55,183 km from the entries' other places (0% within 80 km),
NW des OB,6,locality,no_match,,,,,,,,,,,,0.00,no gazetteer entry,
Vogelkundliche Leitstation,6,locality,no_match,,,,,,,,,,,,0.00,no gazetteer entry,
Oberbückinger Becken,6,locality,no_match,,,,,,,,,,,,0.00,no gazetteer entry,
Gürdamm,6,locality,no_match,,,,,,,,,,,,0.00,not geocoded yet (no Nominatim cache entry),
Meisenburg,6,settlement,review,geonames,51.38333,6.93333,1500,2872176,Meisenburg,P.PPL,DE,07,,,0.60,GeoNames primary name match (DE),
Seestall,6,locality,linked,osm+geonames,47.96447,10.86520,1500,2833588,Seestall,P.PPL,DE,02,Q2265652,node/325152148,0.95,entry context 1 km (100% of the entries),
Hintere Isarau,6,locality,no_match,,,,,,,,,,,,0.00,no gazetteer entry,
Thl.,6,locality,no_match,geonames,52.39510,-1.59700,300,6953730,Tile Hill Railway Station,S.RSTN,GB,ENG,,,0.05,GeoNames alternate name match (GB); 784 km from the entries' other places (0% within 80 km),
Karlštejn,6,locality,no_match,geonames,49.93735,14.18605,1500,3073798,Karlštejn,P.PPL,CZ,88,,,0.20,GeoNames primary name match (CZ); 276 km from the entries' other places (0% within 80 km),
Bodensdorfer See,6,locality,no_match,,,,,,,,,,,,0.00,no gazetteer entry,
Echinger Moosgräben,6,locality,no_match,,,,,,,,,,,,0.00,no gazetteer entry,
Schüttberg auf Oberwiesenfeld,6,locality,no_match,,,,,,,,,,,,0.00,no gazetteer entry,
Niedereraichbach-Schönbrunn,6,locality,no_match,,,,,,,,,,,,0.00,no gazetteer entry,
Isarauteil,6,locality,no_match,,,,,,,,,,,,0.00,no gazetteer entry,
Sankt Gerold,6,,review,osm+geonames,47.23883,9.80980,8000,7872650,Sankt Gerold,A.ADM3,AT,08,Q701015,relation/76691,0.65,517 km from the entries' other places (0% within 80 km),
Fladen,6,locality,review,osm,48.74003,7.48204,500,,,,,,,node/3356576437,0.55,224 km from the entries' other places (0% within 80 km),
Eurishofen,6,locality,linked,osm+geonames,47.97292,10.73296,1500,2928402,Eurishofen,P.PPL,DE,02,Q61439127,node/1685801347,0.95,,
Sankt Georg,6,settlement,review,osm,49.44402,11.85011,1500,,,,,,Q41305427,way/261540410,0.45,OSM amenity/place_of_worship named after the place,
Forst Siebenbrunnmübel,6,locality,no_match,,,,,,,,,,,,0.00,no gazetteer entry,
"München, Karolinger Allee",6,locality,no_match,,,,,,,,,,,,0.00,no gazetteer entry,
Gärtchen,6,locality,linked,osm,49.30396,10.57230,800,,,,,,Q128904102,way/32704402,0.95,entry context 34 km (33% of the entries),
Montreux,6,locality,linked,osm+geonames,46.43301,6.91143,1500,2659601,Montreux,P.PPL,CH,VD,Q69354,relation/1685062,0.95,entry context 1 km (100% of the entries),
Hanzwald,6,locality,no_match,,,,,,,,,,,,0.00,no gazetteer entry,
München Westseite,6,locality,no_match,,,,,,,,,,,,0.00,no gazetteer entry,
Prinzwald,6,locality,no_match,,,,,,,,,,,,0.00,no gazetteer entry,
Karolinger-Allee,6,locality,no_match,,,,,,,,,,,,0.00,not geocoded yet (no Nominatim cache entry),
Isarkehle,6,locality,no_match,,,,,,,,,,,,0.00,no gazetteer entry,
Bodensee bei Hagnau,6,locality,no_match,,,,,,,,,,,,0.00,no gazetteer entry,
See Steine,6,locality,no_match,,,,,,,,,,,,0.00,no gazetteer entry,
Bayerische Staatskanzlei,6,locality,linked,osm,48.14233,11.58272,1500,,,,,,Q812286,way/124911353,0.90,OSM office/government named after the place; entry context 1 km (100% of the entries),
Steinkautzenwäldchen,6,locality,no_match,,,,,,,,,,,,0.00,no gazetteer entry,
Fleckeby,6,locality,linked,osm+geonames,54.48061,9.69659,2000,2926339,Fleckeby,P.PPLA4,DE,10,Q541982,relation/557144,0.95,entry context 38 km (100% of the entries),
Purmuran,6,locality,no_match,,,,,,,,,,,,0.00,no gazetteer entry,
Pfahlbau am Balkan,6,locality,no_match,,,,,,,,,,,,0.00,no gazetteer entry,
Gärtnerei,6,locality,review,osm,48.65378,9.63747,1500,,,,,,,way/465968532,0.70,"far from most of the entries' other places (0% within 80 km, nearest 147 km)",
Isarlehne,6,locality,no_match,,,,,,,,,,,,0.00,no gazetteer entry,
Buchen,5,locality,linked,geonames,47.59720,10.64310,1500,2942642,Buchen,P.PPL,DE,02,Q127273085,,0.95,GeoNames primary name match (DE); entry context 4 km (50% of the entries),
Kemnath,5,locality,linked,osm+geonames,49.87007,11.89077,1500,2891668,Kemnath,P.PPL,DE,02,Q516262,relation/975236,0.95,entry context 12 km (33% of the entries),
Peterswörth,5,locality,linked,osm+geonames,48.52672,10.37298,1500,2854604,Peterswörth,P.PPL,DE,02,Q17590985,node/303782089,0.95,entry context 14 km (33% of the entries),
Untergermaringen,5,locality,linked,osm+geonames,47.93750,10.67852,1500,2819532,Untergermaringen,P.PPL,DE,02,Q130900550,node/1685801351,0.95,entry context 4 km (100% of the entries),
Lengenwang,5,locality,linked,osm+geonames,47.70000,10.60000,2000,2878844,Lengenwang,P.PPLA4,DE,02,Q529416,relation/448309,0.95,entry context 3 km (100% of the entries),
Riem,5,settlement,review,osm+geonames,48.13333,11.68333,1000,2846995,Riem,P.PPLX,DE,02,Q51955036,node/1683463482,0.65,483 km from the entries' other places (0% within 80 km),
Griesheim,5,locality,linked,osm+geonames,49.86085,8.57250,1500,2917412,Griesheim,P.PPL,DE,05,Q569685,relation/452418,0.95,entry context 22 km (100% of the entries),
Wartberg,5,locality,review,osm,50.32576,8.74825,300,,,,,,,node/8215653299,0.70,"far from most of the entries' other places (0% within 80 km, nearest 147 km)",
Ammermündung,5,,no_match,,,,,,,,,,,,0.00,not geocoded yet (no Nominatim cache entry),
Fischen im Allgäu,5,locality,linked,osm,47.45324,10.26979,3000,,,,,,Q532046,relation/957925,0.95,entry context 5 km (100% of the entries),
Kalbinsel,5,locality,no_match,,,,,,,,,,,,0.00,no gazetteer entry,
Littenwand,5,locality,no_match,,,,,,,,,,,,0.00,no gazetteer entry,
Urfeld,5,,linked,osm+geonames,47.61644,11.34416,1500,2818207,Urfeld,P.PPL,DE,02,Q2500555,relation/8019033,0.95,entry context 2 km (100% of the entries),
Kochel am See,5,settlement,linked,osm+geonames,47.65860,11.36820,3000,6559176,Kochel am See,A.ADM4,DE,02,Q256533,relation/935265,0.95,entry context 3 km (50% of the entries),
Schliersee,5,locality,linked,osm+geonames,47.73621,11.85936,1500,2838502,Schliersee,P.PPL,DE,02,Q260306,relation/935959,0.95,entry context 6 km (33% of the entries),
Gennachbaumer Moos,5,locality,no_match,,,,,,,,,,,,0.00,no gazetteer entry,
Grünten,5,,linked,osm+geonames,47.55175,10.31056,500,2914087,Grünten,T.MT,DE,02,Q205163,way/1367624390,0.95,entry context 2 km (100% of the entries),
Pietrau,5,settlement,no_match,,,,,,,,,,,,0.00,no gazetteer entry,
Leinauer Wehr,5,locality,no_match,,,,,,,,,,,,0.00,no gazetteer entry,
Bickenried,5,locality,linked,osm,47.89970,10.58121,300,,,,,,Q128997065,node/367918269,0.95,entry context 4 km (100% of the entries),
Frau,5,locality,review,osm,47.30518,11.35047,300,,,,,,Q877602,node/1627270003,0.70,"far from most of the entries' other places (0% within 80 km, nearest 84 km)",
Brücke,5,locality,review,osm,47.37547,11.69376,500,,,,,,,way/281576171,0.60,OSM highway/track named after the place,
Seeg,5,,linked,osm+geonames,47.65000,10.60000,2000,2833849,Seeg,P.PPLA4,DE,02,Q511857,relation/448306,0.95,entry context 6 km (100% of the entries),
Kellmünz,5,locality,linked,osm+geonames,48.12159,10.12811,1500,2891749,Kellmünz,P.PPL,DE,02,,node/384680129,0.95,entry context 11 km (50% of the entries),
Hegge,5,locality,linked,osm+geonames,47.68864,10.31553,1500,2908190,Hegge,P.PPL,DE,02,Q19963247,node/58800762,0.95,entry context 4 km (100% of the entries),
Grünenbach,5,,linked,osm+geonames,47.62864,10.00843,2000,2914279,Grünenbach,P.PPLA4,DE,02,Q552415,relation/959861,0.95,entry context 3 km (100% of the entries),
Stiefenhofen,5,,linked,osm+geonames,47.59320,10.00365,2000,2829080,Stiefenhofen,P.PPLA4,DE,02,Q504026,relation/959864,0.95,entry context 1 km (100% of the entries),
Flachwerk,5,locality,no_match,,,,,,,,,,,,0.00,no gazetteer entry,
Breslau,5,,linked,osm+geonames,51.10286,17.03006,5000,3081368,Wrocław,P.PPLA,PL,72,Q1799,relation/2805690,0.95,,
Brückfischer,5,locality,no_match,,,,,,,,,,,,0.00,not geocoded yet (no Nominatim cache entry),
Langenwang,5,,linked,osm+geonames,47.43876,10.27498,1500,2880874,Langenwang,P.PPL,DE,02,Q131300521,node/58800125,0.95,entry context 35 km (33% of the entries),
Kotsee,5,locality,no_match,,,,,,,,,,,,0.00,no gazetteer entry,
Rheinfall,5,,linked,osm+geonames,47.67822,8.61526,2000,2659061,Rheinfall,H.FLLS,CH,00,Q214924,node/1230090972,0.95,entry context 1 km (100% of the entries),
Birkenmoor,5,locality,review,geonames,51.61679,10.85587,1500,2948534,Birkenmoor,P.PPL,DE,15,,,0.45,"GeoNames primary name match (DE); far from most of the entries' other places (0% within 80 km, nearest 93 km)",
Neu-See,5,,no_match,,,,,,,,,,,,0.00,no gazetteer entry,
Engi,5,locality,linked,osm+geonames,47.58759,8.63636,800,11576763,Engi,P.PPLL,CH,ZH,,node/7274062047,0.95,entry context 11 km (100% of the entries),
Waldhausen,5,settlement,linked,geonames,47.92741,8.40079,1500,2814984,Waldhausen,P.PPL,DE,01,Q47516629,,0.90,GeoNames primary name match (DE); entry context 31 km (100% of the entries),
Urigen,5,locality,linked,osm,46.87090,8.76029,500,,,,,,,node/12382160780,0.95,entry context 1 km (100% of the entries),
Staltach,5,locality,linked,osm,47.78639,11.32433,500,,,,,,,node/351834267,0.95,entry context 2 km (33% of the entries),
Landau an der Isar,5,locality,linked,osm+geonames,48.67249,12.69316,1500,2881650,Landau an der Isar,P.PPL,DE,02,Q509536,relation/959908,0.95,entry context 15 km (33% of the entries),
Steingaden,5,locality,linked,osm+geonames,47.70000,10.86667,2000,2828089,Steingaden,P.PPLA4,DE,02,Q627545,relation/936773,0.95,entry context 5 km (100% of the entries),
Riedlingen,5,locality,linked,osm+geonames,48.15455,9.47558,1500,2847080,Riedlingen,P.PPL,DE,01,Q505967,relation/2802285,0.95,,
Pilsensee,5,locality,linked,osm+geonames,48.02413,11.18875,1000,2853695,Pilsensee,H.LK,DE,02,Q180006,way/299845615,0.95,entry context 1 km (100% of the entries),
Monopteros,5,locality,linked,osm,48.14988,11.59092,300,,,,,,,node/13718228408,0.95,entry context 2 km (100% of the entries),
Wimsen,5,locality,linked,osm,48.25625,9.44808,300,,,,,,,node/329572888,0.95,entry context 2 km (67% of the entries),
Geisinger Tal,5,locality,no_match,,,,,,,,,,,,0.00,no gazetteer entry,
Anhausen,5,locality,linked,osm+geonames,48.29207,9.50159,1500,2956049,Anhausen,P.PPL,DE,01,Q48977669,relation/5680024,0.95,entry context 3 km (50% of the entries),
Kiefersfelden,5,locality,linked,osm+geonames,47.61409,12.19096,2000,2891175,Kiefersfelden,P.PPLA4,DE,02,Q509310,relation/2190046,0.95,entry context 4 km (67% of the entries),
Bernbeuren,5,,linked,osm+geonames,47.73696,10.77707,2000,2950078,Bernbeuren,P.PPLA4,DE,02,Q513909,relation/936752,0.95,entry context 9 km (67% of the entries),
Campos von Mytikas,5,locality,no_match,,,,,,,,,,,,0.00,no gazetteer entry,
Akropetros,5,locality,no_match,,,,,,,,,,,,0.00,no gazetteer entry,
Campos,5,,linked,osm+geonames,39.43099,3.01935,2000,2520403,Campos,P.PPLA3,ES,07,Q743716,relation/342919,0.95,,
Bucht von Alogomandra,5,locality,no_match,,,,,,,,,,,,0.00,no gazetteer entry,
Aspropotamos,5,locality,review,osm+geonames,39.28113,26.37834,1500,412045,Aspropótamos,P.PPL,GR,ESYE41,Q21645831,node/988309600,0.65,757 km from the entries' other places (0% within 80 km),
Bucht von Hagios Nicolai,5,locality,no_match,,,,,,,,,,,,0.00,no gazetteer entry,
Auen nördlich vom Aumeister,5,,no_match,,,,,,,,,,,,0.00,no gazetteer entry,
Lämmerfelsen,5,locality,review,osm,49.13792,7.77386,500,,,,,,,node/3133035013,0.55,165 km from the entries' other places (0% within 80 km),
Igling,5,locality,linked,osm+geonames,48.06673,10.80525,3000,2896670,Igling,A.ADM4,DE,02,Q572087,relation/933820,0.95,entry context 7 km (100% of the entries),
Degerndorf,5,locality,linked,osm+geonames,47.87997,11.37978,1500,2938551,Degerndorf,P.PPL,DE,02,Q1182862,node/71467796,0.95,entry context 1 km (100% of the entries),
Klausen,5,,linked,geonames,47.80000,11.00000,1500,2889977,Klausen,P.PPL,DE,02,,,0.95,GeoNames primary name match (DE); entry context 22 km (50% of the entries),
Lechauen,5,locality,linked,osm,48.58216,10.87667,1500,,,,,,Q20180574,way/1112102666,0.95,entry context 22 km (100% of the entries),
Stolzen,5,locality,review,osm,48.95373,9.28744,500,,,,,,,node/4239777501,0.70,"far from most of the entries' other places (0% within 80 km, nearest 150 km)",
Endorf,5,,linked,osm+geonames,48.09633,12.05449,1500,2930372,Endorf,P.PPL,DE,02,,node/297251640,0.95,entry context 27 km (100% of the entries),
Hirnsberg,5,,linked,osm+geonames,48.58895,11.69348,1500,2903822,Hirnsberg,P.PPL,DE,02,Q135041340,node/613193184,0.95,,
Eschenlohe,5,locality,linked,osm+geonames,47.60000,11.18333,2000,2929039,Eschenlohe,P.PPLA4,DE,02,Q176219,relation/939358,0.95,entry context 14 km (67% of the entries),
Mieming,5,locality,linked,osm+geonames,47.30000,10.98333,2000,2771606,Mieming,P.PPLA3,AT,07,Q681584,relation/944600,0.95,entry context 1 km (100% of the entries),
Starnberger Schlucht,5,locality,no_match,,,,,,,,,,,,0.00,no gazetteer entry,
Güntering,5,,linked,osm+geonames,48.03947,11.19387,1500,2913609,Güntering,P.PPL,DE,02,Q130600648,node/13128211716,0.95,entry context 3 km (100% of the entries),
Südende,5,,linked,osm+geonames,52.45000,13.36667,1000,2825204,Südende,P.PPLX,DE,16,Q821149,node/5217773042,0.80,"far from most of the entries' other places (0% within 80 km, nearest 105 km)",
Grän,5,locality,review,geonames,47.79280,18.74148,3000,3053163,Esztergom,P.PPLA2,HU,12,,,0.65,GeoNames alternate name match (HU),
Heidelberg,5,,linked,osm+geonames,49.40768,8.69079,2000,2907911,Heidelberg,P.PPLA3,DE,01,Q2966,relation/285864,0.95,entry context 9 km (75% of the entries),
Roosendaal,5,,linked,osm+geonames,51.53083,4.46528,1500,2747930,Roosendaal,P.PPL,NL,06,Q6903267,relation/1410557,0.95,entry context 34 km (33% of the entries),
Durlach,5,locality,linked,osm+geonames,48.99976,8.47432,1000,2934469,Durlach,P.PPLX,DE,01,Q639876,relation/63399,0.95,,
Waldwiese,5,locality,linked,osm,48.11712,11.42057,1500,,,,,,,way/461229241,0.95,entry context 18 km (50% of the entries),
Sepping,5,locality,no_match,,,,,,,,,,,,0.00,no gazetteer entry,
Feldalpe,5,,review,osm,47.47836,10.48082,500,,,,,,,node/12255774908,0.70,"far from most of the entries' other places (0% within 80 km, nearest 82 km)",
Maring,5,,review,osm+geonames,49.92373,7.00436,1000,2873461,Maring,P.PPLX,DE,08,,node/295431611,0.65,380 km from the entries' other places (0% within 80 km),
Ludwigsburg,5,locality,linked,osm+geonames,48.89731,9.19161,2000,2875392,Ludwigsburg,P.PPLA3,DE,01,Q622,relation/405292,0.95,entry context 13 km (50% of the entries),
Neckar,5,locality,linked,osm,48.75224,9.26434,3000,,,,,,,way/1222614562,0.95,entry context 13 km (50% of the entries),
Karlstein,5,locality,linked,osm,50.04432,9.03378,3000,,,,,,Q506076,relation/534300,0.95,entry context 29 km (33% of the entries),
Gierkanal,5,locality,no_match,,,,,,,,,,,,0.00,no gazetteer entry,
Übersee,5,locality,linked,osm+geonames,47.81667,12.48333,2000,2820564,Übersee,P.PPLA4,DE,02,Q257831,relation/941735,0.95,entry context 2 km (33% of the entries),
Isar-See,5,locality,no_match,,,,,,,,,,,,0.00,no gazetteer entry,
Antoniegraben,5,locality,no_match,,,,,,,,,,,,0.00,no gazetteer entry,
See-Bucht,5,locality,no_match,,,,,,,,,,,,0.00,no gazetteer entry,
Machtlfing,5,,linked,osm+geonames,47.94797,11.22150,1500,2874631,Machtlfing,P.PPL,DE,02,Q1551038,node/1700548670,0.95,entry context 3 km (100% of the entries),
Eichwies,5,locality,linked,osm,47.91543,11.16625,500,,,,,,,way/32847328,0.90,OSM highway/track named after the place; entry context 39 km (50% of the entries),
Miesbach,5,,linked,osm+geonames,47.78903,11.83382,2000,2871198,Miesbach,P.PPLA3,DE,02,Q269157,relation/935948,0.95,entry context 2 km (100% of the entries),
Ficking,5,settlement,no_match,,,,,,,,,,,,0.00,no gazetteer entry,
Fangwiese,5,,review,osm,52.14777,13.82190,500,,,,,,,node/1273686299,0.55,346 km from the entries' other places (0% within 80 km),
Vilshofen an der Donau,5,settlement,linked,osm+geonames,48.62695,13.19222,1500,2817202,Vilshofen,P.PPL,DE,02,Q278312,relation/958090,0.95,,
Wank,5,,linked,osm+geonames,47.61521,10.52127,1500,2814247,Wank,P.PPL,DE,02,Q121434095,node/259968652,0.95,entry context 23 km (33% of the entries),
Pulsatilla-Hügel,5,locality,no_match,,,,,,,,,,,,0.00,no gazetteer entry,
Wiesau,5,locality,linked,osm+geonames,49.90817,12.18889,1500,2809362,Wiesau,P.PPL,DE,02,Q548571,relation/968891,0.95,,
Achenkirch,5,locality,linked,osm+geonames,47.52659,11.70559,2000,2783035,Achenkirch,P.PPLA3,AT,07,Q481857,relation/80238,0.95,entry context 3 km (33% of the entries),
Südamm,5,,no_match,,,,,,,,,,,,0.00,not geocoded yet (no Nominatim cache entry),
Münchener See,5,locality,no_match,,,,,,,,,,,,0.00,no gazetteer entry,
Morsbronn,5,locality,review,osm+geonames,48.90179,7.74384,1500,2991715,Morsbronn-les-Bains,P.PPL,FR,44,Q21291,relation/91918,0.65,163 km from the entries' other places (0% within 80 km),
Baitenhausen,5,locality,linked,osm+geonames,47.71563,9.29772,1500,2953167,Baitenhausen,P.PPL,DE,01,Q803995,relation/6593148,0.95,entry context 3 km (100% of the entries),
Schlacker-Sattel,5,locality,no_match,,,,,,,,,,,,0.00,no gazetteer entry,
Wannehalde,5,locality,no_match,,,,,,,,,,,,0.00,no gazetteer entry,
Forsthaus Kasten,5,locality,linked,osm,48.07563,11.41679,100,,,,,,,node/2836466519,0.90,OSM amenity/restaurant named after the place; entry context 3 km (100% of the entries),
Buchenhain,5,locality,linked,osm+geonames,48.02989,11.48973,1500,2942543,Buchenhain,P.PPL,DE,02,Q19971594,node/1700532816,0.95,entry context 6 km (100% of the entries),
Dürnberg,5,locality,linked,osm+geonames,47.75057,11.27191,1500,11978882,Dürnberg,P.PPL,DE,02,Q58851674,way/105953289,0.95,,
Warnow,5,locality,linked,osm+geonames,53.78580,11.88106,1500,2814043,Warnow,P.PPL,DE,12,Q699203,relation/1963384,0.95,entry context 38 km (50% of the entries),
Sanitz,5,locality,linked,osm+geonames,54.07757,12.37558,1500,2841683,Sanitz,P.PPL,DE,12,Q645382,relation/393356,0.95,entry context 25 km (100% of the entries),
Bennried,5,settlement,no_match,,,,,,,,,,,,0.00,no gazetteer entry,
Hundberg,5,locality,linked,osm+geonames,48.14621,12.43384,1500,2897622,Hundberg,P.PPL,DE,02,,node/857469698,0.95,,
Ochsenkopf,5,locality,linked,osm+geonames,50.03068,11.80977,500,2858305,Ochsenkopf,T.MT,DE,02,Q2013620,node/21730747,0.95,,
Holzhausen,5,locality,linked,osm+geonames,48.65144,11.95525,1500,2899805,Holzhausen,P.PPL,DE,02,Q27646921,node/369764762,0.95,entry context 17 km (100% of the entries),
Mariengrotte,5,locality,linked,osm,47.58826,11.06521,1500,,,,,,,way/38704339,0.95,entry context 18 km (50% of the entries),
Rieger-Häusle,5,locality,no_match,,,,,,,,,,,,0.00,no gazetteer entry,
Tierpark-Brücke,5,,no_match,,,,,,,,,,,,0.00,not geocoded yet (no Nominatim cache entry),
Grünwald-Mühltal,5,locality,no_match,,,,,,,,,,,,0.00,no gazetteer entry,
Gieringer Waldhaus,5,locality,no_match,,,,,,,,,,,,0.00,not geocoded yet (no Nominatim cache entry),
Haidhausen,5,locality,linked,osm+geonames,48.13226,11.59772,1000,6929994,Haidhausen,P.PPLX,DE,02,Q1569131,node/8796390366,0.95,entry context 2 km (100% of the entries),
Forbacher Forst,5,locality,no_match,,,,,,,,,,,,0.00,no gazetteer entry,
Neuner-Alm,5,locality,no_match,,,,,,,,,,,,0.00,no gazetteer entry,
Nymphenburger Schloßpark,5,locality,no_match,,,,,,,,,,,,0.00,not geocoded yet (no Nominatim cache entry),
Fürth,5,locality,linked,osm+geonames,49.47593,10.98856,1500,2923544,Fürth,P.PPL,DE,02,Q3075,relation/62374,0.95,entry context 7 km (33% of the entries),
Bad Schachen,5,locality,linked,osm+geonames,47.56031,9.66694,1500,2953353,Bad Schachen,P.PPL,DE,02,Q1314705,node/148435777,0.95,entry context 2 km (100% of the entries),
Erlenhorster Forst,5,locality,no_match,,,,,,,,,,,,0.00,no gazetteer entry,
Mönchsgemeinde,5,locality,no_match,,,,,,,,,,,,0.00,no gazetteer entry,
Linköping,5,locality,linked,osm+geonames,58.41086,15.62157,5000,2694762,Linköping,P.PPLA,SE,16,Q25413,node/20975578,0.95,entry context 38 km (100% of the entries),
Flensburg,5,,linked,osm+geonames,54.78805,9.43722,2000,2926271,Flensburg,P.PPLA3,DE,10,Q3798,relation/27020,0.95,entry context 31 km (67% of the entries),
Nyborg,5,,linked,osm+geonames,55.31274,10.78964,3000,2616015,Nyborg,P.PPLA2,DK,21,Q3530435,node/26559169,0.95,entry context 22 km (100% of the entries),
Gundelfingen,5,,linked,osm+geonames,48.32223,9.49740,1500,2913712,Gundelfingen,P.PPL,DE,01,Q95948127,relation/13831407,0.95,,
Bad Gastein,5,locality,linked,osm+geonames,47.11547,13.13467,2000,2782058,Bad Gastein,P.PPLA3,AT,05,Q254835,relation/969550,0.95,,
Johanniskirchen,5,locality,review,geonames,48.17012,11.65063,1000,2894820,Johanneskirchen,P.PPLX,DE,02,,,0.70,GeoNames alternate name match (DE); entry context 7 km (100% of the entries),
Tierparkruine,5,,no_match,,,,,,,,,,,,0.00,no gazetteer entry,
Kirchheim,5,,linked,osm+geonames,48.17656,11.75563,1000,2890479,Kirchheim bei München,P.PPLX,DE,02,Q504880,relation/2168246,0.95,entry context 2 km (75% of the entries),
Grünwalder Fort,5,locality,no_match,,,,,,,,,,,,0.00,not geocoded yet (no Nominatim cache entry),
Niedernach,5,locality,linked,osm+geonames,47.58592,11.39271,1500,2863091,Niedernach,P.PPL,DE,02,Q1988291,node/2028473661,0.95,entry context 3 km (100% of the entries),
Thalkirchner Brücke,5,locality,linked,osm,48.10082,11.54941,1500,,,,,,Q2408865,way/360823824,0.90,OSM man_made/bridge named after the place; entry context 4 km (100% of the entries),
Panoramawiese,5,locality,no_match,osm,51.30653,9.41543,1500,,,,,,,way/27191331,0.30,OSM landuse/grass named after the place; 379 km from the entries' other places (0% within 80 km),
Obere Isarauen,5,locality,no_match,,,,,,,,,,,,0.00,no gazetteer entry,
Sicherich-Weiher,5,locality,no_match,,,,,,,,,,,,0.00,no gazetteer entry,
Wahrstedt,5,settlement,linked,osm+geonames,52.41247,10.97328,1500,2815335,Wahrstedt,P.PPL,DE,06,Q2540514,relation/19798629,0.95,,
Hundshai,5,locality,no_match,,,,,,,,,,,,0.00,no gazetteer entry,
Klinterbrücke,5,locality,no_match,,,,,,,,,,,,0.00,no gazetteer entry,
Föhr,5,locality,review,geonames,54.71710,8.49647,2000,2925984,Föhr,T.ISL,DE,10,,,0.60,GeoNames primary name match (DE),
Mönchbruch,5,locality,linked,osm,49.97741,8.50802,500,,,,,,,node/2798448605,0.85,,
Münchener Auen,5,locality,no_match,,,,,,,,,,,,0.00,no gazetteer entry,
Bergerhütte,5,locality,review,geonames,46.69778,13.94250,100,2781880,Bergerhütte,S.HTL,AT,02,,,0.70,GeoNames primary name match (AT); entry context 2 km (100% of the entries),
Jörghausen,5,locality,no_match,,,,,,,,,,,,0.00,no gazetteer entry,
Schiffshebewerk,5,locality,linked,osm,52.22513,11.67312,3000,,,,,,,relation/5929203,0.85,,
Orthopädische Klinik,5,locality,no_match,osm,49.40869,8.77360,1500,,,,,,,way/789230898,0.30,OSM amenity/hospital named after the place; 244 km from the entries' other places (0% within 80 km),
Schnifis,5,route,linked,osm+geonames,47.21667,9.73306,2000,2765796,Schnifis,P.PPLA3,AT,08,Q700925,relation/75318,0.95,entry context 10 km (100% of the entries),
Schmiechener See,5,locality,linked,osm,48.35033,9.73511,1500,,,,,,Q1112208,way/1302140962,0.85,,
Bernbrunn,5,locality,review,osm+geonames,49.30302,9.22744,800,3274261,Bernbrunn,P.PPLL,DE,01,,node/1585584988,0.65,157 km from the entries' other places (0% within 80 km),
Pityny,5,settlement,no_match,geonames,54.00853,20.14396,1500,762109,Pityny,P.PPL,PL,85,,,0.20,GeoNames primary name match (PL); 870 km from the entries' other places (0% within 80 km),
Herreninsel,5,locality,linked,osm+geonames,47.86005,12.39893,2000,2905641,Herreninsel,T.ISL,DE,02,Q694888,way/4605746,0.95,entry context 0 km (100% of the entries),
Starlacking,5,locality,no_match,,,,,,,,,,,,0.00,no gazetteer entry,
Merseburg,5,locality,linked,osm+geonames,51.35478,11.98923,2000,2871736,Merseburg,P.PPLA3,DE,14,Q14945,relation/2406260,0.95,,
Kazan,5,settlement,no_match,,,,,,,,,,,,0.00,no gazetteer entry,
Badehäuser am See,5,locality,no_match,,,,,,,,,,,,0.00,no gazetteer entry,
Maria Rast,5,locality,linked,osm+geonames,46.54013,15.51790,5000,3191401,Ruše,P.PPLA,SI,L3,Q15914,node/96028058,0.95,,
Montiola-Moor,5,locality,no_match,,,,,,,,,,,,0.00,no gazetteer entry,
Tönzing,5,settlement,review,osm,-41.45351,147.20528,800,,,,,,,way/1389205474,0.70,,
Tietzing,5,settlement,review,osm,47.51595,17.51667,3000,,,,,,Q632080,relation/1440738,0.55,340 km from the entries' other places (0% within 80 km),
Griesweiher,5,locality,linked,osm,48.78328,13.01198,1000,,,,,,,way/178362497,0.85,,
Unterfing,4,locality,no_match,,,,,,,,,,,,0.00,no gazetteer entry,
Bergkirchen,4,locality,linked,osm+geonames,48.25671,11.36488,2000,2950340,Bergkirchen,P.PPLA4,DE,02,Q514940,relation/934458,0.95,entry context 20 km (100% of the entries),
Riedlohe,4,locality,no_match,,,,,,,,,,,,0.00,not geocoded yet (no Nominatim cache entry),
Riedlebach,4,locality,review,osm,47.95493,9.22567,1500,,,,,,,way/553212567,0.70,"far from most of the entries' other places (0% within 80 km, nearest 97 km)",
Füsser Wies,4,locality,no_match,,,,,,,,,,,,0.00,no gazetteer entry,
Hilsbach,4,locality,linked,osm+geonames,49.24124,10.45098,1500,2904634,Hilsbach,P.PPL,DE,02,Q1618893,node/1165742091,0.80,"far from most of the entries' other places (0% within 80 km, nearest 104 km)",
Schollenfeld beim Wertachdurchbruch,4,locality,no_match,,,,,,,,,,,,0.00,no gazetteer entry,
Rauhfussmühle,4,locality,no_match,,,,,,,,,,,,0.00,no gazetteer entry,
Werfener Alm,4,locality,no_match,,,,,,,,,,,,0.00,no gazetteer entry,
Rottachwehr,4,locality,no_match,,,,,,,,,,,,0.00,no gazetteer entry,
Riedeloh,4,locality,no_match,,,,,,,,,,,,0.00,not geocoded yet (no Nominatim cache entry),
Wetterschauen,4,locality,no_match,,,,,,,,,,,,0.00,no gazetteer entry,
Gymnauer Wies,4,locality,no_match,,,,,,,,,,,,0.00,no gazetteer entry,
Blonhofen,4,locality,linked,osm+geonames,47.91845,10.74291,1500,2947630,Blonhofen,P.PPL,DE,02,,node/269126762,0.95,entry context 6 km (100% of the entries),
Riedlelohe,4,locality,no_match,,,,,,,,,,,,0.00,no gazetteer entry,
Bärwald,4,locality,review,osm,47.99116,8.27614,500,,,,,,,node/11296309386,0.55,175 km from the entries' other places (0% within 80 km),
Hinteres Riedleke,4,locality,no_match,,,,,,,,,,,,0.00,no gazetteer entry,
Triebsbruch,4,locality,no_match,,,,,,,,,,,,0.00,no gazetteer entry,
Kirchzell,4,locality,review,osm+geonames,49.61800,9.17785,1500,2890327,Kirchzell,P.PPL,DE,02,Q507292,relation/393470,0.65,169 km from the entries' other places (0% within 80 km),
Wittach,4,locality,no_match,,,,,,,,,,,,0.00,no gazetteer entry,
Raidwiesen,4,locality,no_match,,,,,,,,,,,,0.00,no gazetteer entry,
Gemach,4,locality,no_match,osm,52.01815,8.53053,1500,,,,,,,node/3074880933,0.30,OSM amenity/cafe named after the place; 212 km from the entries' other places (0% within 80 km),
Wertachkirchbruck,4,locality,no_match,,,,,,,,,,,,0.00,no gazetteer entry,
Anharting,4,locality,no_match,,,,,,,,,,,,0.00,no gazetteer entry,
Schrobenhausen,4,locality,linked,osm+geonames,48.56067,11.26071,1500,2836084,Schrobenhausen,P.PPL,DE,02,Q504746,relation/943731,0.95,,
Arbolfing,4,locality,no_match,,,,,,,,,,,,0.00,no gazetteer entry,
Weiden,4,locality,linked,osm+geonames,50.33333,13.21667,1500,3068535,Pastviny,P.PPL,CZ,81,Q23769538,node/12253769276,0.95,,
Garching bei München,4,locality,linked,osm+geonames,48.24896,11.65101,1500,2922582,Garching,P.PPL,DE,02,Q264620,relation/30971,0.95,entry context 14 km (100% of the entries),
Ebern,4,locality,review,osm+geonames,50.09545,10.79831,1500,2933984,Ebern,P.PPL,DE,02,Q389298,relation/388838,0.65,225 km from the entries' other places (0% within 80 km),
Balderschwang,4,locality,linked,osm+geonames,47.46667,10.10000,2000,2953116,Balderschwang,P.PPLA4,DE,02,Q524638,relation/958134,0.95,entry context 15 km (50% of the entries),
Sandhofen,4,locality,linked,osm+geonames,49.54306,8.44972,1000,2841798,Sandhofen,P.PPLX,DE,01,Q1737297,relation/3286570,0.80,"far from most of the entries' other places (0% within 80 km, nearest 125 km)",
Bad Hindelang,4,locality,linked,osm+geonames,47.50624,10.37230,1500,2904473,Bad Hindelang,P.PPL,DE,02,Q522573,relation/958126,0.95,entry context 7 km (100% of the entries),
Osterried,4,locality,linked,osm+geonames,47.74515,10.66416,1500,2856391,Osterried,P.PPL,DE,02,Q56257072,node/386851516,0.95,entry context 10 km (100% of the entries),
Herlachwiesen,4,locality,no_match,,,,,,,,,,,,0.00,no gazetteer entry,
Rotachbrücke,4,locality,review,osm,47.68114,9.48292,1500,,,,,,,node/1402358682,0.45,"OSM information/guidepost named after the place; far from most of the entries' other places (0% within 80 km, nearest 88 km)",
Brunnenhaus,4,locality,review,osm,47.68668,9.71351,300,,,,,,,node/588556330,0.70,"far from most of the entries' other places (0% within 80 km, nearest 147 km)",
Sankt Leonhard,4,locality,linked,geonames,47.84722,11.03275,1500,2841537,Sankt Leonhard,P.PPL,DE,02,,,0.95,GeoNames primary name match (DE); entry context 31 km (50% of the entries),
Jugend,4,locality,linked,osm,48.43965,10.78951,1500,,,,,,,way/1337730364,0.85,,
Gemarkhauser Moos,4,locality,no_match,,,,,,,,,,,,0.00,no gazetteer entry,
Oberdorf,4,locality,linked,osm+geonames,48.44022,11.30832,1500,2861078,Oberdorf,P.PPL,DE,02,Q15123224,node/118098815,0.95,entry context 39 km (33% of the entries),
Kesselberghöhe,4,locality,no_match,,,,,,,,,,,,0.00,no gazetteer entry,
Großweil - Murnau,4,locality,no_match,,,,,,,,,,,,0.00,no gazetteer entry,
Mooswäldchen,4,locality,review,osm,50.02647,10.54226,1000,,,,,,,way/258506150,0.55,189 km from the entries' other places (0% within 80 km),
Wertach-Wehr,4,locality,no_match,,,,,,,,,,,,0.00,not geocoded yet (no Nominatim cache entry),
Hirschzeller Lettenwand,4,locality,no_match,,,,,,,,,,,,0.00,no gazetteer entry,
Ketterschwang,4,,linked,osm+geonames,47.96696,10.70131,1500,2891302,Ketterschwang,P.PPL,DE,02,,node/1685797512,0.95,entry context 3 km (100% of the entries),
Streitberg,4,locality,linked,geonames,48.10000,9.68333,1500,2825969,Streitberg,P.PPL,DE,01,,,0.90,GeoNames primary name match (DE); entry context 36 km (100% of the entries),
Klosterwald,4,,linked,osm+geonames,48.38333,9.93333,1500,2887406,Klosterwald,V.FRST,DE,01,Q33386820,relation/11139998,0.95,,
Hammerschmiede,4,,linked,osm+geonames,48.39995,10.91184,1000,2832564,Hammerschmiede,P.PPLX,DE,02,Q760475,relation/448070,0.95,entry context 20 km (33% of the entries),
Kaiserweiher,4,locality,linked,osm,47.88508,10.60660,1000,,,,,,,relation/1315632,0.95,entry context 1 km (100% of the entries),
Irren-Anstalt,4,locality,review,osm,51.39352,12.23451,1500,,,,,,Q49445443,way/1523433502,0.55,406 km from the entries' other places (0% within 80 km),
Irsee,4,,linked,osm+geonames,47.90815,10.57177,1500,2895744,Irsee,P.PPL,DE,02,Q510845,relation/445510,0.95,entry context 3 km (100% of the entries),
Bitburg,4,locality,review,osm+geonames,49.96794,6.52734,2000,2948184,Bitburg,P.PPLA4,DE,08,Q258974,relation/572813,0.65,201 km from the entries' other places (0% within 80 km),
Seemoor,4,locality,review,osm+geonames,53.56667,9.35000,1500,2833629,Seemoor,H.MOOR,DE,06,,node/10807384992,0.65,357 km from the entries' other places (0% within 80 km),
Gemeindewald,4,locality,linked,osm,48.12628,9.87514,1500,,,,,,,way/5086586,0.85,,
Bornlacher Weiher,4,locality,no_match,,,,,,,,,,,,0.00,no gazetteer entry,
Märzachung,4,locality,no_match,,,,,,,,,,,,0.00,no gazetteer entry,
Unterjoch,4,locality,linked,osm+geonames,47.54443,10.42790,1500,2819281,Unterjoch,P.PPL,DE,02,Q2497784,node/5446635461,0.95,entry context 4 km (100% of the entries),
Oberjoch,4,locality,linked,osm+geonames,47.51468,10.40817,1000,2860133,Oberjoch,P.PPLX,DE,02,Q1555822,node/60199021,0.95,entry context 3 km (100% of the entries),
Halt,4,,linked,osm+geonames,48.08247,13.49524,1500,11609580,Halt,P.PPL,AT,04,,node/991181512,0.95,,
Illertal,4,locality,linked,osm,47.50648,10.27214,5000,,,,,,Q130750876,way/1329888201,0.95,entry context 2 km (100% of the entries),
Oybach,4,locality,linked,osm+geonames,47.39223,10.29348,3000,2855805,Oybach,H.STM,DE,02,Q151636,relation/1414641,0.95,entry context 2 km (100% of the entries),
Haldenbach,4,locality,linked,osm,48.53887,9.11596,1500,,,,,,,way/716722965,0.85,,
Hintere Seealpe,4,locality,linked,osm,47.40276,10.34635,1500,,,,,,Q131350763,way/75869492,0.90,OSM building/yes named after the place; entry context 2 km (100% of the entries),
Burgberg im Allgäu,4,locality,linked,osm+geonames,47.53657,10.28883,1500,2941422,Burgberg,P.PPL,DE,02,Q528562,relation/957861,0.95,entry context 2 km (100% of the entries),
Dietringen,4,locality,linked,osm+geonames,47.63398,10.73545,1500,2937050,Dietringen,P.PPL,DE,02,Q126050070,node/11927702785,0.95,entry context 7 km (100% of the entries),
Vorderes Riedloh,4,locality,no_match,,,,,,,,,,,,0.00,no gazetteer entry,
Biertorf,4,locality,no_match,,,,,,,,,,,,0.00,no gazetteer entry,
Flacken,4,locality,review,osm,48.39271,8.10254,300,,,,,,,node/6773136772,0.55,195 km from the entries' other places (0% within 80 km),
Kirchgell,4,locality,no_match,,,,,,,,,,,,0.00,no gazetteer entry,
Baumgrube,4,locality,review,osm,47.77698,16.40172,1500,,,,,,,way/164438281,0.60,OSM tourism/attraction named after the place,
Konradshofen,4,locality,linked,osm+geonames,48.20718,10.64806,1500,2885690,Konradshofen,P.PPL,DE,02,Q1782505,node/267920914,0.95,,
Steinhalde,4,locality,no_match,,,,,,,,,,,,0.00,no gazetteer entry,
Mooser,4,locality,review,osm,48.13102,12.47278,1500,,,,,,,node/4902392935,0.70,"far from most of the entries' other places (0% within 80 km, nearest 140 km)",
Mauerstetten und Hausen,4,locality,no_match,,,,,,,,,,,,0.00,no gazetteer entry,
Rettungswand,4,locality,no_match,,,,,,,,,,,,0.00,no gazetteer entry,
Grenzgraben,4,locality,linked,osm,48.33150,10.92856,1500,,,,,,,relation/13069215,0.95,entry context 36 km (50% of the entries),
Schleusenhaus und Mühlbach,4,locality,no_match,,,,,,,,,,,,0.00,no gazetteer entry,
Wertach am Hacken,4,locality,no_match,,,,,,,,,,,,0.00,no gazetteer entry,
Geltnach,4,,linked,osm+geonames,47.83196,10.64943,3000,2921439,Geltnach,H.STM,DE,02,Q15811583,way/334834982,0.95,entry context 6 km (100% of the entries),
Haken,4,locality,linked,osm,47.89296,10.62343,1000,,,,,,,node/667465769,0.95,entry context 1 km (100% of the entries),
Fabrikwald,4,locality,no_match,,,,,,,,,,,,0.00,no gazetteer entry,
Weiher-Graben,4,locality,no_match,,,,,,,,,,,,0.00,no gazetteer entry,
Schäferstadl,4,locality,no_match,,,,,,,,,,,,0.00,not geocoded yet (no Nominatim cache entry),
Flachen,4,locality,review,osm,46.57842,11.43816,1500,,,,,,,node/11101711953,0.70,"far from most of the entries' other places (0% within 80 km, nearest 138 km)",
Hörmatzhofen,4,,no_match,,,,,,,,,,,,0.00,not geocoded yet (no Nominatim cache entry),
Osterzell,4,,linked,osm+geonames,47.88333,10.75000,2000,2856317,Osterzell,P.PPLA4,DE,02,Q514486,relation/447640,0.95,entry context 6 km (100% of the entries),
Seehütte,4,locality,review,osm,47.43993,10.38981,1500,,,,,,,way/99274341,0.60,OSM amenity/shelter named after the place,
Schroth,4,locality,review,osm,49.13746,10.07253,1500,,,,,,,node/2449500866,0.45,"OSM shop/hairdresser named after the place; far from most of the entries' other places (0% within 80 km, nearest 145 km)",
Taunus,4,region,review,osm,50.14901,8.53574,3000,,,,,,Q632432,relation/414833,0.55,254 km from the entries' other places (0% within 80 km),
Elbbach-Moos,4,locality,no_match,,,,,,,,,,,,0.00,no gazetteer entry,
Gemeinerholz,4,locality,no_match,,,,,,,,,,,,0.00,no gazetteer entry,
Balteratsried,4,,linked,osm+geonames,47.72767,10.61069,1500,2953019,Balteratsried,P.PPL,DE,02,Q94527198,node/267908091,0.95,entry context 3 km (67% of the entries),
Sax-See,4,locality,no_match,,,,,,,,,,,,0.00,no gazetteer entry,
Forbsee,4,locality,no_match,,,,,,,,,,,,0.00,no gazetteer entry,
Tegelberg,4,locality,linked,geonames,47.55765,10.76488,5000,2823703,Tegelberg,T.MTS,DE,02,Q896656,,0.95,GeoNames primary name match (DE); entry context 1 km (100% of the entries),
Schwangau,4,locality,linked,osm+geonames,47.57722,10.73416,2000,2835255,Schwangau,P.PPLA4,DE,02,Q256547,relation/448297,0.95,entry context 3 km (50% of the entries),
Markkleeberg,4,settlement,linked,osm+geonames,51.27550,12.36906,1500,2873352,Markkleeberg,P.PPL,DE,13,Q10782,relation/93399,0.95,,
Sigratsholz,4,locality,no_match,,,,,,,,,,,,0.00,no gazetteer entry,
Schwäbische Alb,4,region,linked,osm+geonames,48.38509,9.45254,5000,2835483,Swabian Jura,T.MTS,DE,01,Q159589,relation/14470285,0.95,entry context 25 km (100% of the entries),
Riedried,4,locality,review,osm,49.03117,8.22882,1500,,,,,,Q55381207,way/1212456175,0.55,369 km from the entries' other places (0% within 80 km),
Gebhardsberg,4,locality,linked,osm,47.49001,9.74734,300,,,,,,Q1496955,node/12344685020,0.95,entry context 7 km (100% of the entries),
Bitringen,4,,no_match,,,,,,,,,,,,0.00,no gazetteer entry,
Brombach,4,locality,linked,osm+geonames,49.14123,10.81134,1500,2943815,Brombach,P.PPL,DE,02,Q926257,node/409591924,0.80,"far from most of the entries' other places (0% within 80 km, nearest 141 km)",
Steinsee,4,locality,linked,osm,47.22900,10.59587,1000,,,,,,,way/39498003,0.95,entry context 24 km (100% of the entries),
Achmühle,4,locality,linked,osm,47.88371,11.40899,1000,,,,,,Q19834048,node/64633979,0.95,entry context 1 km (50% of the entries),
Rotsee,4,locality,linked,osm+geonames,47.82352,9.91959,1500,2843819,Rötsee,P.PPL,DE,01,,node/274790458,0.95,,
Linauer Ausblick,4,locality,no_match,,,,,,,,,,,,0.00,no gazetteer entry,
Reisenburg,4,locality,no_match,,,,,,,,,,,,0.00,no gazetteer entry,
Buchenhang,4,locality,no_match,,,,,,,,,,,,0.00,no gazetteer entry,
Frankenrieder Schlag,4,locality,no_match,,,,,,,,,,,,0.00,no gazetteer entry,
Gummert,4,locality,no_match,,,,,,,,,,,,0.00,no gazetteer entry,
Spandau-Ried,4,locality,no_match,,,,,,,,,,,,0.00,no gazetteer entry,
Werth,4,locality,linked,osm+geonames,50.21805,12.58826,1500,3071405,Luh nad Svatavou,P.PPL,CZ,81,Q10939830,node/1599059233,0.95,entry context 33 km (100% of the entries),
Flürlingen,4,locality,linked,osm+geonames,47.68390,8.62995,1500,2660746,Flurlingen,P.PPL,CH,ZH,Q66757,relation/1682124,0.95,entry context 1 km (100% of the entries),
Ziegelbrücke,4,locality,linked,osm+geonames,47.13240,9.06029,1500,2657922,Ziegelbrücke,P.PPL,CH,GL,Q198581,node/31952991,0.95,entry context 12 km (100% of the entries),
Urnerboden,4,locality,linked,osm+geonames,46.88914,8.90152,1500,7870359,Urnerboden,P.PPL,CH,UR,Q485407,relation/21037896,0.95,entry context 8 km (100% of the entries),
Guppentobel,4,locality,no_match,,,,,,,,,,,,0.00,no gazetteer entry,
Rorschach,4,,linked,osm+geonames,47.47800,9.49030,1500,2658969,Rorschach,P.PPL,CH,SG,Q68250,relation/1683927,0.95,entry context 11 km (67% of the entries),
Perugia,4,locality,linked,osm+geonames,43.11220,12.38878,5000,3171180,Perugia,P.PPLA,IT,18,Q16240,relation/42106,0.95,,
Schillermonument,4,locality,no_match,,,,,,,,,,,,0.00,no gazetteer entry,
Frauenhofener Berg,4,locality,no_match,,,,,,,,,,,,0.00,no gazetteer entry,
Gurnach,4,locality,no_match,,,,,,,,,,,,0.00,no gazetteer entry,
Engedey,4,locality,linked,osm+geonames,47.61590,12.94827,1500,2930335,Engedey,P.PPL,DE,02,,node/1112794339,0.95,entry context 4 km (100% of the entries),
Schlösschen Wörth,4,locality,linked,osm,47.67806,8.61162,1500,,,,,,,way/32892935,0.90,OSM highway/pedestrian named after the place; entry context 0 km (100% of the entries),
Rhön,4,locality,linked,osm+geonames,50.50000,10.00000,5000,2847557,Rhön,T.MTS,DE,00,Q148988,way/571378856,0.80,"far from most of the entries' other places (0% within 80 km, nearest 108 km)",
Iller,4,locality,linked,osm,47.59633,10.26429,3000,,,,,,,way/124052843,0.85,,
Oettingen in Bayern,4,locality,linked,osm+geonames,48.95274,10.60465,1500,2857847,Oettingen in Bayern,P.PPL,DE,02,Q2520049,relation/2972260,0.80,"far from most of the entries' other places (0% within 80 km, nearest 113 km)",
Rubihorn,4,locality,linked,osm+geonames,47.42444,10.31528,500,6615470,Rubihorn,T.MT,DE,02,Q317003,node/11465675659,0.95,entry context 21 km (100% of the entries),
Fraunhoferbrücke,4,locality,no_match,,,,,,,,,,,,0.00,no gazetteer entry,
Wallberg,4,locality,linked,osm+geonames,47.66573,11.79708,500,2814673,Wallberg,T.MT,DE,02,Q321002,node/260686432,0.95,entry context 21 km (50% of the entries),
Grünwald - Baierbrunn,4,locality,no_match,,,,,,,,,,,,0.00,no gazetteer entry,
Weiherweiher,4,locality,no_match,,,,,,,,,,,,0.00,no gazetteer entry,
Schwarzholz bei Schleißheim,4,locality,no_match,,,,,,,,,,,,0.00,no gazetteer entry,
Schloss Neuschwanstein,4,locality,linked,osm+geonames,47.55718,10.74935,200,2864198,Schloss Neuschwanstein,S.CSTL,DE,02,Q4152,way/221601969,0.95,entry context 1 km (100% of the entries),
Deggendorf,4,locality,linked,osm+geonames,48.84085,12.96068,2000,2938540,Deggendorf,P.PPLA3,DE,02,Q10485,relation/62711,0.95,,
Inntal,4,locality,linked,osm+geonames,47.28109,10.98633,5000,2775214,Inntal,T.VAL,AT,07,Q676013,relation/79369,0.95,entry context 31 km (50% of the entries),
Reichertshausen,4,locality,linked,osm+geonames,47.89882,11.55843,1500,2849025,Reichertshausen,P.PPL,DE,02,Q20667881,node/461680935,0.95,entry context 27 km (100% of the entries),
Stölzchen,4,locality,no_match,,,,,,,,,,,,0.00,no gazetteer entry,
Bremen,4,locality,linked,osm+geonames,47.74510,9.93355,1500,2944392,Bremen,P.PPL,DE,01,Q124724762,node/6139187340,0.80,"far from most of the entries' other places (0% within 80 km, nearest 130 km)",
Gammertingen,4,route,linked,osm+geonames,48.25240,9.22349,1500,2922747,Gammertingen,P.PPL,DE,01,Q83088,relation/2773795,0.95,entry context 18 km (100% of the entries),
Lautertal,4,locality,linked,geonames,48.46667,9.81667,5000,2879869,Lautertal,T.VAL,DE,01,Q32089966,,0.90,GeoNames primary name match (DE); entry context 32 km (100% of the entries),
Fürschießer,4,locality,linked,osm+geonames,47.32817,10.33008,500,2923678,Fürschießer,T.MT,DE,02,Q830949,node/454899950,0.95,entry context 4 km (100% of the entries),
Traufbachtal,4,locality,linked,osm,47.33985,10.33010,5000,,,,,,Q2450242,way/955274983,0.95,entry context 2 km (100% of the entries),
Kehlstein,4,locality,linked,osm+geonames,47.61198,13.04106,500,2891928,Kehlstein,T.MT,DE,02,Q2511014,node/2272725401,0.95,entry context 3 km (50% of the entries),
Wittelsbacherbrücke,4,locality,linked,osm,48.12252,11.56829,500,,,,,,,way/171272239,0.90,OSM highway/path named after the place; entry context 2 km (100% of the entries),
Mühlau,4,locality,linked,osm+geonames,47.78594,11.88416,1500,2868784,Mühlau,P.PPL,DE,02,,node/2054344967,0.95,entry context 26 km (50% of the entries),
Sagwald,4,locality,linked,osm,47.13626,10.33890,1500,,,,,,,relation/2864606,0.85,,
Almendorf,4,locality,review,osm+geonames,50.57708,9.74547,1500,2958240,Almendorf,P.PPL,DE,05,Q1589350,node/281011582,0.65,344 km from the entries' other places (0% within 80 km),
Weiher I,4,locality,review,osm,48.23114,11.77981,1000,,,,,,,way/15720722,0.70,"far from most of the entries' other places (0% within 80 km, nearest 98 km)",
Rinegger Weiher,4,locality,no_match,,,,,,,,,,,,0.00,no gazetteer entry,
Wertachbruckbach,4,locality,no_match,,,,,,,,,,,,0.00,no gazetteer entry,
Gnarrenhorst,4,locality,no_match,,,,,,,,,,,,0.00,no gazetteer entry,
Verona,4,route,linked,osm+geonames,45.43854,10.99380,3000,3164527,Verona,P.PPLA2,IT,20,Q16314,relation/44107,0.95,entry context 19 km (50% of the entries),
Bologna,4,,linked,osm+geonames,44.49381,11.33875,5000,3181928,Bologna,P.PPLA,IT,05,Q1891,relation/43172,0.95,,
Pontikonisi,4,locality,review,geonames,35.58669,23.47669,2000,254880,Nisída Pontikonísi,T.ISL,GR,ESYE43,,,0.55,GeoNames contains name match (GR),
Lagune von Kalichiopulo,4,locality,no_match,,,,,,,,,,,,0.00,no gazetteer entry,
Mittelmeer,4,locality,linked,osm,35.00000,20.00000,1500,,,,,,Q4918,node/305640275,0.85,,
Korfu Hafen,4,locality,no_match,,,,,,,,,,,,0.00,no gazetteer entry,
Meer,4,locality,review,osm,47.42662,12.84810,3000,,,,,,Q183228,relation/1022853,0.55,264 km from the entries' other places (0% within 80 km),
Agios Nikolaos,4,locality,linked,geonames,38.73233,21.10972,1500,263803,Ágios Nikólaos,P.PPL,GR,ESYE23,Q16322616,,0.80,GeoNames primary name match (GR); entry context 22 km (100% of the entries),
Sidala,4,locality,no_match,,,,,,,,,,,,0.00,no gazetteer entry,
Avria,4,route,no_match,,,,,,,,,,,,0.00,no gazetteer entry,
Kramousa,4,locality,no_match,,,,,,,,,,,,0.00,no gazetteer entry,
Kithros,4,locality,no_match,,,,,,,,,,,,0.00,no gazetteer entry,
Analipsis,4,locality,review,osm,38.27343,34.35044,1500,,,,,,Q6026923,node/707457068,0.60,OSM amenity/place_of_worship named after the place,
Zentralbad,4,locality,no_match,osm,51.51259,7.08753,1500,,,,,,,way/22993600,0.30,OSM amenity/parking named after the place; 494 km from the entries' other places (0% within 80 km),
Sternwarte,4,locality,review,osm,48.34087,12.78874,300,,,,,,,node/8565800456,0.70,"far from most of the entries' other places (0% within 80 km, nearest 93 km)",
St. Heinrich,4,,linked,osm,48.11693,11.51883,1500,,,,,,Q18147775,way/25474858,0.90,OSM amenity/place_of_worship named after the place; entry context 22 km (100% of the entries),
Forstwald,4,locality,review,osm,49.41693,9.12790,500,,,,,,,node/2914311715,0.70,"far from most of the entries' other places (0% within 80 km, nearest 145 km)",
Berlin,4,,linked,osm+geonames,52.52437,13.41053,5000,2950159,Berlin,P.PPLC,DE,16,Q64,relation/62422,0.95,,
Helsingör,4,locality,linked,osm+geonames,56.03606,12.61360,3000,2620473,Helsingør,P.PPLA2,DK,17,Q26881,node/21040320,0.95,entry context 15 km (100% of the entries),
Dänemark,4,locality,review,osm,55.67025,10.33333,3000,,,,,,Q35,relation/50046,0.70,"far from most of the entries' other places (0% within 80 km, nearest 91 km)",
Jassener See,4,locality,review,osm,54.29774,17.61679,1000,,,,,,Q145294,relation/2210419,0.55,803 km from the entries' other places (0% within 80 km),
Elektrizitäts-Weiher,4,,no_match,,,,,,,,,,,,0.00,no gazetteer entry,
Schwabhausen,4,locality,linked,osm+geonames,48.30318,11.35574,2000,2835491,Schwabhausen,P.PPLA4,DE,02,Q512162,relation/934460,0.95,entry context 25 km (100% of the entries),
Rätikon,4,locality,review,osm+geonames,47.05374,9.70666,5000,2767507,Rätikon,T.MTS,AT,00,Q659729,relation/2128682,0.65,185 km from the entries' other places (0% within 80 km),
Hohenleiten - Magervald,4,locality,no_match,,,,,,,,,,,,0.00,no gazetteer entry,
Eppach,4,locality,review,osm,46.94300,12.08773,500,,,,,,,node/1633027934,0.70,"far from most of the entries' other places (0% within 80 km, nearest 138 km)",
Meiringer Bach,4,locality,no_match,,,,,,,,,,,,0.00,no gazetteer entry,
Friedenau,4,locality,linked,osm+geonames,52.47133,13.32813,1000,2924770,Friedenau,P.PPLX,DE,16,Q692390,relation/55752,0.95,,
Lokomotivfabrik,4,locality,no_match,osm,55.08758,38.81500,1500,,,,,,Q4228338,relation/3161057,0.30,OSM landuse/industrial named after the place; 2017 km from the entries' other places (0% within 80 km),
Hornau,4,locality,linked,geonames,47.85249,10.67879,1500,2898910,Hornau,V.FRST,DE,02,Q33384080,,0.95,GeoNames primary name match (DE); entry context 3 km (100% of the entries),
Mole,4,locality,linked,osm,47.73481,8.96893,800,,,,,,,way/552367629,0.95,entry context 14 km (50% of the entries),
Sipplingen,4,locality,linked,osm+geonames,47.79678,9.09737,2000,2831837,Sipplingen,P.PPLA4,DE,01,Q557628,relation/2784816,0.95,entry context 4 km (100% of the entries),
Ludwigshafen,4,,linked,osm+geonames,47.81663,9.06138,1000,2875377,Ludwigshafen,P.PPLX,DE,01,Q18526908,relation/9689820,0.95,entry context 1 km (100% of the entries),
Bärenwald,4,locality,review,osm,48.73887,13.17506,500,,,,,,,node/10832776375,0.55,211 km from the entries' other places (0% within 80 km),
Rohrsee,4,locality,linked,osm+geonames,47.68333,11.36667,1000,2845544,Rohrsee,H.LK,DE,02,Q32262546,way/363922526,0.95,entry context 5 km (100% of the entries),
Grünstein,4,locality,linked,osm+geonames,47.35000,10.91667,500,2777405,Grünstein,T.MT,AT,07,Q21871440,node/1614261265,0.95,entry context 2 km (50% of the entries),
Wertacher Hörnle,4,locality,linked,osm+geonames,47.54564,10.38879,500,2810726,Wertacher Hörnle,T.MT,DE,02,Q2563422,way/1344372170,0.95,entry context 4 km (100% of the entries),
Ostersee,4,locality,linked,geonames,47.78558,11.30413,1000,2856383,Ostersee,H.LK,DE,02,Q32210596,,0.95,GeoNames primary name match (DE); entry context 2 km (100% of the entries),
Iffeldorf,4,,linked,osm+geonames,47.76667,11.31667,2000,2896731,Iffeldorf,P.PPLA4,DE,02,Q265707,relation/936921,0.95,entry context 2 km (100% of the entries),
Tristkogel,4,locality,linked,osm+geonames,47.36806,12.47639,300,6939646,Tristkogel,T.PK,AT,07,Q21878075,node/861807559,0.95,entry context 33 km (100% of the entries),
Babenhausen,4,locality,linked,osm+geonames,48.14497,10.25325,1500,2953771,Babenhausen,P.PPL,DE,02,Q566620,relation/958621,0.95,entry context 37 km (50% of the entries),
Bigsteinwand,4,locality,no_match,,,,,,,,,,,,0.00,no gazetteer entry,
Kautentauch,4,locality,no_match,,,,,,,,,,,,0.00,no gazetteer entry,
Eichsee,4,locality,linked,osm+geonames,47.68333,11.33333,1000,2932080,Eichsee,H.LK,DE,02,Q15807479,way/30860740,0.95,,
Seebänkchen,4,locality,no_match,,,,,,,,,,,,0.00,no gazetteer entry,
Achsen-Einmündung,4,locality,no_match,,,,,,,,,,,,0.00,not geocoded yet (no Nominatim cache entry),
Guttenberger Wald,4,locality,linked,osm+geonames,49.73700,9.86317,1500,2913315,Guttenberger Wald,V.FRST,DE,02,Q2709061,relation/163748,0.95,entry context 9 km (50% of the entries),
Mehlmeisel,4,locality,linked,osm+geonames,49.97421,11.86200,2000,2872417,Mehlmeisel,P.PPLA4,DE,02,Q503844,relation/1070972,0.95,entry context 12 km (50% of the entries),
Martinswand,4,locality,linked,osm+geonames,47.26667,11.26667,2000,2771851,Martinswand,T.CLF,AT,07,Q1814711,way/112564917,0.95,entry context 8 km (50% of the entries),
Karwendel,4,locality,linked,osm+geonames,47.41667,11.46667,5000,2774670,Karwendelgebirge,T.MTS,AT,07,Q671207,relation/2114147,0.95,entry context 13 km (50% of the entries),
Wetterstein,4,locality,linked,osm+geonames,47.40875,10.97096,300,2837457,Schneefernerkopf,T.PK,DE,02,Q264223,relation/2131103,0.95,entry context 2 km (100% of the entries),
Aosta,4,locality,linked,osm+geonames,45.73764,7.31722,5000,3182997,Aosta,P.PPLA,IT,19,Q3367,relation/45916,0.95,,
Beringersmühle,4,locality,no_match,,,,,,,,,,,,0.00,no gazetteer entry,
Stadtsee,4,locality,linked,osm+geonames,47.92240,9.75669,1000,2829748,Stadtsee,H.LK,DE,01,Q32747898,way/178525930,0.80,"far from most of the entries' other places (0% within 80 km, nearest 137 km)",
Halstadt am Wörthsee,4,locality,no_match,,,,,,,,,,,,0.00,no gazetteer entry,
Lechhausen,4,locality,linked,osm+geonames,48.37864,10.94260,1000,2879779,Lechhausen,P.PPLX,DE,02,Q760488,relation/535045,0.95,entry context 3 km (50% of the entries),
Maininger See Westufer,4,locality,no_match,,,,,,,,,,,,0.00,no gazetteer entry,
Jägerzaun,4,locality,review,osm,47.33099,13.08974,1500,,,,,,,way/111212853,0.45,"OSM craft/carpenter named after the place; far from most of the entries' other places (0% within 80 km, nearest 120 km)",
Kesselberg,4,,linked,osm+geonames,49.01667,11.18333,1500,3209319,Kesselberg,P.PPL,DE,02,,node/6793988555,0.95,entry context 20 km (33% of the entries),
Artshaim,4,locality,no_match,,,,,,,,,,,,0.00,no gazetteer entry,
Großglockner,4,locality,linked,osm+geonames,47.07440,12.69400,500,2777697,Großglockner,T.MT,AT,07,Q3388,node/26863041,0.95,entry context 5 km (50% of the entries),
Lünen - Südkirchen,4,locality,no_match,,,,,,,,,,,,0.00,no gazetteer entry,
Ischgl,4,locality,linked,osm+geonames,47.01257,10.29179,2000,2775183,Ischgl,P.PPLA3,AT,07,Q664330,relation/77050,0.95,entry context 10 km (100% of the entries),
Antshain und Ermannig,4,locality,no_match,,,,,,,,,,,,0.00,no gazetteer entry,
Loisachtal,4,locality,linked,osm,48.02021,11.48637,1500,,,,,,,node/482898297,0.90,OSM amenity/bank named after the place; entry context 15 km (100% of the entries),
Fremdingen,4,locality,linked,osm+geonames,48.97241,10.45754,2000,2924999,Fremdingen,P.PPLA4,DE,02,Q504189,relation/962608,0.80,"far from most of the entries' other places (0% within 80 km, nearest 124 km)",
Helgoland,4,locality,review,osm+geonames,54.18143,7.88630,2000,3208547,Helgoland,P.PPLA4,DE,10,Q3038,relation/1157962,0.65,283 km from the entries' other places (0% within 80 km),
Prinz-Ludwig-Palais,4,locality,linked,osm,48.14499,11.57228,1500,,,,,,,node/2827748356,0.95,entry context 1 km (100% of the entries),
Angeremoos,4,locality,no_match,,,,,,,,,,,,0.00,not geocoded yet (no Nominatim cache entry),
Südfrüchtshörner,4,locality,no_match,,,,,,,,,,,,0.00,no gazetteer entry,
Schlosspark am See,4,locality,no_match,,,,,,,,,,,,0.00,no gazetteer entry,
Hanerlöse,4,locality,no_match,,,,,,,,,,,,0.00,no gazetteer entry,
Traubing-Hütling,4,locality,no_match,,,,,,,,,,,,0.00,no gazetteer entry,
Jägerbrunner Moos,4,locality,no_match,,,,,,,,,,,,0.00,no gazetteer entry,
Siebenitz,4,,no_match,,,,,,,,,,,,0.00,no gazetteer entry,
Friedau,4,locality,linked,osm+geonames,46.41210,16.15220,5000,3193965,Ormož,P.PPLA,SI,87,Q15900,relation/1685735,0.95,,
Tannenhafen,4,locality,no_match,,,,,,,,,,,,0.00,no gazetteer entry,
Süching,4,settlement,no_match,,,,,,,,,,,,0.00,no gazetteer entry,
Sickwitz,4,locality,no_match,,,,,,,,,,,,0.00,no gazetteer entry,
Lut,4,locality,review,osm,45.90249,9.19928,500,,,,,,,node/7523359340,0.55,280 km from the entries' other places (0% within 80 km),
Oberleutasch,4,locality,review,geonames,47.36667,11.15000,1500,2774372,Kirchplatzl,P.PPL,AT,07,,,0.70,GeoNames alternate name match (AT); entry context 6 km (100% of the entries),
Hohe Mauer,4,locality,review,osm,47.33047,13.18646,500,,,,,,,node/12508990876,0.55,150 km from the entries' other places (0% within 80 km),
Buzinsel,4,locality,no_match,,,,,,,,,,,,0.00,no gazetteer entry,
Petershausen,4,locality,linked,osm+geonames,48.40967,11.47056,2000,2854646,Petershausen,P.PPLA4,DE,02,Q533046,relation/934479,0.95,entry context 28 km (50% of the entries),
"Maisinger See, am Schirm",4,locality,no_match,,,,,,,,,,,,0.00,not geocoded yet (no Nominatim cache entry),
Fingermoos,4,,no_match,,,,,,,,,,,,0.00,not geocoded yet (no Nominatim cache entry),
Stadtpark am Graben,4,locality,no_match,,,,,,,,,,,,0.00,no gazetteer entry,
Ermanning,4,locality,no_match,,,,,,,,,,,,0.00,not geocoded yet (no Nominatim cache entry),
Rosenberger Wald,4,locality,no_match,,,,,,,,,,,,0.00,no gazetteer entry,
Birkenbänkchen,4,locality,no_match,,,,,,,,,,,,0.00,no gazetteer entry,
Münchengrün,4,locality,no_match,,,,,,,,,,,,0.00,no gazetteer entry,
Töring,4,settlement,no_match,,,,,,,,,,,,0.00,not geocoded yet (no Nominatim cache entry),
Seehalde,4,locality,review,osm,47.66381,9.70044,500,,,,,,,node/13485016319,0.70,"far from most of the entries' other places (0% within 80 km, nearest 121 km)",
Rechen,4,locality,review,osm,47.60333,11.44093,500,,,,,,,node/2004781345,0.55,165 km from the entries' other places (0% within 80 km),
Jägerhäuser Winkel,4,locality,no_match,,,,,,,,,,,,0.00,no gazetteer entry,
Antwinger Sumpf,4,locality,no_match,,,,,,,,,,,,0.00,not geocoded yet (no Nominatim cache entry),
Grinn,4,locality,no_match,osm,51.11317,16.98974,1500,,,,,,,node/5859729349,0.30,OSM office/company named after the place; 401 km from the entries' other places (0% within 80 km),
Wackers Torfstich,4,locality,no_match,,,,,,,,,,,,0.00,no gazetteer entry,
Unterfuße,4,locality,no_match,,,,,,,,,,,,0.00,no gazetteer entry,
Autoverger Moos,4,locality,no_match,,,,,,,,,,,,0.00,no gazetteer entry,
Glanzscharte,4,locality,linked,osm+geonames,47.18333,12.55000,2000,3334658,Glanzscharte,T.GAP,AT,05,,node/2949026445,0.80,"far from most of the entries' other places (0% within 80 km, nearest 118 km)",
Weltenburg,4,locality,linked,osm+geonames,48.89057,11.82869,1500,2811381,Weltenburg,P.PPL,DE,02,Q37872266,node/46864120,0.95,entry context 1 km (50% of the entries),
Westerdorf,4,locality,no_match,,,,,,,,,,,,0.00,no gazetteer entry,
Burgkirchen an der Alz,4,locality,linked,osm+geonames,48.16753,12.73250,1500,2941216,Burgkirchen an der Alz,P.PPL,DE,02,Q252884,relation/942047,0.95,entry context 11 km (100% of the entries),
Valepp,4,locality,linked,osm+geonames,47.61678,11.89361,1500,2817914,Valepp,P.PPL,DE,02,Q1228639,node/30045262,0.95,entry context 5 km (100% of the entries),
Alpspitze,4,locality,linked,osm+geonames,47.42954,11.04813,500,2958164,Alpspitze,T.MT,DE,02,Q252743,node/259486622,0.95,entry context 40 km (50% of the entries),
Oberschleißheim,4,locality,linked,osm+geonames,48.25000,11.56667,2000,2859147,Oberschleißheim,P.PPLA4,DE,02,Q253881,relation/30973,0.95,entry context 13 km (100% of the entries),
Dingolfing,4,locality,linked,osm+geonames,48.64244,12.49283,2000,2936909,Dingolfing,P.PPLA3,DE,02,Q225909,relation/959903,0.95,entry context 15 km (50% of the entries),
Potsdam,4,locality,linked,osm+geonames,52.39886,13.06566,5000,2852458,Potsdam,P.PPLA,DE,11,Q1711,relation/62369,0.95,,
Forstamt Kothen,4,locality,no_match,,,,,,,,,,,,0.00,no gazetteer entry,
Fingermoor,4,locality,no_match,,,,,,,,,,,,0.00,no gazetteer entry,
Lechtal,4,locality,linked,osm,47.26266,10.38149,5000,,,,,,Q682350,way/925971043,0.95,entry context 19 km (100% of the entries),
Hinterriß,4,locality,linked,osm+geonames,47.47220,11.46775,1500,2776253,Hinterriß,P.PPL,AT,07,Q1619807,node/1918578981,0.95,,
Riedsee,4,locality,linked,osm,47.91431,9.88212,1000,,,,,,Q137916028,way/23339398,0.85,,
Steinbereich,4,locality,no_match,,,,,,,,,,,,0.00,no gazetteer entry,
Ameisenhügel,4,locality,review,osm,49.65918,11.48675,300,,,,,,,node/11874826577,0.70,"far from most of the entries' other places (0% within 80 km, nearest 113 km)",
Norden,4,,linked,osm,48.09370,10.86019,1500,,,,,,,way/106615174,0.95,entry context 32 km (75% of the entries),
Fischmast,4,locality,no_match,,,,,,,,,,,,0.00,no gazetteer entry,
Schellberg,4,locality,linked,osm+geonames,47.85248,10.86046,500,2839883,Schellberg,T.HLL,DE,02,Q31332602,node/472484018,0.95,,
Lochhausen,4,locality,linked,osm+geonames,48.17925,11.40673,1500,2876594,Lochhausen,P.PPL,DE,02,Q1867350,node/269702375,0.95,entry context 13 km (100% of the entries),
Kahl am Main,4,locality,review,osm+geonames,50.06981,9.00553,1500,2894245,Kahl am Main,P.PPL,DE,02,Q175618,relation/534299,0.65,285 km from the entries' other places (0% within 80 km),
Seestetten,4,locality,linked,osm+geonames,48.60641,13.29943,1500,2833581,Seestetten,P.PPL,DE,02,Q126594865,node/609616898,0.95,entry context 8 km (100% of the entries),
Kellberg,4,locality,linked,osm+geonames,48.59425,13.54006,1500,2891822,Kellberg,P.PPL,DE,02,Q1738191,node/63616425,0.95,entry context 3 km (100% of the entries),
Neubau,4,locality,linked,osm+geonames,48.21901,14.19301,1000,11903843,Neubau,P.PPLX,AT,04,,node/240106787,0.95,,
Thyrnau,4,locality,linked,osm+geonames,48.61667,13.53333,2000,2822484,Thyrnau,P.PPLA4,DE,02,Q504978,relation/958138,0.95,entry context 3 km (100% of the entries),
Ilz,4,locality,linked,osm+geonames,48.58132,13.47550,3000,2896466,Ilz,H.STM,DE,02,Q1344381,way/3870602,0.95,entry context 4 km (100% of the entries),
Cham,4,locality,linked,osm+geonames,49.22565,12.65501,2000,2940204,Cham,P.PPLA3,DE,02,Q257859,relation/960533,0.95,,
Lienz,4,locality,linked,osm+geonames,46.82890,12.76903,2000,2772505,Lienz,P.PPLA3,AT,07,Q336250,relation/156566,0.95,entry context 23 km (50% of the entries),
Stockwald,4,locality,linked,osm,47.21538,10.30633,1500,,,,,,,way/48834640,0.85,,
Ermannig,4,locality,no_match,,,,,,,,,,,,0.00,no gazetteer entry,
Görlitz,4,locality,linked,osm+geonames,51.15518,14.98853,2000,2918987,Görlitz,P.PPLA3,DE,13,Q4077,relation/409676,0.95,,
Premeth,4,locality,no_match,,,,,,,,,,,,0.00,no gazetteer entry,
Au-Becken,4,locality,no_match,,,,,,,,,,,,0.00,no gazetteer entry,
Grafrath-Kloster,4,locality,no_match,,,,,,,,,,,,0.00,no gazetteer entry,
Hirschbruck,4,locality,no_match,,,,,,,,,,,,0.00,no gazetteer entry,
Frötting,4,locality,no_match,,,,,,,,,,,,0.00,not geocoded yet (no Nominatim cache entry),
Hangwiese,4,locality,review,osm,51.91199,10.44941,500,,,,,,,node/7102088005,0.55,375 km from the entries' other places (0% within 80 km),
Sankt Emmeram,4,locality,linked,osm,48.17579,11.63075,500,,,,,,,node/5664091683,0.95,entry context 6 km (100% of the entries),
Fehringer Kanal,4,locality,no_match,,,,,,,,,,,,0.00,no gazetteer entry,
Donaumoos,4,locality,linked,osm+geonames,48.69192,11.34140,10000,2936264,Donaumoos,L.AREA,DE,02,,node/12318378385,0.95,,
Salzach,4,locality,review,osm,47.68563,13.09353,3000,,,,,,,way/191690520,0.70,"far from most of the entries' other places (0% within 80 km, nearest 121 km)",
Arberding,4,locality,no_match,,,,,,,,,,,,0.00,no gazetteer entry,
Mais,4,locality,linked,osm+geonames,48.21018,12.04072,1500,2874204,Mais,P.PPL,DE,02,Q122231667,node/402517646,0.95,,
Sandbach,4,locality,linked,osm+geonames,48.60600,13.27027,1500,2842028,Sandbach,P.PPL,DE,02,Q1505046,node/472347554,0.80,"far from most of the entries' other places (0% within 80 km, nearest 102 km)",
Bergbang gegen Südung,4,locality,no_match,,,,,,,,,,,,0.00,no gazetteer entry,
Gasthaus Pült,4,locality,no_match,,,,,,,,,,,,0.00,no gazetteer entry,
Schlattau,4,locality,no_match,,,,,,,,,,,,0.00,no gazetteer entry,
Thalhausen,4,locality,linked,osm+geonames,47.78481,11.12301,1500,2823092,Thalhausen,P.PPL,DE,02,,node/349188033,0.95,entry context 7 km (100% of the entries),
Wörlinger Wald,4,locality,no_match,,,,,,,,,,,,0.00,no gazetteer entry,
En-Su,4,locality,no_match,,,,,,,,,,,,0.00,no gazetteer entry,
Hohenbach,4,locality,review,osm,47.28451,10.33776,1500,,,,,,Q14906842,relation/18097552,0.70,"far from most of the entries' other places (0% within 80 km, nearest 132 km)",
Marktleuthen,4,locality,linked,osm+geonames,50.13007,12.00226,1500,2873295,Marktleuthen,P.PPL,DE,02,Q506289,relation/1022874,0.95,entry context 27 km (100% of the entries),
Eger,4,locality,linked,osm+geonames,50.07963,12.37392,1500,3077835,Cheb,P.PPL,CZ,81,Q193719,relation/439454,0.95,entry context 16 km (100% of the entries),
Station Führinger Kanal,4,,no_match,,,,,,,,,,,,0.00,not geocoded yet (no Nominatim cache entry),
Seeablass,4,locality,no_match,,,,,,,,,,,,0.00,no gazetteer entry,
Überfallwehr,4,,no_match,,,,,,,,,,,,0.00,no gazetteer entry,
Stammbach,4,locality,linked,osm+geonames,50.14551,11.69129,1500,2829595,Stammbach,P.PPL,DE,02,Q73395,relation/1021712,0.95,,
Griesbach,4,locality,linked,osm+geonames,49.00111,13.25561,1500,2917458,Griesbach,P.PPL,DE,02,Q1546482,node/2421232626,0.95,entry context 10 km (50% of the entries),
Haimhausen,4,locality,linked,osm+geonames,48.31545,11.55453,2000,2911940,Haimhausen,P.PPLA4,DE,02,Q512178,relation/934470,0.95,entry context 20 km (100% of the entries),
Teich III,4,locality,review,osm,47.96663,16.28325,1000,,,,,,,way/42143817,0.55,343 km from the entries' other places (0% within 80 km),
Speichersee-Süddamm,4,locality,no_match,,,,,,,,,,,,0.00,no gazetteer entry,
Ismaninger Kraftwerk,4,,no_match,,,,,,,,,,,,0.00,no gazetteer entry,
Tannheim,4,locality,linked,osm+geonames,47.49934,10.51641,2000,2763915,Tannheim,P.PPLA3,AT,07,Q700675,relation/37844,0.95,,
Heuwinkel,4,locality,review,osm,48.57528,13.46075,1500,,,,,,,way/749412332,0.45,"OSM highway/pedestrian named after the place; far from most of the entries' other places (0% within 80 km, nearest 107 km)",
Rammerstorf,4,locality,linked,osm+geonames,48.43333,14.15000,1500,2768028,Rammerstorf,P.PPL,AT,04,,node/240052040,0.80,"far from most of the entries' other places (0% within 80 km, nearest 147 km)",
Henglingen,4,locality,no_match,,,,,,,,,,,,0.00,no gazetteer entry,
Märzenried,4,,no_match,,,,,,,,,,,,0.00,no gazetteer entry,
Fürstbruck,4,locality,no_match,,,,,,,,,,,,0.00,no gazetteer entry,
Sückheim,4,locality,no_match,,,,,,,,,,,,0.00,no gazetteer entry,
Fichtteiche,4,locality,no_match,,,,,,,,,,,,0.00,no gazetteer entry,
Koblenz,4,,linked,osm+geonames,47.60972,8.23750,1500,2660123,Koblenz,P.PPL,CH,AG,Q69441,relation/1684343,0.95,entry context 32 km (67% of the entries),
Längenstein-See,4,locality,no_match,,,,,,,,,,,,0.00,no gazetteer entry,
Nordeckers,4,locality,no_match,,,,,,,,,,,,0.00,no gazetteer entry,
Mitterndorf,4,locality,linked,osm+geonames,48.25760,11.41600,1500,2870384,Mitterndorf,P.PPL,DE,02,Q30275812,node/685073511,0.95,entry context 3 km (100% of the entries),
Bissersheim,4,locality,review,osm+geonames,49.53583,8.20417,2000,2948206,Bissersheim,P.PPLA4,DE,08,Q22534,relation/1249733,0.65,292 km from the entries' other places (0% within 80 km),
Gräbenried,4,locality,review,geonames,47.96850,9.70695,1500,2918437,Grabenried,H.MOOR,DE,01,,,0.45,"GeoNames primary name match (DE); far from most of the entries' other places (0% within 80 km, nearest 128 km)",
Harwich,4,,linked,osm+geonames,51.94194,1.28437,1500,2647383,Harwich,P.PPL,GB,ENG,Q990616,relation/76699,0.95,,
Riedern am Sand,4,locality,review,osm,47.62513,8.44567,1000,,,,,,Q18027390,node/317369720,0.70,"far from most of the entries' other places (0% within 80 km, nearest 81 km)",
Gneven,4,locality,review,osm+geonames,53.63538,11.56805,1500,2919677,Gneven,P.PPL,DE,12,Q114889,relation/449953,0.65,595 km from the entries' other places (0% within 80 km),
Einlaufgraben,4,locality,no_match,,,,,,,,,,,,0.00,no gazetteer entry,
Kiesweite,4,locality,no_match,,,,,,,,,,,,0.00,no gazetteer entry,
Pleching,4,locality,no_match,,,,,,,,,,,,0.00,no gazetteer entry,
Bergruine,4,locality,no_match,osm,-20.26740,30.93380,1500,,,,,,,node/3429463206,0.30,OSM historic/archaeological_site named after the place; 7830 km from the entries' other places (0% within 80 km),
Ferner,4,locality,review,osm,47.17162,10.47964,1500,,,,,,Q2507264,way/84037062,0.70,"far from most of the entries' other places (0% within 80 km, nearest 114 km)",
Bernrieder Park,4,,linked,osm,47.85814,11.29631,800,,,,,,,way/34210972,0.95,entry context 3 km (67% of the entries),
Gut Nußberg,4,locality,no_match,,,,,,,,,,,,0.00,no gazetteer entry,
Schweinfurt am Main,4,locality,no_match,,,,,,,,,,,,0.00,no gazetteer entry,
Eggendorf,4,locality,linked,osm+geonames,48.13069,14.14412,1500,2780352,Eggendorf im Traunkreis,P.PPL,AT,04,Q678911,relation/86810,0.95,,
Kirchdorf,4,locality,linked,osm+geonames,48.17542,12.19646,2000,2890616,Kirchdorf,P.PPLA4,DE,02,Q314953,relation/940709,0.95,entry context 2 km (50% of the entries),
Heidelsing,4,locality,no_match,,,,,,,,,,,,0.00,no gazetteer entry,
Arnhofen,4,locality,linked,osm+geonames,48.83671,11.87769,1500,2955507,Arnhofen,P.PPL,DE,02,Q693672,node/269331242,0.95,entry context 26 km (100% of the entries),
Freiham,4,locality,linked,osm+geonames,48.13685,11.40241,1000,2925119,Freiham,P.PPLX,DE,02,Q1307647,node/8767926329,0.95,entry context 13 km (50% of the entries),
Moiring,4,locality,no_match,,,,,,,,,,,,0.00,no gazetteer entry,
Lützeltal,4,locality,review,osm,49.87968,9.11745,500,,,,,,,node/6353986763,0.55,264 km from the entries' other places (0% within 80 km),
Aibling,4,locality,linked,osm+geonames,47.86380,12.01055,1500,2953558,Bad Aibling,P.PPL,DE,02,Q5758,relation/2186911,0.95,,
Buchheim,4,locality,linked,osm+geonames,48.01037,8.98596,2000,2942451,Buchheim,P.PPLA4,DE,01,Q278647,relation/1231955,0.95,,
Berkstetten,4,locality,no_match,,,,,,,,,,,,0.00,no gazetteer entry,
Niedersee,4,locality,review,osm,47.81344,13.41178,500,,,,,,,node/2530398197,0.70,"far from most of the entries' other places (0% within 80 km, nearest 105 km)",
Ellishofen,4,locality,no_match,,,,,,,,,,,,0.00,no gazetteer entry,
Ernerung,4,locality,no_match,,,,,,,,,,,,0.00,no gazetteer entry,
Ising,4,locality,linked,osm+geonames,47.92411,12.50545,1500,2895652,Ising,P.PPL,DE,02,Q1673977,node/440919491,0.95,,
Oberbeuern,4,locality,linked,geonames,47.98577,11.02564,1500,2861270,Oberbeuern,P.PPL,DE,02,,,0.95,GeoNames primary name match (DE); entry context 13 km (100% of the entries),
Josephinium,4,locality,no_match,,,,,,,,,,,,0.00,no gazetteer entry,
Bahndamm,4,locality,review,osm,49.47726,10.94844,1000,,,,,,,way/666672370,0.55,210 km from the entries' other places (0% within 80 km),
Gröcking,4,settlement,no_match,,,,,,,,,,,,0.00,no gazetteer entry,
Anheringer Filz,4,locality,no_match,,,,,,,,,,,,0.00,no gazetteer entry,
Schneck,4,locality,linked,osm+geonames,47.38463,10.38163,500,2837524,Schneck,T.MT,DE,02,Q831188,node/822263083,0.95,entry context 2 km (100% of the entries),
Meininger Schlucht,4,locality,no_match,,,,,,,,,,,,0.00,no gazetteer entry,
Meiningersee,4,locality,no_match,,,,,,,,,,,,0.00,not geocoded yet (no Nominatim cache entry),
Schwarzwald,4,locality,linked,osm,48.26344,8.16475,20000,,,,,,Q4204,relation/3255371,0.95,entry context 28 km (50% of the entries),
Ententeich Weiher,4,locality,no_match,,,,,,,,,,,,0.00,no gazetteer entry,
Westufer des Meiringer Sees,4,locality,no_match,,,,,,,,,,,,0.00,no gazetteer entry,
Abensberg,4,locality,linked,osm+geonames,48.81684,11.84980,1500,2959842,Abensberg,P.PPL,DE,02,Q255698,relation/956651,0.95,entry context 6 km (100% of the entries),
Kelheim-Nord,4,locality,no_match,,,,,,,,,,,,0.00,no gazetteer entry,
Kelheim,4,locality,linked,osm+geonames,48.91725,11.88618,2000,2891834,Kelheim,P.PPLA3,DE,02,Q494305,relation/956667,0.95,entry context 5 km (100% of the entries),
Hinterteich,4,locality,no_match,,,,,,,,,,,,0.00,not geocoded yet (no Nominatim cache entry),
Gamszipf,4,locality,no_match,,,,,,,,,,,,0.00,no gazetteer entry,
Kniesel bei Reichenhall,4,locality,no_match,,,,,,,,,,,,0.00,no gazetteer entry,
Unterfränkische Gebirge,4,locality,no_match,,,,,,,,,,,,0.00,no gazetteer entry,
Hochgern,4,locality,linked,osm+geonames,47.75072,12.51660,500,2903214,Hochgern,T.MT,DE,02,Q1515760,node/26863171,0.95,entry context 35 km (50% of the entries),
Uehlfeld,4,locality,review,osm+geonames,49.67085,10.72017,1500,2820334,Uehlfeld,P.PPL,DE,02,Q505394,relation/451740,0.65,172 km from the entries' other places (0% within 80 km),
Antelwind,4,locality,no_match,,,,,,,,,,,,0.00,no gazetteer entry,
Barbing,4,locality,linked,osm+geonames,49.00000,12.20000,2000,2952842,Barbing,P.PPLA4,DE,02,Q489142,relation/964619,0.95,entry context 4 km (100% of the entries),
Einbringerkanal,4,locality,no_match,,,,,,,,,,,,0.00,no gazetteer entry,
Wintertröchen,4,locality,no_match,,,,,,,,,,,,0.00,no gazetteer entry,
Schelling,4,locality,linked,osm,47.94736,10.14858,500,,,,,,,node/366693615,0.85,,
Dipprichhausen,4,locality,no_match,,,,,,,,,,,,0.00,no gazetteer entry,
Stuiben,4,locality,linked,osm+geonames,47.51728,10.16063,500,2825417,Stuiben,T.MT,DE,02,Q583833,node/10779688064,0.95,entry context 23 km (100% of the entries),
Küssnacht,4,locality,linked,osm+geonames,47.08557,8.44206,3000,2660088,Küssnacht,P.PPLA2,CH,SZ,Q64183,relation/1683087,0.95,,
Norderoog,4,locality,review,osm+geonames,54.52844,8.51242,2000,2862038,Hallig Norderoog,T.ISL,DE,10,Q20700,way/1472528449,0.65,742 km from the entries' other places (0% within 80 km),
Grafenwöhr,4,locality,linked,osm+geonames,49.71728,11.90645,1500,2918258,Grafenwöhr,P.PPL,DE,02,Q252595,relation/1059432,0.95,entry context 19 km (100% of the entries),
Gibian,4,locality,no_match,osm,48.19644,16.34366,1500,,,,,,,node/11123496967,0.30,OSM shop/clothes named after the place; 225 km from the entries' other places (0% within 80 km),
Villa Schnürer,4,locality,no_match,,,,,,,,,,,,0.00,no gazetteer entry,
Pröcking,4,settlement,no_match,,,,,,,,,,,,0.00,no gazetteer entry,
Isarring und See,4,locality,no_match,,,,,,,,,,,,0.00,no gazetteer entry,
Naturschutzgebiet Ismaning,4,locality,no_match,,,,,,,,,,,,0.00,no gazetteer entry,
Kaprunertal,4,locality,review,geonames,47.21667,12.71667,5000,2774756,Kaprunertal,T.VAL,AT,05,,,0.60,GeoNames primary name match (AT),
Schwandorf,4,locality,linked,osm+geonames,49.32534,12.10980,2000,2835297,Schwandorf in Bayern,P.PPLA3,DE,02,Q504768,relation/962181,0.95,entry context 22 km (50% of the entries),
Lauf an der Pegnitz,4,locality,linked,osm+geonames,49.51386,11.28247,2000,2880144,Lauf an der Pegnitz,P.PPLA3,DE,02,Q504334,relation/163109,0.95,,
Jütland,4,locality,review,osm+geonames,56.00000,9.25000,20000,2619218,Jutland,L.RGN,DK,00,Q25389,relation/8312746,0.65,889 km from the entries' other places (0% within 80 km),
Wörthhütte,4,locality,no_match,,,,,,,,,,,,0.00,no gazetteer entry,
Rofan-Karwendel-Juifen,4,locality,no_match,,,,,,,,,,,,0.00,no gazetteer entry,
Salzburger Land,4,locality,no_match,,,,,,,,,,,,0.00,no gazetteer entry,
Konolfingen,4,settlement,linked,osm+geonames,46.87909,7.62013,1500,2660117,Konolfingen,P.PPL,CH,BE,Q66211,relation/1682513,0.95,entry context 3 km (100% of the entries),
Heckenberg,4,route,linked,osm,48.33519,12.00092,300,,,,,,,node/8980839761,0.85,,
Garchinger Au,4,locality,no_match,,,,,,,,,,,,0.00,no gazetteer entry,
Viehbuckmoos,4,locality,no_match,,,,,,,,,,,,0.00,no gazetteer entry,
Marktbreit,4,locality,linked,osm+geonames,49.66541,10.14811,1500,2873307,Marktbreit,P.PPL,DE,02,Q522651,relation/282304,0.95,entry context 15 km (50% of the entries),
Leine,4,locality,linked,osm,52.38131,9.69015,3000,,,,,,,way/1537576664,0.95,entry context 3 km (100% of the entries),
Wertachtriebwerk,4,locality,no_match,,,,,,,,,,,,0.00,no gazetteer entry,
Riedle,4,locality,linked,osm+geonames,47.50837,10.33801,1500,2847095,Riedle,P.PPL,DE,02,Q131597902,node/281462976,0.95,,
Benrath,4,settlement,linked,osm+geonames,51.16338,6.86521,1000,2950994,Benrath,P.PPLX,DE,07,Q459769,relation/93379,0.95,,
Tangwiese,4,locality,no_match,,,,,,,,,,,,0.00,no gazetteer entry,
Wiesenttal,4,locality,linked,osm+geonames,49.80370,11.25955,3000,3207007,Wiesenttal,A.ADM4,DE,02,Q160758,relation/1080445,0.95,entry context 28 km (100% of the entries),
Burgstall,4,locality,linked,geonames,48.30389,11.11563,1500,2941127,Burgstall,P.PPL,DE,02,,,0.95,GeoNames primary name match (DE); entry context 39 km (100% of the entries),
Segelberg,4,locality,review,osm+geonames,51.24596,11.21539,500,2833532,Segelberg,T.HLL,DE,15,Q31319703,node/7442515626,0.65,337 km from the entries' other places (0% within 80 km),
Nordtirol,4,locality,linked,osm,47.37306,11.68765,1500,,,,,,,node/1362654976,0.90,OSM historic/memorial named after the place; entry context 36 km (100% of the entries),
Praterinsel,4,locality,linked,osm,48.13648,11.59071,1500,,,,,,Q315709,way/37865797,0.95,entry context 1 km (100% of the entries),
Hersbruck,4,locality,linked,osm+geonames,49.51083,11.43151,1500,2905599,Hersbruck,P.PPL,DE,02,Q502865,relation/931290,0.80,"far from most of the entries' other places (0% within 80 km, nearest 143 km)",
Berchtesgadener Alpen,4,locality,linked,osm+geonames,47.56667,12.95000,5000,2950879,Berchtesgadener Alpen,T.MTS,AT,00,Q679384,relation/2110285,0.95,entry context 32 km (50% of the entries),
Dohlenfelsen bei Konstein,4,locality,no_match,,,,,,,,,,,,0.00,no gazetteer entry,
München-Gera,4,locality,no_match,,,,,,,,,,,,0.00,not geocoded yet (no Nominatim cache entry),
Thaining,4,locality,linked,osm+geonames,47.97302,10.95766,2000,2823214,Thaining,P.PPLA4,DE,02,Q505571,relation/933961,0.95,,
Rainstetten,4,locality,no_match,,,,,,,,,,,,0.00,no gazetteer entry,
Mainkaum,4,locality,no_match,,,,,,,,,,,,0.00,no gazetteer entry,
Waal,4,locality,linked,osm+geonames,47.99679,10.77786,1500,2815803,Waal,P.PPL,DE,02,Q566569,relation/421412,0.95,entry context 6 km (100% of the entries),
Strauning,4,locality,no_match,,,,,,,,,,,,0.00,no gazetteer entry,
Freiburger Münster,4,locality,linked,osm,48.03956,7.80532,1500,,,,,,,node/11343549358,0.90,OSM information/board named after the place; entry context 6 km (100% of the entries),
Gallenweiher I,4,locality,no_match,,,,,,,,,,,,0.00,no gazetteer entry,
Gärtnerei King,4,locality,no_match,,,,,,,,,,,,0.00,no gazetteer entry,
Sachsenkam-Abrailling,4,locality,no_match,,,,,,,,,,,,0.00,no gazetteer entry,
Bärenstatt,4,locality,no_match,,,,,,,,,,,,0.00,not geocoded yet (no Nominatim cache entry),
Scheffauer,4,locality,linked,osm+geonames,47.55000,12.23333,500,2766083,Scheffauer,T.MT,AT,07,Q442440,node/256042759,0.95,entry context 2 km (100% of the entries),
Hänge,4,locality,review,osm,48.96322,11.99038,1500,,,,,,Q1910689,way/321338263,0.55,159 km from the entries' other places (0% within 80 km),
Schafreuter,4,locality,linked,osm+geonames,47.50930,11.48820,500,2766147,Schafreuter,T.MT,AT,07,Q315887,node/1621410767,0.95,,
Steinerne Stiege,4,locality,linked,osm,47.69638,12.06986,500,,,,,,,node/566715224,0.95,entry context 15 km (100% of the entries),
Moosring,4,locality,no_match,,,,,,,,,,,,0.00,no gazetteer entry,
Arzla,4,locality,linked,osm+geonames,48.09728,11.14900,1500,2955359,Arzla,P.PPL,DE,02,Q56292996,node/905026092,0.95,entry context 2 km (100% of the entries),
Moos-Marie,4,locality,no_match,,,,,,,,,,,,0.00,not geocoded yet (no Nominatim cache entry),
Gargellen,4,locality,linked,osm+geonames,46.96743,9.91825,1500,2778859,Gargellen,P.PPL,AT,08,Q1494233,node/4396295249,0.95,entry context 31 km (100% of the entries),
Schloßheim,4,locality,no_match,,,,,,,,,,,,0.00,no gazetteer entry,
Ostrachtal,4,locality,linked,osm,47.50418,10.32849,5000,,,,,,Q124524886,way/1329894458,0.95,entry context 3 km (50% of the entries),
Rauhen,4,locality,linked,osm,47.21136,9.76182,300,,,,,,,node/4013932722,0.95,entry context 38 km (100% of the entries),
Adelsdorf,4,locality,linked,osm+geonames,49.47022,10.68522,1500,2959514,Adelsdorf,P.PPL,DE,02,Q355408,node/1170484490,0.95,entry context 15 km (50% of the entries),
Hochberg,4,locality,linked,osm+geonames,48.14931,9.24002,1500,2903331,Hochberg,P.PPL,DE,01,Q112231095,relation/4471287,0.95,,
Zams,4,locality,linked,osm+geonames,47.15844,10.58970,2000,2760749,Zams,P.PPLA3,AT,07,Q145997,relation/77309,0.95,entry context 26 km (100% of the entries),
Frauenkirche und Salvatorkirche,4,locality,no_match,,,,,,,,,,,,0.00,no gazetteer entry,
Münchener Umgebung,4,locality,no_match,,,,,,,,,,,,0.00,no gazetteer entry,
Rettersprungtal,4,locality,no_match,,,,,,,,,,,,0.00,no gazetteer entry,
Seerhein,4,locality,review,osm,47.66669,9.15293,3000,,,,,,,relation/3829834,0.55,151 km from the entries' other places (0% within 80 km),
Thierstein,4,locality,linked,osm+geonames,50.10643,12.10203,1500,2822736,Thierstein,P.PPL,DE,02,Q528114,relation/1022875,0.95,entry context 7 km (50% of the entries),
Markdorf,4,,linked,osm+geonames,47.71916,9.39028,1500,2873427,Markdorf,P.PPL,DE,01,Q573239,relation/2783888,0.95,entry context 4 km (100% of the entries),
Kaguau,4,settlement,no_match,,,,,,,,,,,,0.00,no gazetteer entry,
Hellensteiger Ried,4,locality,no_match,,,,,,,,,,,,0.00,no gazetteer entry,
Regental,4,locality,review,osm,48.87375,9.25588,500,,,,,,,node/4419058266,0.70,"far from most of the entries' other places (0% within 80 km, nearest 131 km)",
Schauinsland-Sattel,4,locality,no_match,,,,,,,,,,,,0.00,no gazetteer entry,
Schlacken-Sattel,4,locality,no_match,,,,,,,,,,,,0.00,not geocoded yet (no Nominatim cache entry),
Schlacher,4,locality,review,osm,47.31033,13.03962,1500,,,,,,,node/3952045243,0.55,296 km from the entries' other places (0% within 80 km),
Überlinger See,4,locality,linked,osm+geonames,47.75227,9.16170,1000,2820575,Überlinger See,H.LK,DE,01,Q332894,relation/74974,0.95,entry context 26 km (100% of the entries),
Holzhausen am Ammersee,4,locality,linked,osm,48.00759,11.08816,500,,,,,,Q1565647,node/1166970714,0.95,entry context 39 km (100% of the entries),
Rosenbrauerei Kaufbeuren,4,locality,no_match,,,,,,,,,,,,0.00,no gazetteer entry,
Arntach,4,locality,no_match,,,,,,,,,,,,0.00,no gazetteer entry,
Tagmersheim,4,locality,linked,osm+geonames,48.81667,10.96667,2000,2824379,Tagmersheim,P.PPLA4,DE,02,Q504110,relation/962641,0.95,entry context 3 km (50% of the entries),
Ermaninger Teichgebiet,4,locality,no_match,,,,,,,,,,,,0.00,no gazetteer entry,
Ermaninger Fischteiche,4,locality,no_match,,,,,,,,,,,,0.00,no gazetteer entry,
Spitzhorn,4,locality,review,osm,46.73531,11.13734,300,,,,,,,node/8132386196,0.55,159 km from the entries' other places (0% within 80 km),
Wolkersdorfer Ausbuchtung,4,locality,no_match,,,,,,,,,,,,0.00,no gazetteer entry,
Kirchhofsee,4,locality,no_match,,,,,,,,,,,,0.00,no gazetteer entry,
Wilhelminum,4,locality,no_match,osm,52.29042,10.56134,1500,,,,,,,way/106987037,0.30,OSM amenity/social_facility named after the place; 467 km from the entries' other places (0% within 80 km),
Pinakothek,4,locality,linked,osm,48.14571,11.57327,1500,,,,,,Q2046957,way/56063632,0.90,OSM amenity/public_building named after the place; entry context 1 km (100% of the entries),
Bürsthofen,4,locality,no_match,,,,,,,,,,,,0.00,no gazetteer entry,
Büchlen,4,locality,review,osm,46.80363,7.55765,500,,,,,,,node/12553487827,0.55,165 km from the entries' other places (0% within 80 km),
Oberbeiern,4,,no_match,,,,,,,,,,,,0.00,no gazetteer entry,
Egling,4,,linked,osm+geonames,47.92316,11.50517,2000,2932992,Egling,P.PPLA4,DE,02,Q264025,relation/935126,0.95,entry context 2 km (100% of the entries),
Soila-Sattel,4,locality,no_match,,,,,,,,,,,,0.00,no gazetteer entry,
Laber-Grat,4,locality,no_match,,,,,,,,,,,,0.00,no gazetteer entry,
Spelthallen,4,locality,no_match,,,,,,,,,,,,0.00,no gazetteer entry,
Mindeltal,4,locality,review,osm,47.91557,10.44922,300,,,,,,,node/2576850342,0.70,"far from most of the entries' other places (0% within 80 km, nearest 87 km)",
Bäratal,4,locality,no_match,,,,,,,,,,,,0.00,no gazetteer entry,
Mayrhofen,4,locality,linked,osm+geonames,47.16667,11.86667,2000,2771725,Mayrhofen,P.PPLA3,AT,07,Q668214,relation/80064,0.95,entry context 6 km (100% of the entries),
Schöne Aussicht,4,locality,review,osm+geonames,50.37365,11.62622,500,8260473,Schöne Aussicht,T.HLL,DE,02,,node/1502918168,0.65,249 km from the entries' other places (0% within 80 km),
En-Sa,4,locality,no_match,,,,,,,,,,,,0.00,no gazetteer entry,
Marchegg,4,locality,linked,osm+geonames,48.26217,16.91045,2000,2771970,Marchegg,P.PPLA3,AT,03,Q546273,relation/106280,0.95,entry context 8 km (50% of the entries),
Neiden,4,locality,review,osm+geonames,51.59787,12.94876,1500,2866612,Neiden,P.PPL,DE,13,Q1799915,relation/20785944,0.65,397 km from the entries' other places (0% within 80 km),
Sulzbergen,4,locality,no_match,,,,,,,,,,,,0.00,no gazetteer entry,
Maintal,4,locality,linked,osm+geonames,50.15000,8.83333,1500,2874230,Maintal,P.PPL,DE,05,Q14897,relation/535888,0.95,,
Großreichenbach,4,locality,review,osm+geonames,48.68333,15.01667,1500,2777613,Grossreichenbach,P.PPL,AT,03,,node/240121023,0.65,176 km from the entries' other places (0% within 80 km),
Egern,4,locality,linked,osm+geonames,47.69376,11.75091,1500,2933198,Egern,P.PPL,DE,02,,node/354023125,0.95,entry context 2 km (67% of the entries),
Verklärteich,4,locality,no_match,,,,,,,,,,,,0.00,no gazetteer entry,
Kurische Nehrung,4,locality,review,osm,55.34258,21.02992,1500,,,,,,Q5595,relation/309762,0.55,1031 km from the entries' other places (0% within 80 km),
Schwarzenbach,4,locality,linked,geonames,47.58154,10.62836,1500,2835048,Schwarzenbach,P.PPL,DE,02,Q126025751,,0.95,GeoNames primary name match (DE); entry context 30 km (50% of the entries),
Bad Bayersoien,4,locality,linked,osm+geonames,47.69189,10.99365,1500,2951834,Bad Bayersoien,P.PPL,DE,02,Q505817,relation/937778,0.95,entry context 9 km (100% of the entries),
Fischerbach,4,locality,review,osm,47.56857,12.12758,1500,,,,,,,way/149461931,0.70,"far from most of the entries' other places (0% within 80 km, nearest 81 km)",
Dümmer,4,locality,review,osm+geonames,51.63333,7.31667,1500,2896406,Im Dümmer,P.PPL,DE,07,Q108080980,relation/3826816,0.65,405 km from the entries' other places (0% within 80 km),
Arberg,4,locality,linked,osm+geonames,49.14428,10.61722,1500,2955697,Arberg,P.PPL,DE,02,Q506190,relation/534392,0.80,"far from most of the entries' other places (0% within 80 km, nearest 88 km)",
Marring,4,locality,no_match,,,,,,,,,,,,0.00,not geocoded yet (no Nominatim cache entry),
Sps.-Westende,4,locality,no_match,,,,,,,,,,,,0.00,no gazetteer entry,
Finsinger Alm,4,locality,linked,osm,48.22723,11.77257,100,,,,,,,node/3479907580,0.90,OSM amenity/biergarten named after the place; entry context 4 km (100% of the entries),
Fischamend,4,locality,linked,osm+geonames,48.11843,16.61211,2000,2779549,Fischamend,P.PPLA3,AT,03,Q594276,relation/111818,0.95,,
Schwanenwäldchen,4,locality,no_match,,,,,,,,,,,,0.00,no gazetteer entry,
Merburg,4,locality,linked,osm,49.31243,7.37597,200,,,,,,Q896465,node/1423609377,0.85,,
Mur,4,locality,review,geonames,47.09893,13.49756,2000,2771053,Muhr,P.PPLA3,AT,05,,,0.40,GeoNames alternate name match (AT),
Bauerbach,4,,linked,osm+geonames,47.85980,11.23041,1500,2952163,Bauerbach,P.PPL,DE,02,Q20245932,relation/2307721,0.95,entry context 3 km (100% of the entries),
Junkershausen,4,locality,linked,osm+geonames,50.35674,10.34231,1500,2894427,Junkershausen,P.PPL,DE,02,,node/569666550,0.95,entry context 16 km (100% of the entries),
Hofheim,4,locality,linked,osm+geonames,47.71527,11.21497,1500,2902536,Hofheim,P.PPL,DE,02,,node/1987997590,0.95,entry context 2 km (100% of the entries),
Habach,4,,linked,osm+geonames,47.73333,11.28333,2000,2913069,Habach,P.PPLA4,DE,02,Q302477,relation/936939,0.95,entry context 3 km (50% of the entries),
Kainehausen,4,locality,no_match,,,,,,,,,,,,0.00,no gazetteer entry,
Geishorn,4,locality,linked,osm,47.28613,10.17664,500,,,,,,,way/306384713,0.90,OSM highway/path named after the place; entry context 22 km (100% of the entries),
Amberg,4,locality,linked,osm+geonames,49.44287,11.86267,2000,2956656,Amberg,P.PPLA3,DE,02,Q7042,relation/62772,0.95,entry context 22 km (100% of the entries),
Matreier Törl,4,locality,linked,osm,47.00119,12.59982,1500,,,,,,Q21868250,node/442268119,0.95,entry context 7 km (100% of the entries),
Daba-Klamm,4,locality,no_match,,,,,,,,,,,,0.00,no gazetteer entry,
Residenz,4,locality,linked,osm,48.14116,11.57904,1500,,,,,,Q686548,relation/7456359,0.90,OSM tourism/attraction named after the place; entry context 1 km (100% of the entries),
Oberbrunn,4,locality,linked,osm+geonames,48.04981,11.31588,1500,2861188,Oberbrunn,P.PPL,DE,02,Q2009235,node/1700541714,0.95,entry context 22 km (100% of the entries),
Pellinger Köpfe,4,locality,no_match,,,,,,,,,,,,0.00,no gazetteer entry,
Geltendorf,4,,linked,osm+geonames,48.11737,11.03216,2000,2921449,Geltendorf,P.PPLA4,DE,02,Q512083,relation/933868,0.95,entry context 4 km (100% of the entries),
Türkenfeld,4,,linked,osm+geonames,48.10531,11.08303,2000,2820756,Türkenfeld,P.PPLA4,DE,02,Q263291,relation/933546,0.95,entry context 4 km (100% of the entries),
Meerenge von Leukos,4,locality,no_match,,,,,,,,,,,,0.00,no gazetteer entry,
Murrays Bucht,4,locality,no_match,,,,,,,,,,,,0.00,no gazetteer entry,
Engent-Alm,4,locality,no_match,,,,,,,,,,,,0.00,no gazetteer entry,
Harlachinger Wäldchen,4,locality,no_match,,,,,,,,,,,,0.00,no gazetteer entry,
Wittelsbacher Palais,4,locality,no_match,,,,,,,,,,,,0.00,no gazetteer entry,
Giebelhütte,4,locality,no_match,osm,47.60622,8.92938,1500,,,,,,,node/2096582024,0.30,OSM building/hut named after the place; 206 km from the entries' other places (0% within 80 km),
Gospersreuther Forst,4,locality,no_match,,,,,,,,,,,,0.00,no gazetteer entry,
Beichseler See,4,locality,no_match,,,,,,,,,,,,0.00,no gazetteer entry,
Hans-Zack-Klamm,4,locality,no_match,,,,,,,,,,,,0.00,no gazetteer entry,
Tauferer Berg,4,locality,no_match,,,,,,,,,,,,0.00,no gazetteer entry,
Tauferer Berg und Kairlachbach,4,locality,no_match,,,,,,,,,,,,0.00,no gazetteer entry,
Lärchbühel,4,locality,no_match,,,,,,,,,,,,0.00,no gazetteer entry,
Riedenburg,4,locality,linked,osm+geonames,48.96383,11.68880,1500,2847231,Riedenburg,P.PPL,DE,02,Q503693,relation/956669,0.80,"far from most of the entries' other places (0% within 80 km, nearest 92 km)",
Hornbächle,4,,review,osm,49.58232,9.26966,1500,,,,,,,way/311225034,0.70,"far from most of the entries' other places (0% within 80 km, nearest 87 km)",
Blutenburg,4,locality,linked,osm,48.16309,11.45685,200,,,,,,Q702533,way/270851796,0.95,entry context 3 km (100% of the entries),
Buchloe und Igling,4,locality,no_match,,,,,,,,,,,,0.00,no gazetteer entry,
Kirchhain,4,locality,review,osm+geonames,51.63333,13.56667,1000,2890503,Kirchhain,P.PPLX,DE,11,,node/6274160478,0.65,279 km from the entries' other places (0% within 80 km),
Isarauen beim Stauwehr,4,locality,no_match,,,,,,,,,,,,0.00,not geocoded yet (no Nominatim cache entry),
Sägweiher,4,locality,review,osm,49.02369,10.40093,1000,,,,,,,way/97084236,0.70,"far from most of the entries' other places (0% within 80 km, nearest 131 km)",
Bächlein,4,locality,review,osm+geonames,50.26434,11.23968,1500,2953629,Bächlein,P.PPL,DE,02,Q96998233,node/440968759,0.65,269 km from the entries' other places (0% within 80 km),
Anzelerpark,4,locality,no_match,,,,,,,,,,,,0.00,no gazetteer entry,
Maximilianskirche,4,locality,review,osm,49.06017,10.96116,1500,,,,,,Q721727,way/141124339,0.45,"OSM amenity/place_of_worship named after the place; far from most of the entries' other places (0% within 80 km, nearest 112 km)",
Trudering,4,locality,linked,osm+geonames,48.11667,11.68333,1000,2820925,Trudering,P.PPLX,DE,02,Q538037,relation/52747,0.95,entry context 8 km (100% of the entries),
Aubinger Lohe,4,locality,linked,osm+geonames,48.16682,11.39398,1500,2954728,Aubinger Lohe,V.FRST,DE,02,Q758486,relation/6447780,0.95,entry context 14 km (100% of the entries),
"München, Harlachinger Berg",4,locality,no_match,,,,,,,,,,,,0.00,no gazetteer entry,
Meisinger See,4,locality,no_match,,,,,,,,,,,,0.00,not geocoded yet (no Nominatim cache entry),
Isarbrücke beim Tierpark,4,locality,no_match,,,,,,,,,,,,0.00,no gazetteer entry,
Harlachinger Kirche,4,locality,no_match,,,,,,,,,,,,0.00,not geocoded yet (no Nominatim cache entry),
Großhesselohe - Geiselgasteig,4,locality,no_match,,,,,,,,,,,,0.00,no gazetteer entry,
Staukanal,4,locality,no_match,osm,51.87453,14.00931,1500,,,,,,,node/2866693723,0.30,OSM tourism/picnic_site named after the place; 450 km from the entries' other places (0% within 80 km),
Wangen,4,,linked,osm+geonames,47.68950,9.83247,1500,2814270,Wangen,P.PPL,DE,01,Q165015,relation/2808305,0.95,,
Brückenwart,4,,no_match,,,,,,,,,,,,0.00,no gazetteer entry,
Speicherseen,4,locality,no_match,,,,,,,,,,,,0.00,not geocoded yet (no Nominatim cache entry),
Waldhang,4,locality,review,osm,48.34706,13.47094,500,,,,,,,node/10277968526,0.70,"far from most of the entries' other places (0% within 80 km, nearest 142 km)",
Fontenois-Muiris,4,locality,no_match,,,,,,,,,,,,0.00,no gazetteer entry,
Gera,4,locality,linked,osm+geonames,50.88029,12.08187,2000,2921232,Gera,P.PPLA3,DE,15,Q3750,relation/62671,0.95,,
Sankt Zeno,4,locality,review,osm,47.03778,10.59996,500,,,,,,,node/2682433124,0.70,"far from most of the entries' other places (0% within 80 km, nearest 102 km)",
Kanal beim Sanatorium,4,locality,no_match,,,,,,,,,,,,0.00,no gazetteer entry,
Brütteiche,4,locality,no_match,,,,,,,,,,,,0.00,no gazetteer entry,
München - Gera,4,locality,no_match,,,,,,,,,,,,0.00,not geocoded yet (no Nominatim cache entry),
Steinach und Osterberg,4,locality,no_match,,,,,,,,,,,,0.00,no gazetteer entry,
Staulach,4,locality,no_match,,,,,,,,,,,,0.00,no gazetteer entry,
Pfannenhügel bei Hinterstein,4,locality,no_match,,,,,,,,,,,,0.00,no gazetteer entry,
Grünwald - Straßlach,4,locality,no_match,,,,,,,,,,,,0.00,no gazetteer entry,
Glonn,4,locality,linked,osm+geonames,48.36959,11.38488,1500,2919811,Glonn,P.PPL,DE,02,Q884564,relation/3648818,0.95,entry context 27 km (100% of the entries),
Hangrad,4,locality,no_match,,,,,,,,,,,,0.00,no gazetteer entry,
Eichenau,4,locality,linked,osm+geonames,48.16667,11.31667,2000,2932382,Eichenau,P.PPLA4,DE,02,Q263496,relation/933488,0.95,entry context 11 km (100% of the entries),
Hans-Schemm-Schule,4,locality,no_match,,,,,,,,,,,,0.00,no gazetteer entry,
Ahornallee beim Hain,4,locality,no_match,,,,,,,,,,,,0.00,no gazetteer entry,
Lattengebirge,4,locality,linked,osm+geonames,47.68501,12.89227,5000,2880331,Lattengebirge,T.MTS,DE,02,Q1710694,relation/2112617,0.95,entry context 4 km (100% of the entries),
Staufen,4,locality,linked,osm+geonames,48.65914,10.27950,1500,2829332,Staufen,P.PPL,DE,02,,node/431515430,0.95,,
Brienthalm,4,locality,no_match,,,,,,,,,,,,0.00,no gazetteer entry,
Hammer Au,4,locality,review,osm,48.15244,15.55498,500,,,,,,,node/3650349789,0.55,165 km from the entries' other places (0% within 80 km),
Lankenheimer Wäldchen,4,locality,no_match,,,,,,,,,,,,0.00,not geocoded yet (no Nominatim cache entry),
Kanalbrücke,4,locality,no_match,,,,,,,,,,,,0.00,no gazetteer entry,
Rötelgraben,4,locality,no_match,,,,,,,,,,,,0.00,no gazetteer entry,
Rückfuchshorn,4,locality,no_match,,,,,,,,,,,,0.00,no gazetteer entry,
Bayrisch-Gmain,4,locality,no_match,,,,,,,,,,,,0.00,no gazetteer entry,
Thumsee,4,locality,linked,osm+geonames,47.71911,12.82546,1000,2822578,Thumsee,H.LK,DE,02,Q253393,way/23566114,0.95,entry context 3 km (100% of the entries),
Regenhümm,4,settlement,no_match,,,,,,,,,,,,0.00,no gazetteer entry,
Achmühling,4,locality,no_match,,,,,,,,,,,,0.00,no gazetteer entry,
Angermair,4,locality,review,osm,47.71172,11.59477,1500,,,,,,,way/91295089,0.60,OSM building/yes named after the place; named after a settlement elsewhere; not confirmed by context (24 km),
Mora-Allee,4,locality,no_match,,,,,,,,,,,,0.00,no gazetteer entry,
Daxplinger Au,4,locality,no_match,,,,,,,,,,,,0.00,no gazetteer entry,
Himpasing,4,locality,no_match,,,,,,,,,,,,0.00,no gazetteer entry,
Hinterseetal,4,locality,no_match,,,,,,,,,,,,0.00,no gazetteer entry,
Heuglingen,4,locality,no_match,,,,,,,,,,,,0.00,no gazetteer entry,
Hügli,4,locality,review,osm,47.74352,8.97533,1500,,,,,,,way/88488509,0.45,"OSM amenity/parking named after the place; far from most of the entries' other places (0% within 80 km, nearest 122 km)",
Hangerl,4,locality,no_match,,,,,,,,,,,,0.00,no gazetteer entry,
Lechenheide,4,locality,no_match,,,,,,,,,,,,0.00,no gazetteer entry,
Stadelheim,4,locality,linked,osm,48.10303,11.59174,1500,,,,,,,node/10072665176,0.95,entry context 4 km (100% of the entries),
Federsee,4,locality,linked,osm+geonames,48.08439,9.63081,1000,2927602,Federsee,H.LK,DE,01,Q248234,relation/8387767,0.95,,
Harlachinger Höhe,4,locality,no_match,,,,,,,,,,,,0.00,no gazetteer entry,
Bäcker-Mühle,4,locality,no_match,,,,,,,,,,,,0.00,not geocoded yet (no Nominatim cache entry),
Schlossrondell,4,locality,linked,osm,48.15967,11.50689,1500,,,,,,,relation/17819236,0.90,OSM landuse/grass named after the place; entry context 1 km (100% of the entries),
Schönau bei Eggenfelden,4,locality,no_match,,,,,,,,,,,,0.00,no gazetteer entry,
Schinder-Damm,4,locality,no_match,,,,,,,,,,,,0.00,no gazetteer entry,
Wolnzach,4,locality,linked,osm+geonames,48.60380,11.62568,1500,2806339,Wolnzach,P.PPL,DE,02,Q491958,relation/252182,0.95,,
Haihang,4,locality,no_match,osm,48.77247,14.97683,1500,,,,,,,way/235886520,0.30,OSM shop/mall named after the place; 261 km from the entries' other places (0% within 80 km),
Schwärzenbach,4,,linked,osm+geonames,47.75242,11.75408,1500,2835043,Schwärzenbach,P.PPL,DE,02,,node/12475615956,0.95,entry context 5 km (50% of the entries),
Kaltenbrunn,4,,linked,osm+geonames,47.96125,11.80284,1500,2893603,Kaltenbrunn,P.PPL,DE,02,Q27914928,node/5960133864,0.95,entry context 7 km (100% of the entries),
Rohrmusshäusern,4,locality,no_match,,,,,,,,,,,,0.00,no gazetteer entry,
Pagodenburger See,4,locality,linked,osm,48.15933,11.49299,1000,,,,,,,way/15719450,0.95,entry context 7 km (100% of the entries),
Ansbach,4,locality,linked,osm+geonames,49.30481,10.59310,3000,2955936,Ansbach,P.PPLA2,DE,02,Q14859,relation/62654,0.95,entry context 39 km (50% of the entries),
Starnberg am See,4,locality,linked,osm,47.90927,11.30836,1000,,,,,,Q131615,relation/168892,0.95,entry context 32 km (100% of the entries),
Riedelallee,4,locality,no_match,,,,,,,,,,,,0.00,no gazetteer entry,
Kornberg,4,locality,linked,osm+geonames,50.23333,9.05000,500,2885456,Kornberg,T.HLL,DE,05,Q31332540,node/13430191496,0.95,entry context 37 km (100% of the entries),
Leupoldshammer,4,locality,linked,osm,50.12776,12.12447,300,,,,,,Q114680519,node/371210238,0.95,entry context 3 km (100% of the entries),
Staffelberg,4,locality,linked,osm,48.44131,10.99048,300,,,,,,,node/3835527492,0.85,,
Euerdorf,4,locality,linked,osm+geonames,50.14853,10.02331,1500,2928518,Euerdorf,P.PPL,DE,02,Q504321,relation/383697,0.95,entry context 18 km (100% of the entries),
Syker Wäldchen,4,locality,no_match,,,,,,,,,,,,0.00,no gazetteer entry,
Keimel,4,locality,linked,osm,49.84145,9.16538,1500,,,,,,,way/936119835,0.90,OSM amenity/school named after the place; entry context 11 km (100% of the entries),
Pagodenburg,4,locality,linked,osm,48.16007,11.49281,1500,,,,,,Q98740590,way/106765963,0.90,OSM building/yes named after the place; entry context 7 km (100% of the entries),
Güttingen,4,,linked,osm+geonames,47.77370,8.99257,1500,2913298,Güttingen,P.PPL,DE,01,Q27684334,relation/6072412,0.95,entry context 1 km (100% of the entries),
Untermenzing,4,settlement,linked,osm+geonames,48.18303,11.44587,1000,11808470,Untermenzing,P.PPLX,DE,02,Q52555096,node/51547874,0.95,entry context 11 km (100% of the entries),
Warmisried,4,locality,linked,osm+geonames,47.96045,10.50554,1500,2814072,Warmisried,P.PPL,DE,02,,node/389992990,0.80,"far from most of the entries' other places (0% within 80 km, nearest 82 km)",
Flottern,4,locality,no_match,,,,,,,,,,,,0.00,no gazetteer entry,
Schöngeising,4,locality,linked,osm+geonames,48.14135,11.20399,2000,2836615,Schöngeising,P.PPLA4,DE,02,Q262790,relation/933541,0.95,entry context 28 km (100% of the entries),
Finkteiche,4,locality,no_match,,,,,,,,,,,,0.00,not geocoded yet (no Nominatim cache entry),
Breitach,4,locality,linked,osm+geonames,47.43333,10.26667,3000,2944792,Breitach,H.STM,AT,00,Q153683,relation/1433664,0.95,entry context 3 km (100% of the entries),
Sigishofen,4,locality,linked,osm+geonames,47.50397,10.26640,1500,2832249,Sigishofen,P.PPL,DE,02,Q130221874,node/9909031302,0.95,entry context 8 km (50% of the entries),
Moorort,4,locality,no_match,geonames,52.52314,8.65197,800,2869628,Moorort,P.PPLF,DE,07,,,0.30,GeoNames primary name match (DE); 523 km from the entries' other places (0% within 80 km),
Völkertshofen,4,locality,linked,osm+geonames,48.34883,10.15532,1500,2816644,Volkertshofen,P.PPL,DE,02,Q106357432,node/2309921306,0.95,entry context 5 km (100% of the entries),
Bachgasse,4,locality,no_match,,,,,,,,,,,,0.00,no gazetteer entry,
Valentin,4,locality,review,osm,48.13495,11.58165,1500,,,,,,Q264209,node/344494568,0.60,OSM tourism/museum named after the place,
Hain der Welt,4,locality,no_match,,,,,,,,,,,,0.00,no gazetteer entry,
Glück,4,locality,review,osm,48.77358,9.17727,1500,,,,,,Q1578387,node/1545583834,0.45,"OSM amenity/fountain named after the place; far from most of the entries' other places (0% within 80 km, nearest 114 km)",
Sandbirken-Kolonie,4,locality,no_match,,,,,,,,,,,,0.00,no gazetteer entry,
Tuntenhausen,4,locality,linked,osm+geonames,48.42863,11.75061,1500,2820774,Tüntenhausen,P.PPL,DE,02,Q1797573,node/26615454,0.95,entry context 35 km (100% of the entries),
Tafelberg und Keilberg,4,locality,no_match,,,,,,,,,,,,0.00,no gazetteer entry,
Hammarby,4,,linked,osm+geonames,59.59884,16.50713,800,6944529,Hammarby,P.PPLL,SE,25,Q10516816,node/28807112,0.95,,
Uppland,4,,linked,geonames,60.03333,18.06667,1500,2666239,Upplandstuna,P.PPL,SE,21,Q203509,,0.85,GeoNames contains name match (SE); entry context 22 km (100% of the entries),
Fyris,4,locality,linked,osm,59.84380,17.65405,800,,,,,,,way/97947235,0.95,entry context 2 km (100% of the entries),
Padborg,4,locality,linked,geonames,54.82657,9.36247,1500,2615242,Padborg,P.PPL,DK,21,Q707345,,0.80,GeoNames primary name match (DK); entry context 6 km (100% of the entries),
Nordosten,4,locality,review,osm,-9.57330,-40.95526,3000,,,,,,Q1136194,relation/3360429,0.55,8223 km from the entries' other places (0% within 80 km),
Potzham,4,,linked,osm+geonames,48.03534,11.61366,1500,6545045,Potzham,P.PPL,DE,02,Q113652509,node/270766516,0.95,entry context 2 km (100% of the entries),
Isny im Allgäu,4,locality,linked,osm+geonames,47.69260,10.03857,1500,2895638,Isny,P.PPL,DE,01,Q513446,relation/2806739,0.95,,
Überfälle beim E. W.,4,locality,no_match,,,,,,,,,,,,0.00,no gazetteer entry,
"München, vorn beim Überfällen",4,locality,no_match,,,,,,,,,,,,0.00,no gazetteer entry,
Neues Isarwerk,4,locality,no_match,,,,,,,,,,,,0.00,no gazetteer entry,
Gördelersee,4,locality,no_match,,,,,,,,,,,,0.00,no gazetteer entry,
Anken,4,locality,no_match,,,,,,,,,,,,0.00,no gazetteer entry,
Botanisches Institut und Mensa,4,locality,no_match,,,,,,,,,,,,0.00,no gazetteer entry,
Eittinger Moos,4,locality,linked,osm,48.38614,11.82170,1500,,,,,,,way/32699663,0.90,OSM amenity/fire_station named after the place; entry context 6 km (100% of the entries),
Hartmannshofen,4,locality,linked,osm+geonames,48.18333,11.50000,1000,2910030,Hartmannshofen,P.PPLX,DE,02,,node/6577442695,0.95,entry context 8 km (100% of the entries),
Eittinger Kanal,4,,no_match,,,,,,,,,,,,0.00,no gazetteer entry,
Gfällachgebiet,4,locality,no_match,,,,,,,,,,,,0.00,no gazetteer entry,
Starnberg Hafen,4,locality,no_match,,,,,,,,,,,,0.00,not geocoded yet (no Nominatim cache entry),
Pülfringen,4,locality,linked,osm+geonames,49.58172,9.52644,1500,2851749,Pülfringen,P.PPL,DE,01,Q28786220,relation/19688418,0.80,"far from most of the entries' other places (0% within 80 km, nearest 104 km)",
Landsham,4,,linked,osm+geonames,48.18623,11.77571,1500,2881490,Landsham,P.PPL,DE,02,Q130633977,node/107807774,0.95,entry context 2 km (100% of the entries),
Weinbrunn,4,locality,review,geonames,47.20000,12.48333,2000,3334688,Weinbrunn,H.SPNG,AT,05,,,0.45,"GeoNames primary name match (AT); far from most of the entries' other places (0% within 80 km, nearest 124 km)",
Ries,4,locality,linked,osm,48.81009,10.69990,3000,,,,,,Q10418,relation/62389,0.95,entry context 12 km (50% of the entries),
Bärgündele-Himmelseck,4,locality,no_match,,,,,,,,,,,,0.00,no gazetteer entry,
Goshuun,4,locality,no_match,,,,,,,,,,,,0.00,no gazetteer entry,
Bö. Seebühl und Moos,4,locality,no_match,,,,,,,,,,,,0.00,no gazetteer entry,
Kangwald,4,locality,no_match,,,,,,,,,,,,0.00,no gazetteer entry,
München-Au,4,locality,no_match,,,,,,,,,,,,0.00,no gazetteer entry,
Finsinger Kanal,4,locality,no_match,,,,,,,,,,,,0.00,no gazetteer entry,
Elendsleite,4,locality,no_match,,,,,,,,,,,,0.00,no gazetteer entry,
Hüttenzaun,4,locality,review,osm,46.72398,7.85530,500,,,,,,,node/12457187392,0.55,223 km from the entries' other places (0% within 80 km),
Seebecken,4,locality,no_match,osm,47.05393,8.32728,1500,,,,,,,node/1573053687,0.30,OSM tourism/attraction named after the place; 172 km from the entries' other places (0% within 80 km),
Neues Kraftwerk,4,locality,no_match,osm,53.51786,9.95055,1500,,,,,,,way/158346817,0.30,OSM building/industrial named after the place; 357 km from the entries' other places (0% within 80 km),
Olchinger See,4,locality,linked,osm,48.20904,11.35726,1000,,,,,,Q1490809,way/4767539,0.95,entry context 13 km (100% of the entries),
Tierparkauen und Hinterbrühler See,4,locality,no_match,,,,,,,,,,,,0.00,no gazetteer entry,
Ost- und Westbecken,4,locality,no_match,,,,,,,,,,,,0.00,no gazetteer entry,
Staumauer,4,locality,review,osm,50.28230,11.91505,1500,,,,,,,way/33752432,0.55,228 km from the entries' other places (0% within 80 km),
Engelschalking,4,locality,no_match,,,,,,,,,,,,0.00,no gazetteer entry,
Nymphenburger Schlosskanal,4,locality,no_match,,,,,,,,,,,,0.00,no gazetteer entry,
Mailing,4,locality,linked,osm+geonames,48.77316,11.48792,1500,2874266,Mailing,P.PPL,DE,02,Q27435464,relation/5623497,0.95,,
Vorbachern,4,locality,no_match,,,,,,,,,,,,0.00,no gazetteer entry,
Kabelsteg an der Isar,4,locality,no_match,,,,,,,,,,,,0.00,no gazetteer entry,
Fasanenkolonie,4,locality,no_match,,,,,,,,,,,,0.00,no gazetteer entry,
Saatkrähen-Kolonie im Park,4,locality,no_match,,,,,,,,,,,,0.00,no gazetteer entry,
Thaldirchen,4,locality,no_match,,,,,,,,,,,,0.00,not geocoded yet (no Nominatim cache entry),
Archebeiden Überfälle,4,locality,no_match,,,,,,,,,,,,0.00,no gazetteer entry,
Waldrand,4,,review,osm,47.14997,9.44546,500,,,,,,,node/3996491595,0.55,159 km from the entries' other places (0% within 80 km),
Altungerand,4,locality,no_match,,,,,,,,,,,,0.00,no gazetteer entry,
Wörthfälle,4,locality,no_match,,,,,,,,,,,,0.00,no gazetteer entry,
Südteiche,4,locality,no_match,,,,,,,,,,,,0.00,not geocoded yet (no Nominatim cache entry),
Isarauen bei Gremaring,4,locality,no_match,,,,,,,,,,,,0.00,no gazetteer entry,
Gfüllachgebiet,4,locality,no_match,,,,,,,,,,,,0.00,no gazetteer entry,
Eicherloh,4,locality,linked,osm+geonames,48.24673,11.77871,1500,2932260,Eicherloh,P.PPL,DE,02,Q135217953,node/157198807,0.95,entry context 7 km (100% of the entries),
Oppenheim,4,locality,review,osm+geonames,49.85470,8.35974,1500,2857167,Oppenheim,P.PPL,DE,08,Q518690,relation/1245834,0.65,302 km from the entries' other places (0% within 80 km),
Kalkbruch,4,locality,review,osm,50.48590,12.92968,1500,,,,,,,relation/10212117,0.55,266 km from the entries' other places (0% within 80 km),
Werdersee,4,locality,review,osm+geonames,53.05686,8.83263,2000,13550806,Werdersee,H.LKO,DE,03,Q1746554,relation/27523,0.65,580 km from the entries' other places (0% within 80 km),
Paderborn,4,locality,linked,osm+geonames,51.71905,8.75439,2000,2855745,Paderborn,P.PPLA3,DE,07,Q2971,relation/148074,0.95,,
Wb und Ob,4,locality,no_match,,,,,,,,,,,,0.00,no gazetteer entry,
WZ.,4,locality,no_match,geonames,47.31803,8.79227,300,11963221,Wetzikon,S.RSTN,CH,ZH,,,0.05,GeoNames alternate name match (CH); 227 km from the entries' other places (0% within 80 km),
Kaiserebersdorf,4,locality,review,osm+geonames,48.15833,16.47417,1500,3322696,Kaiserebersdorf,P.PPL,AT,09,Q873849,relation/5846945,0.65,212 km from the entries' other places (0% within 80 km),
Marzbaron,4,locality,no_match,,,,,,,,,,,,0.00,no gazetteer entry,
Bischofwiesen,4,locality,no_match,,,,,,,,,,,,0.00,no gazetteer entry,
Haarmoos,4,locality,linked,osm+geonames,47.91338,12.89476,800,2913101,Haarmoos,P.PPLL,DE,02,,node/6593483828,0.95,,
Schutthalde,4,locality,review,osm,49.95764,9.25803,1500,,,,,,,node/13160583834,0.55,264 km from the entries' other places (0% within 80 km),
Lahr-Kredelbach,4,locality,no_match,,,,,,,,,,,,0.00,no gazetteer entry,
Irschenraig,4,locality,no_match,,,,,,,,,,,,0.00,no gazetteer entry,
Ems,4,locality,linked,osm+geonames,46.83483,9.45075,3000,2661001,Domat,P.PPLA2,CH,GR,Q68266,relation/1684071,0.95,,
Oberwehr,4,locality,review,osm,47.63277,7.90537,500,,,,,,,node/14071556801,0.55,279 km from the entries' other places (0% within 80 km),
Karlschirnertreppe,4,locality,no_match,,,,,,,,,,,,0.00,no gazetteer entry,
Isarstauwehr,4,locality,no_match,,,,,,,,,,,,0.00,not geocoded yet (no Nominatim cache entry),
Lübringer,4,locality,no_match,,,,,,,,,,,,0.00,no gazetteer entry,
Neupinnig,4,locality,no_match,,,,,,,,,,,,0.00,no gazetteer entry,
Mooswald,4,locality,linked,osm+geonames,47.99777,7.75762,1500,2869323,Mooswald,V.FRST,DE,01,Q670176,relation/1956122,0.95,entry context 2 km (100% of the entries),
Schlierberg,4,locality,linked,osm+geonames,49.11680,10.48000,1500,2838509,Schlierberg,P.PPL,DE,02,Q2239709,node/1617170423,0.80,"far from most of the entries' other places (0% within 80 km, nearest 135 km)",
Rieselfeld,4,locality,linked,osm+geonames,48.00158,7.78978,1500,11608682,Rieselfeld,P.PPL,DE,01,Q880427,relation/1958317,0.95,entry context 2 km (100% of the entries),
Fischteiche und Südwall,4,locality,no_match,,,,,,,,,,,,0.00,no gazetteer entry,
Norddamm des Oberbeckens,4,locality,no_match,,,,,,,,,,,,0.00,no gazetteer entry,
Heilberg,4,locality,review,osm+geonames,48.99126,9.91596,1500,2907671,Heilberg,P.PPL,DE,01,,node/1612746576,0.65,155 km from the entries' other places (0% within 80 km),
Stattharzen,4,locality,no_match,,,,,,,,,,,,0.00,no gazetteer entry,
Eberfälle,4,locality,no_match,,,,,,,,,,,,0.00,no gazetteer entry,
Kleines Elektrizitätswerk,4,locality,no_match,,,,,,,,,,,,0.00,no gazetteer entry,
Isarsteg,4,locality,linked,osm,48.20654,11.64344,1500,,,,,,Q94651183,way/360973093,0.90,OSM man_made/bridge named after the place; entry context 9 km (100% of the entries),
Stinkrohr,4,locality,no_match,,,,,,,,,,,,0.00,no gazetteer entry,
Karfreit,4,settlement,linked,osm+geonames,46.24761,13.57907,5000,3197983,Kobarid,P.PPLA,SI,46,Q688287,relation/1675777,0.95,,
Riemer Wiese,4,locality,no_match,,,,,,,,,,,,0.00,not geocoded yet (no Nominatim cache entry),
Frauenhütte,4,locality,no_match,osm,47.35339,9.59952,1500,,,,,,,way/1126356913,0.30,OSM building/yes named after the place; 168 km from the entries' other places (0% within 80 km),
Tgk.,4,locality,no_match,,,,,,,,,,,,0.00,no gazetteer entry,
Flakflak,4,locality,no_match,,,,,,,,,,,,0.00,no gazetteer entry,
Seppelheim,4,locality,no_match,,,,,,,,,,,,0.00,no gazetteer entry,
Teufelsried,4,locality,no_match,,,,,,,,,,,,0.00,no gazetteer entry,
Rinnecker-Klinik,4,locality,no_match,,,,,,,,,,,,0.00,no gazetteer entry,
Gierdammen,4,locality,no_match,,,,,,,,,,,,0.00,no gazetteer entry,
Stollerteich,4,locality,no_match,,,,,,,,,,,,0.00,no gazetteer entry,
Landhaus,4,,linked,osm,47.37608,9.67809,500,,,,,,,node/4086657891,0.85,,
Hallthurm,4,locality,linked,osm+geonames,47.70139,12.93361,1500,12036077,Hallthurm,P.PPL,DE,02,,node/12117342725,0.80,"far from most of the entries' other places (0% within 80 km, nearest 108 km)",
Grünmann,4,locality,no_match,,,,,,,,,,,,0.00,no gazetteer entry,
Gelberbach,4,locality,no_match,,,,,,,,,,,,0.00,no gazetteer entry,
Vorderteiche,4,locality,no_match,,,,,,,,,,,,0.00,no gazetteer entry,
Stand,4,,review,osm+geonames,46.67375,7.39865,2000,11075697,Stand,T.PASS,CH,BE,,node/2035378266,0.65,170 km from the entries' other places (0% within 80 km),
Gürtelmann,4,locality,no_match,,,,,,,,,,,,0.00,no gazetteer entry,
Ismaninger Speichersee Südufer,4,locality,no_match,,,,,,,,,,,,0.00,no gazetteer entry,
Tierparkteiche,4,locality,no_match,,,,,,,,,,,,0.00,no gazetteer entry,
Neusingen,4,locality,no_match,,,,,,,,,,,,0.00,no gazetteer entry,
Vorbeck,4,locality,review,geonames,53.90778,12.07071,1500,2816494,Vorbeck,P.PPL,DE,12,,,0.50,GeoNames primary name match (DE); 2 GeoNames candidates,
Überführung,4,locality,no_match,osm,47.40845,8.58783,500,,,,,,,way/14674329,0.30,OSM highway/track named after the place; 237 km from the entries' other places (0% within 80 km),
Speichern,4,locality,no_match,,,,,,,,,,,,0.00,not geocoded yet (no Nominatim cache entry),
Stolp,4,locality,linked,osm+geonames,54.46405,17.02872,3000,3085450,Słupsk,P.PPLA2,PL,82,Q105048,relation/1553160,0.95,,
Kajakklubhütte,4,locality,no_match,,,,,,,,,,,,0.00,no gazetteer entry,
Fechenheimer Wehr,4,locality,no_match,,,,,,,,,,,,0.00,no gazetteer entry,
Gnadensee,4,locality,review,osm+geonames,47.71175,9.05540,2000,3205657,Gnadensee,H.LKX,DE,01,Q1533062,relation/1722835,0.65,194 km from the entries' other places (0% within 80 km),
Gattonsee,4,locality,no_match,,,,,,,,,,,,0.00,no gazetteer entry,
Schotterwiese,4,locality,no_match,,,,,,,,,,,,0.00,no gazetteer entry,
Braunaubrücke,4,locality,no_match,,,,,,,,,,,,0.00,not geocoded yet (no Nominatim cache entry),
Dammwildgehege,4,locality,linked,osm,48.30800,11.46747,500,,,,,,,way/117879165,0.95,entry context 21 km (100% of the entries),
Stationsturm,4,,no_match,,,,,,,,,,,,0.00,no gazetteer entry,
Klausur,4,locality,review,osm,50.02723,6.75742,1500,,,,,,,way/587287374,0.55,409 km from the entries' other places (0% within 80 km),
Wittelsbacher Brücke,4,locality,no_match,,,,,,,,,,,,0.00,not geocoded yet (no Nominatim cache entry),
Mattschgelände,4,locality,no_match,,,,,,,,,,,,0.00,no gazetteer entry,
Etna,4,locality,review,osm,44.81602,-69.11683,3000,,,,,,Q3451773,relation/12206885,0.55,5714 km from the entries' other places (0% within 80 km),
Südinsel,4,locality,review,osm,51.21984,12.35328,1500,,,,,,,way/960855717,0.55,347 km from the entries' other places (0% within 80 km),
Kiesgrube Störmthal,4,locality,no_match,,,,,,,,,,,,0.00,no gazetteer entry,
Forst Dahlem,4,locality,no_match,,,,,,,,,,,,0.00,no gazetteer entry,
Guntruhingen,4,locality,no_match,,,,,,,,,,,,0.00,no gazetteer entry,
Zihringer Kanal,4,,no_match,,,,,,,,,,,,0.00,no gazetteer entry,
Iselhosp,4,locality,no_match,,,,,,,,,,,,0.00,no gazetteer entry,
Vfl.,4,locality,review,osm,49.40964,11.14109,1500,,,,,,,way/131325332,0.45,"OSM leisure/sports_centre named after the place; far from most of the entries' other places (0% within 80 km, nearest 145 km)",
Teichgut Ismaning,4,locality,no_match,,,,,,,,,,,,0.00,no gazetteer entry,
Stadum,4,locality,review,osm+geonames,54.73333,9.05000,2000,2829731,Stadum,P.PPLA4,DE,10,Q523867,relation/1416963,0.65,754 km from the entries' other places (0% within 80 km),
K.E.W.,4,locality,no_match,,,,,,,,,,,,0.00,no gazetteer entry,
Unterensingen,4,locality,review,osm+geonames,48.65452,9.35799,2000,2819710,Unterensingen,P.PPLA4,DE,01,Q80803,relation/2862751,0.65,173 km from the entries' other places (0% within 80 km),
Gasteig Anlagen,4,locality,no_match,,,,,,,,,,,,0.00,not geocoded yet (no Nominatim cache entry),
Maining am See,4,locality,no_match,,,,,,,,,,,,0.00,no gazetteer entry,
E-Werk Finsing,4,locality,no_match,,,,,,,,,,,,0.00,no gazetteer entry,
Echinger und Moorburger Stauseen,4,locality,no_match,,,,,,,,,,,,0.00,not geocoded yet (no Nominatim cache entry),
Schlotterwiese,4,locality,no_match,,,,,,,,,,,,0.00,not geocoded yet (no Nominatim cache entry),
Isar bei der Marienbrücke,4,locality,no_match,,,,,,,,,,,,0.00,no gazetteer entry,
Geräumt VI,4,locality,no_match,,,,,,,,,,,,0.00,no gazetteer entry,
Osterinsel,4,locality,review,osm,51.46160,8.40922,1500,,,,,,,way/217947390,0.55,254 km from the entries' other places (0% within 80 km),
Kieswerk,4,locality,linked,osm,47.00350,8.64614,1500,,,,,,,way/311367025,0.85,,
W. Geb.,4,locality,no_match,,,,,,,,,,,,0.00,no gazetteer entry,
Inselwall,4,locality,no_match,osm,52.26781,10.51510,1500,,,,,,,way/39140173,0.30,OSM railway/platform named after the place; 456 km from the entries' other places (0% within 80 km),
Neusiering,4,locality,no_match,,,,,,,,,,,,0.00,not geocoded yet (no Nominatim cache entry),
Ruppelinger Au,4,locality,no_match,,,,,,,,,,,,0.00,no gazetteer entry,
Vorklärteich II,4,locality,no_match,,,,,,,,,,,,0.00,no gazetteer entry,
Werder,4,locality,linked,osm+geonames,52.37874,12.93400,1500,2810945,Werder,P.PPL,DE,11,Q525686,relation/531654,0.95,,
Kanal beim E. W.,4,locality,no_match,,,,,,,,,,,,0.00,no gazetteer entry,
Felsen am Strand,4,locality,no_match,,,,,,,,,,,,0.00,no gazetteer entry,
Villa Elsa,4,locality,no_match,osm,46.80030,11.93813,1500,,,,,,,way/226967222,0.30,OSM building/yes named after the place; 250 km from the entries' other places (0% within 80 km),
Rab,4,locality,review,osm,48.50734,9.04199,1500,,,,,,,way/141527146,0.60,OSM building/industrial named after the place,
Hotel,4,locality,no_match,osm,47.20535,10.14073,1500,,,,,,,way/130286662,0.30,OSM tourism/hotel named after the place; 154 km from the entries' other places (0% within 80 km),
Ičići,4,locality,linked,osm+geonames,45.30722,14.28000,1500,3199174,Ičići,P.PPL,HR,12,Q1422027,relation/18786911,0.95,entry context 0 km (100% of the entries),
Thb.,4,locality,no_match,osm,39.63848,66.95755,1500,,,,,,,node/11999132684,0.30,OSM office/accountant named after the place; 4319 km from the entries' other places (0% within 80 km),
"Ismaninger Speichersee, Becken",4,locality,no_match,,,,,,,,,,,,0.00,no gazetteer entry,
Vorfluter östlich Querdamm,4,locality,no_match,,,,,,,,,,,,0.00,no gazetteer entry,
Vorfluter am OD,4,locality,no_match,,,,,,,,,,,,0.00,no gazetteer entry,
Mittleres Westbecken,4,locality,no_match,,,,,,,,,,,,0.00,not geocoded yet (no Nominatim cache entry),
Vorfluter beim Querdamm,4,locality,no_match,,,,,,,,,,,,0.00,no gazetteer entry,
Landshuter Weiher,4,locality,no_match,,,,,,,,,,,,0.00,no gazetteer entry,
Finninger Allee,4,locality,no_match,,,,,,,,,,,,0.00,no gazetteer entry,
Nordufer des Oberbückinger Beckens,4,locality,no_match,,,,,,,,,,,,0.00,no gazetteer entry,
Nussping,4,locality,no_match,,,,,,,,,,,,0.00,no gazetteer entry,
Vortreichteiche,4,locality,no_match,,,,,,,,,,,,0.00,no gazetteer entry,
Gadenner Moos,4,locality,no_match,,,,,,,,,,,,0.00,not geocoded yet (no Nominatim cache entry),
Hafen von Starnberg,4,locality,no_match,,,,,,,,,,,,0.00,no gazetteer entry,
Flaucherleite,4,locality,no_match,,,,,,,,,,,,0.00,no gazetteer entry,
Getener Moor,4,locality,no_match,,,,,,,,,,,,0.00,no gazetteer entry,
Hirschauer Bucht,4,locality,linked,osm,47.86368,12.51252,2000,,,,,,,node/3667352676,0.85,,
Torbünger Weiher,4,locality,no_match,,,,,,,,,,,,0.00,no gazetteer entry,
Neusohl,4,locality,review,osm,48.99902,13.11648,300,,,,,,Q131191006,node/600212199,0.55,165 km from the entries' other places (0% within 80 km),
Seiberg,4,locality,linked,osm,70.78590,24.58098,300,,,,,,,node/9878280786,0.85,,
Küllberg,4,locality,review,osm+geonames,51.10000,9.61667,500,2882602,Kullberg,T.HLL,DE,05,,node/12828877090,0.65,358 km from the entries' other places (0% within 80 km),
Pfh.,4,locality,no_match,,,,,,,,,,,,0.00,no gazetteer entry,
Waldtrudering,4,locality,linked,osm+geonames,48.10703,11.68813,1000,11610686,Waldtrudering,P.PPLX,DE,02,,node/18586066,0.95,entry context 9 km (100% of the entries),
Ismaning Vortreichteiche,4,locality,no_match,,,,,,,,,,,,0.00,no gazetteer entry,
Kochleite,4,locality,no_match,,,,,,,,,,,,0.00,no gazetteer entry,
Perlaching,4,locality,no_match,,,,,,,,,,,,0.00,no gazetteer entry,
Flaucherwald,4,locality,no_match,,,,,,,,,,,,0.00,no gazetteer entry,
Eitting-Moosburger Speicher,4,locality,no_match,,,,,,,,,,,,0.00,no gazetteer entry,
Fluraue,4,locality,no_match,,,,,,,,,,,,0.00,no gazetteer entry,
Landshuter Stauseen,4,locality,no_match,,,,,,,,,,,,0.00,no gazetteer entry,
Schönbrunner Weiher,4,locality,no_match,,,,,,,,,,,,0.00,no gazetteer entry,
Fürstenau,4,locality,review,osm+geonames,46.72077,9.44850,1500,11614708,Fürstenau,P.PPL,CH,GR,Q64805,relation/1684084,0.65,214 km from the entries' other places (0% within 80 km),
Bad Schmecks,4,locality,no_match,,,,,,,,,,,,0.00,no gazetteer entry,
Schmilka,4,,linked,osm+geonames,50.89190,14.23261,1500,2837731,Schmilka,P.PPL,DE,13,Q2246488,relation/20429523,0.95,entry context 6 km (100% of the entries),
Garching-Steig,4,locality,no_match,,,,,,,,,,,,0.00,no gazetteer entry,
Giesinger Halthaus,4,locality,no_match,,,,,,,,,,,,0.00,no gazetteer entry,
Erding Stausee,4,locality,no_match,,,,,,,,,,,,0.00,no gazetteer entry,
Gmaning,4,locality,no_match,,,,,,,,,,,,0.00,no gazetteer entry,
Langbürger See,4,locality,no_match,,,,,,,,,,,,0.00,not geocoded yet (no Nominatim cache entry),
Breitbrunn am Chiemsee,4,locality,linked,osm+geonames,47.88953,12.40039,1500,2944780,Breitbrunn am Chiemsee,P.PPL,DE,02,Q571432,relation/2186916,0.95,entry context 1 km (100% of the entries),
Auß im Winkel,4,,no_match,,,,,,,,,,,,0.00,no gazetteer entry,
Langbürgener See,4,locality,no_match,,,,,,,,,,,,0.00,not geocoded yet (no Nominatim cache entry),
Starlacking-Kirchlein,4,locality,no_match,,,,,,,,,,,,0.00,no gazetteer entry,
Flutrinne,4,locality,review,osm,50.81585,12.51580,3000,,,,,,,way/200056116,0.55,293 km from the entries' other places (0% within 80 km),
Oberföhringer Stauwehr,4,locality,no_match,,,,,,,,,,,,0.00,no gazetteer entry,
Dünenwiese,4,,no_match,,,,,,,,,,,,0.00,no gazetteer entry,
St. Gilgen,4,,linked,osm+geonames,47.76667,13.36667,2000,2766683,Sankt Gilgen,P.PPLA3,AT,05,Q134292468,relation/12042073,0.95,entry context 4 km (100% of the entries),
St. Wolfgang,4,,no_match,geonames,46.83099,7.18692,1500,7669956,St. Wolfgang,P.PPL,CH,FR,,,0.30,GeoNames primary name match (CH); 477 km from the entries' other places (0% within 80 km),
Attersee,4,locality,linked,osm+geonames,47.91646,13.53953,2000,2782287,Attersee,P.PPLA3,AT,04,Q694546,relation/103018,0.95,entry context 13 km (100% of the entries),
Perl,4,settlement,review,osm+geonames,49.47169,6.38134,2000,2854859,Perl,P.PPLA4,DE,09,Q662505,relation/1184400,0.65,399 km from the entries' other places (0% within 80 km),
Mariannenbrücke,4,locality,linked,osm,48.13504,11.58838,500,,,,,,Q1896945,way/27202337,0.90,OSM highway/path named after the place; entry context 1 km (100% of the entries),
"Ismaning, Springer-Hütte",4,locality,no_match,,,,,,,,,,,,0.00,no gazetteer entry,
Aufkirch,4,locality,linked,osm+geonames,47.91034,10.75390,1500,2954238,Aufkirch,P.PPL,DE,02,Q759759,node/269126761,0.95,,
Futterbrett,4,locality,no_match,,,,,,,,,,,,0.00,no gazetteer entry,
Kleinrain,4,locality,review,osm,50.12708,9.34372,500,,,,,,,relation/17059478,0.55,271 km from the entries' other places (0% within 80 km),
Heiden,4,locality,review,osm+geonames,47.44255,9.53293,1500,2660392,Heiden,P.PPL,CH,AR,Q68315,relation/1683892,0.65,171 km from the entries' other places (0% within 80 km),
Walters Teich,4,locality,no_match,,,,,,,,,,,,0.00,no gazetteer entry,
Pleintingerau,4,locality,no_match,,,,,,,,,,,,0.00,no gazetteer entry,
Kleine Tränke,4,locality,no_match,,,,,,,,,,,,0.00,no gazetteer entry,
Nymphenburger Steig,4,locality,no_match,,,,,,,,,,,,0.00,no gazetteer entry,
Nymphenburger Allee,4,locality,no_match,,,,,,,,,,,,0.00,no gazetteer entry,
Karigsteinwand,4,locality,no_match,,,,,,,,,,,,0.00,no gazetteer entry,
Seeacker Forst,4,locality,no_match,,,,,,,,,,,,0.00,no gazetteer entry,
Bernried Schloßpark,4,locality,no_match,,,,,,,,,,,,0.00,no gazetteer entry,
Schlucht beim Steinbruch,4,locality,no_match,,,,,,,,,,,,0.00,no gazetteer entry,
Dinkelshäuser See,4,locality,no_match,,,,,,,,,,,,0.00,no gazetteer entry,
Ilkahöhe-Waldrand Würmhimmel,4,locality,no_match,,,,,,,,,,,,0.00,no gazetteer entry,
Glockenbachgasse,4,locality,no_match,,,,,,,,,,,,0.00,no gazetteer entry,
Flurleite,4,locality,no_match,,,,,,,,,,,,0.00,no gazetteer entry,
Palschlag,4,locality,no_match,,,,,,,,,,,,0.00,no gazetteer entry,
Henzwald an der Hochleite,4,locality,no_match,,,,,,,,,,,,0.00,no gazetteer entry,
Stöckensteine,4,locality,no_match,,,,,,,,,,,,0.00,no gazetteer entry,
Schlucht beim Stein,4,locality,no_match,,,,,,,,,,,,0.00,no gazetteer entry,
Eber-Villa,4,locality,no_match,,,,,,,,,,,,0.00,no gazetteer entry,
Hausvater,4,locality,review,osm,52.57054,13.54537,1500,,,,,,,way/214715814,0.55,512 km from the entries' other places (0% within 80 km),
Werthle,4,locality,no_match,,,,,,,,,,,,0.00,no gazetteer entry,
Winzerverein-Bau,4,locality,no_match,,,,,,,,,,,,0.00,no gazetteer entry,
Dorfgrund beim Stau,4,locality,no_match,,,,,,,,,,,,0.00,no gazetteer entry,
Münch,4,settlement,linked,osm,50.78321,9.27618,3000,,,,,,Q1958842,relation/14295720,0.85,,
Hans Gimpel,4,locality,no_match,,,,,,,,,,,,0.00,no gazetteer entry,
Feldlerche,4,locality,linked,osm,48.17505,11.78579,1500,,,,,,,node/11099935309,0.90,OSM information/board named after the place; entry context 16 km (100% of the entries),
Stümmermühle,4,locality,no_match,,,,,,,,,,,,0.00,no gazetteer entry,
Hochschule,4,locality,no_match,osm,48.78262,9.19386,1500,,,,,,Q122903875,way/31464591,0.30,OSM building/university named after the place; 190 km from the entries' other places (0% within 80 km),
Königsring,4,locality,no_match,osm,52.00243,7.27653,1500,,,,,,,node/8464010918,0.30,OSM emergency/access_point named after the place; 235 km from the entries' other places (0% within 80 km),
Flachlehne,4,locality,no_match,,,,,,,,,,,,0.00,no gazetteer entry,
Pfarrer,4,locality,linked,osm,48.21965,11.55790,1500,,,,,,,way/144518767,0.90,OSM landuse/grass named after the place; entry context 29 km (100% of the entries),
Hofstattbrücke,4,locality,no_match,,,,,,,,,,,,0.00,no gazetteer entry,
Talsperre Pirk,4,locality,review,osm+geonames,50.42225,12.12205,1000,2853594,Talsperre Pirk,H.RSV,DE,13,Q2390916,relation/3633598,0.65,286 km from the entries' other places (0% within 80 km),
Seepromenade,4,locality,linked,osm,47.99282,11.33925,800,,,,,,,way/27756027,0.95,entry context 10 km (100% of the entries),
Pratnau - Frommholz,4,locality,no_match,,,,,,,,,,,,0.00,no gazetteer entry,
Kirche Tutzing,4,locality,no_match,,,,,,,,,,,,0.00,no gazetteer entry,
Lauben,4,locality,linked,osm+geonames,48.05928,10.29014,2000,2880280,Lauben,P.PPLA4,DE,02,Q705720,relation/958249,0.95,entry context 4 km (100% of the entries),
St. Cosmas,3,locality,no_match,,,,,,,,,,,,0.00,not geocoded yet (no Nominatim cache entry),
Eggenthal,3,locality,linked,osm+geonames,47.91667,10.51667,2000,2933099,Eggenthal,P.PPLA4,DE,02,Q516289,relation/445500,0.95,entry context 2 km (100% of the entries),
Rauchmühle,3,locality,linked,osm,50.70429,8.64761,300,,,,,,,node/2919045554,0.85,,
Biesenhofen,3,,no_match,,,,,,,,,,,,0.00,not geocoded yet (no Nominatim cache entry),
Rauhebronn,3,settlement,no_match,,,,,,,,,,,,0.00,no gazetteer entry,
Herzoganlagen,3,,no_match,,,,,,,,,,,,0.00,no gazetteer entry,
Hölzchen,3,locality,review,osm+geonames,50.07972,6.31092,1500,2899963,Hölzchen,P.PPL,DE,08,Q1644121,node/1662929232,0.65,308 km from the entries' other places (0% within 80 km),
Blöcktach,3,locality,linked,osm+geonames,47.88699,10.51422,1500,3205514,Blöcktach,P.PPL,DE,02,,node/312806234,0.95,entry context 2 km (100% of the entries),
Industriegleis von Maffei,3,locality,no_match,,,,,,,,,,,,0.00,no gazetteer entry,
Gennachbaurer Moor,3,locality,no_match,,,,,,,,,,,,0.00,no gazetteer entry,
Hirschzeller Kettenwand,3,locality,no_match,,,,,,,,,,,,0.00,not geocoded yet (no Nominatim cache entry),
Heimhalde,3,locality,no_match,,,,,,,,,,,,0.00,no gazetteer entry,
Salmannshofen,3,locality,linked,osm+geonames,48.49347,10.76070,1500,2842240,Salmannshofen,P.PPL,DE,02,,node/241115209,0.95,,
Wiedbach,3,locality,linked,osm,50.77177,11.45680,1500,,,,,,,way/849189446,0.85,,
Märzisried,3,,linked,geonames,47.85708,10.59675,1500,2873057,Märzisried,P.PPL,DE,02,,,0.95,GeoNames primary name match (DE); entry context 2 km (100% of the entries),
Gemarkhausen,3,locality,no_match,,,,,,,,,,,,0.00,no gazetteer entry,
Gönnebach,3,locality,no_match,,,,,,,,,,,,0.00,not geocoded yet (no Nominatim cache entry),
Gemarkbäume,3,locality,no_match,,,,,,,,,,,,0.00,no gazetteer entry,
Dietrichloh,3,locality,no_match,,,,,,,,,,,,0.00,no gazetteer entry,
Heimen,3,,linked,osm+geonames,47.62226,10.63697,1500,2907404,Heimen,P.PPL,DE,02,Q127274461,node/988176149,0.95,entry context 7 km (100% of the entries),
Kirchbruchstelle,3,locality,no_match,,,,,,,,,,,,0.00,no gazetteer entry,
Osthang,3,locality,linked,osm,48.09271,11.42024,500,,,,,,,node/1701673577,0.85,,
Rauchturm,3,locality,review,osm,49.04599,11.35615,1500,,,,,,Q98626902,way/204613732,0.60,OSM man_made/tower named after the place,
Buckstetten,3,locality,no_match,,,,,,,,,,,,0.00,not geocoded yet (no Nominatim cache entry),
Krigern-Koppenau,3,,no_match,,,,,,,,,,,,0.00,no gazetteer entry,
Rattenberg,3,locality,linked,osm+geonames,47.43941,11.89407,2000,2767902,Rattenberg,P.PPLA3,AT,07,Q261778,relation/408174,0.95,entry context 2 km (50% of the entries),
Hirschzeller Halde,3,locality,no_match,,,,,,,,,,,,0.00,no gazetteer entry,
Dießener Bucht,3,locality,no_match,,,,,,,,,,,,0.00,no gazetteer entry,
Kasten,3,locality,linked,osm+geonames,47.93333,13.66667,1500,2774645,Kasten,P.PPL,AT,04,,node/240070475,0.95,,
Kaiwald,3,locality,no_match,,,,,,,,,,,,0.00,not geocoded yet (no Nominatim cache entry),
Krottenhill,3,locality,linked,osm+geonames,47.79763,10.75787,1500,2883534,Krottenhill,P.PPL,DE,02,,node/307765832,0.95,entry context 3 km (100% of the entries),
Jüngach,3,,no_match,,,,,,,,,,,,0.00,no gazetteer entry,
Kortach,3,locality,no_match,osm,50.45820,20.71830,1500,,,,,,,way/330114217,0.30,OSM amenity/bar named after the place; 792 km from the entries' other places (0% within 80 km),
Elbufer,3,locality,no_match,,,,,,,,,,,,0.00,no gazetteer entry,
Rietnauer See,3,locality,no_match,,,,,,,,,,,,0.00,no gazetteer entry,
Grönenbach,3,locality,linked,osm+geonames,47.87714,10.22207,1500,2917126,Bad Grönenbach,P.PPL,DE,02,Q550231,relation/958686,0.95,entry context 12 km (100% of the entries),
Illertissen,3,locality,linked,osm+geonames,48.22336,10.10347,1500,2896546,Illertissen,P.PPL,DE,02,Q503295,relation/941089,0.95,entry context 11 km (100% of the entries),
Au an der Iller,3,locality,no_match,,,,,,,,,,,,0.00,no gazetteer entry,
Gerhausen,3,locality,linked,osm+geonames,48.39815,9.80049,1000,2921114,Gerhausen,P.PPLX,DE,01,Q48703110,relation/14648,0.95,entry context 2 km (100% of the entries),
Astrang am Elten,3,locality,no_match,,,,,,,,,,,,0.00,no gazetteer entry,
Gestratz,3,locality,linked,osm+geonames,47.65000,9.98333,2000,2920796,Gestratz,P.PPLA4,DE,02,Q552419,relation/959863,0.95,entry context 3 km (100% of the entries),
Dresden,3,,linked,osm+geonames,51.05089,13.73832,5000,2935022,Dresden,P.PPLA,DE,13,Q1731,relation/191645,0.95,,
Halden,3,,linked,geonames,47.58292,10.53982,1500,2911614,Halden,P.PPL,DE,02,Q126616128,,0.95,GeoNames primary name match (DE); entry context 10 km (100% of the entries),
Auen am Wehr,3,locality,no_match,,,,,,,,,,,,0.00,no gazetteer entry,
Schramm-Ried,3,,no_match,,,,,,,,,,,,0.00,no gazetteer entry,
Sug,3,locality,no_match,geonames,52.08200,-3.68700,300,6953669,Sugar Loaf Railway Station,S.RSTN,GB,WLS,,,0.20,GeoNames contains name match (GB); 960 km from the entries' other places (0% within 80 km),
Kaufmann,3,settlement,review,osm,48.36845,10.89571,1500,,,,,,,node/11623628805,0.45,OSM amenity/cafe named after the place,
Enzenstetten,3,locality,linked,osm+geonames,47.63356,10.59877,1500,2929909,Enzenstetten,P.PPL,DE,02,Q126916909,node/1096223064,0.95,entry context 2 km (100% of the entries),
Bunden,3,locality,review,osm,46.50545,7.59866,500,,,,,,,node/7147478046,0.55,254 km from the entries' other places (0% within 80 km),
Zürichsee,3,locality,linked,osm+geonames,47.23129,8.70336,1000,2657892,Zürichsee,H.LK,CH,00,Q14407,relation/32362,0.95,entry context 19 km (100% of the entries),
Luchsingen,3,,linked,osm+geonames,46.96640,9.03715,1500,2659839,Luchsingen,P.PPL,CH,GL,Q659932,node/32863352,0.95,entry context 2 km (100% of the entries),
St. Gallen,3,,linked,osm+geonames,47.42391,9.37477,5000,2658822,Sankt Gallen,P.PPLA,CH,SG,Q661143,relation/1687161,0.95,entry context 9 km (100% of the entries),
Kaufungen,3,settlement,linked,osm+geonames,51.28111,9.61861,2000,3336895,Kaufungen,P.PPLA4,DE,05,Q564457,relation/1115036,0.80,"far from most of the entries' other places (0% within 80 km, nearest 81 km)",
Thayngen,3,locality,linked,osm+geonames,47.74717,8.70724,3000,2658387,Thayngen,P.PPLA2,CH,SH,Q69152,relation/1683713,0.95,entry context 8 km (100% of the entries),
Enge,3,locality,linked,osm+geonames,47.36050,8.53127,1000,6295496,Zürich (Kreis 2) / Enge,P.PPLX,CH,ZH,Q648218,relation/1693214,0.95,entry context 36 km (100% of the entries),
Kloten,3,locality,linked,osm+geonames,47.45152,8.58491,1500,2660127,Kloten,P.PPL,CH,ZH,Q68165,relation/1682154,0.95,entry context 10 km (100% of the entries),
Innerboden,3,locality,review,geonames,47.08333,9.88333,1500,2778872,Gantschier,P.PPL,AT,08,,,0.40,GeoNames alternate name match (AT),
Linthschlucht,3,locality,linked,osm,46.87267,8.98259,500,,,,,,,node/5525643570,0.95,entry context 6 km (100% of the entries),
Pantenbrücke,3,locality,linked,osm,46.86892,8.98188,500,,,,,,Q2049850,way/165573661,0.90,OSM highway/track named after the place; entry context 6 km (100% of the entries),
Kaufering,3,,linked,osm+geonames,48.09121,10.87913,2000,2892078,Kaufering,P.PPLA4,DE,02,Q339918,relation/936640,0.95,entry context 13 km (50% of the entries),
Jengen,3,,linked,osm+geonames,47.99934,10.72575,2000,2895034,Jengen,P.PPLA4,DE,02,Q513796,relation/443030,0.95,entry context 4 km (100% of the entries),
Fuchssee,3,locality,review,osm,47.19135,13.53719,1000,,,,,,,way/105875031,0.55,229 km from the entries' other places (0% within 80 km),
Schwabsoien,3,locality,linked,osm+geonames,47.83333,10.83333,2000,2835470,Schwabsoien,P.PPLA4,DE,02,Q513143,relation/936731,0.95,entry context 3 km (100% of the entries),
Ilgen,3,,linked,osm,47.71962,10.88852,500,,,,,,,node/618306988,0.95,entry context 3 km (100% of the entries),
Rauterwald,3,locality,no_match,,,,,,,,,,,,0.00,no gazetteer entry,
Heßling,3,locality,review,osm,48.99965,12.39242,1500,,,,,,,node/8921485173,0.60,OSM amenity/veterinary named after the place; named after a settlement elsewhere; not confirmed by context (28 km),
Breitenbrunn,3,locality,linked,osm+geonames,50.02302,11.98806,1500,2944631,Breitenbrunn,P.PPL,DE,02,Q19962083,node/273094430,0.95,,
Zwiefaltendorf,3,,linked,osm+geonames,48.21484,9.51764,1500,2803543,Zwiefaltendorf,P.PPL,DE,01,Q48977729,relation/88579,0.95,entry context 4 km (100% of the entries),
Ehrenfels,3,,linked,osm,48.27007,9.45018,200,,,,,,Q2175172,way/446550409,0.95,entry context 2 km (33% of the entries),
Ramsauer Stein,3,locality,no_match,,,,,,,,,,,,0.00,no gazetteer entry,
Karwendeltal,3,,linked,osm,47.43106,11.35300,5000,,,,,,Q25712276,way/660104912,0.95,entry context 8 km (50% of the entries),
Biesenhofer,3,locality,no_match,,,,,,,,,,,,0.00,not geocoded yet (no Nominatim cache entry),
Gennach-Säge,3,locality,no_match,,,,,,,,,,,,0.00,no gazetteer entry,
Bannoder Weiher,3,locality,no_match,,,,,,,,,,,,0.00,no gazetteer entry,
Agbach,3,locality,review,osm,49.05921,11.36671,1500,,,,,,,way/54173540,0.55,164 km from the entries' other places (0% within 80 km),
Brenner,3,,linked,osm+geonames,47.00571,11.50633,1500,3181570,Brennero,P.PPL,IT,17,Q33426098,node/64777007,0.95,entry context 30 km (50% of the entries),
Bozen,3,,linked,osm+geonames,46.49067,11.33982,3000,3181913,Bolzano,P.PPLA2,IT,17,Q6526,relation/47207,0.95,,
Pascha Kyria,3,locality,no_match,,,,,,,,,,,,0.00,no gazetteer entry,
Vathy,3,locality,linked,osm,38.66306,20.78496,1000,,,,,,Q21556297,node/792918664,0.95,entry context 2 km (100% of the entries),
Kap Stawro-Limeni,3,locality,no_match,,,,,,,,,,,,0.00,no gazetteer entry,
Oxia,3,locality,no_match,geonames,40.24265,20.81885,1500,734853,Oxyá,P.PPL,GR,ESYE21,,,0.10,GeoNames alternate name match (GR); 271 km from the entries' other places (0% within 80 km),
Spartila,3,locality,linked,osm,39.28467,20.35850,500,,,,,,,way/181465291,0.85,,
Episkepsis,3,locality,review,geonames,39.75973,19.81668,1500,2463736,Epískepsi,P.PPL,GR,ESYE22,,,0.55,GeoNames contains name match (GR),
Nymphensee,3,locality,review,osm,48.79736,9.20324,1500,,,,,,,relation/19775922,0.55,190 km from the entries' other places (0% within 80 km),
Hörmanshofen,3,,linked,geonames,47.82386,10.65118,1500,2898966,Hörmanshofen,P.PPL,DE,02,Q18287572,,0.95,GeoNames primary name match (DE); entry context 5 km (100% of the entries),
Heuberg,3,,linked,osm+geonames,48.10000,8.91667,2000,2905088,Heuberg,T.UPLD,DE,01,Q1548700,node/9719940148,0.95,entry context 29 km (50% of the entries),
Gernszügen,3,settlement,no_match,,,,,,,,,,,,0.00,no gazetteer entry,
Märzenebene,3,locality,no_match,,,,,,,,,,,,0.00,no gazetteer entry,
Hals,3,locality,linked,osm+geonames,48.59044,13.46386,1500,2911447,Hals,P.PPL,DE,02,Q263247,node/63522817,0.95,entry context 4 km (100% of the entries),
Loisach-Altwasser,3,locality,no_match,,,,,,,,,,,,0.00,no gazetteer entry,
Galgensee,3,locality,linked,osm+geonames,47.79657,10.67241,1000,2922881,Galgensee,H.LK,DE,02,Q32022426,way/171225098,0.95,entry context 2 km (100% of the entries),
Weiher des Elektrizitätswerkes,3,locality,no_match,,,,,,,,,,,,0.00,no gazetteer entry,
Schleiern,3,settlement,no_match,,,,,,,,,,,,0.00,no gazetteer entry,
Märzhalde,3,locality,review,osm,48.70515,9.12216,300,,,,,,,way/26478414,0.45,"OSM highway/footway named after the place; far from most of the entries' other places (0% within 80 km, nearest 144 km)",
Kirchbichl,3,locality,linked,osm+geonames,47.79955,11.57487,1500,2890643,Kirchbichl,P.PPL,DE,02,Q57776252,node/260630081,0.95,entry context 8 km (100% of the entries),
Achsen-Mündung,3,locality,no_match,,,,,,,,,,,,0.00,not geocoded yet (no Nominatim cache entry),
Krottmühle,3,locality,no_match,,,,,,,,,,,,0.00,no gazetteer entry,
Krottensee,3,locality,linked,osm+geonames,47.75491,12.76553,500,2883525,Krottensee,H.PND,DE,02,Q86835676,way/40791339,0.95,entry context 39 km (100% of the entries),
Ratzinger Höhe,3,locality,linked,osm+geonames,47.87127,12.29882,500,7645292,Ratzinger Höhe,T.MT,DE,02,Q31559255,node/360170526,0.95,,
Finstermühle,3,settlement,linked,osm+geonames,49.62116,11.55213,1500,2926677,Finstermühle,P.PPL,DE,02,Q1418370,node/5330029754,0.95,,
Dießinger Bucht,3,locality,no_match,,,,,,,,,,,,0.00,no gazetteer entry,
Schralling,3,locality,linked,osm+geonames,47.86957,12.26311,1500,2836206,Schralling,P.PPL,DE,02,,way/793280439,0.95,,
Ernkamm,3,locality,no_match,,,,,,,,,,,,0.00,no gazetteer entry,
Talstation der Zugspitzbahn,3,,no_match,,,,,,,,,,,,0.00,no gazetteer entry,
Holzleiten,3,locality,linked,geonames,47.31667,10.88333,1500,2775563,Holzleiten,P.PPL,AT,07,,,0.90,GeoNames primary name match (AT); entry context 4 km (100% of the entries),
Hall in Tirol,3,locality,linked,osm+geonames,47.28333,11.51667,2000,2764958,Hall in Tirol,P.PPLA3,AT,07,Q302745,relation/943445,0.95,entry context 2 km (100% of the entries),
Leithen,3,locality,linked,osm+geonames,47.76373,10.98034,1500,2879016,Leithen,P.PPL,DE,02,,way/102893405,0.95,,
Großdingharting,3,locality,linked,osm+geonames,47.98067,11.52071,1500,2916862,Großdingharting,P.PPL,DE,02,Q27918408,node/1672238590,0.95,entry context 1 km (100% of the entries),
Bahnkörper,3,locality,no_match,,,,,,,,,,,,0.00,no gazetteer entry,
Bogenhausener Brücke,3,,no_match,,,,,,,,,,,,0.00,not geocoded yet (no Nominatim cache entry),
Maisinger See Damm,3,locality,no_match,,,,,,,,,,,,0.00,no gazetteer entry,
Argelsried,3,,linked,osm+geonames,48.10845,11.30053,1500,2955617,Argelsried,P.PPL,DE,02,Q105838436,node/1700541689,0.95,entry context 0 km (100% of the entries),
Fröking,3,settlement,no_match,,,,,,,,,,,,0.00,not geocoded yet (no Nominatim cache entry),
Pöckinger Viehalpe,3,,no_match,,,,,,,,,,,,0.00,no gazetteer entry,
Fischalpe,3,locality,no_match,,,,,,,,,,,,0.00,no gazetteer entry,
Westrand,3,,review,osm,48.65852,9.05391,500,,,,,,,way/302579903,0.55,283 km from the entries' other places (0% within 80 km),
Partenen,3,,linked,geonames,46.96667,10.05000,1500,2769232,Partenen,P.PPL,AT,08,,,0.90,GeoNames primary name match (AT); entry context 3 km (100% of the entries),
Steinau,3,locality,linked,osm,48.16816,12.31486,300,,,,,,,node/2402170420,0.85,,
Picknick-Weiher,3,,no_match,,,,,,,,,,,,0.00,no gazetteer entry,
Speicherweiher,3,locality,no_match,,,,,,,,,,,,0.00,no gazetteer entry,
Jägerbrünner Moos,3,locality,no_match,,,,,,,,,,,,0.00,not geocoded yet (no Nominatim cache entry),
Utrecht,3,locality,linked,osm+geonames,52.09083,5.12222,5000,2745912,Utrecht,P.PPLA,NL,09,Q803,relation/419203,0.95,entry context 35 km (100% of the entries),
Jardin des Plantes,3,,linked,osm+geonames,48.84365,2.35833,800,6452789,Jardin des plantes,L.PRK,FR,11,Q730948,way/4221369,0.95,entry context 1 km (100% of the entries),
Antworing,3,,no_match,,,,,,,,,,,,0.00,no gazetteer entry,
Antwing,3,,no_match,,,,,,,,,,,,0.00,no gazetteer entry,
Fridingen,3,settlement,linked,osm+geonames,48.01955,8.92322,1500,2924820,Fridingen an der Donau,P.PPL,DE,01,Q506549,relation/1231980,0.95,,
Unteringer Moore,3,locality,no_match,,,,,,,,,,,,0.00,no gazetteer entry,
Galler-Weiher,3,,no_match,,,,,,,,,,,,0.00,not geocoded yet (no Nominatim cache entry),
Isarstauweiher,3,locality,no_match,,,,,,,,,,,,0.00,no gazetteer entry,
Treuchtlingen,3,,linked,osm+geonames,48.95473,10.90833,1500,2821254,Treuchtlingen,P.PPL,DE,02,Q252466,relation/1015144,0.95,entry context 28 km (33% of the entries),
Argels,3,,review,osm,-20.17387,-40.86195,1500,,,,,,,node/7010961599,0.55,9169 km from the entries' other places (0% within 80 km),
Stocking,3,locality,review,osm,47.74577,12.63578,500,,,,,,,node/1271026018,0.70,"far from most of the entries' other places (0% within 80 km, nearest 100 km)",
Rügen,3,region,linked,osm+geonames,54.41667,13.40000,2000,2843325,Rügen Island,T.ISL,DE,12,Q3237,relation/1434381,0.95,,
Piesewitz,3,locality,no_match,,,,,,,,,,,,0.00,no gazetteer entry,
Ankering,3,locality,no_match,,,,,,,,,,,,0.00,no gazetteer entry,
Anteringer Sumpf,3,locality,no_match,,,,,,,,,,,,0.00,not geocoded yet (no Nominatim cache entry),
See-Büchel,3,locality,no_match,,,,,,,,,,,,0.00,no gazetteer entry,
Jägersteig,3,,review,osm,49.36216,12.49440,500,,,,,,,node/2418045679,0.70,"far from most of the entries' other places (0% within 80 km, nearest 139 km)",
Angermünde,3,locality,review,osm+geonames,53.01499,13.99924,1500,2956093,Angermünde,P.PPL,DE,11,Q490066,relation/1334084,0.65,482 km from the entries' other places (0% within 80 km),
Wicking,3,locality,no_match,osm,48.00306,11.16605,1500,,,,,,,way/1428512139,0.30,OSM railway/funicular named after the place; 165 km from the entries' other places (0% within 80 km),
Immenhofen,3,,linked,osm+geonames,47.80449,10.58544,1500,2896276,Immenhofen,P.PPL,DE,02,Q57378766,node/276659762,0.95,,
Höllental-Klamm,3,locality,linked,geonames,47.44585,11.03903,2000,2900506,Höllental Klamm,T.GRGE,DE,02,Q49342940,,0.95,GeoNames primary name match (DE); entry context 6 km (100% of the entries),
Hammersbach,3,,linked,osm+geonames,47.46701,11.04809,1500,2911101,Hammersbach,P.PPL,DE,02,Q1320680,way/633088806,0.95,entry context 4 km (100% of the entries),
Gmünd,3,locality,review,osm+geonames,47.75119,11.73810,1500,2919717,Gmund am Tegernsee,P.PPL,DE,02,Q31662,relation/935953,0.65,425 km from the entries' other places (0% within 80 km),
Seebrückli,3,locality,no_match,,,,,,,,,,,,0.00,no gazetteer entry,
Hofstetten,3,locality,linked,osm+geonames,48.00847,10.97114,2000,2902371,Hofstetten,P.PPLA4,DE,02,Q513853,relation/933963,0.95,,
Sankt Blasiuskirche,3,locality,review,osm,48.38516,9.29696,1500,,,,,,,way/31830084,0.45,"OSM amenity/place_of_worship named after the place; far from most of the entries' other places (0% within 80 km, nearest 113 km)",
Wartbeurer Alpe,3,locality,no_match,,,,,,,,,,,,0.00,no gazetteer entry,
Ismaninger Kanal Station,3,locality,no_match,,,,,,,,,,,,0.00,no gazetteer entry,
Vordere Hängenburg,3,locality,no_match,,,,,,,,,,,,0.00,no gazetteer entry,
Burkstetten,3,,no_match,,,,,,,,,,,,0.00,no gazetteer entry,
Badekütten,3,locality,no_match,,,,,,,,,,,,0.00,no gazetteer entry,
Schleusenanlage,3,locality,no_match,osm,49.11329,7.06764,1500,,,,,,,node/11147754166,0.30,OSM tourism/attraction named after the place; 335 km from the entries' other places (0% within 80 km),
Moiringer See,3,locality,no_match,,,,,,,,,,,,0.00,no gazetteer entry,
Polling,3,,linked,osm+geonames,47.81102,11.13241,2000,2852841,Polling,P.PPLA4,DE,02,Q262147,relation/936945,0.95,entry context 4 km (100% of the entries),
Finsingermoos,3,locality,linked,osm,48.24193,11.76055,500,,,,,,Q135486078,node/13124079418,0.95,entry context 6 km (100% of the entries),
Freibad Tutzing,3,,no_match,,,,,,,,,,,,0.00,no gazetteer entry,
Frankfurt am Main,3,locality,linked,osm+geonames,50.11552,8.68417,2000,2925533,Frankfurt am Main,P.PPLA3,DE,05,Q1794,relation/62400,0.95,,
Norddamm des Ostbeckens,3,locality,no_match,,,,,,,,,,,,0.00,no gazetteer entry,
Bad Kreuth,3,locality,no_match,,,,,,,,,,,,0.00,no gazetteer entry,
Irschenhausen,3,locality,linked,osm+geonames,47.96774,11.43530,1500,2895749,Irschenhausen,P.PPL,DE,02,Q55352196,node/1937965744,0.95,entry context 2 km (100% of the entries),
Blasiusberg,3,locality,linked,osm,47.25089,11.32493,300,,,,,,,node/13641113812,0.85,,
Aichauren,3,locality,no_match,,,,,,,,,,,,0.00,no gazetteer entry,
Teichgelände,3,,review,osm,51.53475,14.55590,1500,,,,,,Q439519,way/1518903932,0.55,421 km from the entries' other places (0% within 80 km),
Dietrich-Weiher,3,locality,no_match,,,,,,,,,,,,0.00,no gazetteer entry,
Themse,3,,linked,osm,51.55755,-0.78140,3000,,,,,,Q19686,relation/2263653,0.95,entry context 39 km (50% of the entries),
Whipsnade,3,locality,linked,osm+geonames,51.85128,-0.53446,1500,2634149,Whipsnade,P.PPL,GB,ENG,Q1519560,relation/4045736,0.95,entry context 11 km (100% of the entries),
Forstweite,3,locality,no_match,,,,,,,,,,,,0.00,no gazetteer entry,
Pürking,3,settlement,no_match,,,,,,,,,,,,0.00,no gazetteer entry,
Maisinger See Einlauf,3,locality,no_match,,,,,,,,,,,,0.00,no gazetteer entry,
Pichlwiese,3,locality,review,osm,46.38809,11.40776,500,,,,,,,node/6544165196,0.55,177 km from the entries' other places (0% within 80 km),
Dickmich-Weiher,3,locality,no_match,,,,,,,,,,,,0.00,no gazetteer entry,
Schermy moor,3,locality,no_match,,,,,,,,,,,,0.00,no gazetteer entry,
Seedamm,3,,review,osm,48.69360,8.76623,500,,,,,,,node/10075273460,0.55,220 km from the entries' other places (0% within 80 km),
Finsinger Allee,3,,no_match,,,,,,,,,,,,0.00,not geocoded yet (no Nominatim cache entry),
Rothenstadt,3,settlement,linked,osm+geonames,49.63128,12.13869,1500,2843983,Rothenstadt,P.PPL,DE,02,Q1374554,node/1029211986,0.95,entry context 5 km (100% of the entries),
Silbermoos,3,locality,review,osm,46.78413,7.57249,500,,,,,,,node/12541076115,0.55,466 km from the entries' other places (0% within 80 km),
Meiringer Schlucht,3,locality,no_match,,,,,,,,,,,,0.00,not geocoded yet (no Nominatim cache entry),
Naturschutzgebiet,3,locality,linked,osm,47.43301,9.32425,1500,,,,,,,way/399358146,0.85,,
Dietramszell,3,,linked,osm+geonames,47.84871,11.59530,2000,2937073,Dietramszell,P.PPLA4,DE,02,Q506523,relation/935150,0.95,entry context 5 km (100% of the entries),
Gadenau,3,locality,no_match,,,,,,,,,,,,0.00,no gazetteer entry,
Hildesheim,3,locality,linked,osm+geonames,52.15077,9.95112,2000,2904789,Hildesheim,P.PPLA3,DE,06,Q3185,relation/1176503,0.95,entry context 21 km (100% of the entries),
Baden,3,route,linked,osm+geonames,47.47333,8.30592,3000,2661646,Baden,P.PPLA2,CH,AG,Q63939,relation/1684261,0.95,,
Orival,3,locality,linked,osm+geonames,49.31280,0.99750,1500,2989326,Orival,P.PPL,FR,28,Q782194,relation/132407,0.95,entry context 16 km (100% of the entries),
Achenwald,3,locality,linked,osm+geonames,47.56667,11.66667,1500,2783026,Achenwald,P.PPL,AT,07,,node/11191603198,0.95,entry context 5 km (50% of the entries),
Finkleralm,3,locality,no_match,,,,,,,,,,,,0.00,not geocoded yet (no Nominatim cache entry),
Walleralm,3,locality,linked,osm,47.55059,12.20529,500,,,,,,,way/146363919,0.90,OSM highway/track named after the place; entry context 2 km (100% of the entries),
Badstein,3,locality,no_match,osm,48.24573,10.39124,1500,,,,,,,node/2985734323,0.30,OSM information/board named after the place; 157 km from the entries' other places (0% within 80 km),
Oberbeurer Steig,3,locality,no_match,,,,,,,,,,,,0.00,not geocoded yet (no Nominatim cache entry),
Salem,3,locality,linked,osm+geonames,47.76258,9.29031,2000,6639586,Salem,P.PPLA4,DE,01,Q557718,relation/2806603,0.95,entry context 5 km (100% of the entries),
Heiligenberg,3,locality,linked,osm+geonames,47.82094,9.31280,2000,2907616,Heiligenberg,P.PPLA4,DE,01,Q509155,relation/2806599,0.95,entry context 7 km (100% of the entries),
Birnau,3,,linked,osm,47.89925,12.95519,300,,,,,,,node/11805387266,0.95,entry context 27 km (50% of the entries),
Post,3,,review,osm,48.11147,11.50263,1500,,,,,,,node/1714858034,0.60,OSM amenity/post_office named after the place; named after a settlement elsewhere; not confirmed by context (6 km),
Hartheim,3,locality,linked,osm+geonames,47.93333,7.63333,2000,2910108,Hartheim,P.PPLA4,DE,01,Q165607,relation/1959389,0.95,entry context 16 km (100% of the entries),
Ittendorf,3,locality,linked,osm+geonames,47.70064,9.33828,1500,2895591,Ittendorf,P.PPL,DE,01,Q47501740,relation/2782270,0.95,entry context 3 km (100% of the entries),
München-Laim,3,settlement,no_match,,,,,,,,,,,,0.00,no gazetteer entry,
Soila-See,3,locality,no_match,,,,,,,,,,,,0.00,no gazetteer entry,
Laber,3,,linked,osm+geonames,47.58583,11.10306,300,6939983,Laber,T.PK,DE,02,Q1799411,node/452941377,0.95,entry context 3 km (100% of the entries),
Zicker Berge,3,locality,no_match,,,,,,,,,,,,0.00,no gazetteer entry,
Giebelhaus-Tal,3,region,no_match,,,,,,,,,,,,0.00,no gazetteer entry,
Dorfdamm,3,locality,no_match,,,,,,,,,,,,0.00,no gazetteer entry,
Graswang,3,,linked,osm+geonames,47.57279,11.02593,1500,2917958,Graswang,P.PPL,DE,02,Q14210288,node/277739502,0.95,entry context 4 km (50% of the entries),
Schwaigenbach,3,,no_match,,,,,,,,,,,,0.00,no gazetteer entry,
Graswang-Tal,3,locality,no_match,,,,,,,,,,,,0.00,not geocoded yet (no Nominatim cache entry),
Beobachtungsturm,3,locality,linked,osm,49.68650,11.56591,1500,,,,,,,way/1279852670,0.90,OSM man_made/tower named after the place; entry context 32 km (50% of the entries),
Kainzenbad,3,locality,linked,osm+geonames,47.48298,11.11672,300,11974357,Kainzenbad,S.RSTN,DE,02,,node/8686172044,0.95,entry context 2 km (50% of the entries),
Gürkkanal,3,locality,no_match,,,,,,,,,,,,0.00,no gazetteer entry,
Günding,3,locality,linked,osm+geonames,48.25668,11.39411,1500,2913668,Günding,P.PPL,DE,02,Q1560204,node/272504224,0.95,entry context 19 km (100% of the entries),
Hapberg,3,locality,review,osm+geonames,47.86236,11.27755,1500,2910740,Hapberg,P.PPL,DE,02,,node/3355557740,0.65,167 km from the entries' other places (0% within 80 km),
Wolfshäger Weiher,3,locality,no_match,,,,,,,,,,,,0.00,no gazetteer entry,
Bernhaupt,3,,no_match,osm,48.38535,16.19915,1500,,,,,,,way/433010190,0.30,OSM shop/tyres named after the place; 251 km from the entries' other places (0% within 80 km),
Vorflärteich,3,locality,no_match,,,,,,,,,,,,0.00,not geocoded yet (no Nominatim cache entry),
Isar-Ufer,3,,no_match,,,,,,,,,,,,0.00,no gazetteer entry,
Eckturm,3,locality,linked,osm,50.86289,14.23008,300,,,,,,,node/8483692934,0.85,,
Horst,3,,linked,osm+geonames,50.18915,9.38435,500,2857116,Horst,T.MT,DE,05,Q1629108,node/372791660,0.80,"far from most of the entries' other places (0% within 80 km, nearest 145 km)",
Faulenbach,3,,linked,osm+geonames,47.56542,10.69171,1500,2953461,Bad Faulenbach,P.PPL,DE,02,Q1398411,relation/18240767,0.95,entry context 1 km (100% of the entries),
Isar bei der Maximilianskirche,3,locality,no_match,,,,,,,,,,,,0.00,no gazetteer entry,
Hammerstein,3,settlement,linked,osm+geonames,47.76083,12.29611,300,6940155,Hammerstein,T.PK,DE,02,Q31559045,node/1406919071,0.80,,
Widdersberg,3,locality,linked,osm+geonames,48.01617,11.19925,1500,2809715,Widdersberg,P.PPL,DE,02,Q2567746,node/1700541736,0.95,entry context 1 km (100% of the entries),
Neunau,3,locality,no_match,,,,,,,,,,,,0.00,no gazetteer entry,
Sankt Heinrich,3,locality,linked,geonames,47.82469,11.33762,1500,2841605,Sankt Heinrich,P.PPL,DE,02,Q14220821,,0.95,GeoNames primary name match (DE); entry context 3 km (100% of the entries),
Giesinger Berg,3,locality,linked,osm,48.11724,11.57693,500,,,,,,,way/255725473,0.90,OSM highway/path named after the place; entry context 2 km (100% of the entries),
Münchner Tierpark Hellabrunn,3,locality,no_match,,,,,,,,,,,,0.00,not geocoded yet (no Nominatim cache entry),
Parkacker Forst,3,locality,no_match,,,,,,,,,,,,0.00,no gazetteer entry,
Saalbrücke,3,locality,no_match,,,,,,,,,,,,0.00,no gazetteer entry,
Farkaspark,3,locality,no_match,,,,,,,,,,,,0.00,no gazetteer entry,
Aschheim,3,locality,linked,osm+geonames,48.17112,11.71675,2000,2955159,Aschheim,P.PPLA4,DE,02,Q503747,relation/2168238,0.95,entry context 5 km (100% of the entries),
Laimeranger,3,locality,no_match,,,,,,,,,,,,0.00,no gazetteer entry,
Jagdmuseum Nymphenburg,3,locality,no_match,,,,,,,,,,,,0.00,no gazetteer entry,
Saatkrähenkolonie,3,,no_match,,,,,,,,,,,,0.00,not geocoded yet (no Nominatim cache entry),
Geretsried,3,,linked,osm+geonames,47.85775,11.48054,1500,2921139,Geretsried,P.PPL,DE,02,Q504780,relation/935148,0.95,entry context 6 km (100% of the entries),
Sankt-Anton-Kolonie,3,locality,no_match,,,,,,,,,,,,0.00,no gazetteer entry,
Wehr bei den Überfällen,3,locality,no_match,,,,,,,,,,,,0.00,no gazetteer entry,
Isarauen bei den Überfällen,3,locality,no_match,,,,,,,,,,,,0.00,not geocoded yet (no Nominatim cache entry),
Unterhachinger Flur,3,locality,no_match,,,,,,,,,,,,0.00,no gazetteer entry,
Birkenleite,3,locality,no_match,,,,,,,,,,,,0.00,no gazetteer entry,
Auen an der Isar,3,,no_match,,,,,,,,,,,,0.00,no gazetteer entry,
Nymphenburger Krankenhaus,3,,no_match,,,,,,,,,,,,0.00,no gazetteer entry,
Holzach,3,locality,review,osm+geonames,47.94202,8.99851,1500,2900035,Holzach,P.PPL,DE,01,,relation/19715085,0.60,OSM landuse/residential named after the place,
Untergrainau,3,locality,linked,geonames,47.48112,11.04282,300,11973836,Untergrainau,S.RSTN,DE,02,,,0.95,GeoNames primary name match (DE); entry context 2 km (100% of the entries),
Frauenfels,3,locality,linked,osm,49.12430,7.58574,1500,,,,,,,node/2252583230,0.85,,
Maximilianbrücke,3,locality,no_match,,,,,,,,,,,,0.00,not geocoded yet (no Nominatim cache entry),
Deisenhofen,3,,linked,osm+geonames,48.01823,11.58877,1500,2938413,Deisenhofen,P.PPL,DE,02,Q29382746,node/669060110,0.95,entry context 1 km (100% of the entries),
München-Harlaching,3,locality,no_match,,,,,,,,,,,,0.00,no gazetteer entry,
Krähenkolonie,3,,no_match,,,,,,,,,,,,0.00,not geocoded yet (no Nominatim cache entry),
Otterfing,3,,linked,osm+geonames,47.90898,11.67546,2000,2856038,Otterfing,P.PPLA4,DE,02,Q339255,relation/935956,0.95,entry context 4 km (100% of the entries),
Kressbronn am Bodensee,3,locality,linked,osm+geonames,47.59760,9.59707,2000,2884344,Kressbronn am Bodensee,P.PPLA4,DE,01,Q557658,relation/2783738,0.95,entry context 3 km (100% of the entries),
Mittelzell,3,locality,linked,osm+geonames,47.69896,9.06132,1500,2870492,Mittelzell,P.PPL,DE,01,,node/4448868364,0.95,entry context 1 km (100% of the entries),
Angermaier,3,locality,no_match,,,,,,,,,,,,0.00,not geocoded yet (no Nominatim cache entry),
Biberachzell,3,locality,linked,osm+geonames,48.31311,10.21231,1500,2949422,Biberachzell,P.PPL,DE,02,,node/309265356,0.95,entry context 4 km (100% of the entries),
Attenhofen,3,settlement,linked,osm+geonames,48.65072,11.84850,2000,2954916,Attenhofen,P.PPLA4,DE,02,Q503689,relation/956663,0.95,,
Wasserburg,3,locality,linked,osm+geonames,47.57223,9.63215,1500,2813756,Wasserburg,P.PPL,DE,02,Q522272,relation/812181,0.95,entry context 2 km (50% of the entries),
Mitteldamm,3,,no_match,,,,,,,,,,,,0.00,no gazetteer entry,
Nässjö,3,locality,linked,osm+geonames,57.65307,14.69676,3000,2690170,Nässjö,P.PPLA2,SE,08,Q654299,node/26592946,0.95,,
Müllergelände,3,locality,no_match,,,,,,,,,,,,0.00,no gazetteer entry,
Speichersee-Gelände,3,,no_match,,,,,,,,,,,,0.00,no gazetteer entry,
Enz,3,locality,review,osm+geonames,49.00750,9.14639,3000,2929927,Enz,H.STM,DE,01,,way/37729380,0.65,175 km from the entries' other places (0% within 80 km),
Grund,3,locality,review,osm,48.67487,9.00368,1500,,,,,,,node/12638836013,0.70,"far from most of the entries' other places (0% within 80 km, nearest 124 km)",
Freiwasser-Kolonie im Nymphenburger Park,3,locality,no_match,,,,,,,,,,,,0.00,no gazetteer entry,
Große Laine,3,locality,linked,osm+geonames,47.60000,11.45000,3000,2916705,Große Laine,H.STM,DE,02,Q17575130,way/45197742,0.95,,
Gütermann,3,locality,review,osm,47.73134,9.85257,300,,,,,,,node/258374612,0.70,"far from most of the entries' other places (0% within 80 km, nearest 133 km)",
Jundamm,3,locality,no_match,,,,,,,,,,,,0.00,no gazetteer entry,
Silbersee,3,,linked,osm,48.45708,10.38259,1000,,,,,,,relation/2297176,0.85,,
Winterthur,3,,linked,osm+geonames,47.50564,8.72413,3000,2657970,Winterthur,P.PPLA2,CH,ZH,Q9125,relation/1682243,0.95,entry context 20 km (100% of the entries),
Forst nach dem Erpog,3,locality,no_match,,,,,,,,,,,,0.00,no gazetteer entry,
Zwergwinkel,3,locality,no_match,,,,,,,,,,,,0.00,no gazetteer entry,
Rimbach-Talung,3,locality,no_match,,,,,,,,,,,,0.00,no gazetteer entry,
Eberstelle,3,locality,no_match,,,,,,,,,,,,0.00,no gazetteer entry,
Vorklär-Teich,3,locality,no_match,,,,,,,,,,,,0.00,not geocoded yet (no Nominatim cache entry),
Leinebach,3,locality,no_match,,,,,,,,,,,,0.00,not geocoded yet (no Nominatim cache entry),
Fichtenteiche,3,locality,no_match,,,,,,,,,,,,0.00,no gazetteer entry,
Stillufer,3,locality,no_match,,,,,,,,,,,,0.00,no gazetteer entry,
Wolf am Kabelschlag,3,locality,no_match,,,,,,,,,,,,0.00,no gazetteer entry,
Zollikofen,3,locality,linked,osm+geonames,46.99905,7.45809,1500,2657913,Zollikofen,P.PPL,CH,BE,Q69675,relation/1682737,0.95,entry context 6 km (100% of the entries),
Stichrohrsteg,3,,no_match,,,,,,,,,,,,0.00,no gazetteer entry,
Stationshütte,3,,no_match,,,,,,,,,,,,0.00,no gazetteer entry,
Einstriche,3,locality,no_match,,,,,,,,,,,,0.00,no gazetteer entry,
Werk Renel,3,locality,no_match,,,,,,,,,,,,0.00,no gazetteer entry,
Tafelberg-Hütte,3,,no_match,,,,,,,,,,,,0.00,not geocoded yet (no Nominatim cache entry),
Hirschberg-Allee,3,locality,no_match,,,,,,,,,,,,0.00,no gazetteer entry,
Fort im Geräumt,3,locality,no_match,,,,,,,,,,,,0.00,no gazetteer entry,
Grauent,3,locality,no_match,,,,,,,,,,,,0.00,no gazetteer entry,
Graunert,3,locality,no_match,,,,,,,,,,,,0.00,no gazetteer entry,
Grasdorf,3,locality,linked,osm+geonames,49.37081,12.31155,1500,2918034,Grasdorf,P.PPL,DE,02,Q16064859,node/276797659,0.80,"far from most of the entries' other places (0% within 80 km, nearest 147 km)",
Forst im Geräum VI,3,locality,no_match,,,,,,,,,,,,0.00,no gazetteer entry,
Stadtrand,3,locality,review,osm,50.52001,12.13035,1500,,,,,,,way/861146132,0.55,256 km from the entries' other places (0% within 80 km),
Speicherseedamm,3,locality,no_match,,,,,,,,,,,,0.00,no gazetteer entry,
Maibrücke,3,locality,no_match,osm,51.66093,9.73093,500,,,,,,,way/60178223,0.30,OSM highway/track named after the place; 413 km from the entries' other places (0% within 80 km),
Grauerort,3,locality,review,osm+geonames,53.67684,9.48834,1500,2917918,Grauerort,P.PPL,DE,06,,node/3493133585,0.65,633 km from the entries' other places (0% within 80 km),
Frauent.,3,locality,no_match,,,,,,,,,,,,0.00,no gazetteer entry,
Grawand II,3,locality,no_match,,,,,,,,,,,,0.00,no gazetteer entry,
Laufhorn,3,locality,no_match,,,,,,,,,,,,0.00,no gazetteer entry,
Steindorf,3,,linked,osm+geonames,47.96019,13.23954,1500,2764482,Steindorf,P.PPL,AT,05,,node/240076561,0.95,,
Enns,3,locality,linked,osm,47.33981,13.39380,3000,,,,,,,way/169351928,0.85,,
Ermatingen Seepromenade,3,locality,no_match,,,,,,,,,,,,0.00,no gazetteer entry,
Peterlewand,3,locality,linked,osm,46.67589,13.95744,1500,,,,,,,way/830439355,0.95,entry context 4 km (100% of the entries),
Wernberg,3,locality,linked,geonames,46.61667,13.93333,2000,2761475,Wernberg,P.PPLA3,AT,02,Q21863948,,0.90,GeoNames primary name match (AT); entry context 6 km (100% of the entries),
Freböran,3,locality,no_match,,,,,,,,,,,,0.00,no gazetteer entry,
Teterow,3,locality,linked,osm+geonames,53.77356,12.57551,2000,2823398,Teterow,P.PPLA4,DE,12,Q645748,relation/1996944,0.95,,
Forst auf Garmisch,3,locality,no_match,,,,,,,,,,,,0.00,no gazetteer entry,
Neupasinger Siedlung,3,locality,no_match,,,,,,,,,,,,0.00,no gazetteer entry,
Hüttenbach,3,locality,linked,geonames,48.72322,10.71628,1500,2897015,Huttenbach,P.PPL,DE,02,,,0.95,GeoNames primary name match (DE); entry context 37 km (100% of the entries),
Abentisla-Riß,3,locality,no_match,,,,,,,,,,,,0.00,no gazetteer entry,
Barig,3,locality,review,osm+geonames,50.51667,8.20000,1000,2952618,Barig,P.PPLX,DE,05,,way/144814392,0.45,"OSM landuse/residential named after the place; far from most of the entries' other places (0% within 80 km, nearest 133 km)",
Barrig,3,locality,no_match,,,,,,,,,,,,0.00,not geocoded yet (no Nominatim cache entry),
Vermunt-Stausee,3,locality,linked,osm+geonames,46.93333,10.05000,1000,2762426,Vermunt Stausee,H.RSV,AT,08,Q21863731,way/26663090,0.95,entry context 4 km (100% of the entries),
Forst im Grunert II,3,locality,no_match,,,,,,,,,,,,0.00,no gazetteer entry,
Forst auf Grasmund,3,locality,no_match,,,,,,,,,,,,0.00,no gazetteer entry,
Frauenchiemsee,3,,linked,geonames,47.87309,12.42605,1500,2925398,Frauenchiemsee,P.PPL,DE,02,,,0.95,GeoNames primary name match (DE); entry context 1 km (100% of the entries),
Bilging,3,settlement,no_match,,,,,,,,,,,,0.00,no gazetteer entry,
Schloßpark,3,,no_match,geonames,52.91916,11.86470,800,13628330,Schlosspark,L.PRK,DE,11,,,0.30,GeoNames primary name match (DE); 361 km from the entries' other places (0% within 80 km),
Diessenberger See,3,locality,no_match,,,,,,,,,,,,0.00,no gazetteer entry,
Freiaug-Hofraum,3,locality,no_match,,,,,,,,,,,,0.00,no gazetteer entry,
Räuber-Wiese,3,locality,no_match,,,,,,,,,,,,0.00,no gazetteer entry,
Forst auf Gereumt,3,locality,no_match,,,,,,,,,,,,0.00,no gazetteer entry,
Heixelberg,3,locality,no_match,,,,,,,,,,,,0.00,no gazetteer entry,
Mooswiesen,3,,linked,osm+geonames,47.76778,12.97861,2000,3322797,Mooswiesen,L.FLD,AT,05,,way/39872962,0.95,entry context 29 km (67% of the entries),
Wart am See,3,locality,no_match,,,,,,,,,,,,0.00,no gazetteer entry,
Mauernbrücke,3,locality,no_match,,,,,,,,,,,,0.00,no gazetteer entry,
Stöckle-Wald,3,locality,no_match,,,,,,,,,,,,0.00,no gazetteer entry,
Heim Sonnblick,3,,no_match,,,,,,,,,,,,0.00,no gazetteer entry,
Deixlfurter Seen,3,locality,no_match,,,,,,,,,,,,0.00,no gazetteer entry,
Hirschpark,3,,review,osm,49.74016,8.62836,800,,,,,,,way/179275969,0.55,279 km from the entries' other places (0% within 80 km),
Arisberg,3,locality,linked,osm,47.41643,7.69990,1500,,,,,,,relation/20033300,0.85,,
Strahlenstein,3,locality,no_match,,,,,,,,,,,,0.00,no gazetteer entry,
Preusin,3,locality,no_match,,,,,,,,,,,,0.00,no gazetteer entry,
Rossinsel,3,locality,no_match,,,,,,,,,,,,0.00,no gazetteer entry,
Mühlhausen,2,locality,linked,osm+geonames,48.84232,9.23028,1000,2867993,Stuttgart Mühlhausen,P.PPLX,DE,01,Q733332,relation/1107892,0.95,,
Godern,2,locality,review,osm+geonames,50.97576,12.35300,1500,2919566,Gödern,P.PPL,DE,15,Q1559196,node/429186451,0.65,311 km from the entries' other places (0% within 80 km),
Anhaltfing,2,locality,no_match,,,,,,,,,,,,0.00,not geocoded yet (no Nominatim cache entry),
Neufahrn im Isartal,2,locality,no_match,,,,,,,,,,,,0.00,no gazetteer entry,
Buchloe - Beckstetten,2,locality,no_match,,,,,,,,,,,,0.00,not geocoded yet (no Nominatim cache entry),
Alte Hochbahnbrücke,2,locality,no_match,,,,,,,,,,,,0.00,no gazetteer entry,
Eibenwäldchen,2,locality,review,osm,49.37687,7.80683,1500,,,,,,,node/13458719104,0.55,309 km from the entries' other places (0% within 80 km),
Pasing - Aubing,2,locality,no_match,,,,,,,,,,,,0.00,no gazetteer entry,
Gasthaus zum Bräu,2,locality,review,osm,47.86206,11.77443,100,,,,,,,node/13270311800,0.45,"OSM amenity/restaurant named after the place; far from most of the entries' other places (0% within 80 km, nearest 86 km)",
Kögeberg,2,locality,no_match,,,,,,,,,,,,0.00,no gazetteer entry,
Vorwacht,2,locality,no_match,,,,,,,,,,,,0.00,no gazetteer entry,
Obere Wiese,2,locality,linked,osm,48.61752,12.95949,500,,,,,,,node/12161567938,0.85,,
Vorwachtwiese,2,locality,no_match,,,,,,,,,,,,0.00,no gazetteer entry,
Jöchleberg,2,locality,no_match,,,,,,,,,,,,0.00,no gazetteer entry,
Hofbachacker,2,locality,no_match,,,,,,,,,,,,0.00,no gazetteer entry,
Gasthaus zum Frieden,2,locality,review,osm,47.82458,8.39359,1500,,,,,,,node/1529515055,0.45,"OSM tourism/guest_house named after the place; far from most of the entries' other places (0% within 80 km, nearest 127 km)",
Wertachbrucker Tor,2,locality,review,osm,48.37657,10.88897,1500,,,,,,Q1403897,way/96359123,0.60,OSM historic/city_gate named after the place,
Hirschgeller Stadtwald,2,locality,no_match,,,,,,,,,,,,0.00,no gazetteer entry,
Hettenbachwehr,2,locality,no_match,,,,,,,,,,,,0.00,no gazetteer entry,
Weinhalde bei Hirschzell,2,locality,no_match,,,,,,,,,,,,0.00,no gazetteer entry,
Steinebach am Ammersee,2,locality,no_match,,,,,,,,,,,,0.00,no gazetteer entry,
Mühlbach bei der Bahnunterfahrt,2,locality,no_match,,,,,,,,,,,,0.00,no gazetteer entry,
Bluntautal,2,locality,linked,osm+geonames,47.56667,13.10000,5000,2781663,Bluntautal,T.VAL,AT,05,Q21873585,way/1368003353,0.95,entry context 18 km (100% of the entries),
Anhaltung,2,locality,no_match,,,,,,,,,,,,0.00,no gazetteer entry,
Tiefe Wiese,2,locality,review,osm,51.21217,12.31346,1000,,,,,,,way/23604712,0.70,"far from most of the entries' other places (0% within 80 km, nearest 125 km)",
Riedwald,2,locality,review,osm,48.67923,9.71763,1500,,,,,,,way/10714212,0.55,243 km from the entries' other places (0% within 80 km),
Raufhausen,2,settlement,no_match,,,,,,,,,,,,0.00,no gazetteer entry,
Lindenau-Wald,2,locality,no_match,,,,,,,,,,,,0.00,no gazetteer entry,
Krummather Wald,2,locality,no_match,,,,,,,,,,,,0.00,no gazetteer entry,
Südufer des Elbsees,2,locality,no_match,,,,,,,,,,,,0.00,no gazetteer entry,
Birkenmoos beim Sommer,2,locality,no_match,,,,,,,,,,,,0.00,no gazetteer entry,
Erlenmoos,2,locality,linked,osm+geonames,48.06530,9.97567,2000,2929452,Erlenmoos,P.PPLA4,DE,01,Q515999,relation/2801245,0.95,,
Wittachwehr,2,locality,no_match,,,,,,,,,,,,0.00,no gazetteer entry,
Wertach-Durchbruch,2,locality,no_match,,,,,,,,,,,,0.00,not geocoded yet (no Nominatim cache entry),
Bogen,2,locality,linked,osm,47.49275,10.52033,500,,,,,,,node/240101945,0.85,,
Altmauer,2,locality,no_match,,,,,,,,,,,,0.00,no gazetteer entry,
Kirchgasser Bach,2,locality,no_match,,,,,,,,,,,,0.00,no gazetteer entry,
Kleingermaringen,2,locality,no_match,,,,,,,,,,,,0.00,no gazetteer entry,
Hotel Luitpold,2,locality,review,osm,48.14005,11.56226,1500,,,,,,,way/264569249,0.60,OSM building/retail named after the place,
Wernach,2,locality,no_match,,,,,,,,,,,,0.00,no gazetteer entry,
Flintspill,2,locality,no_match,,,,,,,,,,,,0.00,no gazetteer entry,
Sachseln und Sarnen,2,locality,no_match,,,,,,,,,,,,0.00,no gazetteer entry,
Ratzen,2,locality,review,osm,47.45795,12.32816,500,,,,,,,node/11479477166,0.70,"far from most of the entries' other places (0% within 80 km, nearest 133 km)",
Wetbach,2,locality,no_match,,,,,,,,,,,,0.00,no gazetteer entry,
Lingenwang,2,locality,no_match,,,,,,,,,,,,0.00,no gazetteer entry,
Thalhofen,2,locality,linked,osm+geonames,47.89678,10.70546,1500,2823063,Thalhofen,P.PPL,DE,02,Q109672848,node/82397431,0.95,entry context 5 km (100% of the entries),
Gutenberg,2,locality,linked,osm+geonames,47.95187,10.71479,1500,2913408,Gutenberg,P.PPL,DE,02,Q15111973,node/1685801341,0.95,entry context 3 km (100% of the entries),
Baisweil,2,locality,linked,osm+geonames,47.94439,10.54007,2000,2953168,Baisweil,P.PPLA4,DE,02,Q507804,relation/445503,0.95,entry context 3 km (100% of the entries),
Sulzschneid,2,locality,linked,osm+geonames,47.72278,10.64234,1500,2824713,Sulzschneid,P.PPL,DE,02,Q105202697,node/1684490817,0.95,entry context 4 km (100% of the entries),
Sulz,2,locality,linked,osm+geonames,47.28721,9.65183,2000,2764026,Sulz,P.PPLA3,AT,08,Q700985,relation/75290,0.95,,
Salenbau,2,locality,no_match,,,,,,,,,,,,0.00,no gazetteer entry,
Mauerberg,2,locality,linked,osm+geonames,48.16562,12.57495,1500,2872814,Mauerberg,P.PPL,DE,02,Q28193334,node/392078324,0.80,"far from most of the entries' other places (0% within 80 km, nearest 149 km)",
Stiefelmaiers Kapelle,2,locality,no_match,,,,,,,,,,,,0.00,no gazetteer entry,
Wetlachmoos,2,locality,no_match,,,,,,,,,,,,0.00,no gazetteer entry,
Riedloch,2,locality,no_match,,,,,,,,,,,,0.00,not geocoded yet (no Nominatim cache entry),
Watteck,2,locality,no_match,,,,,,,,,,,,0.00,no gazetteer entry,
Branntweiners Mahd,2,locality,no_match,,,,,,,,,,,,0.00,not geocoded yet (no Nominatim cache entry),
Rauscherm,2,settlement,no_match,,,,,,,,,,,,0.00,no gazetteer entry,
Viehalpenhang,2,locality,no_match,,,,,,,,,,,,0.00,no gazetteer entry,
Reichsbahn,2,locality,linked,osm,50.54470,12.78264,1500,,,,,,,way/236385160,0.85,,
Bärenhofen,2,locality,no_match,,,,,,,,,,,,0.00,no gazetteer entry,
Spittelbach-Einschnitt,2,locality,no_match,,,,,,,,,,,,0.00,no gazetteer entry,
Kirchbruch,2,locality,review,osm+geonames,52.43333,12.66667,1000,2890632,Kirchbruch,H.MRSH,DE,11,,way/583238022,0.65,483 km from the entries' other places (0% within 80 km),
Oswalds Wiese,2,locality,no_match,,,,,,,,,,,,0.00,no gazetteer entry,
Wertach beim Moos,2,locality,no_match,,,,,,,,,,,,0.00,no gazetteer entry,
Wertach am Flacken,2,locality,no_match,,,,,,,,,,,,0.00,not geocoded yet (no Nominatim cache entry),
Wertach oberhalb der Fabrikspitze,2,locality,no_match,,,,,,,,,,,,0.00,no gazetteer entry,
Stöben,2,locality,review,osm+geonames,50.61510,14.01721,1500,3065214,Stebno,P.PPL,CZ,89,Q2003139,relation/436511,0.65,158 km from the entries' other places (0% within 80 km),
Morgenburg,2,locality,no_match,,,,,,,,,,,,0.00,no gazetteer entry,
Hirschzeller Waldung,2,locality,no_match,,,,,,,,,,,,0.00,no gazetteer entry,
Wertachbruckbruch,2,locality,no_match,,,,,,,,,,,,0.00,not geocoded yet (no Nominatim cache entry),
Oswald-Hüter,2,locality,no_match,,,,,,,,,,,,0.00,no gazetteer entry,
Kirchzoll,2,locality,no_match,,,,,,,,,,,,0.00,no gazetteer entry,
Weiler,2,locality,linked,osm+geonames,47.29972,9.65000,2000,2761712,Weiler,P.PPLA3,AT,08,Q699608,relation/75255,0.95,,
Stauden,2,locality,linked,osm+geonames,47.84050,9.54429,1500,2829371,Stauden,P.PPL,DE,01,,node/1694972107,0.95,,
Mühlbachlehrschuss,2,locality,no_match,,,,,,,,,,,,0.00,no gazetteer entry,
Weidwiese,2,locality,no_match,,,,,,,,,,,,0.00,no gazetteer entry,
Zürishell,2,locality,no_match,,,,,,,,,,,,0.00,no gazetteer entry,
Grabserberg,2,locality,linked,osm+geonames,47.18164,9.42525,1500,8533199,Grabserberg,P.PPL,CH,SG,Q112640962,node/11240468868,0.80,"far from most of the entries' other places (0% within 80 km, nearest 81 km)",
Rieder,2,,linked,osm+geonames,47.75011,10.64921,1500,2847213,Rieder,P.PPL,DE,02,Q105422121,node/497354486,0.95,entry context 15 km (100% of the entries),
Wehrinsel,2,locality,review,osm,51.54535,14.73015,1500,,,,,,,way/49191597,0.55,503 km from the entries' other places (0% within 80 km),
Hirschgallen-Auen,2,locality,no_match,,,,,,,,,,,,0.00,no gazetteer entry,
Erwalts-Weiher,2,locality,no_match,,,,,,,,,,,,0.00,no gazetteer entry,
Halken,2,locality,review,osm,50.70771,7.26173,500,,,,,,,node/8325341528,0.55,398 km from the entries' other places (0% within 80 km),
Giebelwald,2,locality,no_match,geonames,50.84362,7.91071,500,2920651,Giebelberg,T.HLL,DE,08,,,0.10,GeoNames alternate name match (DE); 383 km from the entries' other places (0% within 80 km),
Tivoli-Eisbahn,2,locality,no_match,,,,,,,,,,,,0.00,no gazetteer entry,
Kambachthal,2,locality,no_match,,,,,,,,,,,,0.00,no gazetteer entry,
Kammelthal,2,locality,no_match,,,,,,,,,,,,0.00,no gazetteer entry,
Inningen,2,locality,linked,osm+geonames,48.31248,10.86084,1000,2895936,Inningen,P.PPLX,DE,02,Q760486,relation/384192,0.95,,
Raaskünen,2,locality,no_match,,,,,,,,,,,,0.00,no gazetteer entry,
Samerberg,2,locality,linked,osm+geonames,47.77654,12.19139,2000,2842084,Samerberg,P.PPLA4,DE,02,Q533300,relation/2186939,0.95,,
Rettung,2,,no_match,,,,,,,,,,,,0.00,no gazetteer entry,
Jahnturnhalle,2,locality,review,osm,48.83926,10.08309,1500,,,,,,,way/28546497,0.45,"OSM leisure/sports_centre named after the place; far from most of the entries' other places (0% within 80 km, nearest 135 km)",
Arholfing,2,locality,no_match,,,,,,,,,,,,0.00,no gazetteer entry,
Aschach,2,locality,linked,osm+geonames,49.46667,11.90000,1500,2955278,Aschach bei Freudenberg,P.PPL,DE,02,Q73933893,node/290041499,0.80,"far from most of the entries' other places (0% within 80 km, nearest 142 km)",
Pratfinger Moos,2,locality,no_match,,,,,,,,,,,,0.00,no gazetteer entry,
Unteralthofen,2,locality,no_match,,,,,,,,,,,,0.00,no gazetteer entry,
Herzig-Anlagen,2,locality,no_match,,,,,,,,,,,,0.00,no gazetteer entry,
Elbrus,2,locality,linked,osm,47.96784,11.66167,1500,,,,,,,node/13667142257,0.90,OSM office/company named after the place; entry context 20 km (100% of the entries),
Buchtinsel,2,locality,no_match,,,,,,,,,,,,0.00,no gazetteer entry,
Hohenfurch,2,locality,linked,osm+geonames,47.85000,10.90000,2000,2901757,Hohenfurch,P.PPLA4,DE,02,Q514374,relation/936751,0.95,entry context 8 km (100% of the entries),
Burgberg,2,locality,linked,osm+geonames,50.14276,11.06710,1500,2941417,Burgberg,P.PPL,DE,02,Q16830721,node/7117705686,0.95,,
Gungolding,2,locality,linked,osm+geonames,48.92380,11.34925,1500,2913650,Gungolding,P.PPL,DE,02,Q5618776,node/267936885,0.95,entry context 24 km (100% of the entries),
Frickenhausen,2,locality,linked,osm+geonames,48.07349,10.31506,1500,2924838,Frickenhausen,P.PPL,DE,02,Q43302056,node/519486785,0.95,entry context 14 km (100% of the entries),
Lutshaim,2,locality,no_match,,,,,,,,,,,,0.00,no gazetteer entry,
Petersberg,2,locality,linked,osm+geonames,48.33929,11.29802,1500,2854708,Petersberg,P.PPL,DE,02,Q2079542,node/20945383,0.95,entry context 30 km (100% of the entries),
Bächingen an der Brenz,2,locality,linked,osm+geonames,48.54627,10.31281,1500,2953636,Bächingen an der Brenz,P.PPL,DE,02,Q512917,relation/956749,0.95,entry context 10 km (100% of the entries),
Betten,2,locality,linked,osm+geonames,50.33333,9.10000,500,2949742,Betten,T.HLL,DE,05,Q30700960,node/11813264675,0.95,,
Neuburg an der Donau,2,locality,linked,osm+geonames,48.73218,11.18709,2000,2866070,Neuburg an der Donau,P.PPLA3,DE,02,Q125652,relation/943684,0.95,entry context 24 km (100% of the entries),
Memminger Au,2,locality,no_match,,,,,,,,,,,,0.00,no gazetteer entry,
Reinstetten,2,locality,linked,osm+geonames,48.11034,9.94709,1500,2848693,Reinstetten,P.PPL,DE,01,Q47501749,relation/17903899,0.95,entry context 23 km (100% of the entries),
Münsterland,2,locality,no_match,osm,51.73117,7.98463,1500,,,,,,Q7920,node/944502720,0.30,OSM information/board named after the place; 475 km from the entries' other places (0% within 80 km),
Dillingen an der Donau,2,locality,linked,osm+geonames,48.58153,10.49527,2000,2936974,Dillingen an der Donau,P.PPLA3,DE,02,Q494702,relation/957026,0.95,entry context 8 km (100% of the entries),
Rauschermwörth,2,locality,no_match,,,,,,,,,,,,0.00,no gazetteer entry,
Holzheim,2,locality,linked,osm+geonames,48.51422,10.53057,2000,2899723,Holzheim,P.PPLA4,DE,02,Q558945,relation/956796,0.95,entry context 8 km (100% of the entries),
Pitingen,2,locality,no_match,,,,,,,,,,,,0.00,no gazetteer entry,
Denklingen,2,locality,linked,osm+geonames,47.91667,10.85000,2000,2938241,Denklingen,P.PPLA4,DE,02,Q508337,relation/933948,0.95,entry context 10 km (100% of the entries),
Bitingen,2,locality,no_match,,,,,,,,,,,,0.00,no gazetteer entry,
Güngking,2,locality,no_match,,,,,,,,,,,,0.00,no gazetteer entry,
Hainberg,2,locality,linked,osm+geonames,48.77291,11.10047,500,2911896,Hainberg,T.HLL,DE,02,Q30648873,node/10692474734,0.95,entry context 25 km (100% of the entries),
Bobingen,2,locality,linked,osm+geonames,48.27091,10.83390,1500,2947449,Bobingen,P.PPL,DE,02,Q254801,relation/935167,0.95,entry context 12 km (100% of the entries),
Gasthaus Hirschau,2,locality,no_match,,,,,,,,,,,,0.00,no gazetteer entry,
Gebelerschule,2,locality,no_match,,,,,,,,,,,,0.00,no gazetteer entry,
Steg des Bezirkskommandos,2,locality,no_match,,,,,,,,,,,,0.00,no gazetteer entry,
Bad Brunnthal,2,locality,no_match,,,,,,,,,,,,0.00,no gazetteer entry,
Biedersteiner Schloss,2,locality,no_match,,,,,,,,,,,,0.00,no gazetteer entry,
Werlachauen,2,locality,no_match,,,,,,,,,,,,0.00,not geocoded yet (no Nominatim cache entry),
Wörnitz,2,locality,review,osm,49.04049,10.52919,3000,,,,,,Q833846,relation/410323,0.70,"far from most of the entries' other places (0% within 80 km, nearest 129 km)",
Heber,2,locality,review,osm+geonames,51.92547,10.06651,5000,2908544,Heber,T.MTS,DE,06,Q266275,relation/905888,0.65,297 km from the entries' other places (0% within 80 km),
Wülfershausen,2,locality,linked,osm+geonames,50.05416,9.99902,1500,2805929,Wülfershausen,P.PPL,DE,02,Q1520937,node/35737825,0.95,,
Trautskirchen,2,locality,linked,osm+geonames,49.45810,10.59361,2000,2821488,Trautskirchen,P.PPLA4,DE,02,Q502874,relation/357054,0.80,"far from most of the entries' other places (0% within 80 km, nearest 99 km)",
Deppenhausen,2,locality,linked,osm+geonames,48.25860,9.65943,1500,2938170,Deppenhausen,P.PPL,DE,01,,node/71431656,0.80,"far from most of the entries' other places (0% within 80 km, nearest 83 km)",
Rotlach,2,locality,no_match,,,,,,,,,,,,0.00,not geocoded yet (no Nominatim cache entry),
Rotach,2,locality,review,geonames,47.50000,9.86667,1500,2767091,Rotach,P.PPL,AT,08,,,0.60,GeoNames primary name match (AT),
Kalkinsel,2,,no_match,,,,,,,,,,,,0.00,no gazetteer entry,
Mariakirchen,2,locality,linked,osm+geonames,48.57633,12.86475,1500,2873673,Mariakirchen,P.PPL,DE,02,Q1323244,node/283148807,0.80,"far from most of the entries' other places (0% within 80 km, nearest 107 km)",
Anhalting,2,locality,no_match,,,,,,,,,,,,0.00,no gazetteer entry,
Günz,2,locality,linked,osm+geonames,48.03982,10.29236,1500,2913561,Günz,P.PPL,DE,02,,way/31721916,0.95,entry context 30 km (100% of the entries),
Villa Stück,2,locality,linked,osm,48.14049,11.59966,1500,,,,,,Q264573,way/85213217,0.90,OSM tourism/museum named after the place; entry context 2 km (100% of the entries),
Hauswirtsgang,2,locality,no_match,,,,,,,,,,,,0.00,no gazetteer entry,
Kriegsgärten,2,,no_match,,,,,,,,,,,,0.00,no gazetteer entry,
Gennachshauer Moos,2,,no_match,,,,,,,,,,,,0.00,not geocoded yet (no Nominatim cache entry),
Lohmühle,2,,review,osm,49.09984,10.77458,300,,,,,,Q810250,node/731373508,0.70,"far from most of the entries' other places (0% within 80 km, nearest 109 km)",
Hörmathofen,2,,no_match,,,,,,,,,,,,0.00,not geocoded yet (no Nominatim cache entry),
Kaimweiher,2,locality,no_match,,,,,,,,,,,,0.00,no gazetteer entry,
Senkele-Moos,2,locality,no_match,,,,,,,,,,,,0.00,no gazetteer entry,
Herlachbrücke bei Ettingen,2,locality,no_match,,,,,,,,,,,,0.00,no gazetteer entry,
Egling - Buchloe,2,locality,no_match,,,,,,,,,,,,0.00,no gazetteer entry,
Belastetten,2,locality,no_match,,,,,,,,,,,,0.00,no gazetteer entry,
Vorlacke,2,locality,no_match,,,,,,,,,,,,0.00,no gazetteer entry,
Dickertal,2,locality,no_match,,,,,,,,,,,,0.00,no gazetteer entry,
Wertach oberhalb Flecken,2,locality,no_match,,,,,,,,,,,,0.00,no gazetteer entry,
Starquai,2,locality,no_match,,,,,,,,,,,,0.00,no gazetteer entry,
Stückvilla,2,locality,no_match,,,,,,,,,,,,0.00,no gazetteer entry,
Weicher,2,locality,no_match,,,,,,,,,,,,0.00,not geocoded yet (no Nominatim cache entry),
Brantweiners Mahd,2,locality,no_match,,,,,,,,,,,,0.00,no gazetteer entry,
Braunbrünner,2,,no_match,,,,,,,,,,,,0.00,no gazetteer entry,
Entenmatte zum Lindenau-Wirt,2,locality,no_match,,,,,,,,,,,,0.00,no gazetteer entry,
Gockelhölzchen,2,locality,no_match,,,,,,,,,,,,0.00,no gazetteer entry,
Finanzministerium,2,locality,no_match,osm,50.08909,14.40792,1500,,,,,,Q6866937,relation/60013,0.30,OSM office/government named after the place; 299 km from the entries' other places (0% within 80 km),
Giesinger Kanal,2,locality,no_match,,,,,,,,,,,,0.00,no gazetteer entry,
Proviantamt,2,locality,review,osm,48.83322,10.10120,100,,,,,,,node/13142340828,0.45,"OSM amenity/restaurant named after the place; far from most of the entries' other places (0% within 80 km, nearest 133 km)",
Bernbacher Moor,2,locality,no_match,,,,,,,,,,,,0.00,not geocoded yet (no Nominatim cache entry),
Anlagen am Erdenkmal,2,locality,no_match,,,,,,,,,,,,0.00,no gazetteer entry,
Kochel gegen die Berge,2,locality,no_match,,,,,,,,,,,,0.00,no gazetteer entry,
Kochelmoor,2,locality,no_match,,,,,,,,,,,,0.00,no gazetteer entry,
Bobrang,2,locality,no_match,,,,,,,,,,,,0.00,no gazetteer entry,
Quattensee,2,locality,no_match,,,,,,,,,,,,0.00,no gazetteer entry,
Nationalmuseumsturm,2,locality,no_match,,,,,,,,,,,,0.00,no gazetteer entry,
Tivoli Restauration,2,locality,no_match,,,,,,,,,,,,0.00,no gazetteer entry,
Gärtnerplatztheater-Anlagen,2,locality,no_match,,,,,,,,,,,,0.00,no gazetteer entry,
Tivoli-Brücke,2,locality,no_match,,,,,,,,,,,,0.00,no gazetteer entry,
Schloßdenkmal,2,locality,no_match,,,,,,,,,,,,0.00,no gazetteer entry,
Wertach-Anlagen,2,locality,no_match,,,,,,,,,,,,0.00,not geocoded yet (no Nominatim cache entry),
Brunnengrube,2,locality,no_match,,,,,,,,,,,,0.00,no gazetteer entry,
Südosthang,2,locality,review,osm,50.42099,12.95860,1500,,,,,,,way/481334504,0.55,328 km from the entries' other places (0% within 80 km),
Düngergrube,2,locality,review,osm,48.79573,7.63323,500,,,,,,,node/1748872625,0.55,243 km from the entries' other places (0% within 80 km),
Küche,2,locality,linked,osm+geonames,48.26667,9.11667,1500,2883166,Küche,P.PPL,DE,01,,node/375997417,0.95,,
Kirtachanlagen,2,locality,no_match,,,,,,,,,,,,0.00,no gazetteer entry,
Kirschpellerfluren,2,locality,no_match,,,,,,,,,,,,0.00,no gazetteer entry,
Granacht,2,locality,no_match,,,,,,,,,,,,0.00,no gazetteer entry,
Gumnachufer,2,locality,no_match,,,,,,,,,,,,0.00,no gazetteer entry,
Bahnunterfahrt,2,locality,no_match,,,,,,,,,,,,0.00,no gazetteer entry,
I. Wiese,2,locality,no_match,,,,,,,,,,,,0.00,not geocoded yet (no Nominatim cache entry),
II. Wiese,2,locality,no_match,,,,,,,,,,,,0.00,no gazetteer entry,
Kohler’sche Baumwoll,2,locality,no_match,,,,,,,,,,,,0.00,no gazetteer entry,
Erbesalp,2,locality,no_match,,,,,,,,,,,,0.00,no gazetteer entry,
Kammreiter,2,locality,no_match,osm,50.73560,13.65674,1500,,,,,,,node/4494298639,0.30,OSM tourism/trail_riding_station named after the place; 201 km from the entries' other places (0% within 80 km),
Hausmeisterhaus,2,locality,linked,osm,47.82075,10.93740,1500,,,,,,,way/1183751870,0.90,OSM building/detached named after the place; entry context 25 km (100% of the entries),
Kirschzell,2,locality,no_match,,,,,,,,,,,,0.00,not geocoded yet (no Nominatim cache entry),
Leinauer Brücke,2,locality,no_match,,,,,,,,,,,,0.00,no gazetteer entry,
Herrnwald,2,locality,linked,geonames,47.96667,10.56667,1500,2905618,Herrnwald,V.FRST,DE,02,Q32057394,,0.95,GeoNames primary name match (DE); entry context 0 km (100% of the entries),
Ingenried,2,,linked,osm+geonames,47.81667,10.78333,2000,2896005,Ingenried,P.PPLA4,DE,02,Q514514,relation/936739,0.95,entry context 2 km (100% of the entries),
Einödelei,2,locality,no_match,,,,,,,,,,,,0.00,no gazetteer entry,
Benken,2,locality,linked,osm+geonames,47.57803,10.59554,1500,2951071,Benken,P.PPL,DE,02,Q58068330,node/195693631,0.95,entry context 26 km (100% of the entries),
Sieg,2,locality,review,osm,47.55978,13.63459,300,,,,,,Q21862290,node/3065557511,0.55,227 km from the entries' other places (0% within 80 km),
Bickenrieder Weiher,2,locality,no_match,,,,,,,,,,,,0.00,no gazetteer entry,
Gemeindsholz,2,locality,no_match,,,,,,,,,,,,0.00,no gazetteer entry,
Selbecksberg,2,locality,no_match,,,,,,,,,,,,0.00,no gazetteer entry,
Kühberg,2,locality,linked,osm+geonames,47.80993,13.08094,500,2773288,Kühberg,T.MT,AT,05,Q1117524,node/2908808801,0.95,,
Hotel Metropol,2,locality,review,osm+geonames,47.42300,9.37030,100,6527529,Hotel Metropol,S.HTL,CH,SG,Q57237229,node/2477694156,0.60,OSM tourism/hotel named after the place,
Nebelhorn-Alm,2,locality,no_match,,,,,,,,,,,,0.00,no gazetteer entry,
Seealptal,2,locality,no_match,,,,,,,,,,,,0.00,no gazetteer entry,
Rettenberg,2,locality,linked,osm+geonames,47.57428,10.29173,2000,2847985,Rettenberg,P.PPLA4,DE,02,Q529023,relation/957834,0.95,entry context 3 km (100% of the entries),
Finkhaus,2,locality,review,osm,47.16611,10.73095,1500,,,,,,,way/156538625,0.60,OSM building/yes named after the place,
Obermatzsch,2,locality,no_match,,,,,,,,,,,,0.00,no gazetteer entry,
Felsalpe auf der Halbinsel,2,locality,no_match,,,,,,,,,,,,0.00,no gazetteer entry,
Brücksbruch,2,locality,no_match,,,,,,,,,,,,0.00,no gazetteer entry,
Große Betonwand,2,,no_match,,,,,,,,,,,,0.00,no gazetteer entry,
Seehorn,2,locality,linked,osm+geonames,47.55000,12.60000,300,2763171,Ulrichshorn,T.PK,AT,07,Q21863651,node/849948375,0.80,"far from most of the entries' other places (0% within 80 km, nearest 148 km)",
Gehren,2,locality,linked,osm+geonames,47.79055,10.70965,1500,2921997,Gehren,P.PPL,DE,02,,node/365971346,0.95,entry context 4 km (100% of the entries),
Aspele,2,locality,no_match,,,,,,,,,,,,0.00,no gazetteer entry,
Birkstetten,2,locality,no_match,,,,,,,,,,,,0.00,no gazetteer entry,
Zweite Wiese,2,locality,no_match,,,,,,,,,,,,0.00,no gazetteer entry,
Erste Wiese,2,locality,review,osm,51.13133,8.39692,500,,,,,,,node/3480983974,0.55,395 km from the entries' other places (0% within 80 km),
Herrenanlagen,2,locality,no_match,,,,,,,,,,,,0.00,no gazetteer entry,
Bürgel,2,locality,review,osm+geonames,50.11827,8.78473,1000,2941400,Bürgel,P.PPLX,DE,05,Q2015467,relation/3339793,0.65,278 km from the entries' other places (0% within 80 km),
Kai-Halt,2,locality,no_match,,,,,,,,,,,,0.00,no gazetteer entry,
Blaichach,2,locality,linked,osm+geonames,47.54208,10.25846,2000,2948114,Blaichach,P.PPLA4,DE,02,Q513048,relation/957870,0.95,,
Kirchgeller Fluren,2,locality,no_match,,,,,,,,,,,,0.00,no gazetteer entry,
Hortachanlagen,2,locality,no_match,,,,,,,,,,,,0.00,no gazetteer entry,
Vorau,2,locality,linked,osm+geonames,47.40548,15.88754,2000,2762299,Vorau,P.PPLA3,AT,06,Q669945,relation/3931168,0.95,,
Sümpfel-Moos,2,locality,no_match,,,,,,,,,,,,0.00,no gazetteer entry,
Rietmoos,2,locality,no_match,,,,,,,,,,,,0.00,no gazetteer entry,
Hacker,2,locality,review,osm,48.38939,14.03199,1500,,,,,,,way/104405980,0.55,259 km from the entries' other places (0% within 80 km),
Auenwinkel,2,locality,no_match,,,,,,,,,,,,0.00,no gazetteer entry,
Schäferkate,2,locality,review,osm+geonames,54.29007,9.71196,1000,13288405,Schäferkate,P.PPLX,DE,10,,node/10170184364,0.65,657 km from the entries' other places (0% within 80 km),
Wieshalde,2,locality,review,osm,47.43217,9.91368,500,,,,,,,way/492610891,0.60,OSM highway/track named after the place,
Triebwerk,2,,review,osm,48.01879,9.24324,1500,,,,,,,way/273944810,0.70,"far from most of the entries' other places (0% within 80 km, nearest 99 km)",
Gemarkerhall,2,locality,no_match,,,,,,,,,,,,0.00,no gazetteer entry,
Schäferkadel,2,locality,no_match,,,,,,,,,,,,0.00,no gazetteer entry,
Franzsches Anwesen,2,locality,no_match,,,,,,,,,,,,0.00,no gazetteer entry,
Ersatz-Weiher,2,locality,no_match,,,,,,,,,,,,0.00,no gazetteer entry,
Flacken - Moos,2,locality,no_match,,,,,,,,,,,,0.00,no gazetteer entry,
Horlachbrücke,2,locality,no_match,,,,,,,,,,,,0.00,no gazetteer entry,
Hirschzeller Betonwand,2,locality,no_match,,,,,,,,,,,,0.00,no gazetteer entry,
Beralts-Weiher,2,locality,no_match,,,,,,,,,,,,0.00,no gazetteer entry,
Erlenanlagen,2,locality,no_match,,,,,,,,,,,,0.00,no gazetteer entry,
Flauterbächle,2,locality,no_match,,,,,,,,,,,,0.00,no gazetteer entry,
Heubrücke,2,,no_match,osm,49.31659,10.18781,500,,,,,,,way/798735963,0.30,OSM highway/track named after the place; 163 km from the entries' other places (0% within 80 km),
Hamm,2,locality,linked,osm+geonames,51.68033,7.82089,1500,2911240,Hamm,P.PPL,DE,07,Q2880,relation/62499,0.95,,
Schäferstuhl,2,locality,review,osm,52.02732,10.37576,300,,,,,,,node/11039943565,0.55,180 km from the entries' other places (0% within 80 km),
Lüdau - Fron,2,locality,no_match,,,,,,,,,,,,0.00,no gazetteer entry,
Leinauer Au,2,locality,no_match,,,,,,,,,,,,0.00,no gazetteer entry,
Eg-Bach,2,locality,no_match,,,,,,,,,,,,0.00,no gazetteer entry,
Wertach oberhalb Leinau,2,locality,no_match,,,,,,,,,,,,0.00,no gazetteer entry,
Jahn-Turnhalle,2,locality,no_match,,,,,,,,,,,,0.00,not geocoded yet (no Nominatim cache entry),
Münchener Umgegend,2,locality,no_match,,,,,,,,,,,,0.00,no gazetteer entry,
Schäfer Karls,2,locality,no_match,,,,,,,,,,,,0.00,no gazetteer entry,
Petersried,2,locality,no_match,,,,,,,,,,,,0.00,no gazetteer entry,
Lustnau,2,locality,linked,osm+geonames,48.53021,9.08112,1000,2874962,Lustnau,P.PPLX,DE,01,Q314634,relation/4557392,0.80,"far from most of the entries' other places (0% within 80 km, nearest 135 km)",
Stöckchen und Märzenburg,2,locality,no_match,,,,,,,,,,,,0.00,no gazetteer entry,
Teneralt,2,locality,no_match,,,,,,,,,,,,0.00,no gazetteer entry,
Steinber,2,locality,no_match,,,,,,,,,,,,0.00,not geocoded yet (no Nominatim cache entry),
Wirtschaft zur Lindau,2,locality,no_match,,,,,,,,,,,,0.00,no gazetteer entry,
Berwang,2,locality,linked,osm+geonames,47.40807,10.74735,2000,2781814,Berwang,P.PPLA3,AT,07,Q688831,relation/37834,0.95,entry context 10 km (100% of the entries),
Weiher am Schwanengraben,2,locality,no_match,,,,,,,,,,,,0.00,no gazetteer entry,
Hörmannshofen,2,locality,review,geonames,47.82386,10.65118,1500,2898966,Hörmanshofen,P.PPL,DE,02,,,0.70,GeoNames alternate name match (DE); entry context 1 km (100% of the entries),
Riederloh,2,locality,no_match,,,,,,,,,,,,0.00,not geocoded yet (no Nominatim cache entry),
Zeller-Berg,2,locality,linked,osm,47.54185,9.95325,500,,,,,,,node/12456701650,0.95,entry context 35 km (100% of the entries),
Rauhbäum,2,locality,no_match,,,,,,,,,,,,0.00,no gazetteer entry,
Halbe,2,locality,linked,osm+geonames,52.11667,13.70000,2000,2911691,Halbe,P.PPLA4,DE,11,Q531652,relation/1389621,0.95,,
Baier Halde,2,locality,no_match,,,,,,,,,,,,0.00,no gazetteer entry,
Bettenwand,2,locality,no_match,,,,,,,,,,,,0.00,no gazetteer entry,
Siebengraben,2,locality,review,osm,47.58802,15.87189,1500,,,,,,,way/881244769,0.55,394 km from the entries' other places (0% within 80 km),
Bauerwald,2,locality,no_match,,,,,,,,,,,,0.00,not geocoded yet (no Nominatim cache entry),
Dietleried,2,locality,no_match,,,,,,,,,,,,0.00,no gazetteer entry,
Stocken,2,,linked,osm+geonames,47.87035,10.75383,1500,2826844,Stocken,P.PPL,DE,02,,node/319733399,0.95,entry context 1 km (100% of the entries),
Lochreisen,2,locality,no_match,,,,,,,,,,,,0.00,no gazetteer entry,
Elbachmündung,2,locality,no_match,,,,,,,,,,,,0.00,no gazetteer entry,
Raußbuche,2,locality,no_match,,,,,,,,,,,,0.00,no gazetteer entry,
Ettwiesen,2,locality,linked,osm,47.75316,10.61014,500,,,,,,,node/244496555,0.95,entry context 14 km (100% of the entries),
Bielge-Wies,2,locality,no_match,,,,,,,,,,,,0.00,no gazetteer entry,
Märgisried,2,locality,no_match,,,,,,,,,,,,0.00,not geocoded yet (no Nominatim cache entry),
Riedwies,2,locality,linked,osm,47.66340,9.51965,500,,,,,,,node/261717186,0.95,entry context 5 km (100% of the entries),
Sumpfel-Moos,2,locality,no_match,,,,,,,,,,,,0.00,no gazetteer entry,
Pforzen und Döblingen,2,locality,no_match,,,,,,,,,,,,0.00,no gazetteer entry,
Hüttenrang,2,locality,no_match,,,,,,,,,,,,0.00,no gazetteer entry,
Sichowitz,2,locality,no_match,,,,,,,,,,,,0.00,no gazetteer entry,
Binnenseener Seite,2,locality,no_match,,,,,,,,,,,,0.00,no gazetteer entry,
Riedbad,2,locality,review,osm,47.01447,7.88714,500,,,,,,,node/6947839156,0.55,398 km from the entries' other places (0% within 80 km),
Bootshaus des Ammersee-Jacht-Club,2,locality,no_match,,,,,,,,,,,,0.00,no gazetteer entry,
Schondorfer Wiesen,2,locality,no_match,,,,,,,,,,,,0.00,no gazetteer entry,
Schondorfer Ufer,2,locality,no_match,,,,,,,,,,,,0.00,no gazetteer entry,
Schauenbach,2,locality,no_match,,,,,,,,,,,,0.00,no gazetteer entry,
Riedmoos,2,locality,linked,osm+geonames,48.27291,11.53279,1500,2847071,Riedmoos,P.PPL,DE,02,Q135552220,node/311119074,0.80,"far from most of the entries' other places (0% within 80 km, nearest 80 km)",
Bären,2,locality,review,osm,48.72577,9.14668,1500,,,,,,,node/6332521605,0.60,OSM amenity/pub named after the place; named after a settlement elsewhere; not confirmed by context (15 km),
Rübling,2,locality,linked,osm+geonames,49.11961,11.38707,1500,2843532,Rübling,P.PPL,DE,02,Q60949580,node/300678090,0.80,"far from most of the entries' other places (0% within 80 km, nearest 102 km)",
Sigratshofen,2,locality,no_match,,,,,,,,,,,,0.00,no gazetteer entry,
Bernbach und Ob,2,locality,no_match,,,,,,,,,,,,0.00,no gazetteer entry,
Neuschwanstein,2,locality,linked,osm+geonames,47.55718,10.74935,200,2864198,Schloss Neuschwanstein,S.CSTL,DE,02,Q4152,way/221601969,0.95,entry context 2 km (100% of the entries),
Kohlhunden,2,locality,linked,osm+geonames,47.75190,10.62558,1500,2886586,Kohlhunden,P.PPL,DE,02,,node/244496554,0.95,entry context 3 km (100% of the entries),
Sproutinried,2,,no_match,,,,,,,,,,,,0.00,no gazetteer entry,
Herrsching am Ammersee,2,locality,linked,osm+geonames,47.99888,11.17679,1500,2905604,Herrsching am Ammersee,P.PPL,DE,02,Q170020,relation/932292,0.95,,
Kolbenstein,2,locality,no_match,,,,,,,,,,,,0.00,no gazetteer entry,
Apollo-Wiese,2,locality,no_match,,,,,,,,,,,,0.00,no gazetteer entry,
Ulmer Münster,2,locality,linked,osm,48.39851,9.99250,1500,,,,,,Q44562,way/25697707,0.90,OSM amenity/place_of_worship named after the place; entry context 0 km (100% of the entries),
Blautopf,2,locality,linked,osm+geonames,48.41899,9.78301,1000,2947906,Blautopf,H.LK,DE,01,Q883097,node/229921588,0.95,entry context 1 km (100% of the entries),
Schüllingen,2,locality,no_match,osm,49.50294,6.76260,1500,,,,,,,way/371228864,0.30,OSM shop/car_repair named after the place; 215 km from the entries' other places (0% within 80 km),
Schelklingen,2,,linked,geonames,48.37575,9.73273,1500,2839888,Schelklingen,P.PPL,DE,01,Q32283158,,0.90,GeoNames primary name match (DE); entry context 5 km (100% of the entries),
Kempten und Betzigau,2,locality,no_match,,,,,,,,,,,,0.00,no gazetteer entry,
Riet-Moos,2,locality,no_match,,,,,,,,,,,,0.00,not geocoded yet (no Nominatim cache entry),
Ried-Moos,2,locality,no_match,,,,,,,,,,,,0.00,not geocoded yet (no Nominatim cache entry),
Hallein,2,locality,linked,osm+geonames,47.68333,13.10000,2000,2776951,Hallein,P.PPLA3,AT,05,Q255684,relation/86343,0.95,,
Blankenburger Steig,2,locality,no_match,,,,,,,,,,,,0.00,no gazetteer entry,
Leinau - Pforzen,2,locality,no_match,,,,,,,,,,,,0.00,no gazetteer entry,
Wertach beim Bruckbruck,2,locality,no_match,,,,,,,,,,,,0.00,no gazetteer entry,
Steg,2,locality,linked,osm+geonames,47.75266,12.12015,1500,2829147,Steg,P.PPL,DE,02,,node/1576025408,0.95,,
Riedmatt See,2,locality,no_match,,,,,,,,,,,,0.00,no gazetteer entry,
Riedmatt See beim Steg,2,locality,no_match,,,,,,,,,,,,0.00,no gazetteer entry,
Dießen - St. Alban,2,locality,no_match,,,,,,,,,,,,0.00,no gazetteer entry,
Kempten-Hegge,2,,no_match,,,,,,,,,,,,0.00,no gazetteer entry,
Gehrshausen,2,locality,no_match,,,,,,,,,,,,0.00,no gazetteer entry,
Haltnau,2,locality,linked,osm,47.68424,9.28843,1500,,,,,,Q1572437,way/823001204,0.95,entry context 2 km (100% of the entries),
Oswalds Weiher,2,locality,no_match,,,,,,,,,,,,0.00,no gazetteer entry,
Schäferradel,2,locality,no_match,,,,,,,,,,,,0.00,not geocoded yet (no Nominatim cache entry),
Vogelnutzgehölz,2,locality,no_match,,,,,,,,,,,,0.00,no gazetteer entry,
Landshut - München,2,locality,no_match,,,,,,,,,,,,0.00,no gazetteer entry,
Zoologisches Institut München,2,locality,no_match,,,,,,,,,,,,0.00,no gazetteer entry,
Bienenhofen - Bernbach,2,locality,no_match,,,,,,,,,,,,0.00,no gazetteer entry,
Fangstücke,2,locality,no_match,,,,,,,,,,,,0.00,no gazetteer entry,
Gemeindetag,2,locality,review,osm,48.16806,11.59048,1500,,,,,,,way/117589877,0.45,"OSM building/civic named after the place; far from most of the entries' other places (0% within 80 km, nearest 85 km)",
Binau,2,locality,linked,osm+geonames,49.36833,9.05806,2000,2948861,Binau,P.PPLA4,DE,01,Q537696,relation/403748,0.95,entry context 12 km (100% of the entries),
Eberbach,2,locality,linked,osm+geonames,49.46680,8.99016,1500,2934020,Eberbach,P.PPL,DE,01,Q22873,relation/453363,0.95,entry context 12 km (100% of the entries),
Flintseller Lettenwand,2,locality,no_match,,,,,,,,,,,,0.00,no gazetteer entry,
Gütel,2,locality,review,osm,47.85607,11.40360,1500,,,,,,,way/518482880,0.60,OSM tourism/chalet named after the place,
Herlachkirchbruck,2,locality,no_match,,,,,,,,,,,,0.00,no gazetteer entry,
Biernutshofen,2,locality,no_match,,,,,,,,,,,,0.00,no gazetteer entry,
Kotschientre,2,locality,no_match,,,,,,,,,,,,0.00,no gazetteer entry,
Engenreithen,2,locality,no_match,,,,,,,,,,,,0.00,no gazetteer entry,
Lungenwang,2,,no_match,,,,,,,,,,,,0.00,no gazetteer entry,
Eng,2,,linked,osm+geonames,47.39928,11.55830,1500,12908882,Eng,P.PPL,AT,07,Q1341661,node/2028473658,0.95,entry context 36 km (50% of the entries),
Uferalmenalben,2,locality,no_match,,,,,,,,,,,,0.00,no gazetteer entry,
Enzenreith,2,locality,linked,osm+geonames,47.66839,15.95249,2000,2780021,Enzenreith,P.PPLA3,AT,03,Q687293,relation/111064,0.95,,
Hohr,2,locality,review,osm+geonames,50.34481,7.67148,500,10300737,Höhr,T.HLL,DE,08,,node/6550605937,0.65,348 km from the entries' other places (0% within 80 km),
Arwalds unter,2,locality,no_match,,,,,,,,,,,,0.00,no gazetteer entry,
Wertachtrieb,2,locality,no_match,,,,,,,,,,,,0.00,no gazetteer entry,
Altenbloos,2,locality,no_match,,,,,,,,,,,,0.00,no gazetteer entry,
Fichtenreiter unterhalb vom See,2,locality,no_match,,,,,,,,,,,,0.00,no gazetteer entry,
Ruinenfreiberg-Eisenberg,2,locality,no_match,,,,,,,,,,,,0.00,no gazetteer entry,
Sälchen,2,locality,review,osm,47.19835,15.76790,300,,,,,,,node/1669938830,0.55,441 km from the entries' other places (0% within 80 km),
Höhle der Türme,2,locality,no_match,,,,,,,,,,,,0.00,no gazetteer entry,
Weismann,2,locality,review,osm,49.14420,9.29433,1500,,,,,,,way/104183807,0.45,"OSM amenity/kindergarten named after the place; far from most of the entries' other places (0% within 80 km, nearest 82 km)",
Weismann-Moos,2,locality,no_match,,,,,,,,,,,,0.00,no gazetteer entry,
Wertachstreichbruch,2,locality,no_match,,,,,,,,,,,,0.00,no gazetteer entry,
Auen am Hacker,2,locality,no_match,,,,,,,,,,,,0.00,no gazetteer entry,
Tänzer Wäldchen,2,locality,no_match,,,,,,,,,,,,0.00,no gazetteer entry,
Seckelkopf bei Roßhaupten,2,locality,no_match,,,,,,,,,,,,0.00,no gazetteer entry,
See bei Ribraug,2,locality,no_match,,,,,,,,,,,,0.00,no gazetteer entry,
Terlingen,2,locality,no_match,,,,,,,,,,,,0.00,no gazetteer entry,
Zoologische Staatssammlung München,2,,linked,osm,48.16450,11.48131,1500,,,,,,Q220219,relation/1989237,0.90,OSM building/yes named after the place; entry context 8 km (100% of the entries),
Erher-Anlagen,2,locality,no_match,,,,,,,,,,,,0.00,no gazetteer entry,
Stirnrüti,2,locality,review,osm,47.02616,8.31257,500,,,,,,,node/10142926877,0.55,274 km from the entries' other places (0% within 80 km),
Rennwiese,2,locality,review,osm,48.98909,8.41099,1500,,,,,,,way/90045261,0.55,251 km from the entries' other places (0% within 80 km),
Gummertrauner Schlag,2,locality,no_match,,,,,,,,,,,,0.00,no gazetteer entry,
Flögchen,2,locality,no_match,,,,,,,,,,,,0.00,no gazetteer entry,
Genuis & Holz,2,locality,no_match,,,,,,,,,,,,0.00,no gazetteer entry,
Kniestädteln,2,locality,no_match,,,,,,,,,,,,0.00,no gazetteer entry,
Siebwarth,2,locality,no_match,,,,,,,,,,,,0.00,no gazetteer entry,
Altenberg,2,locality,linked,geonames,47.68333,15.65000,1500,2782703,Altenberg,P.PPL,AT,06,,,0.90,GeoNames primary name match (AT); entry context 13 km (100% of the entries),
Schrancken,2,locality,no_match,,,,,,,,,,,,0.00,no gazetteer entry,
Gfrainten-Berg,2,locality,no_match,,,,,,,,,,,,0.00,no gazetteer entry,
Schramberg-Süd,2,,no_match,,,,,,,,,,,,0.00,no gazetteer entry,
Herlachbrücke,2,locality,no_match,,,,,,,,,,,,0.00,no gazetteer entry,
Bäumchen,2,locality,linked,osm,50.21339,8.72541,500,,,,,,,node/11025972329,0.85,,
Weßlinger See,2,locality,linked,osm+geonames,48.07277,11.25119,1000,2810586,Weßlinger See,H.LK,DE,02,Q1504459,way/81341420,0.95,entry context 11 km (100% of the entries),
Germaringer Steig,2,locality,no_match,,,,,,,,,,,,0.00,no gazetteer entry,
Isaranlage bei Thalkirchen,2,locality,no_match,,,,,,,,,,,,0.00,no gazetteer entry,
Dez,2,locality,review,osm,49.02584,12.11584,1500,,,,,,Q1240780,way/93584232,0.45,"OSM shop/mall named after the place; far from most of the entries' other places (0% within 80 km, nearest 126 km)",
Eisenberg,2,locality,linked,osm+geonames,47.61365,10.60723,2000,2931550,Eisenberg,P.PPLA4,DE,02,Q532072,relation/448305,0.95,entry context 2 km (100% of the entries),
Pfronten-Meilingen,2,locality,no_match,,,,,,,,,,,,0.00,no gazetteer entry,
Silvtel,2,locality,no_match,,,,,,,,,,,,0.00,no gazetteer entry,
Südufer der See,2,locality,no_match,,,,,,,,,,,,0.00,not geocoded yet (no Nominatim cache entry),
Schwarzen,2,locality,review,osm+geonames,48.98912,12.96267,1500,2835059,Schwarzen,P.PPL,DE,02,,node/2109565739,0.65,171 km from the entries' other places (0% within 80 km),
Filzsee,2,locality,review,osm+geonames,47.35000,13.80000,1000,2608889,Filzsee,H.LK,AT,06,Q21928738,way/30533105,0.65,296 km from the entries' other places (0% within 80 km),
Engenstetten,2,locality,no_match,,,,,,,,,,,,0.00,no gazetteer entry,
Schrammen-Meilingen,2,locality,no_match,,,,,,,,,,,,0.00,no gazetteer entry,
Baukran,2,locality,no_match,,,,,,,,,,,,0.00,no gazetteer entry,
Kirchknick,2,locality,no_match,,,,,,,,,,,,0.00,no gazetteer entry,
Kaisersau,2,locality,no_match,,,,,,,,,,,,0.00,no gazetteer entry,
Markt Altdorf,2,locality,no_match,,,,,,,,,,,,0.00,not geocoded yet (no Nominatim cache entry),
Kirlach,2,locality,no_match,,,,,,,,,,,,0.00,no gazetteer entry,
Schranken-Ried,2,locality,no_match,,,,,,,,,,,,0.00,no gazetteer entry,
Weiherer,2,locality,linked,osm,50.24893,12.03389,1500,,,,,,,node/1102208447,0.90,OSM office/logistics named after the place; entry context 20 km (100% of the entries),
Würmseemoor,2,locality,no_match,,,,,,,,,,,,0.00,no gazetteer entry,
Kotschauers,2,locality,no_match,,,,,,,,,,,,0.00,no gazetteer entry,
Bettwieser,2,locality,no_match,,,,,,,,,,,,0.00,no gazetteer entry,
Singen,2,,linked,osm+geonames,47.75935,8.84030,1500,2831924,Singen,P.PPL,DE,01,Q6979,relation/2785095,0.95,entry context 10 km (100% of the entries),
Breit,2,locality,review,osm,47.55134,8.56281,1500,,,,,,,way/1357126709,0.60,OSM landuse/farmland named after the place; named after a settlement elsewhere; not confirmed by context (2 km),
Oberblegi-Alpe,2,locality,no_match,,,,,,,,,,,,0.00,no gazetteer entry,
Linth,2,locality,linked,osm+geonames,47.13275,9.09930,2000,2659879,Linth,H.STMC,CH,SG,Q14335,relation/2198016,0.95,entry context 25 km (100% of the entries),
Fätschbachfall,2,,no_match,,,,,,,,,,,,0.00,no gazetteer entry,
Pätschenbachfall,2,locality,no_match,,,,,,,,,,,,0.00,no gazetteer entry,
Rietiberg,2,,no_match,,,,,,,,,,,,0.00,no gazetteer entry,
Fruttberg,2,locality,linked,osm,46.91217,8.98217,300,,,,,,,node/7761861047,0.95,entry context 2 km (100% of the entries),
Guppenalpe,2,,no_match,,,,,,,,,,,,0.00,no gazetteer entry,
Uznach,2,,linked,osm+geonames,47.22421,8.98263,1500,2658210,Uznach,P.PPL,CH,SG,Q67106,relation/1683953,0.95,entry context 12 km (100% of the entries),
Reiteralpe,2,locality,no_match,,,,,,,,,,,,0.00,no gazetteer entry,
Wurmsee,2,locality,no_match,geonames,52.52756,9.84795,1500,2805660,Würmsee,P.PPL,DE,06,,,0.30,GeoNames primary name match (DE); 575 km from the entries' other places (0% within 80 km),
Blaueis-Tal,2,locality,no_match,,,,,,,,,,,,0.00,no gazetteer entry,
Berchtesgadener Land,2,locality,linked,osm+geonames,47.73222,12.88361,8000,2950877,Berchtesgadener Land,A.ADM3,DE,02,Q10530,node/240101055,0.95,entry context 14 km (100% of the entries),
Würmfeld,2,locality,review,osm,47.19626,13.42964,300,,,,,,,node/2788838947,0.70,"far from most of the entries' other places (0% within 80 km, nearest 118 km)",
Neuberberg,2,locality,no_match,,,,,,,,,,,,0.00,no gazetteer entry,
Hellenwand,2,locality,no_match,,,,,,,,,,,,0.00,no gazetteer entry,
Sturmbruch,2,locality,no_match,,,,,,,,,,,,0.00,no gazetteer entry,
Ausfluss am Vorlachufer,2,locality,no_match,,,,,,,,,,,,0.00,no gazetteer entry,
Frankfurter Höhe,2,locality,no_match,,,,,,,,,,,,0.00,no gazetteer entry,
Gennachbrücken,2,locality,no_match,,,,,,,,,,,,0.00,no gazetteer entry,
Korngruben,2,locality,no_match,,,,,,,,,,,,0.00,no gazetteer entry,
Gurnachufer,2,locality,no_match,,,,,,,,,,,,0.00,no gazetteer entry,
Fortner Almt,2,locality,no_match,,,,,,,,,,,,0.00,no gazetteer entry,
Reitertreppe,2,locality,no_match,osm,50.27213,7.64864,300,,,,,,,way/891367014,0.30,OSM highway/footway named after the place; 336 km from the entries' other places (0% within 80 km),
Galgenmoos,2,locality,linked,osm,47.69356,10.22983,500,,,,,,,node/12422760162,0.95,entry context 32 km (100% of the entries),
Galgen-See,2,,no_match,,,,,,,,,,,,0.00,not geocoded yet (no Nominatim cache entry),
Herblingen,2,,linked,osm+geonames,47.72420,8.66293,1000,2660374,Schaffhausen-Herblingen,P.PPLX,CH,SH,,node/11587876472,0.95,entry context 4 km (100% of the entries),
Zürichsee und Limmat,2,locality,no_match,,,,,,,,,,,,0.00,no gazetteer entry,
Balm,2,locality,linked,osm,47.24564,8.80535,500,,,,,,,node/10724311433,0.95,entry context 39 km (100% of the entries),
Romanshorn,2,,linked,osm+geonames,47.56586,9.37869,2000,2658985,Romanshorn,P.PPLA3,CH,TG,Q65125,relation/1684552,0.95,entry context 16 km (100% of the entries),
Gilchinger Moos,2,locality,no_match,,,,,,,,,,,,0.00,no gazetteer entry,
Fischheim,2,locality,review,osm+geonames,51.01667,12.78333,1500,2926494,Fischheim,P.PPL,DE,13,Q67181502,relation/2827899,0.65,204 km from the entries' other places (0% within 80 km),
Isarquai,2,locality,no_match,,,,,,,,,,,,0.00,no gazetteer entry,
Bindlach,2,locality,linked,osm+geonames,49.98167,11.61389,2000,2948840,Bindlach,P.PPLA4,DE,02,Q505002,relation/1071015,0.95,entry context 4 km (100% of the entries),
Kemmern,2,locality,linked,osm+geonames,49.95486,10.87784,2000,2891687,Kemmern,P.PPLA4,DE,02,Q529400,relation/1077565,0.95,entry context 14 km (100% of the entries),
Strullendorf,2,locality,linked,osm+geonames,49.84429,10.97208,2000,2825638,Strullendorf,P.PPLA4,DE,02,Q539907,relation/1077562,0.95,entry context 14 km (100% of the entries),
Rauhhorn,2,locality,linked,osm+geonames,47.46667,10.46667,500,2849946,Rauhhorn,T.MT,AT,02,Q830885,node/650833056,0.95,entry context 26 km (100% of the entries),
Hindelang-Hintersteiner Gebiet,2,locality,no_match,,,,,,,,,,,,0.00,no gazetteer entry,
Mauersee,2,locality,review,osm,54.18001,21.68947,1000,,,,,,Q1330800,relation/76386,0.55,909 km from the entries' other places (0% within 80 km),
Unterhausen,2,locality,linked,osm+geonames,47.96388,10.99343,1500,2819400,Unterhausen,P.PPL,DE,02,Q60507973,node/504499143,0.95,entry context 11 km (100% of the entries),
Stockritz,2,locality,no_match,,,,,,,,,,,,0.00,no gazetteer entry,
Wellenburg,2,locality,linked,osm+geonames,48.33580,10.82791,1500,2811516,Wellenburg,P.PPL,DE,02,,node/297279275,0.95,entry context 27 km (100% of the entries),
Hammelweiher,2,locality,no_match,,,,,,,,,,,,0.00,no gazetteer entry,
Wertingen,2,locality,linked,osm+geonames,48.56314,10.68149,1500,2810702,Wertingen,P.PPL,DE,02,Q502930,relation/956952,0.95,entry context 27 km (100% of the entries),
Argenmündung,2,locality,no_match,,,,,,,,,,,,0.00,no gazetteer entry,
Steinbruch an der Halde,2,locality,no_match,,,,,,,,,,,,0.00,no gazetteer entry,
Riedrode,2,locality,review,osm+geonames,49.64917,8.49500,1500,2847069,Riedrode,P.PPL,DE,05,Q2152100,relation/15901226,0.65,185 km from the entries' other places (0% within 80 km),
Kaufbeuren Stadtwald,2,locality,no_match,,,,,,,,,,,,0.00,no gazetteer entry,
Eichalpe,2,,no_match,,,,,,,,,,,,0.00,no gazetteer entry,
Wertachaulagen,2,locality,no_match,,,,,,,,,,,,0.00,not geocoded yet (no Nominatim cache entry),
Löwengrube-Alpe,2,locality,no_match,,,,,,,,,,,,0.00,no gazetteer entry,
Unterbrunnreute,2,locality,no_match,,,,,,,,,,,,0.00,no gazetteer entry,
Sickalpe,2,,no_match,,,,,,,,,,,,0.00,no gazetteer entry,
Grünwald-Höllriegelskreuth,2,,no_match,,,,,,,,,,,,0.00,no gazetteer entry,
Plautscher,2,locality,no_match,,,,,,,,,,,,0.00,no gazetteer entry,
Dätzing,2,locality,no_match,,,,,,,,,,,,0.00,no gazetteer entry,
Fröttmaning,2,,linked,geonames,48.21501,11.63130,1500,2924129,Fröttmaning,P.PPL,DE,02,Q439586,,0.95,GeoNames primary name match (DE); entry context 2 km (100% of the entries),
Kirchsee,2,locality,linked,osm,47.81815,11.61817,1000,,,,,,Q1743379,way/171801879,0.95,entry context 36 km (100% of the entries),
Balaton,2,locality,review,osm,49.12529,16.71022,1000,,,,,,Q96157784,way/50994530,0.55,393 km from the entries' other places (0% within 80 km),
Rietmali,2,locality,no_match,,,,,,,,,,,,0.00,no gazetteer entry,
Wertach-Eisenbahnbrücke,2,locality,no_match,,,,,,,,,,,,0.00,no gazetteer entry,
Hüttenwang,2,locality,linked,geonames,47.84613,10.52047,1500,2896917,Huttenwang,P.PPL,DE,02,,,0.95,GeoNames primary name match (DE); entry context 3 km (100% of the entries),
Gelben,2,locality,review,osm,47.01805,9.04445,500,,,,,,,node/7997454760,0.55,150 km from the entries' other places (0% within 80 km),
Birkhoff-See,2,,no_match,,,,,,,,,,,,0.00,no gazetteer entry,
Ottilienberg,2,locality,linked,osm+geonames,48.51979,10.75232,500,3208359,Ottilienberg,T.HLL,DE,02,Q30601587,node/1457239547,0.95,,
Steinebach,2,,linked,osm+geonames,47.53659,10.00207,1500,2828261,Steinebach,P.PPL,DE,02,Q114559576,node/7117541357,0.95,,
Lechbruck,2,,linked,osm+geonames,47.70162,10.79493,1500,2879789,Lechbruck,P.PPL,DE,02,Q328714,relation/448301,0.95,entry context 5 km (100% of the entries),
Peiting,2,,linked,osm+geonames,47.79549,10.92951,1500,2855025,Peiting,P.PPL,DE,02,Q518123,relation/936787,0.95,entry context 3 km (100% of the entries),
Bürk,2,locality,linked,osm+geonames,47.77472,10.67075,1500,2941039,Burk,P.PPL,DE,02,Q105166592,node/161798713,0.95,entry context 4 km (100% of the entries),
Habrichsbruch,2,locality,no_match,,,,,,,,,,,,0.00,no gazetteer entry,
Froschhausen,2,locality,linked,osm+geonames,47.68934,11.22121,1500,2924150,Froschhausen,P.PPL,DE,02,,way/142387852,0.95,entry context 2 km (100% of the entries),
Schloss Wörth,2,locality,review,osm,49.00005,12.40201,200,,,,,,Q2244291,way/226835459,0.70,"far from most of the entries' other places (0% within 80 km, nearest 149 km)",
Palsweis,2,locality,linked,osm+geonames,48.25480,11.31257,1500,2855636,Palsweis,P.PPL,DE,02,Q26208446,node/358940426,0.95,entry context 5 km (100% of the entries),
Schwarze Teiche,2,locality,review,osm,50.93066,13.23379,1000,,,,,,,way/152462822,0.55,331 km from the entries' other places (0% within 80 km),
Tännesberg,2,locality,linked,osm+geonames,49.53182,12.32765,1500,2824063,Tännesberg,P.PPL,DE,02,Q505382,relation/1059455,0.80,"far from most of the entries' other places (0% within 80 km, nearest 141 km)",
Rubishorn,2,locality,no_match,,,,,,,,,,,,0.00,not geocoded yet (no Nominatim cache entry),
Bolgenach,2,locality,review,osm+geonames,47.46405,9.96838,1500,11592077,Bolgenach,P.PPL,AT,08,Q870219,relation/16562073,0.65,254 km from the entries' other places (0% within 80 km),
Schnaittach,2,locality,review,osm+geonames,49.55958,11.34328,1500,2837572,Schnaittach,P.PPL,DE,02,Q520932,relation/365117,0.65,254 km from the entries' other places (0% within 80 km),
Birkenfeld,2,locality,linked,osm+geonames,49.85861,9.69556,2000,2948594,Birkenfeld,P.PPLA4,DE,02,Q508714,relation/335467,0.95,entry context 29 km (100% of the entries),
Winterhausen,2,locality,linked,osm+geonames,49.70683,10.01661,1500,2807757,Winterhausen,P.PPL,DE,02,Q139025,relation/163058,0.80,"far from most of the entries' other places (0% within 80 km, nearest 117 km)",
Sulzbach,2,locality,linked,osm+geonames,48.42914,11.08557,1500,2824847,Sulzbach,P.PPL,DE,02,Q15130808,relation/3123158,0.95,,
Ebenau,2,settlement,linked,osm+geonames,47.79073,13.17527,2000,2780563,Ebenau,P.PPLA3,AT,05,Q692169,relation/1585661,0.95,,
Betrang,2,locality,no_match,,,,,,,,,,,,0.00,no gazetteer entry,
Hackenbogen,2,locality,no_match,,,,,,,,,,,,0.00,no gazetteer entry,
Kanal beim Weiher,2,locality,no_match,,,,,,,,,,,,0.00,no gazetteer entry,
Fabrikeck,2,locality,no_match,,,,,,,,,,,,0.00,no gazetteer entry,
Stadtweiher,2,locality,linked,osm+geonames,47.71667,10.28333,1000,2829733,Stadtweiher,H.LK,DE,02,Q32747907,way/8786667,0.95,entry context 16 km (100% of the entries),
Haarkirchen,2,,linked,geonames,47.98840,11.37978,1500,2913106,Haarkirchen,P.PPL,DE,02,,,0.95,GeoNames primary name match (DE); entry context 1 km (100% of the entries),
Beerbach,2,locality,linked,osm,49.81266,8.66965,1500,,,,,,Q27886786,way/494898504,0.85,,
Stadtanlagen,2,locality,no_match,,,,,,,,,,,,0.00,no gazetteer entry,
Kriegsministerium,2,locality,no_match,osm,48.21048,16.36788,1500,,,,,,,node/10931533164,0.30,OSM historic/memorial named after the place; 355 km from the entries' other places (0% within 80 km),
Orangerie,2,locality,linked,osm,50.12705,8.88702,800,,,,,,,way/24837059,0.85,,
Kolonieholz,2,locality,no_match,,,,,,,,,,,,0.00,no gazetteer entry,
Föhrenholz,2,locality,linked,osm+geonames,48.78333,15.31667,1500,2607203,Föhrenholz,V.FRST,AT,03,Q21861674,relation/15579046,0.80,"far from most of the entries' other places (0% within 80 km, nearest 115 km)",
Getreidefelder,2,,no_match,,,,,,,,,,,,0.00,no gazetteer entry,
Föhrenbestand,2,,no_match,,,,,,,,,,,,0.00,no gazetteer entry,
Neue Herberge,2,locality,no_match,osm,50.20689,9.13573,1500,,,,,,,way/322199061,0.30,OSM historic/farm named after the place; 291 km from the entries' other places (0% within 80 km),
Tannheimer Revier,2,locality,no_match,,,,,,,,,,,,0.00,no gazetteer entry,
Ganzzüge,2,locality,no_match,,,,,,,,,,,,0.00,no gazetteer entry,
Hayingen,2,,linked,osm+geonames,48.27531,9.47760,1500,2908575,Hayingen,P.PPL,DE,01,Q82453,relation/2777735,0.95,entry context 5 km (100% of the entries),
Freifalten-Kloster,2,locality,no_match,,,,,,,,,,,,0.00,no gazetteer entry,
Karlshuld,2,locality,linked,osm+geonames,48.68190,11.28503,2000,2892810,Karlshuld,P.PPLA4,DE,02,Q505424,relation/943728,0.95,,
Josefstal,2,settlement,linked,osm,47.65752,12.34666,500,,,,,,,node/3855081447,0.85,,
Insel im Wörthsee,2,locality,no_match,,,,,,,,,,,,0.00,no gazetteer entry,
Daumen,2,locality,linked,osm,47.44160,10.37552,300,,,,,,Q316061,node/281708195,0.95,entry context 3 km (100% of the entries),
Wasach,2,locality,linked,osm+geonames,47.42346,10.25171,1500,2813866,Wasach,P.PPL,DE,02,Q15853691,node/305787692,0.95,entry context 7 km (100% of the entries),
Gutenalpe,2,locality,linked,osm,47.38048,10.35712,1500,,,,,,Q140798781,node/14066557163,0.95,entry context 2 km (100% of the entries),
Gleiz,2,locality,no_match,,,,,,,,,,,,0.00,no gazetteer entry,
Laufbacher Eck,2,locality,linked,osm+geonames,47.39336,10.38081,500,2880139,Laufbacher Eck,T.MT,DE,02,Q832044,node/844986604,0.95,,
Kolat,2,locality,review,osm,22.95523,72.42226,1000,,,,,,,way/1007577226,0.55,6071 km from the entries' other places (0% within 80 km),
Schlappoldalpe,2,locality,linked,osm,47.35819,10.23045,1500,,,,,,,way/98394099,0.90,OSM amenity/fast_food named after the place; entry context 4 km (100% of the entries),
Haldenal,2,locality,no_match,,,,,,,,,,,,0.00,no gazetteer entry,
Habererhang,2,locality,no_match,,,,,,,,,,,,0.00,no gazetteer entry,
Haldenruh,2,locality,no_match,,,,,,,,,,,,0.00,no gazetteer entry,
Oybele-Feld,2,locality,no_match,,,,,,,,,,,,0.00,no gazetteer entry,
Himmelreich,2,locality,review,osm+geonames,50.19745,12.22658,1500,3070002,Nebesa,P.PPL,CZ,81,Q729214,relation/424633,0.65,295 km from the entries' other places (0% within 80 km),
Gaisbachtobel,2,locality,linked,osm,47.23306,10.14393,1500,,,,,,,way/1352609165,0.95,entry context 18 km (100% of the entries),
Oybachtal,2,locality,no_match,,,,,,,,,,,,0.00,no gazetteer entry,
Warmatsgund,2,locality,review,osm,47.34722,10.26340,1500,,,,,,,way/98066682,0.60,OSM building/service named after the place,
Brünnlberg,2,locality,linked,osm,47.52860,12.62030,300,,,,,,,node/867450633,0.95,entry context 33 km (100% of the entries),
Jenner,2,locality,linked,osm+geonames,47.57568,13.02088,300,2895197,Jenner,T.PK,DE,02,Q315611,node/21634651,0.95,entry context 14 km (100% of the entries),
Fleischer,2,locality,linked,osm,47.84821,10.60212,300,,,,,,,node/9457624869,0.85,,
Klärbassin,2,locality,review,osm,51.90664,10.51903,1500,,,,,,,way/939544000,0.55,237 km from the entries' other places (0% within 80 km),
Grafenburg,2,locality,linked,osm,47.63923,12.17072,1500,,,,,,,way/167359690,0.90,OSM building/yes named after the place; entry context 1 km (100% of the entries),
Erl,2,locality,linked,osm+geonames,47.68333,12.18333,2000,2779982,Erl,P.PPLA3,AT,07,Q871549,relation/2168241,0.95,entry context 4 km (100% of the entries),
Vorderkaiserfelden,2,locality,linked,osm,47.60596,12.23993,1500,,,,,,Q38232987,way/618087939,0.95,entry context 4 km (100% of the entries),
Bichleralm,2,locality,review,osm,47.72058,12.72615,300,,,,,,,node/3613707531,0.70,"far from most of the entries' other places (0% within 80 km, nearest 99 km)",
Ermitage,2,locality,review,osm+geonames,45.79565,6.98218,800,8984979,Ermitage,P.PPLL,IT,19,,node/1611919978,0.65,435 km from the entries' other places (0% within 80 km),
Pertel,2,locality,no_match,osm,47.89226,14.57777,1500,,,,,,,way/408577347,0.30,OSM building/yes named after the place; 225 km from the entries' other places (0% within 80 km),
Mühlau und Schloßau,2,locality,no_match,,,,,,,,,,,,0.00,no gazetteer entry,
Kaiseralpe,2,locality,review,osm,47.18806,10.32584,1500,,,,,,,node/3057221247,0.60,OSM information/guidepost named after the place,
Schwarzenberg,2,locality,linked,osm+geonames,47.66667,9.85000,1500,2834986,Schwarzenberg,P.PPL,DE,02,Q107273726,node/60233531,0.80,"far from most of the entries' other places (0% within 80 km, nearest 126 km)",
Füsingenhütte,2,locality,no_match,,,,,,,,,,,,0.00,no gazetteer entry,
Rätalpe,2,locality,no_match,,,,,,,,,,,,0.00,no gazetteer entry,
Staffelalpe,2,locality,review,osm,47.32853,9.71809,500,,,,,,,node/10648532325,0.70,"far from most of the entries' other places (0% within 80 km, nearest 95 km)",
Segenberge,2,locality,no_match,,,,,,,,,,,,0.00,no gazetteer entry,
Beutenjoch,2,locality,no_match,,,,,,,,,,,,0.00,no gazetteer entry,
Brunnenkopf,2,locality,linked,osm+geonames,47.58180,10.92742,300,2943133,Brunnenkopf,T.PK,DE,02,Q17310616,node/463541003,0.95,entry context 13 km (100% of the entries),
Fußstein,2,locality,linked,osm,47.04706,11.64947,300,,,,,,Q1115155,node/2808382303,0.85,,
Geltnachbrücke,2,locality,no_match,,,,,,,,,,,,0.00,no gazetteer entry,
Sannister See,2,locality,no_match,,,,,,,,,,,,0.00,no gazetteer entry,
Paulshöhe,2,locality,no_match,osm,51.93597,11.30331,1500,,,,,,,way/109159892,0.30,OSM landuse/residential named after the place; 232 km from the entries' other places (0% within 80 km),
Woditzowen,2,locality,no_match,,,,,,,,,,,,0.00,no gazetteer entry,
Gellmoor,2,,no_match,,,,,,,,,,,,0.00,no gazetteer entry,
Wutachbrücke,2,locality,review,osm,47.83544,8.50126,1500,,,,,,,node/1418751174,0.60,OSM information/guidepost named after the place,
Biessenhofener Brücke,2,locality,no_match,,,,,,,,,,,,0.00,no gazetteer entry,
Klosterwald am breiten Berg,2,locality,no_match,,,,,,,,,,,,0.00,no gazetteer entry,
Riesa,2,settlement,linked,osm+geonames,51.30777,13.29168,1500,2846939,Riesa,P.PPL,DE,13,Q8775,relation/549800,0.95,,
Ginnachssäge,2,locality,no_match,,,,,,,,,,,,0.00,no gazetteer entry,
München-Karlshöhe,2,locality,no_match,,,,,,,,,,,,0.00,no gazetteer entry,
Isarbach Altwasser,2,locality,no_match,,,,,,,,,,,,0.00,no gazetteer entry,
Piazza Erbe,2,locality,linked,osm,45.44279,10.99701,1500,,,,,,,node/8243329309,0.90,OSM amenity/taxi named after the place; entry context 0 km (100% of the entries),
San Zeno,2,locality,linked,osm+geonames,45.31895,10.82897,1500,8949448,San Zeno,P.PPL,IT,20,Q33480565,node/1831485763,0.95,entry context 19 km (100% of the entries),
Hotel International,2,locality,no_match,osm,45.17298,14.69097,1500,,,,,,,way/438201694,0.30,OSM building/yes named after the place; 570 km from the entries' other places (0% within 80 km),
Santi Quaranta,2,locality,review,osm,40.69234,14.72955,500,,,,,,,node/2704197827,0.55,271 km from the entries' other places (0% within 80 km),
Mursia-Kataito,2,,no_match,,,,,,,,,,,,0.00,no gazetteer entry,
Grenzlinie Griechenland-Albanien,2,,no_match,,,,,,,,,,,,0.00,no gazetteer entry,
Zitadelle von Korfu,2,locality,no_match,,,,,,,,,,,,0.00,no gazetteer entry,
Festung Korfu,2,locality,no_match,,,,,,,,,,,,0.00,no gazetteer entry,
Ostkap von Meganisi,2,locality,no_match,,,,,,,,,,,,0.00,no gazetteer entry,
Gebirgszug entlang der Küste,2,locality,no_match,,,,,,,,,,,,0.00,no gazetteer entry,
Rath,2,locality,review,osm+geonames,48.09471,14.16618,1500,2767910,Rath,P.PPL,AT,04,,node/240080086,0.65,1140 km from the entries' other places (0% within 80 km),
Salzwasserquelle,2,locality,no_match,,,,,,,,,,,,0.00,no gazetteer entry,
Brunnen des Lagerplatzes,2,locality,no_match,,,,,,,,,,,,0.00,no gazetteer entry,
Bucht von Artaki,2,locality,no_match,,,,,,,,,,,,0.00,no gazetteer entry,
Hafen von Artaki,2,locality,no_match,,,,,,,,,,,,0.00,no gazetteer entry,
Dragonera,2,locality,no_match,geonames,35.34522,26.17825,2000,262965,Nisída Dragonáda,T.ISL,GR,ESYE43,,,0.10,GeoNames alternate name match (GR); 575 km from the entries' other places (0% within 80 km),
Karlonisi,2,locality,linked,geonames,38.47509,21.04328,2000,260914,Karlonísi,T.ISL,GR,ESYE22,Q6372545,,0.80,GeoNames primary name match (GR); entry context 8 km (100% of the entries),
Diani,2,,review,osm,8.46231,-9.07968,3000,,,,,,,way/39763680,0.55,4501 km from the entries' other places (0% within 80 km),
Oxya,2,,review,osm+geonames,40.74023,21.13186,1500,734851,Oxyá,P.PPL,GR,ESYE13,Q11052182,node/287220632,0.65,501 km from the entries' other places (0% within 80 km),
Formicula-Inseln,2,,no_match,,,,,,,,,,,,0.00,no gazetteer entry,
Südkap von Kalamos,2,,no_match,,,,,,,,,,,,0.00,no gazetteer entry,
St. Maura,2,locality,no_match,,,,,,,,,,,,0.00,no gazetteer entry,
Gegenüberliegendes Ufer,2,locality,no_match,,,,,,,,,,,,0.00,no gazetteer entry,
Bucht,2,,review,osm,48.93046,9.40208,20000,,,,,,,node/9713738193,0.55,1431 km from the entries' other places (0% within 80 km),
Insel Vido,2,locality,no_match,,,,,,,,,,,,0.00,no gazetteer entry,
Potamos-Mündung,2,locality,no_match,,,,,,,,,,,,0.00,no gazetteer entry,
Spartila - Episkepsis,2,locality,no_match,,,,,,,,,,,,0.00,no gazetteer entry,
Alheim,2,locality,review,osm+geonames,51.03333,9.66667,2000,2958494,Alheim,P.PPLA4,DE,05,Q596859,relation/238961,0.65,350 km from the entries' other places (0% within 80 km),
Virgen,2,locality,linked,osm+geonames,47.00367,12.45741,2000,2762352,Virgen,P.PPLA3,AT,07,Q122956856,node/240078401,0.95,,
Kuchelberg,2,locality,review,osm+geonames,51.28283,16.15522,1500,13286614,Kochlice,P.PPL,PL,72,Q11740661,relation/5967262,0.65,480 km from the entries' other places (0% within 80 km),
Starnberger See bei Bernried,2,locality,no_match,,,,,,,,,,,,0.00,no gazetteer entry,
Kloster Akademie,2,locality,no_match,,,,,,,,,,,,0.00,no gazetteer entry,
Filzbüchl,2,locality,no_match,,,,,,,,,,,,0.00,no gazetteer entry,
Filghart,2,,no_match,,,,,,,,,,,,0.00,no gazetteer entry,
Gautinger See,2,locality,no_match,,,,,,,,,,,,0.00,no gazetteer entry,
Risterholz,2,,no_match,,,,,,,,,,,,0.00,no gazetteer entry,
Frankenrieder Flur,2,locality,no_match,,,,,,,,,,,,0.00,no gazetteer entry,
II. Halde,2,locality,no_match,,,,,,,,,,,,0.00,no gazetteer entry,
Riedlele,2,locality,no_match,,,,,,,,,,,,0.00,no gazetteer entry,
Appeltrang,2,,no_match,,,,,,,,,,,,0.00,no gazetteer entry,
Kurhaus-Anlagen,2,locality,no_match,,,,,,,,,,,,0.00,no gazetteer entry,
Kaltisried,2,locality,no_match,,,,,,,,,,,,0.00,no gazetteer entry,
Galtins,2,locality,no_match,,,,,,,,,,,,0.00,no gazetteer entry,
Halbinselbrücke,2,,no_match,,,,,,,,,,,,0.00,no gazetteer entry,
Kaisermeer,2,locality,no_match,,,,,,,,,,,,0.00,no gazetteer entry,
Reiherkolonie,2,locality,review,osm,50.76556,6.32481,1500,,,,,,Q58319760,way/1176909833,0.55,342 km from the entries' other places (0% within 80 km),
Schwabinger Bach,2,locality,linked,osm+geonames,48.23301,11.66688,3000,2835484,Schwabinger Bach,H.STM,DE,02,Q202655,relation/2586508,0.95,entry context 13 km (100% of the entries),
Reiher-Forstwald,2,locality,no_match,,,,,,,,,,,,0.00,no gazetteer entry,
Hochwald,2,,linked,osm+geonames,48.83364,13.90684,500,3074651,Hvozd,T.MT,CZ,79,Q23819438,node/576699871,0.95,entry context 33 km (50% of the entries),
Gambach,2,locality,linked,osm+geonames,48.61826,11.52019,1500,2922787,Gambach,P.PPL,DE,02,Q95210879,node/252740306,0.95,entry context 6 km (100% of the entries),
Nennhausen,2,locality,linked,osm+geonames,52.60351,12.50522,2000,2866523,Nennhausen,P.PPLA4,DE,11,Q316082,relation/1266341,0.95,,
Lalendorf,2,locality,linked,osm+geonames,53.75774,12.38983,1500,2881789,Lalendorf,P.PPL,DE,12,Q638318,relation/1976641,0.95,,
Stellingen,2,,linked,osm+geonames,53.59220,9.92870,1000,2827552,Stellingen,P.PPLX,DE,04,Q1621,relation/181007,0.95,entry context 6 km (100% of the entries),
Neuoffingen,2,locality,linked,osm,48.48328,10.34457,300,,,,,,Q131454027,node/12427384208,0.95,entry context 28 km (100% of the entries),
Obermarchtal,2,locality,linked,osm+geonames,48.23279,9.57235,2000,2859826,Obermarchtal,P.PPLA4,DE,01,Q540779,relation/2803465,0.95,entry context 9 km (100% of the entries),
Erdbeerschlag,2,locality,no_match,,,,,,,,,,,,0.00,no gazetteer entry,
Buchenhochwald,2,,no_match,osm,54.48542,9.79271,1500,,,,,,,node/6783887299,0.30,OSM information/board named after the place; 624 km from the entries' other places (0% within 80 km),
Zwiefalten-Kloster,2,locality,no_match,,,,,,,,,,,,0.00,no gazetteer entry,
Lade,2,locality,no_match,geonames,63.45000,10.46667,1500,3148583,Lade,P.PPL,NO,21,,,0.20,GeoNames primary name match (NO); 1674 km from the entries' other places (0% within 80 km),
Stöttener Moos,2,locality,no_match,,,,,,,,,,,,0.00,no gazetteer entry,
Künegger Weiher,2,locality,no_match,,,,,,,,,,,,0.00,no gazetteer entry,
Hirbach,2,locality,review,osm,47.68102,9.47513,500,,,,,,,node/12471727200,0.70,"far from most of the entries' other places (0% within 80 km, nearest 89 km)",
Wettersteinalpe,2,locality,no_match,,,,,,,,,,,,0.00,no gazetteer entry,
Bosee,2,locality,no_match,,,,,,,,,,,,0.00,no gazetteer entry,
Arnsheim,2,locality,no_match,,,,,,,,,,,,0.00,no gazetteer entry,
Stanfeld,2,locality,no_match,,,,,,,,,,,,0.00,no gazetteer entry,
Magervald,2,locality,no_match,,,,,,,,,,,,0.00,no gazetteer entry,
Steinegg,2,locality,review,osm+geonames,47.32195,9.43146,1500,7669943,Steinegg,P.PPL,CH,AI,Q99437581,node/416331964,0.65,184 km from the entries' other places (0% within 80 km),
Altheim,2,settlement,linked,osm+geonames,48.25154,13.23406,2000,2782649,Altheim,P.PPLA3,AT,04,Q440718,relation/403670,0.95,,
Mittelfranken,2,locality,linked,osm,49.32327,10.69023,3000,,,,,,Q10551,relation/17614,0.85,,
Schloßberg im Moos,2,locality,no_match,,,,,,,,,,,,0.00,no gazetteer entry,
Moos südlich der Donaugräben,2,locality,no_match,,,,,,,,,,,,0.00,no gazetteer entry,
Moos und Halbinsel,2,locality,no_match,,,,,,,,,,,,0.00,no gazetteer entry,
Wertach bei der Eisenbrücke,2,locality,no_match,,,,,,,,,,,,0.00,no gazetteer entry,
Oberhaus,2,,linked,osm+geonames,48.00227,13.68742,1500,11609345,Oberhaus,P.PPL,AT,04,,node/240085586,0.95,,
Mitterweiher,2,locality,linked,osm,47.88895,11.53558,1500,,,,,,Q87128278,way/10901078,0.95,entry context 19 km (100% of the entries),
Feldhölzchen bei Dr. Friedreich,2,locality,no_match,,,,,,,,,,,,0.00,no gazetteer entry,
Brückeninsel,2,locality,no_match,,,,,,,,,,,,0.00,no gazetteer entry,
Kinzinger Anteil,2,locality,no_match,,,,,,,,,,,,0.00,no gazetteer entry,
Kinzinger Insel,2,locality,no_match,,,,,,,,,,,,0.00,no gazetteer entry,
Brütinsel,2,locality,review,osm,47.04411,8.32318,1500,,,,,,,way/104278897,0.70,"far from most of the entries' other places (0% within 80 km, nearest 139 km)",
Luring,2,locality,review,osm,50.98058,7.45375,500,,,,,,,node/9833743212,0.55,391 km from the entries' other places (0% within 80 km),
Brutinsel,2,locality,no_match,,,,,,,,,,,,0.00,not geocoded yet (no Nominatim cache entry),
Fristmai,2,locality,no_match,,,,,,,,,,,,0.00,no gazetteer entry,
Unterbergen,2,,linked,osm+geonames,48.23188,10.94253,1500,2819950,Unterbergen,P.PPL,DE,02,,node/121812452,0.95,entry context 5 km (100% of the entries),
Stöckchen,2,locality,review,osm,50.85629,6.91419,500,,,,,,,node/9766110045,0.55,426 km from the entries' other places (0% within 80 km),
Dingelsdorfer Horn,2,locality,no_match,,,,,,,,,,,,0.00,no gazetteer entry,
Weißdorf,2,locality,review,osm+geonames,50.18333,11.85000,2000,2812009,Weißdorf,P.PPLA4,DE,02,Q503820,relation/1021698,0.65,332 km from the entries' other places (0% within 80 km),
Stargardweiler,2,locality,no_match,,,,,,,,,,,,0.00,no gazetteer entry,
Mistkäfer,2,locality,review,osm,50.55950,15.16881,300,,,,,,,node/3553808037,0.55,375 km from the entries' other places (0% within 80 km),
Andechs-Erling,2,,no_match,,,,,,,,,,,,0.00,no gazetteer entry,
Salofen,2,locality,no_match,,,,,,,,,,,,0.00,no gazetteer entry,
Seeköpfe,2,locality,review,geonames,47.04384,10.26833,300,6938644,Seeköpfe,T.PK,AT,07,,,0.60,GeoNames primary name match (AT),
Tun,2,locality,review,geonames,46.75118,7.62166,3000,2658377,Thun,P.PPLA2,CH,BE,,,0.65,GeoNames alternate name match (CH),
Südfrankreich,2,locality,no_match,,,,,,,,,,,,0.00,no gazetteer entry,
Cuxac-Cabardès,2,locality,review,osm+geonames,43.37081,2.28324,1500,3021954,Cuxac-Cabardès,P.PPL,FR,76,Q1086439,relation/2143401,0.65,894 km from the entries' other places (0% within 80 km),
Sonnenspitze,2,locality,linked,osm+geonames,47.36720,10.92178,300,2764900,Sonnenspitze,T.PK,AT,07,Q1300944,node/256042810,0.95,,
Obermaiselstein,2,locality,linked,osm+geonames,47.45000,10.23333,2000,2859832,Obermaiselstein,P.PPLA4,DE,02,Q527529,relation/957922,0.95,entry context 5 km (100% of the entries),
Kaisertal,2,locality,linked,osm+geonames,47.59384,12.22379,1500,11592341,Kaisertal,P.PPL,AT,07,Q872105,way/405649179,0.95,,
Starzlach,2,locality,linked,osm+geonames,47.40463,10.23088,3000,2829427,Starzlach,H.STM,DE,02,Q151257,relation/1433691,0.95,entry context 5 km (100% of the entries),
Esterberg,2,locality,linked,osm,48.96307,11.70928,300,,,,,,,node/3190142179,0.85,,
Aubinger Moos,2,locality,no_match,,,,,,,,,,,,0.00,no gazetteer entry,
Kugler-Alm,2,,linked,osm,48.03588,11.57499,100,,,,,,,way/35333847,0.90,OSM amenity/biergarten named after the place; entry context 3 km (100% of the entries),
Tonnhofen und Rossel,2,locality,no_match,,,,,,,,,,,,0.00,no gazetteer entry,
Rossel,2,locality,review,osm+geonames,50.81167,7.53309,1500,2844741,Rossel,P.PPL,DE,07,Q1240042,node/61605821,0.65,417 km from the entries' other places (0% within 80 km),
Gehausen,2,locality,linked,osm,48.48556,11.77937,300,,,,,,Q135333645,node/13130640452,0.85,,
Forst-Versuchsanstalt,2,locality,no_match,,,,,,,,,,,,0.00,no gazetteer entry,
Einberg,2,locality,review,osm,48.45960,13.17129,300,,,,,,,node/4764347202,0.70,"far from most of the entries' other places (0% within 80 km, nearest 123 km)",
Badersee,2,locality,linked,osm+geonames,47.47399,11.01481,1500,2953470,Badersee,P.PPL,DE,02,Q262073,relation/7069488,0.95,entry context 6 km (100% of the entries),
Holzen,2,,linked,osm+geonames,48.60703,12.16648,1500,2899919,Holzen,P.PPL,DE,02,Q96279544,node/746999808,0.95,,
Krottenmühle,2,locality,no_match,,,,,,,,,,,,0.00,not geocoded yet (no Nominatim cache entry),
Beukarn,2,,no_match,,,,,,,,,,,,0.00,no gazetteer entry,
Achseeinfluß,2,locality,no_match,,,,,,,,,,,,0.00,no gazetteer entry,
Krollmühle,2,,no_match,osm,51.84139,8.70970,1500,,,,,,,way/904402174,0.30,OSM building/ruins named after the place; 467 km from the entries' other places (0% within 80 km),
Schratting,2,,no_match,,,,,,,,,,,,0.00,no gazetteer entry,
Rottenmühle,2,locality,no_match,,,,,,,,,,,,0.00,no gazetteer entry,
Hintersee Nordufer,2,locality,no_match,,,,,,,,,,,,0.00,no gazetteer entry,
Einöd,2,,linked,osm+geonames,47.84698,11.52225,1500,2931727,Einöd,P.PPL,DE,02,Q108337938,node/262645135,0.95,entry context 2 km (50% of the entries),
Schiffshütte,2,locality,no_match,,,,,,,,,,,,0.00,no gazetteer entry,
Brottewitz,2,locality,review,osm+geonames,51.46216,13.22087,1500,2943695,Brottewitz,P.PPL,DE,11,Q990899,node/251601289,0.65,305 km from the entries' other places (0% within 80 km),
Käuver,2,locality,no_match,osm,52.41531,9.78282,1500,,,,,,,way/106932901,0.30,OSM shop/supermarket named after the place; 258 km from the entries' other places (0% within 80 km),
Einöder Eichen,2,locality,no_match,,,,,,,,,,,,0.00,no gazetteer entry,
Achern,2,locality,review,geonames,48.63115,8.07607,1500,2959686,Achern,P.PPL,DE,01,,,0.60,GeoNames primary name match (DE),
Achra-Einmündung,2,locality,no_match,,,,,,,,,,,,0.00,not geocoded yet (no Nominatim cache entry),
Brockenmühle,2,locality,no_match,,,,,,,,,,,,0.00,no gazetteer entry,
Achsenmündung,2,locality,no_match,,,,,,,,,,,,0.00,not geocoded yet (no Nominatim cache entry),
Felgen,2,,no_match,,,,,,,,,,,,0.00,no gazetteer entry,
Huglfing,2,locality,linked,osm+geonames,47.76667,11.16667,2000,2897991,Huglfing,P.PPLA4,DE,02,Q515892,relation/936932,0.95,entry context 19 km (100% of the entries),
Dritter-See,2,locality,no_match,,,,,,,,,,,,0.00,no gazetteer entry,
Absam,2,locality,linked,osm+geonames,47.29572,11.50593,2000,2783058,Absam,P.PPLA3,AT,07,Q331772,relation/943657,0.95,entry context 2 km (100% of the entries),
Klais,2,locality,linked,osm+geonames,47.48235,11.23867,1500,2890107,Klais,P.PPL,DE,02,Q1744252,node/1685815045,0.95,entry context 5 km (100% of the entries),
Zugspitzhotel,2,locality,linked,osm,47.41792,10.92866,1500,,,,,,,way/123625990,0.90,OSM tourism/hotel named after the place; entry context 3 km (100% of the entries),
Sonnenspitzl,2,locality,no_match,,,,,,,,,,,,0.00,no gazetteer entry,
Feldernjöchl,2,locality,linked,osm,47.39291,11.01469,1500,,,,,,,node/2510073225,0.95,entry context 1 km (100% of the entries),
Knorrhütte,2,locality,linked,osm,47.41001,11.01273,100,,,,,,Q1777433,node/476498599,0.90,OSM amenity/restaurant named after the place; entry context 2 km (100% of the entries),
Westliche Karwendelspitze,2,locality,linked,osm+geonames,47.43006,11.29888,300,3319564,Westliche Karwendelspitze,T.PK,AT,00,Q316308,node/256041839,0.95,entry context 3 km (100% of the entries),
Bärenkopf,2,locality,linked,osm+geonames,47.41444,11.71194,300,6939744,Bärenkopf,T.PK,AT,07,Q15108495,node/1617863453,0.95,entry context 18 km (100% of the entries),
Hoher Kamm,2,locality,linked,osm+geonames,47.39341,11.03045,500,2775690,Hoher Kamm,T.MT,AT,07,Q21868026,node/323717920,0.95,entry context 5 km (100% of the entries),
Rachlern,2,locality,no_match,,,,,,,,,,,,0.00,no gazetteer entry,
Steinbachtal,2,locality,review,osm,47.91883,13.25717,5000,,,,,,,way/1452201175,0.70,"far from most of the entries' other places (0% within 80 km, nearest 127 km)",
Fürstenstein,2,locality,linked,osm+geonames,48.71667,13.33333,2000,2923595,Fürstenstein,P.PPLA4,DE,02,Q509768,relation/958121,0.80,"far from most of the entries' other places (0% within 80 km, nearest 145 km)",
Karolinenfeld,2,locality,no_match,,,,,,,,,,,,0.00,no gazetteer entry,
Laimdorf,2,locality,no_match,,,,,,,,,,,,0.00,no gazetteer entry,
Isarstrand,2,locality,no_match,,,,,,,,,,,,0.00,no gazetteer entry,
Lechforsten,2,locality,no_match,,,,,,,,,,,,0.00,no gazetteer entry,
Weppersdorf,2,locality,linked,osm+geonames,47.57954,16.42679,2000,2761482,Weppersdorf,P.PPLA3,AT,01,Q663238,relation/109483,0.95,,
Starnberger Seepromenade,2,locality,no_match,,,,,,,,,,,,0.00,no gazetteer entry,
Stauwehr der Mittleren Isar,2,,no_match,,,,,,,,,,,,0.00,not geocoded yet (no Nominatim cache entry),
Brückelsdorf,2,locality,review,geonames,49.31667,12.18333,1500,2943490,Brückelsdorf,P.PPL,DE,02,,,0.55,"GeoNames primary name match (DE); far from most of the entries' other places (0% within 80 km, nearest 139 km)",
Schlafing,2,locality,no_match,,,,,,,,,,,,0.00,no gazetteer entry,
Unterelchingen,2,locality,linked,osm+geonames,48.46097,10.10450,1000,2819732,Unterelchingen,P.PPLX,DE,02,Q130900176,node/1705184434,0.80,"far from most of the entries' other places (0% within 80 km, nearest 115 km)",
Jettenhausen,2,locality,linked,osm+geonames,47.97516,11.54560,1500,2894921,Jettenhausen,P.PPL,DE,02,Q60997862,node/94672383,0.95,entry context 18 km (100% of the entries),
Starnweiher,2,locality,no_match,,,,,,,,,,,,0.00,no gazetteer entry,
Kimmelsberg,2,locality,review,osm,49.80787,7.00679,300,,,,,,,node/597746519,0.55,373 km from the entries' other places (0% within 80 km),
Mamhofen,2,locality,linked,osm+geonames,48.03126,11.30888,1500,2874008,Mamhofen,P.PPL,DE,02,Q30239689,node/1700541708,0.95,entry context 23 km (100% of the entries),
Hirtenauen,2,locality,no_match,,,,,,,,,,,,0.00,no gazetteer entry,
Türkengraben,2,locality,linked,osm,47.96791,11.09873,1500,,,,,,,way/751642424,0.95,entry context 14 km (100% of the entries),
Göringer Alm,2,locality,no_match,,,,,,,,,,,,0.00,no gazetteer entry,
Rohrbach,2,locality,linked,osm+geonames,48.28933,12.55603,1500,2845723,Rohrbach,P.PPL,DE,02,Q1493087,relation/2981697,0.95,,
Birren,2,locality,review,osm+geonames,47.36314,8.17063,1500,11048494,Birren,P.PPL,CH,AG,,node/2422207875,0.65,269 km from the entries' other places (0% within 80 km),
Utting,2,locality,linked,geonames,48.02274,11.09397,300,11977199,Utting,S.RSTN,DE,02,Q77294474,,0.95,GeoNames primary name match (DE); entry context 38 km (100% of the entries),
Simm,2,locality,linked,osm,48.25417,11.44003,1500,,,,,,,node/11141697627,0.90,OSM shop/health_food named after the place; entry context 16 km (100% of the entries),
Seetalpe,2,locality,no_match,,,,,,,,,,,,0.00,no gazetteer entry,
Kriegesnähe,2,locality,no_match,,,,,,,,,,,,0.00,no gazetteer entry,
Arning - Füching,2,locality,no_match,,,,,,,,,,,,0.00,no gazetteer entry,
Fröringer Kiesalpe,2,locality,no_match,,,,,,,,,,,,0.00,no gazetteer entry,
Hachinger Wald,2,locality,no_match,,,,,,,,,,,,0.00,no gazetteer entry,
Eiblsfleck-Alpe,2,,no_match,,,,,,,,,,,,0.00,no gazetteer entry,
Wand bei einem Schneerest,2,locality,no_match,,,,,,,,,,,,0.00,no gazetteer entry,
Gipfel,2,locality,linked,osm,47.24382,11.80103,300,,,,,,,node/3257264484,0.85,,
Benediktenwand Gipfel,2,,no_match,,,,,,,,,,,,0.00,no gazetteer entry,
Mühlweiher bei Maising,2,locality,no_match,,,,,,,,,,,,0.00,no gazetteer entry,
Töching,2,settlement,no_match,,,,,,,,,,,,0.00,no gazetteer entry,
Tettenhausen,2,locality,linked,osm+geonames,47.95562,12.75410,1500,2823381,Tettenhausen,P.PPL,DE,02,Q58493735,node/719252345,0.95,entry context 2 km (100% of the entries),
Tachinger See,2,,linked,osm+geonames,47.96809,12.74345,1000,2824418,Tachinger See,H.LK,DE,02,Q2386792,way/8090358,0.95,entry context 1 km (100% of the entries),
Ostseite des Sees,2,,no_match,,,,,,,,,,,,0.00,no gazetteer entry,
Lützelwies,2,locality,no_match,,,,,,,,,,,,0.00,no gazetteer entry,
Bürserberg,2,,linked,osm+geonames,47.14644,9.77736,2000,7580215,Bürserberg,P.PPLA3,AT,08,Q700915,relation/76713,0.95,entry context 2 km (100% of the entries),
Sarnun,2,route,no_match,,,,,,,,,,,,0.00,no gazetteer entry,
Gumpen,2,,linked,osm,47.54809,10.98651,1000,,,,,,,way/847602727,0.85,,
Sibratsgfäll,2,route,linked,osm+geonames,47.42667,10.03806,2000,2765139,Sibratsgfäll,P.PPLA3,AT,08,Q699623,relation/74826,0.95,,
Krajöchl,2,locality,no_match,,,,,,,,,,,,0.00,no gazetteer entry,
Frunshöhe,2,locality,no_match,,,,,,,,,,,,0.00,no gazetteer entry,
Latschau,2,locality,linked,osm+geonames,47.07459,9.87607,1500,2772866,Latschau,P.PPL,AT,08,Q14546742,way/5901230,0.95,entry context 3 km (100% of the entries),
Madlenerhaus,2,,linked,osm+geonames,46.91667,10.08333,100,2772146,Madlenerhaus,S.HTL,AT,08,Q1476721,way/85800333,0.90,OSM tourism/alpine_hut named after the place; entry context 8 km (100% of the entries),
Landeck,2,,linked,osm+geonames,47.13988,10.56593,2000,2773070,Landeck,P.PPLA3,AT,07,Q660183,relation/77346,0.95,entry context 4 km (100% of the entries),
Adlerhorst,2,locality,review,osm,47.88082,13.81971,300,,,,,,,node/3307231430,0.55,169 km from the entries' other places (0% within 80 km),
Rotmoos,2,locality,linked,osm,47.69787,10.02451,500,,,,,,Q130416945,node/12496804313,0.95,entry context 37 km (100% of the entries),
Sielenbach,2,locality,linked,osm+geonames,48.40000,11.16667,2000,2832392,Sielenbach,P.PPLA4,DE,02,Q251423,relation/161896,0.95,,
Ost-Ende der Teichanlage,2,locality,no_match,,,,,,,,,,,,0.00,no gazetteer entry,
Brücke am Ost-Ende,2,locality,no_match,,,,,,,,,,,,0.00,no gazetteer entry,
Speicher-Koog,2,locality,no_match,geonames,54.10359,8.96581,2000,13298434,Speicherkoog Nord,T.PLDR,DE,10,,,0.10,GeoNames alternate name match (DE); 680 km from the entries' other places (0% within 80 km),
Sönnewig,2,locality,no_match,,,,,,,,,,,,0.00,no gazetteer entry,
Fernau,2,locality,no_match,geonames,54.42813,10.30665,2000,2927123,Fernau,H.STMC,DE,10,,,0.30,GeoNames primary name match (DE); 718 km from the entries' other places (0% within 80 km),
Mölltal,2,locality,review,osm,46.86325,12.96932,5000,,,,,,Q877271,way/942503498,0.55,176 km from the entries' other places (0% within 80 km),
Lager Lechfeld,2,locality,review,geonames,48.17989,10.84368,1500,2881935,Lagerlechfeld,P.PPL,DE,02,,,0.40,GeoNames alternate name match (DE),
Bertlshütte,2,locality,review,osm,47.50757,10.80645,1500,,,,,,,way/295159791,0.45,"OSM building/cabin named after the place; far from most of the entries' other places (0% within 80 km, nearest 91 km)",
Seilach,2,locality,no_match,,,,,,,,,,,,0.00,no gazetteer entry,
Eibelskopf,2,locality,linked,osm+geonames,47.66667,11.46667,500,2932749,Eibelskopf,T.MT,DE,02,Q31548580,node/3146487650,0.95,,
Huberwirt,2,locality,review,osm,48.30703,12.59662,100,,,,,,,node/2991961460,0.60,OSM amenity/restaurant named after the place,
Blühtental,2,locality,no_match,,,,,,,,,,,,0.00,no gazetteer entry,
Hüttstein,2,locality,review,osm,47.67096,14.85048,300,,,,,,,node/4153620015,0.55,250 km from the entries' other places (0% within 80 km),
Grönning,2,locality,review,osm,62.32841,7.50949,500,,,,,,,node/9944110880,0.55,1621 km from the entries' other places (0% within 80 km),
Anger Moos,2,locality,no_match,,,,,,,,,,,,0.00,not geocoded yet (no Nominatim cache entry),
Torfsattel,2,locality,no_match,,,,,,,,,,,,0.00,no gazetteer entry,
Hanerlau,2,,no_match,,,,,,,,,,,,0.00,no gazetteer entry,
Dümmer-See,2,locality,review,osm,53.56587,11.19576,500,,,,,,,way/820360046,0.55,578 km from the entries' other places (0% within 80 km),
Seilsatille-Hügel,2,,no_match,,,,,,,,,,,,0.00,no gazetteer entry,
Ausreiter,2,locality,no_match,,,,,,,,,,,,0.00,no gazetteer entry,
Unterbrunner Moos,2,,no_match,,,,,,,,,,,,0.00,no gazetteer entry,
Burgau,2,locality,linked,osm+geonames,48.43159,10.40989,1500,2941485,Burgau,P.PPL,DE,02,Q505896,relation/964473,0.95,entry context 21 km (100% of the entries),
Nersingen,2,locality,linked,osm+geonames,48.42829,10.12356,2000,2866473,Nersingen,P.PPLA4,DE,02,Q514223,relation/941074,0.95,entry context 10 km (100% of the entries),
Friedrichsfeld,2,locality,linked,osm+geonames,49.44205,8.57696,1000,2924606,Friedrichsfeld,P.PPLX,DE,01,Q1464220,relation/3286562,0.95,entry context 9 km (100% of the entries),
Bingerbrück,2,locality,linked,geonames,49.96612,7.88476,1500,2948821,Bingerbrück,P.PPL,DE,08,Q863777,,0.90,GeoNames primary name match (DE); entry context 28 km (100% of the entries),
Remagen,2,locality,linked,osm+geonames,50.57879,7.22703,1500,2848335,Remagen,P.PPL,DE,08,Q486548,relation/78548,0.95,entry context 20 km (100% of the entries),
Drachenfels,2,locality,linked,geonames,50.66546,7.21064,500,2935393,Drachenfels,T.MT,DE,07,Q703922,,0.90,GeoNames primary name match (DE); entry context 11 km (100% of the entries),
Andernach,2,locality,linked,osm+geonames,50.43109,7.40425,1500,2956206,Andernach,P.PPL,DE,08,Q490058,relation/541666,0.95,,
Grachten,2,locality,review,osm,52.63742,6.27063,1000,,,,,,,way/88082561,0.70,"far from most of the entries' other places (0% within 80 km, nearest 98 km)",
Alkmaar,2,locality,linked,osm+geonames,52.63167,4.74861,1500,2759899,Alkmaar,P.PPL,NL,07,Q972,relation/337391,0.95,entry context 30 km (100% of the entries),
De Koog,2,locality,linked,osm+geonames,53.09750,4.76111,1500,2757417,De Koog,P.PPL,NL,07,Q517053,relation/2730421,0.95,entry context 4 km (100% of the entries),
Louvre,2,,review,geonames,48.86102,2.33587,100,2997319,Musée du Louvre,S.MUS,FR,11,,,0.65,GeoNames contains name match (FR); entry context 1 km (100% of the entries),
Saverne,2,locality,review,geonames,48.74164,7.36221,2000,2975588,Saverne,P.PPLA3,FR,44,,,0.50,GeoNames primary name match (FR),
Hielinger Hölzl,2,locality,no_match,,,,,,,,,,,,0.00,no gazetteer entry,
Ankeringsmoor,2,locality,no_match,,,,,,,,,,,,0.00,no gazetteer entry,
Söckinger Fischerhütte,2,locality,no_match,,,,,,,,,,,,0.00,no gazetteer entry,
Friedenaue,2,locality,no_match,,,,,,,,,,,,0.00,not geocoded yet (no Nominatim cache entry),
Friedheim,2,,linked,osm+geonames,48.02082,10.85724,1500,2924694,Friedheim,P.PPL,DE,02,,node/276463929,0.95,entry context 29 km (100% of the entries),
Großer und Kleiner Seekopf,2,locality,no_match,,,,,,,,,,,,0.00,no gazetteer entry,
Tannenlohner Berg,2,locality,no_match,,,,,,,,,,,,0.00,no gazetteer entry,
Weihergebiet,2,locality,review,osm,49.35182,12.17679,1500,,,,,,Q28914151,relation/5445608,0.70,"far from most of the entries' other places (0% within 80 km, nearest 130 km)",
Kaskade,2,locality,linked,osm,48.24881,11.56386,1000,,,,,,,way/7920381,0.95,entry context 33 km (100% of the entries),
Maininger Bach,2,locality,no_match,,,,,,,,,,,,0.00,not geocoded yet (no Nominatim cache entry),
Isching,2,settlement,no_match,,,,,,,,,,,,0.00,no gazetteer entry,
Einlauf am Südrand,2,locality,no_match,,,,,,,,,,,,0.00,no gazetteer entry,
Maininger Bucht,2,locality,no_match,,,,,,,,,,,,0.00,no gazetteer entry,
Widinger Filzchen,2,locality,no_match,,,,,,,,,,,,0.00,no gazetteer entry,
Ententeich,2,locality,review,osm,47.67682,9.12579,1000,,,,,,,relation/6966855,0.55,157 km from the entries' other places (0% within 80 km),
Mairinger Bach,2,locality,no_match,,,,,,,,,,,,0.00,not geocoded yet (no Nominatim cache entry),
Fisching,2,settlement,linked,osm+geonames,48.03832,13.75724,1500,11695041,Fisching,P.PPL,AT,04,,node/741040983,0.95,,
Hoher Seins,2,locality,no_match,,,,,,,,,,,,0.00,no gazetteer entry,
Rotmoosalm,2,locality,linked,osm,47.38345,11.07705,100,,,,,,Q114215692,way/123923649,0.90,OSM amenity/restaurant named after the place; entry context 4 km (100% of the entries),
Gaistalau,2,locality,no_match,,,,,,,,,,,,0.00,no gazetteer entry,
Rotmauerwand,2,locality,no_match,,,,,,,,,,,,0.00,no gazetteer entry,
Direktionsgebäude,2,,linked,osm,48.12336,11.55739,1500,,,,,,,way/396618077,0.90,OSM building/commercial named after the place; entry context 2 km (100% of the entries),
Obermaier Moos,2,locality,no_match,,,,,,,,,,,,0.00,no gazetteer entry,
Rettensteinger Tal,2,locality,no_match,,,,,,,,,,,,0.00,no gazetteer entry,
Dimmelsdorf,2,,no_match,,,,,,,,,,,,0.00,no gazetteer entry,
Monte Gallegione,2,locality,no_match,,,,,,,,,,,,0.00,no gazetteer entry,
Schimmereck,2,locality,no_match,,,,,,,,,,,,0.00,no gazetteer entry,
Bretterkopf,2,locality,linked,osm,47.07645,11.79088,300,,,,,,,node/2795891780,0.85,,
Bretterspitze,2,locality,linked,osm,47.33303,10.46149,300,,,,,,Q910959,node/470269965,0.95,entry context 3 km (100% of the entries),
Hermann-von-Barth-Hütte,2,locality,linked,osm+geonames,47.31357,10.39779,100,2776490,Hermann von Barth Hütte,S.HTL,AT,07,Q1390049,way/75106212,0.90,OSM tourism/alpine_hut named after the place; entry context 7 km (100% of the entries),
Großer Krottenkopf,2,locality,linked,geonames,47.31152,10.35601,300,2777656,Krottenkopf,T.PK,AT,07,Q661135,,0.85,GeoNames contains name match (AT); entry context 10 km (100% of the entries),
Lübbenscharten-Sattel,2,locality,no_match,,,,,,,,,,,,0.00,no gazetteer entry,
Prinzenwiese,2,locality,review,osm,51.66518,11.89122,1500,,,,,,,way/617905023,0.55,314 km from the entries' other places (0% within 80 km),
Wartaweil,2,,linked,osm+geonames,47.96917,11.15090,1500,2813995,Wartaweil,P.PPL,DE,02,Q56084913,node/1700548747,0.95,entry context 2 km (100% of the entries),
Kalvarienberg bei Bad Tölz,2,locality,no_match,,,,,,,,,,,,0.00,no gazetteer entry,
Domberg,2,locality,linked,osm,48.39858,11.74592,1000,,,,,,Q1236902,node/29818821,0.95,entry context 1 km (100% of the entries),
Plansee,2,locality,linked,osm+geonames,47.46667,10.80000,1000,2768707,Plansee,H.LK,AT,07,Q575489,way/48036665,0.95,entry context 6 km (100% of the entries),
Mittellang,2,locality,no_match,,,,,,,,,,,,0.00,no gazetteer entry,
Gommerhofen,2,settlement,no_match,,,,,,,,,,,,0.00,no gazetteer entry,
Ramsau bei Berchtesgaden,2,locality,linked,osm+geonames,47.60703,12.90065,1500,11608623,Ramsau bei Berchtesgaden,P.PPL,DE,02,Q253472,relation/941797,0.80,"far from most of the entries' other places (0% within 80 km, nearest 115 km)",
Grainau,2,locality,linked,osm+geonames,47.47614,11.02405,2000,2918204,Grainau,P.PPLA4,DE,02,Q251136,relation/939332,0.95,entry context 13 km (100% of the entries),
Latschenkopf,2,locality,linked,osm+geonames,47.58648,10.98470,300,6939984,Latschenkopf,T.PK,DE,02,Q31557250,node/522603018,0.95,entry context 13 km (100% of the entries),
Türkshöhe,2,locality,no_match,,,,,,,,,,,,0.00,no gazetteer entry,
Steinzwang,2,locality,no_match,,,,,,,,,,,,0.00,no gazetteer entry,
Jägerbrunner Wiesen,2,locality,no_match,,,,,,,,,,,,0.00,no gazetteer entry,
Viehwitz,2,locality,no_match,,,,,,,,,,,,0.00,no gazetteer entry,
Ammeringer Moos,2,locality,no_match,,,,,,,,,,,,0.00,no gazetteer entry,
Atzholz,2,locality,no_match,,,,,,,,,,,,0.00,no gazetteer entry,
Wald am Ostufer,2,locality,no_match,,,,,,,,,,,,0.00,no gazetteer entry,
Moos auf der Westseite,2,locality,no_match,,,,,,,,,,,,0.00,no gazetteer entry,
Jägerbrunner Tümpel,2,locality,no_match,,,,,,,,,,,,0.00,no gazetteer entry,
Detzel,2,locality,no_match,geonames,52.31941,11.37928,1500,2937886,Detzel,P.PPL,DE,14,,,0.30,GeoNames primary name match (DE); 483 km from the entries' other places (0% within 80 km),
Kisterwiese,2,locality,no_match,,,,,,,,,,,,0.00,no gazetteer entry,
Jägerkrümmer Winkel,2,locality,no_match,,,,,,,,,,,,0.00,no gazetteer entry,
Riedlinger Holz,2,locality,no_match,,,,,,,,,,,,0.00,no gazetteer entry,
Steppberg,2,locality,review,osm+geonames,47.79886,8.09474,500,2827386,Steppberg,T.MT,DE,01,Q31518648,node/7541675068,0.65,218 km from the entries' other places (0% within 80 km),
"Maising, bei Ludwig",2,locality,no_match,,,,,,,,,,,,0.00,no gazetteer entry,
"Maisinger See, Westseite",2,locality,no_match,,,,,,,,,,,,0.00,not geocoded yet (no Nominatim cache entry),
Stadtwald auf der Ostseite,2,locality,no_match,,,,,,,,,,,,0.00,no gazetteer entry,
Wielinger Filz,2,,no_match,,,,,,,,,,,,0.00,no gazetteer entry,
Geistmayr,2,,no_match,,,,,,,,,,,,0.00,no gazetteer entry,
Finkenstein,2,,linked,osm,48.73995,11.12320,1500,,,,,,Q1655915,way/1112113607,0.85,,
Wiblinger Hölzchen,2,locality,no_match,,,,,,,,,,,,0.00,no gazetteer entry,
Antenringer Sumpf,2,,no_match,,,,,,,,,,,,0.00,not geocoded yet (no Nominatim cache entry),
Wümme,2,locality,review,osm+geonames,53.24740,9.61905,1500,2805812,Wümme,P.PPL,DE,06,,node/287754117,0.65,533 km from the entries' other places (0% within 80 km),
Meininger Gebüsche,2,locality,no_match,,,,,,,,,,,,0.00,no gazetteer entry,
Ottersberger See,2,locality,no_match,,,,,,,,,,,,0.00,no gazetteer entry,
Damm Ostseite,2,locality,no_match,,,,,,,,,,,,0.00,no gazetteer entry,
Südrand des Warthebruchs,2,locality,no_match,,,,,,,,,,,,0.00,no gazetteer entry,
Sinnighausen,2,settlement,no_match,,,,,,,,,,,,0.00,no gazetteer entry,
Arschmoor,2,locality,no_match,,,,,,,,,,,,0.00,no gazetteer entry,
Lüding,2,locality,no_match,,,,,,,,,,,,0.00,no gazetteer entry,
Maisinger See Westseite,2,locality,no_match,,,,,,,,,,,,0.00,not geocoded yet (no Nominatim cache entry),
Birkenmoor bei Jägerbrünn,2,locality,no_match,,,,,,,,,,,,0.00,no gazetteer entry,
Südseite des Sees,2,,no_match,,,,,,,,,,,,0.00,no gazetteer entry,
Wachtmeisterreute,2,locality,no_match,,,,,,,,,,,,0.00,no gazetteer entry,
Secking,2,locality,no_match,,,,,,,,,,,,0.00,no gazetteer entry,
Rainbacher Weiher,2,locality,no_match,,,,,,,,,,,,0.00,no gazetteer entry,
Gassman,2,locality,no_match,,,,,,,,,,,,0.00,no gazetteer entry,
Ermaringer Speicher-Weiher,2,locality,no_match,,,,,,,,,,,,0.00,no gazetteer entry,
Antwringer Moos,2,locality,no_match,,,,,,,,,,,,0.00,not geocoded yet (no Nominatim cache entry),
Torfalpe,2,locality,no_match,,,,,,,,,,,,0.00,no gazetteer entry,
Fischerhütte,2,locality,linked,osm,49.03455,13.47597,300,,,,,,,node/1350009196,0.85,,
Burg,2,locality,linked,osm+geonames,52.27152,11.85493,2000,2941501,Burg bei Magdeburg,P.PPLA3,DE,14,Q525632,relation/154557,0.95,,
Oberstadel,2,locality,review,osm,48.58842,13.41434,1500,,,,,,Q33952794,node/9274529997,0.55,168 km from the entries' other places (0% within 80 km),
Flachwald,2,locality,no_match,,,,,,,,,,,,0.00,no gazetteer entry,
Goneshofen,2,locality,no_match,,,,,,,,,,,,0.00,no gazetteer entry,
Kirchwiese,2,,review,osm,50.46297,9.00812,800,,,,,,,way/698313809,0.55,192 km from the entries' other places (0% within 80 km),
Siedlung,2,locality,linked,osm+geonames,48.08356,13.56176,1500,11670474,Siedlung,P.PPL,AT,04,,node/393179355,0.95,entry context 40 km (100% of the entries),
Kuckuckswäldchen,2,locality,no_match,,,,,,,,,,,,0.00,no gazetteer entry,
Jägerbrunner Schilf,2,locality,no_match,,,,,,,,,,,,0.00,no gazetteer entry,
Tränke,2,locality,review,osm,48.26327,10.05082,1000,,,,,,,way/109013180,0.70,"far from most of the entries' other places (0% within 80 km, nearest 102 km)",
Lockeringsmoor,2,locality,no_match,,,,,,,,,,,,0.00,no gazetteer entry,
Neue Ammer,2,locality,no_match,,,,,,,,,,,,0.00,no gazetteer entry,
Eichreit,2,,no_match,,,,,,,,,,,,0.00,no gazetteer entry,
Antrening,2,,no_match,,,,,,,,,,,,0.00,no gazetteer entry,
Flachfeld an der Berg,2,locality,no_match,,,,,,,,,,,,0.00,no gazetteer entry,
Grunn,2,locality,linked,osm,48.52238,12.25322,500,,,,,,,node/2696688797,0.85,,
Ludwigs Hinterreiter,2,locality,no_match,,,,,,,,,,,,0.00,no gazetteer entry,
Gocking,2,settlement,review,osm,52.29667,7.47155,1500,,,,,,,way/132335599,0.70,,
Ostersee-Moor,2,locality,no_match,,,,,,,,,,,,0.00,no gazetteer entry,
Eisbach,2,locality,linked,osm,48.15325,11.59831,3000,,,,,,Q527132,relation/3639344,0.95,entry context 33 km (100% of the entries),
Anhauser Filz,2,locality,no_match,,,,,,,,,,,,0.00,no gazetteer entry,
Wackers Torfstiche,2,locality,no_match,,,,,,,,,,,,0.00,not geocoded yet (no Nominatim cache entry),
Fiedacker,2,locality,no_match,,,,,,,,,,,,0.00,no gazetteer entry,
Rohrwald,2,locality,review,osm,47.31370,9.71459,1500,,,,,,,relation/5259373,0.70,"far from most of the entries' other places (0% within 80 km, nearest 94 km)",
Dorf-Stadel,2,,no_match,,,,,,,,,,,,0.00,no gazetteer entry,
Jägerbrünner Birkenmoor,2,locality,no_match,,,,,,,,,,,,0.00,no gazetteer entry,
Südsee,2,locality,linked,osm,48.02738,10.51297,1000,,,,,,,way/35313544,0.85,,
Neuhofen,2,locality,linked,osm+geonames,48.45557,12.84447,1500,2864873,Neuhofen,P.PPL,DE,02,Q28112036,node/415805448,0.95,entry context 32 km (100% of the entries),
Wörth am Main,2,locality,review,osm+geonames,49.79720,9.15389,1500,2806082,Wörth am Main,P.PPL,DE,02,Q76995,relation/394447,0.65,253 km from the entries' other places (0% within 80 km),
Wädler Alm,2,locality,no_match,,,,,,,,,,,,0.00,no gazetteer entry,
Kreuzkogel,2,locality,review,osm,47.33434,12.89485,500,,,,,,,node/3890159027,0.70,"far from most of the entries' other places (0% within 80 km, nearest 133 km)",
Unterring,2,locality,no_match,,,,,,,,,,,,0.00,no gazetteer entry,
Tiefenkarhütte,2,locality,no_match,,,,,,,,,,,,0.00,no gazetteer entry,
Großenviecht,2,locality,linked,osm+geonames,48.43142,11.81770,1500,2916574,Großenviecht,P.PPL,DE,02,Q107611439,node/26519343,0.95,entry context 37 km (100% of the entries),
Moosinnung,2,locality,no_match,,,,,,,,,,,,0.00,not geocoded yet (no Nominatim cache entry),
Alpen,2,locality,linked,osm,47.06086,11.22304,20000,,,,,,Q679261,relation/2127978,0.85,,
Weißenbach am Lech,2,locality,linked,osm+geonames,47.44162,10.64071,1500,2761617,Weissenbach am Lech,P.PPL,AT,07,Q871541,relation/37829,0.80,"far from most of the entries' other places (0% within 80 km, nearest 94 km)",
Kirchberg bei Freising,2,locality,no_match,,,,,,,,,,,,0.00,no gazetteer entry,
Bistum und Bergung,2,locality,no_match,,,,,,,,,,,,0.00,no gazetteer entry,
Kirchberg im Wald,2,locality,linked,osm+geonames,48.90006,13.18200,1500,2890662,Kirchberg,P.PPL,DE,02,Q491396,relation/959157,0.80,"far from most of the entries' other places (0% within 80 km, nearest 116 km)",
Schöffau,2,locality,linked,osm+geonames,47.71527,11.07549,1500,2837204,Schöffau,P.PPL,DE,02,Q97011774,node/1700556879,0.95,,
Teisendorf,2,settlement,linked,osm+geonames,47.84921,12.81919,1500,2823611,Teisendorf,P.PPL,DE,02,Q681864,relation/941760,0.95,,
Rothwind,2,locality,linked,osm+geonames,50.11847,11.34236,1500,2843847,Rothwind,P.PPL,DE,02,Q105774213,node/26362816,0.80,"far from most of the entries' other places (0% within 80 km, nearest 114 km)",
Weidenbach,2,locality,linked,osm+geonames,48.25457,12.34142,1500,2813026,Weidenbach,P.PPL,DE,02,Q50366981,node/1731421929,0.95,,
Markt Wald,2,locality,linked,osm+geonames,48.13680,10.58198,1500,2873280,Markt Wald,P.PPL,DE,02,Q547819,relation/958168,0.95,entry context 21 km (100% of the entries),
Stettenhofen,2,locality,linked,osm+geonames,48.46541,10.86834,1500,2827206,Stettenhofen,P.PPL,DE,02,Q2346300,node/279898238,0.95,entry context 7 km (100% of the entries),
Hainstetten,2,locality,linked,osm+geonames,49.50690,12.01964,1500,2911761,Hainstetten,P.PPL,DE,02,,node/739502354,0.95,,
Gessertshausen,2,locality,linked,osm+geonames,48.32904,10.73278,2000,2920812,Gessertshausen,P.PPLA4,DE,02,Q512928,relation/443321,0.95,entry context 5 km (100% of the entries),
Harras,2,locality,linked,osm+geonames,47.84680,12.37009,1500,2910339,Harras,P.PPL,DE,02,,node/1683463437,0.95,,
Wansching,2,locality,no_match,,,,,,,,,,,,0.00,no gazetteer entry,
Mauerkirchen,2,locality,linked,osm+geonames,48.19173,13.13338,1500,2771779,Mauerkirchen,P.PPL,AT,04,Q687243,relation/412113,0.95,entry context 19 km (100% of the entries),
Überackern,2,locality,linked,osm+geonames,48.19293,12.87435,1500,2763198,Uberackern,P.PPL,AT,04,Q331264,relation/450525,0.95,entry context 11 km (100% of the entries),
Kloster Weltenburg,2,locality,review,osm,48.89915,11.81980,1500,,,,,,Q260108,relation/2901896,0.45,"OSM tourism/attraction named after the place; far from most of the entries' other places (0% within 80 km, nearest 87 km)",
Sölden,2,locality,linked,osm+geonames,46.96667,11.00000,2000,2764957,Sölden,P.PPLA3,AT,07,Q570486,relation/77772,0.95,entry context 14 km (100% of the entries),
Watzmann-Mittelspitze,2,locality,linked,osm+geonames,47.55448,12.92193,500,2870563,Watzmann Mittelspitze,T.MT,DE,02,Q31306014,node/364134323,0.95,entry context 0 km (100% of the entries),
Jägerkreuz,2,locality,linked,osm,47.58333,13.04358,1500,,,,,,,node/10912960254,0.90,OSM historic/wayside_cross named after the place; entry context 1 km (100% of the entries),
Adolf-Pichler-Hütte,2,locality,linked,osm+geonames,47.16672,11.26800,100,2782974,Adolf Pichler Hütte,S.HTL,AT,07,Q360611,node/458799908,0.90,OSM amenity/restaurant named after the place; entry context 28 km (100% of the entries),
Hohes Brett,2,locality,linked,osm+geonames,47.58333,13.03333,500,2901148,Hohes Brett,T.MT,DE,02,Q1623963,node/5079866695,0.95,entry context 3 km (100% of the entries),
Watzratz,2,locality,no_match,,,,,,,,,,,,0.00,no gazetteer entry,
Tunnach-Hütte,2,locality,no_match,,,,,,,,,,,,0.00,no gazetteer entry,
Brandkopf,2,locality,linked,osm+geonames,47.65000,11.65000,500,2945260,Brandkopf,T.MT,DE,02,Q31551561,node/399492387,0.95,entry context 19 km (100% of the entries),
Hintertal,2,locality,linked,osm+geonames,47.54342,12.79242,1500,11669110,Hintertal,P.PPL,AT,05,,node/932593270,0.80,"far from most of the entries' other places (0% within 80 km, nearest 112 km)",
Sittersbachkar,2,locality,no_match,,,,,,,,,,,,0.00,no gazetteer entry,
Schneibstein,2,locality,linked,osm+geonames,47.56667,13.05000,500,2765808,Schneibstein,T.MT,AT,05,Q675293,node/1868477930,0.95,entry context 16 km (100% of the entries),
Hochkönig,2,locality,linked,osm+geonames,47.42016,13.06247,500,2776012,Hochkönig,T.MT,AT,05,Q262545,node/26863179,0.95,entry context 16 km (100% of the entries),
Bad Tölz - Lenggries,2,locality,no_match,,,,,,,,,,,,0.00,no gazetteer entry,
Düching,2,locality,no_match,,,,,,,,,,,,0.00,no gazetteer entry,
Kampfelder Flur,2,locality,no_match,,,,,,,,,,,,0.00,no gazetteer entry,
Staufels,2,,review,osm,51.08522,10.15707,300,,,,,,Q1503618,node/7105668348,0.55,351 km from the entries' other places (0% within 80 km),
Burgruine Velburg,2,locality,review,osm,49.23454,11.67786,200,,,,,,Q1015558,way/1127506997,0.70,"far from most of the entries' other places (0% within 80 km, nearest 122 km)",
Graz,2,locality,linked,osm+geonames,47.06733,15.44197,5000,2778067,Graz,P.PPLA,AT,06,Q13298,relation/34719,0.95,,
Esting-Gernlinden,2,locality,no_match,,,,,,,,,,,,0.00,no gazetteer entry,
Fasanen,2,locality,no_match,,,,,,,,,,,,0.00,no gazetteer entry,
Süd-Ufer,2,locality,no_match,,,,,,,,,,,,0.00,not geocoded yet (no Nominatim cache entry),
Sommerhofen,2,,review,osm+geonames,48.73333,9.03333,1500,2831382,Sommerhofen,V.FRST,DE,01,,relation/13703331,0.65,190 km from the entries' other places (0% within 80 km),
Wackers Umkreis,2,locality,no_match,,,,,,,,,,,,0.00,no gazetteer entry,
Wildenau,2,locality,linked,osm+geonames,50.20377,12.16929,1500,2808983,Wildenau,P.PPL,DE,02,Q2570550,node/1217419406,0.95,entry context 31 km (100% of the entries),
Forstamt Tröstau,2,locality,no_match,,,,,,,,,,,,0.00,no gazetteer entry,
Bischofsgrün,2,locality,review,osm+geonames,50.05122,11.79997,2000,2948292,Bischofsgrün,P.PPLA4,DE,02,Q253123,relation/1070994,0.65,213 km from the entries' other places (0% within 80 km),
Maieingraben,2,,no_match,,,,,,,,,,,,0.00,no gazetteer entry,
Batterbrübeim Bach am Schirm,2,locality,no_match,,,,,,,,,,,,0.00,no gazetteer entry,
Eisenach,2,locality,linked,osm+geonames,50.98070,10.31522,1500,2931574,Eisenach,P.PPL,DE,15,Q7070,relation/62370,0.95,,
Wörth an der Donau,2,locality,linked,osm+geonames,49.00093,12.40539,1500,2806080,Wörth an der Donau,P.PPL,DE,02,Q488592,relation/966622,0.80,"far from most of the entries' other places (0% within 80 km, nearest 114 km)",
Langerringen,2,locality,linked,osm+geonames,48.14590,10.75894,2000,2880758,Langerringen,P.PPLA4,DE,02,Q524691,relation/935171,0.95,,
Engmoos,2,locality,no_match,,,,,,,,,,,,0.00,no gazetteer entry,
Fachau,2,locality,review,osm+geonames,46.76667,14.30000,1500,2779866,Fachau,P.PPL,AT,02,,node/576971479,0.65,255 km from the entries' other places (0% within 80 km),
Bußinsel,2,locality,no_match,,,,,,,,,,,,0.00,no gazetteer entry,
Tantenberg,2,locality,no_match,,,,,,,,,,,,0.00,no gazetteer entry,
Krummtal,2,locality,review,osm,47.70724,15.70322,5000,,,,,,,way/619348726,0.55,194 km from the entries' other places (0% within 80 km),
Korn-Insel,2,locality,no_match,,,,,,,,,,,,0.00,no gazetteer entry,
Föcking,2,settlement,review,osm,51.84665,6.42483,1500,,,,,,,node/5000645295,0.45,OSM amenity/dentist named after the place,
Höllental-Anger-Hütte,2,,no_match,,,,,,,,,,,,0.00,no gazetteer entry,
Ringäcker,2,locality,no_match,,,,,,,,,,,,0.00,no gazetteer entry,
Badshütte,2,locality,no_match,,,,,,,,,,,,0.00,no gazetteer entry,
Gantenberg,2,locality,no_match,,,,,,,,,,,,0.00,no gazetteer entry,
Einöde-Gräben,2,locality,no_match,,,,,,,,,,,,0.00,no gazetteer entry,
Jäger bräuner Winkel,2,locality,no_match,,,,,,,,,,,,0.00,not geocoded yet (no Nominatim cache entry),
Ottenhofen,2,locality,linked,osm+geonames,49.45214,10.36122,1500,2856084,Ottenhofen,P.PPL,DE,02,,node/405102694,0.95,entry context 3 km (100% of the entries),
Detenhausen,2,locality,no_match,,,,,,,,,,,,0.00,no gazetteer entry,
Ampfing,2,locality,linked,osm+geonames,48.25400,12.41515,2000,2956378,Ampfing,P.PPLA4,DE,02,Q386360,relation/941001,0.95,,
Kauden,2,locality,no_match,osm,62.88991,27.63678,1500,,,,,,,node/10240464926,0.30,OSM tourism/artwork named after the place; 1877 km from the entries' other places (0% within 80 km),
Entenrevier,2,locality,no_match,,,,,,,,,,,,0.00,no gazetteer entry,
Speicherrevier,2,locality,no_match,,,,,,,,,,,,0.00,no gazetteer entry,
Lothringer Kanal,2,locality,no_match,,,,,,,,,,,,0.00,no gazetteer entry,
Sphorn,2,locality,no_match,,,,,,,,,,,,0.00,no gazetteer entry,
Sprickhorn,2,locality,no_match,,,,,,,,,,,,0.00,no gazetteer entry,
Hintereck,2,locality,linked,osm+geonames,47.61257,10.08760,500,2904287,Hintereck,T.MT,DE,02,Q31540840,node/1255480017,0.95,,
Sankt Koloman,2,locality,linked,osm+geonames,47.64301,13.20368,1500,8129105,Sankt Koloman,P.PPL,AT,05,Q252256,relation/86361,0.80,"far from most of the entries' other places (0% within 80 km, nearest 121 km)",
Grattenkopf,2,locality,no_match,,,,,,,,,,,,0.00,no gazetteer entry,
Pettstadt,2,locality,review,osm+geonames,49.82996,10.92839,2000,2854557,Pettstadt,P.PPLA4,DE,02,Q427456,relation/1077569,0.65,194 km from the entries' other places (0% within 80 km),
Kleiner See,2,locality,review,osm,48.72420,9.33369,1500,,,,,,,way/1083203397,0.70,"far from most of the entries' other places (0% within 80 km, nearest 107 km)",
Mainau,2,,linked,osm+geonames,47.70556,9.19656,2000,2874262,Mainau,T.ISL,DE,01,Q165401,way/179242916,0.95,entry context 6 km (100% of the entries),
Iller bei Immenstadt,2,locality,no_match,,,,,,,,,,,,0.00,no gazetteer entry,
Bezirksamt,2,locality,review,osm,47.86495,12.01292,1500,,,,,,Q41216364,way/247967131,0.45,"OSM building/public named after the place; far from most of the entries' other places (0% within 80 km, nearest 104 km)",
Littermunt,2,locality,no_match,,,,,,,,,,,,0.00,no gazetteer entry,
Wirlach,2,locality,no_match,,,,,,,,,,,,0.00,no gazetteer entry,
Zwieselstein,2,locality,linked,osm+geonames,46.93813,11.02796,1500,2760401,Zwieselstein,P.PPL,AT,07,Q18030069,node/240058797,0.80,"far from most of the entries' other places (0% within 80 km, nearest 117 km)",
Schellenberg,2,locality,linked,osm+geonames,47.23123,9.54678,5000,3042037,Schellenberg,P.PPLA,LI,08,Q49655,relation/1155946,0.95,,
Hinterrin,2,locality,no_match,,,,,,,,,,,,0.00,no gazetteer entry,
En-Su und Dreiringer Su,2,locality,no_match,,,,,,,,,,,,0.00,no gazetteer entry,
Seebachtal,2,locality,review,osm+geonames,47.01667,13.20000,5000,2765300,Seebachtal,T.VAL,AT,02,Q16856812,way/942503485,0.65,174 km from the entries' other places (0% within 80 km),
Erz-See,2,locality,no_match,,,,,,,,,,,,0.00,no gazetteer entry,
Walschoner Spitze,2,locality,no_match,,,,,,,,,,,,0.00,no gazetteer entry,
Galgenberg,2,locality,linked,osm+geonames,48.58333,9.70000,500,2923207,Galgenberg,T.HLL,DE,01,Q62029936,relation/18314297,0.80,"far from most of the entries' other places (0% within 80 km, nearest 147 km)",
Wöhrsee,2,locality,linked,osm,47.80815,12.14024,1000,,,,,,,way/8014972,0.85,,
Zürs,2,locality,review,osm,47.88343,10.11070,500,,,,,,,node/3703697923,0.70,"far from most of the entries' other places (0% within 80 km, nearest 113 km)",
Au- und Neu-Birkau,2,locality,no_match,,,,,,,,,,,,0.00,no gazetteer entry,
Nordfränkischer Jura,2,locality,no_match,,,,,,,,,,,,0.00,no gazetteer entry,
Thyrau,2,locality,no_match,geonames,53.67182,19.88804,1500,3082884,Tyrowo,P.PPL,PL,85,,,0.10,GeoNames alternate name match (PL); 702 km from the entries' other places (0% within 80 km),
Hofheim am Taunus,2,locality,linked,osm+geonames,50.09019,8.44930,2000,2902533,Hofheim am Taunus,P.PPLA3,DE,05,Q14896,relation/414726,0.95,entry context 33 km (100% of the entries),
Duna,2,locality,no_match,geonames,51.68918,10.28079,1500,2934612,Düna,P.PPL,DE,06,,,0.30,GeoNames primary name match (DE); 198 km from the entries' other places (0% within 80 km),
Karlskron,2,locality,linked,osm+geonames,48.68333,11.41667,2000,2892808,Karlskron,P.PPLA4,DE,02,Q505278,relation/943710,0.95,,
Otz,2,locality,linked,osm+geonames,48.59162,10.88899,1500,2855915,Ötz,P.PPL,DE,02,,node/298157039,0.95,,
Halsbach,2,locality,linked,osm+geonames,48.54669,11.17551,1500,2911442,Halsbach,P.PPL,DE,02,Q136348174,node/362537540,0.95,entry context 22 km (100% of the entries),
Almgriesbach,2,locality,no_match,,,,,,,,,,,,0.00,no gazetteer entry,
Elbachtal,2,locality,no_match,,,,,,,,,,,,0.00,no gazetteer entry,
Kalteneck,2,locality,linked,osm+geonames,48.68778,13.45542,1500,2893576,Kalteneck,P.PPL,DE,02,Q1722667,node/732690110,0.95,entry context 10 km (100% of the entries),
Wolfstein,2,locality,linked,osm,48.82106,14.04651,300,,,,,,,node/577336414,0.95,entry context 34 km (100% of the entries),
Neuessing,2,locality,review,geonames,48.93260,11.79309,1500,2865413,Neuessing,P.PPL,DE,02,,,0.70,GeoNames primary name match (DE),
Lichtenhofen,2,locality,no_match,,,,,,,,,,,,0.00,no gazetteer entry,
Obergriesbach,2,locality,linked,osm+geonames,48.42305,11.06850,2000,2860574,Obergriesbach,P.PPLA4,DE,02,Q503555,relation/161956,0.95,entry context 14 km (100% of the entries),
Niederichman,2,locality,no_match,,,,,,,,,,,,0.00,no gazetteer entry,
Erching,2,locality,linked,osm+geonames,48.29943,11.70579,1500,2929738,Erching,P.PPL,DE,02,Q1348604,node/173354260,0.95,entry context 8 km (100% of the entries),
Obing,2,locality,linked,osm+geonames,48.00049,12.40528,2000,2858424,Obing,P.PPLA4,DE,02,Q254467,relation/941624,0.95,,
Reutterberg,2,locality,no_match,,,,,,,,,,,,0.00,not geocoded yet (no Nominatim cache entry),
Markt Grafing,2,locality,review,geonames,48.04596,11.96797,1500,2918241,Grafing bei München,P.PPL,DE,02,,,0.70,GeoNames alternate name match (DE); entry context 31 km (100% of the entries),
Barmsee,2,locality,linked,osm+geonames,47.50016,11.24720,1000,2952533,Barmsee,H.LK,DE,02,Q808393,way/8086596,0.95,,
Eslarn,2,locality,linked,osm+geonames,49.58345,12.52156,1500,2928894,Eslarn,P.PPL,DE,02,Q507911,relation/1059453,0.80,"far from most of the entries' other places (0% within 80 km, nearest 138 km)",
Schloss Bartenstein,2,locality,review,osm,49.35599,9.87765,1500,,,,,,,way/527899514,0.60,OSM building/yes named after the place,
Pfalz,2,locality,linked,geonames,49.68333,12.41667,1500,2854269,Pfalz,V.FRST,DE,02,Q32222683,,0.95,GeoNames primary name match (DE); entry context 13 km (100% of the entries),
Lucknainer See,2,locality,review,osm+geonames,53.81406,21.62661,1000,765750,Jezioro Łukniańskie,H.LK,PL,85,Q1141619,way/23554805,0.65,944 km from the entries' other places (0% within 80 km),
Pagdanzig,2,locality,review,osm,53.79910,17.19897,1000,,,,,,Q7126042,node/31346309,0.55,291 km from the entries' other places (0% within 80 km),
Westergörig,2,locality,no_match,,,,,,,,,,,,0.00,no gazetteer entry,
Enten-Anlagen,2,locality,no_match,,,,,,,,,,,,0.00,not geocoded yet (no Nominatim cache entry),
Günzenhausen,2,locality,linked,osm+geonames,48.32333,11.60122,1000,2913536,Günzenhausen,P.PPLX,DE,02,Q110612076,node/25813784,0.95,entry context 21 km (100% of the entries),
Mutterstadt,2,locality,review,osm+geonames,49.44139,8.35611,2000,2867310,Mutterstadt,P.PPLA4,DE,08,Q657074,relation/418405,0.65,205 km from the entries' other places (0% within 80 km),
Nautzken,2,locality,no_match,,,,,,,,,,,,0.00,no gazetteer entry,
Königsbau,2,locality,review,osm+geonames,47.67995,9.18539,1000,12324240,Königsbau,P.PPLX,DE,01,Q21039795,relation/2890761,0.65,185 km from the entries' other places (0% within 80 km),
Glatzer Neiße,2,locality,review,osm,50.46387,17.03730,3000,,,,,,Q1455991,relation/3510490,0.55,585 km from the entries' other places (0% within 80 km),
Circus Krone,2,locality,linked,osm,48.14509,11.55007,1500,,,,,,,way/153292467,0.90,OSM amenity/theatre named after the place; entry context 2 km (100% of the entries),
Ismaninger Flur,2,locality,no_match,,,,,,,,,,,,0.00,no gazetteer entry,
West- und Au-Becken,2,locality,no_match,,,,,,,,,,,,0.00,no gazetteer entry,
Querstiege,2,,no_match,osm,52.34219,7.50330,500,,,,,,,way/31058639,0.30,OSM highway/track named after the place; 545 km from the entries' other places (0% within 80 km),
Birkensteg,2,,no_match,osm,50.19912,10.07310,300,,,,,,,way/215540778,0.30,OSM highway/footway named after the place; 248 km from the entries' other places (0% within 80 km),
Süd-Damm am Ost-Becken,2,,no_match,,,,,,,,,,,,0.00,no gazetteer entry,
Amperbrücke,2,locality,linked,osm,48.17681,11.25583,1500,,,,,,Q16830369,way/777748518,0.90,OSM man_made/bridge named after the place; entry context 0 km (100% of the entries),
Hägelehag,2,locality,no_match,,,,,,,,,,,,0.00,no gazetteer entry,
Büchler und Jengen,2,locality,no_match,,,,,,,,,,,,0.00,no gazetteer entry,
Beckumer Feld,2,locality,linked,osm,51.36918,7.89317,500,,,,,,,node/980850652,0.85,,
Völling,2,locality,linked,osm+geonames,49.10739,12.50427,1500,2816574,Völling,P.PPL,DE,02,,node/303283937,0.80,"far from most of the entries' other places (0% within 80 km, nearest 96 km)",
Höhenstufener Berg,2,locality,no_match,,,,,,,,,,,,0.00,no gazetteer entry,
Famm,2,locality,no_match,osm,45.89963,11.03681,1500,,,,,,,way/62325439,0.30,OSM building/yes named after the place; 224 km from the entries' other places (0% within 80 km),
Hairing,2,locality,no_match,osm,40.80023,14.05240,1500,,,,,,,node/12387919501,0.30,OSM shop/hairdresser named after the place; 820 km from the entries' other places (0% within 80 km),
Fesselberg,2,locality,no_match,,,,,,,,,,,,0.00,no gazetteer entry,
Ismaninger Alm,2,,no_match,,,,,,,,,,,,0.00,no gazetteer entry,
Ismaninger Schleuse,2,locality,no_match,,,,,,,,,,,,0.00,no gazetteer entry,
Ismaninger Staumauer,2,locality,no_match,,,,,,,,,,,,0.00,no gazetteer entry,
Kachlet,2,locality,review,osm,48.57866,13.40682,1500,,,,,,Q1786128,way/157572363,0.45,"OSM building/industrial named after the place; far from most of the entries' other places (0% within 80 km, nearest 133 km)",
Eisheiligenpavillon,2,locality,no_match,,,,,,,,,,,,0.00,no gazetteer entry,
Hubertushütte,2,,linked,osm,48.09775,11.37257,500,,,,,,,node/1079072898,0.95,entry context 35 km (100% of the entries),
Moising,2,locality,no_match,,,,,,,,,,,,0.00,no gazetteer entry,
Sinnhofer Altwasser,2,locality,no_match,,,,,,,,,,,,0.00,no gazetteer entry,
Ammerseeholz,2,locality,no_match,,,,,,,,,,,,0.00,no gazetteer entry,
Antretering,2,locality,no_match,,,,,,,,,,,,0.00,no gazetteer entry,
Neuhaus bei Kroppach,2,locality,no_match,,,,,,,,,,,,0.00,no gazetteer entry,
Ansbring,2,locality,no_match,,,,,,,,,,,,0.00,no gazetteer entry,
Feinerberg,2,locality,no_match,,,,,,,,,,,,0.00,no gazetteer entry,
Schussenmündung,2,locality,review,osm,47.61300,9.52692,1500,,,,,,,node/2987857186,0.55,163 km from the entries' other places (0% within 80 km),
Schwimminsel,2,locality,review,osm,46.61880,14.25205,300,,,,,,,way/663531397,0.60,OSM highway/footway named after the place,
Mühle,2,locality,linked,osm+geonames,47.73738,11.57970,1500,2868499,Mühle,P.PPL,DE,02,,node/2026425857,0.95,entry context 35 km (100% of the entries),
Schinderbuckel,2,locality,no_match,,,,,,,,,,,,0.00,no gazetteer entry,
Prüning,2,settlement,no_match,osm,38.97195,-77.09299,1500,,,,,,,node/12507258078,0.15,OSM craft/landscaping named after the place; 6809 km from the entries' other places (0% within 80 km),
Bergniere,2,locality,no_match,,,,,,,,,,,,0.00,no gazetteer entry,
Villa Astieri,2,locality,no_match,,,,,,,,,,,,0.00,no gazetteer entry,
Bambergen,2,,review,osm+geonames,47.79376,9.19993,1500,2952983,Bambergen,P.PPL,DE,01,Q60263864,node/80219434,0.65,339 km from the entries' other places (0% within 80 km),
Speichersee-Becken,2,locality,no_match,,,,,,,,,,,,0.00,no gazetteer entry,
Griesköpfe,2,locality,no_match,,,,,,,,,,,,0.00,no gazetteer entry,
Hammarsbach,2,locality,no_match,,,,,,,,,,,,0.00,not geocoded yet (no Nominatim cache entry),
Seehafen,2,locality,review,osm,47.54483,9.68409,1500,,,,,,,node/659261819,0.60,OSM amenity/cafe named after the place,
Südzipfel vor dem Schachthalmmeer,2,locality,no_match,,,,,,,,,,,,0.00,no gazetteer entry,
Ankeranger,2,locality,no_match,,,,,,,,,,,,0.00,no gazetteer entry,
Mairingen See,2,,no_match,,,,,,,,,,,,0.00,not geocoded yet (no Nominatim cache entry),
Ankerwiesen-Seechen,2,locality,no_match,,,,,,,,,,,,0.00,no gazetteer entry,
Ankerwiesen-Eck,2,locality,no_match,,,,,,,,,,,,0.00,no gazetteer entry,
Kamm,2,,linked,osm+geonames,48.55667,13.22028,1500,2893414,Kamm,P.PPL,DE,02,Q131860589,node/267168872,0.95,,
Fuchskogel,2,,linked,osm+geonames,47.76075,14.13253,300,2779160,Fuchskogel,T.PK,AT,04,Q21870822,node/4275656031,0.95,,
Farchant,2,,linked,osm+geonames,47.53036,11.11151,2000,2927828,Farchant,P.PPLA4,DE,02,Q503752,relation/939345,0.95,entry context 5 km (100% of the entries),
Knotenkopf,2,locality,no_match,,,,,,,,,,,,0.00,not geocoded yet (no Nominatim cache entry),
Antwinger Weiher,2,locality,no_match,,,,,,,,,,,,0.00,no gazetteer entry,
Wehrgebiet,2,locality,no_match,,,,,,,,,,,,0.00,no gazetteer entry,
Geräum,2,locality,review,osm,49.64504,12.07463,500,,,,,,,node/1667258377,0.55,165 km from the entries' other places (0% within 80 km),
Gerinn,2,locality,no_match,,,,,,,,,,,,0.00,no gazetteer entry,
Wörthstein,2,locality,no_match,,,,,,,,,,,,0.00,no gazetteer entry,
Rappenalpental,2,locality,no_match,,,,,,,,,,,,0.00,not geocoded yet (no Nominatim cache entry),
Antwering nach Lanstetten,2,locality,no_match,,,,,,,,,,,,0.00,no gazetteer entry,
Ruhrtal,2,locality,review,osm,51.46907,7.73783,5000,,,,,,Q2175121,way/1408843747,0.55,164 km from the entries' other places (0% within 80 km),
Rossitten,2,locality,review,osm,53.95611,19.49962,1000,,,,,,Q7310570,node/31530932,0.55,837 km from the entries' other places (0% within 80 km),
Segerhäuser-Brücke,2,locality,no_match,,,,,,,,,,,,0.00,no gazetteer entry,
Seelee,2,locality,review,osm,-16.95710,145.80345,1500,,,,,,,way/712199554,0.55,14609 km from the entries' other places (0% within 80 km),
Dippels-Alm,2,locality,no_match,,,,,,,,,,,,0.00,no gazetteer entry,
Oktoberfest,2,locality,linked,osm,48.13149,11.54976,1500,,,,,,Q102400,way/1189205212,0.90,OSM tourism/attraction named after the place; entry context 2 km (100% of the entries),
Speichergebiet,2,locality,no_match,,,,,,,,,,,,0.00,not geocoded yet (no Nominatim cache entry),
Lenzburg,2,locality,linked,osm+geonames,47.38853,8.17503,3000,2659952,Lenzburg,P.PPLA2,CH,AG,Q69433,relation/1684351,0.95,,
Groß-Sender Ismaning,2,locality,no_match,,,,,,,,,,,,0.00,no gazetteer entry,
Bleckenau,2,locality,linked,osm,47.53866,10.77527,500,,,,,,Q108587706,node/522603023,0.95,entry context 3 km (100% of the entries),
Zweiter Nordteich,2,locality,no_match,,,,,,,,,,,,0.00,no gazetteer entry,
Ismaninger Speichersee beim Tafelberg,2,locality,no_match,,,,,,,,,,,,0.00,no gazetteer entry,
Vohburg an der Donau,2,locality,linked,osm+geonames,48.76977,11.61845,1500,2816776,Vohburg an der Donau,P.PPL,DE,02,Q251778,relation/380987,0.95,,
Neuaubing,2,locality,linked,geonames,48.14911,11.41765,1000,2866274,Neuaubing,P.PPLX,DE,02,,,0.95,GeoNames primary name match (DE); entry context 12 km (100% of the entries),
Edelsberg,2,locality,linked,osm+geonames,47.59192,10.49663,500,2933454,Edelsberg,T.MT,DE,02,Q1283352,node/4111930372,0.95,entry context 4 km (100% of the entries),
Falkenbergerhaus,2,locality,no_match,,,,,,,,,,,,0.00,no gazetteer entry,
Friesener Warte,2,locality,linked,osm+geonames,49.84601,11.04634,500,2924389,Friesener Warte,T.MT,DE,02,Q1464698,node/622279332,0.95,,
Neuthal,2,locality,review,osm+geonames,47.35844,8.86490,1500,6291846,Neuthal,P.PPL,CH,ZH,Q1669528,node/375639018,0.65,220 km from the entries' other places (0% within 80 km),
Kirnhau,2,locality,no_match,,,,,,,,,,,,0.00,no gazetteer entry,
Reichersberg,2,locality,linked,osm+geonames,48.33617,13.35963,1500,2767754,Reichersberg,P.PPL,AT,04,Q667387,relation/900889,0.80,"far from most of the entries' other places (0% within 80 km, nearest 134 km)",
En-s,2,locality,no_match,,,,,,,,,,,,0.00,no gazetteer entry,
Oberalting,2,locality,linked,osm+geonames,48.03706,11.21880,1500,2861428,Oberalting,P.PPL,DE,02,Q130600645,node/38125525,0.95,entry context 29 km (100% of the entries),
Teich VI,2,locality,no_match,,,,,,,,,,,,0.00,no gazetteer entry,
Erlenfurt,2,locality,review,osm,49.94534,9.47837,500,,,,,,Q22691794,node/195334498,0.55,253 km from the entries' other places (0% within 80 km),
Salzberg,2,locality,review,osm,49.88530,13.67751,1000,,,,,,Q11706507,node/330280989,0.70,"far from most of the entries' other places (0% within 80 km, nearest 106 km)",
Ismaninger Kanal-Birkeneck,2,locality,no_match,,,,,,,,,,,,0.00,no gazetteer entry,
Westbecken beim Tafelberg,2,locality,no_match,,,,,,,,,,,,0.00,no gazetteer entry,
Teiche I und II,2,locality,no_match,,,,,,,,,,,,0.00,no gazetteer entry,
Einläufe I und II,2,locality,no_match,,,,,,,,,,,,0.00,no gazetteer entry,
Ostbecken beim Einringer Werk,2,locality,no_match,,,,,,,,,,,,0.00,no gazetteer entry,
Birkentag,2,,no_match,,,,,,,,,,,,0.00,no gazetteer entry,
Vilsalpsee und Traualpsee,2,locality,no_match,,,,,,,,,,,,0.00,no gazetteer entry,
Feringasee,2,locality,linked,osm,48.19457,11.67150,1000,,,,,,Q1406335,way/3401802,0.95,entry context 10 km (100% of the entries),
Schalldorf,2,locality,linked,osm+geonames,47.99745,12.08024,1500,2840548,Schalldorf,P.PPL,DE,02,Q124211563,node/83079180,0.95,,
Künzl,2,locality,no_match,,,,,,,,,,,,0.00,no gazetteer entry,
Salzdorf,2,locality,linked,osm+geonames,48.52026,12.17615,1500,2842161,Salzdorf,P.PPL,DE,02,Q33942930,node/269257896,0.95,entry context 29 km (100% of the entries),
Weichshofen,2,locality,linked,osm+geonames,48.71593,12.43426,1500,2813130,Weichshofen,P.PPL,DE,02,Q27927885,node/270750976,0.95,entry context 12 km (100% of the entries),
Winkelmühle,2,locality,linked,osm,48.03765,11.86539,500,,,,,,,way/879938558,0.95,entry context 17 km (100% of the entries),
Geiselhöring,2,locality,linked,osm+geonames,48.82505,12.39649,1500,2921736,Geiselhöring,P.PPL,DE,02,Q553756,relation/959646,0.95,entry context 12 km (100% of the entries),
Isar beim Alpinen Museum,2,locality,no_match,,,,,,,,,,,,0.00,no gazetteer entry,
Pilsbülung,2,locality,no_match,,,,,,,,,,,,0.00,no gazetteer entry,
Krotel,2,locality,no_match,osm,53.18212,10.05640,500,,,,,,,way/127025637,0.30,OSM highway/path named after the place; 571 km from the entries' other places (0% within 80 km),
Lalling,2,locality,linked,osm+geonames,48.51391,12.75105,1500,2881788,Lalling,P.PPL,DE,02,Q30377501,node/561270237,0.95,,
Haindlfing,2,locality,linked,osm+geonames,48.44051,11.72234,1500,2911851,Haindlfing,P.PPL,DE,02,Q1250267,node/26446043,0.95,entry context 3 km (100% of the entries),
Zolling,2,locality,linked,osm+geonames,48.45000,11.76667,2000,2803923,Zolling,P.PPLA4,DE,02,Q218693,relation/29831,0.95,entry context 3 km (100% of the entries),
Bischofsheim vor der Rhön,2,locality,no_match,,,,,,,,,,,,0.00,no gazetteer entry,
Bergham,2,locality,linked,osm+geonames,47.90662,11.66920,1500,2950525,Bergham,P.PPL,DE,02,Q819704,node/355503306,0.95,entry context 27 km (100% of the entries),
Rechtenbach,2,locality,review,osm+geonames,49.98306,9.50833,2000,2849710,Rechtenbach,P.PPLA4,DE,02,Q508908,relation/337281,0.65,213 km from the entries' other places (0% within 80 km),
Reuter Berg,2,locality,no_match,geonames,51.35000,9.05000,500,2847807,Reuterberg,T.HLL,DE,05,,,0.10,GeoNames alternate name match (DE); 401 km from the entries' other places (0% within 80 km),
Simbach am Inn,2,locality,review,geonames,48.26548,13.02309,1500,2832043,Simbach am Inn,P.PPL,DE,02,,,0.55,"GeoNames primary name match (DE); far from most of the entries' other places (0% within 80 km, nearest 108 km)",
Sulzbach-Rosenberg,2,locality,linked,osm+geonames,49.50126,11.74598,1500,2824801,Sulzbach-Rosenberg,P.PPL,DE,02,Q503633,relation/1028552,0.80,"far from most of the entries' other places (0% within 80 km, nearest 141 km)",
München-Freimann,2,settlement,review,osm+geonames,48.20000,11.60000,300,2867703,München-Freimann,S.RSTN,DE,02,,node/5240895812,0.75,OSM railway/yard named after the place; entry context 4 km (100% of the entries),
Fuchshölzle,2,locality,no_match,,,,,,,,,,,,0.00,no gazetteer entry,
Märzenhalde,2,,no_match,,,,,,,,,,,,0.00,not geocoded yet (no Nominatim cache entry),
Stirnzell,2,,no_match,,,,,,,,,,,,0.00,no gazetteer entry,
Hirschteichbruch,2,locality,no_match,,,,,,,,,,,,0.00,no gazetteer entry,
Blarich-Seite,2,locality,no_match,,,,,,,,,,,,0.00,no gazetteer entry,
Schweinhausen,2,locality,linked,osm+geonames,48.03694,9.80243,1500,2834495,Schweinhausen,P.PPL,DE,01,,relation/16619234,0.80,"far from most of the entries' other places (0% within 80 km, nearest 132 km)",
Mauerstein,2,locality,no_match,,,,,,,,,,,,0.00,no gazetteer entry,
Ottershausen,2,locality,linked,osm+geonames,48.30653,11.53762,1500,2856001,Ottershausen,P.PPL,DE,02,Q133968021,node/312432057,0.95,entry context 19 km (100% of the entries),
Michaelskirche,2,locality,review,osm,48.76804,9.87842,1500,,,,,,Q15129648,way/201334534,0.45,"OSM amenity/place_of_worship named after the place; far from most of the entries' other places (0% within 80 km, nearest 83 km)",
Amper-Ufer,2,locality,no_match,,,,,,,,,,,,0.00,no gazetteer entry,
Breitbrunn an der Glonn,2,locality,no_match,,,,,,,,,,,,0.00,no gazetteer entry,
Famberger Filz,2,locality,no_match,,,,,,,,,,,,0.00,no gazetteer entry,
Langmoos,2,locality,review,osm,47.89866,12.67849,500,,,,,,,node/1039327178,0.70,"far from most of the entries' other places (0% within 80 km, nearest 83 km)",
Daggenhofen,2,locality,no_match,,,,,,,,,,,,0.00,no gazetteer entry,
Königsdorfer Filz,2,locality,no_match,,,,,,,,,,,,0.00,no gazetteer entry,
Kleinhain,2,locality,review,osm+geonames,48.25783,15.65243,1500,2774114,Kleinhain,P.PPL,AT,03,Q61755119,node/186110761,0.65,302 km from the entries' other places (0% within 80 km),
Sapelberg,2,locality,no_match,,,,,,,,,,,,0.00,no gazetteer entry,
See-Moos,2,locality,no_match,,,,,,,,,,,,0.00,not geocoded yet (no Nominatim cache entry),
Münster am Glan,2,locality,no_match,,,,,,,,,,,,0.00,no gazetteer entry,
Weilheim bei Tübingen,2,locality,no_match,,,,,,,,,,,,0.00,no gazetteer entry,
Siegertsbrunn,2,locality,linked,osm+geonames,48.02013,11.72894,1000,2832469,Siegertsbrunn,P.PPLX,DE,02,Q112660728,node/2367792565,0.95,entry context 17 km (100% of the entries),
Gaimersheim,2,locality,linked,osm+geonames,48.80705,11.36801,1500,2923305,Gaimersheim,P.PPL,DE,02,Q528700,relation/943539,0.95,,
Bingen,2,locality,linked,osm+geonames,49.96675,7.89920,1500,2948825,Bingen am Rhein,P.PPL,DE,08,Q285879,relation/660349,0.95,entry context 2 km (100% of the entries),
Rüdesheim am Rhein,2,locality,linked,osm+geonames,49.97890,7.92442,1500,2843395,Rüdesheim am Rhein,P.PPL,DE,05,Q628118,relation/409093,0.95,entry context 2 km (100% of the entries),
Boppard,2,locality,linked,osm+geonames,50.23085,7.58992,1500,2946366,Boppard,P.PPL,DE,08,Q521148,relation/593575,0.95,,
Kreuzfelsen,2,locality,review,osm,48.93400,11.79271,300,,,,,,,node/2533220255,0.70,"far from most of the entries' other places (0% within 80 km, nearest 90 km)",
Brünnstein,2,locality,linked,osm+geonames,47.64848,12.09395,500,2943081,Brünnstein,T.MT,DE,02,Q882165,node/304317008,0.95,entry context 6 km (100% of the entries),
Litzlau,2,locality,no_match,,,,,,,,,,,,0.00,no gazetteer entry,
Gfallmühle,2,,review,osm,47.87176,10.47136,500,,,,,,,node/967734140,0.70,"far from most of the entries' other places (0% within 80 km, nearest 87 km)",
Ankering - Baustetten,2,locality,no_match,,,,,,,,,,,,0.00,no gazetteer entry,
Angermann,2,locality,linked,osm,48.10214,11.97396,300,,,,,,,node/6558196463,0.95,entry context 30 km (100% of the entries),
Entengraben,2,locality,linked,osm+geonames,49.38333,11.05000,1500,2929977,Entengraben,V.FRST,DE,02,Q31996636,way/71179707,0.80,"far from most of the entries' other places (0% within 80 km, nearest 136 km)",
Wester,2,locality,review,osm,51.47185,8.34193,3000,,,,,,,way/290958097,0.55,301 km from the entries' other places (0% within 80 km),
Finntaler Moos,2,locality,no_match,,,,,,,,,,,,0.00,no gazetteer entry,
Vohburg,2,locality,linked,osm+geonames,48.76977,11.61845,1500,2816776,Vohburg an der Donau,P.PPL,DE,02,Q251778,relation/380987,0.95,,
Grabensee,2,locality,linked,osm+geonames,47.69100,10.86186,1000,2918435,Grabensee,H.LK,DE,02,Q32039676,way/83521160,0.95,,
Gündheim,2,locality,review,osm+geonames,49.67583,8.23778,2000,2913675,Gundheim,P.PPLA4,DE,08,Q561636,relation/1248788,0.65,298 km from the entries' other places (0% within 80 km),
Wandsbek,2,locality,linked,osm+geonames,53.58334,10.08305,1000,2911285,Wandsbek,P.PPLX,DE,04,Q1833,relation/295403,0.95,,
Karlsberge,2,locality,no_match,,,,,,,,,,,,0.00,no gazetteer entry,
Ärmelkanal,2,locality,review,osm,49.98922,-2.23847,1500,,,,,,Q34640,way/1180740942,0.55,225 km from the entries' other places (0% within 80 km),
Westminster Abbey,2,,linked,geonames,51.49905,-0.12885,1500,11591738,Westminster Abbey,P.PPL,GB,ENG,,,0.80,GeoNames primary name match (GB); entry context 1 km (100% of the entries),
Natural History Museum,2,,review,geonames,51.49676,-0.17637,100,6697955,Natural History Museum,S.MUS,GB,ENG,,,0.60,GeoNames primary name match (GB); entry context 4 km (100% of the entries),
Österreichische Gesandtschaft,2,,no_match,,,,,,,,,,,,0.00,no gazetteer entry,
Vlissingen - Roosendaal,2,locality,no_match,,,,,,,,,,,,0.00,no gazetteer entry,
Mengen,2,locality,review,osm+geonames,48.04951,9.33005,1500,2871964,Mengen,P.PPL,DE,01,Q82279,relation/2805403,0.65,167 km from the entries' other places (0% within 80 km),
Heuort,2,locality,no_match,,,,,,,,,,,,0.00,no gazetteer entry,
Einödhofraum,2,,no_match,,,,,,,,,,,,0.00,no gazetteer entry,
Wielinger Holz,2,locality,no_match,,,,,,,,,,,,0.00,no gazetteer entry,
Santenberg,2,locality,review,osm,47.18995,8.02728,1500,,,,,,,node/13124784812,0.55,257 km from the entries' other places (0% within 80 km),
Buchenschlag,2,locality,review,osm,49.55748,11.08469,500,,,,,,,node/5426437779,0.55,207 km from the entries' other places (0% within 80 km),
Fuchsholz,2,locality,review,osm,48.37550,12.17074,1500,,,,,,,way/25859494,0.70,"far from most of the entries' other places (0% within 80 km, nearest 84 km)",
Gerner,2,locality,review,osm,48.15904,11.52570,300,,,,,,Q1514344,way/91866857,0.60,OSM highway/footway named after the place; named after a settlement elsewhere; not confirmed by context (23 km),
Schornymann,2,locality,no_match,,,,,,,,,,,,0.00,no gazetteer entry,
Antenninger Feld,2,locality,no_match,,,,,,,,,,,,0.00,no gazetteer entry,
Moosringgraben,2,,no_match,,,,,,,,,,,,0.00,no gazetteer entry,
Badehütten,2,locality,no_match,,,,,,,,,,,,0.00,not geocoded yet (no Nominatim cache entry),
Kiefalpe,2,locality,no_match,,,,,,,,,,,,0.00,no gazetteer entry,
Buchenkogel,2,locality,no_match,,,,,,,,,,,,0.00,no gazetteer entry,
Silvretta,2,locality,review,osm,47.13128,10.50503,500,,,,,,,way/959782264,0.70,"far from most of the entries' other places (0% within 80 km, nearest 104 km)",
Eibsee,2,locality,linked,osm+geonames,47.45601,10.97311,1000,2932723,Eibsee,H.LK,DE,02,Q259699,relation/163453,0.95,,
Pucking,2,locality,linked,osm+geonames,48.18886,14.18824,1500,2768265,Pucking,P.PPL,AT,04,Q680592,relation/86746,0.95,,
Fluchnagel,2,locality,no_match,,,,,,,,,,,,0.00,no gazetteer entry,
Unterschleißheimer Moos,2,locality,no_match,,,,,,,,,,,,0.00,no gazetteer entry,
Südlicher freier Gürtel,2,locality,no_match,,,,,,,,,,,,0.00,no gazetteer entry,
Bruckberg,2,locality,linked,osm+geonames,48.52244,11.99448,2000,2943501,Bruckberg,P.PPLA4,DE,02,Q31690,relation/190865,0.95,,
Neuburgau,2,locality,no_match,,,,,,,,,,,,0.00,no gazetteer entry,
Moosbach,2,locality,linked,osm+geonames,48.20814,13.16411,1500,2771250,Moosbach,P.PPL,AT,04,Q669217,relation/412114,0.95,entry context 36 km (100% of the entries),
Esterhofen,2,locality,linked,osm+geonames,48.36165,11.44880,1500,2928729,Esterhofen,P.PPL,DE,02,Q50778178,node/1700472123,0.95,entry context 23 km (100% of the entries),
Langenpreising,2,locality,linked,osm+geonames,48.42569,11.97217,2000,2880957,Langenpreising,P.PPLA4,DE,02,Q528673,relation/60988,0.80,"far from most of the entries' other places (0% within 80 km, nearest 126 km)",
Schnabelwaid,2,locality,linked,osm+geonames,49.81222,11.58274,1500,2837606,Schnabelwaid,P.PPL,DE,02,Q504174,relation/1071016,0.95,entry context 33 km (100% of the entries),
Schwarzach bei Bogen,2,locality,no_match,,,,,,,,,,,,0.00,no gazetteer entry,
Wartenberg am Bach,2,locality,no_match,,,,,,,,,,,,0.00,no gazetteer entry,
Weildorf bei Freilassing,2,locality,no_match,,,,,,,,,,,,0.00,no gazetteer entry,
Himmelskron bei Landau,2,locality,no_match,,,,,,,,,,,,0.00,no gazetteer entry,
Haag in Oberbayern,2,locality,linked,osm+geonames,48.16196,12.17942,1500,2913210,Haag in Oberbayern,P.PPL,DE,02,Q519928,relation/940688,0.95,entry context 2 km (100% of the entries),
Tüßling,2,locality,linked,osm+geonames,48.21218,12.59954,1500,2820714,Tüßling,P.PPL,DE,02,Q2465297,relation/942026,0.95,entry context 30 km (100% of the entries),
Rühmannsfelden bei Kirchdorf,2,locality,no_match,,,,,,,,,,,,0.00,no gazetteer entry,
Ebenstetten,2,locality,no_match,,,,,,,,,,,,0.00,no gazetteer entry,
Rot am Maintal,2,locality,no_match,,,,,,,,,,,,0.00,no gazetteer entry,
Flugersberg,2,locality,no_match,,,,,,,,,,,,0.00,no gazetteer entry,
Buchenthal,2,locality,linked,osm+geonames,48.52265,12.05388,1500,2942511,Buchenthal,P.PPL,DE,02,Q112062469,node/946971132,0.95,entry context 34 km (100% of the entries),
Güttersdorf,2,locality,no_match,,,,,,,,,,,,0.00,no gazetteer entry,
Kappeln,2,locality,linked,osm+geonames,48.10557,12.39353,1500,2893025,Kappeln,P.PPL,DE,02,,node/1219604850,0.95,entry context 17 km (100% of the entries),
Staudenberg,2,locality,linked,geonames,48.15000,10.41667,1500,2829366,Staudenberg,P.PPL,DE,02,,,0.95,GeoNames primary name match (DE); entry context 32 km (100% of the entries),
Alum am Chiemsee,2,locality,no_match,,,,,,,,,,,,0.00,no gazetteer entry,
Graintz im Wald,2,locality,no_match,,,,,,,,,,,,0.00,no gazetteer entry,
Brunk im Wald,2,locality,no_match,,,,,,,,,,,,0.00,no gazetteer entry,
Buchman im Wald,2,locality,no_match,,,,,,,,,,,,0.00,no gazetteer entry,
Schwindegg,2,locality,linked,osm+geonames,48.27155,12.25978,2000,2834183,Schwindegg,P.PPLA4,DE,02,Q508758,relation/940828,0.95,,
Laufen an der Salzach,2,locality,no_match,,,,,,,,,,,,0.00,no gazetteer entry,
Brunk,2,locality,review,osm+geonames,46.04057,15.18467,1500,3203201,Brunk,P.PPL,SI,B6,Q1819850,node/5022944867,0.65,348 km from the entries' other places (0% within 80 km),
Braunau am Inn,2,locality,linked,osm+geonames,48.25628,13.04343,1500,2781520,Braunau am Inn,P.PPL,AT,04,Q131128,relation/86330,0.80,"far from most of the entries' other places (0% within 80 km, nearest 110 km)",
Bannewitz,2,settlement,linked,osm+geonames,50.99291,13.71712,2000,2952916,Bannewitz,P.PPLA4,DE,13,Q6448,relation/455481,0.95,,
Ernsting,2,locality,linked,osm+geonames,48.30029,12.47398,1500,2929321,Ernsting,P.PPL,DE,02,,node/513065257,0.95,,
Redwitz,2,locality,review,osm+geonames,50.17323,11.20833,1500,2849566,Redwitz an der Rodach,P.PPL,DE,02,Q544249,relation/2983337,0.65,228 km from the entries' other places (0% within 80 km),
Aubenstockach,2,locality,no_match,,,,,,,,,,,,0.00,no gazetteer entry,
Firmer,2,locality,review,osm,48.53676,12.15443,100,,,,,,,node/9772693637,0.60,OSM amenity/restaurant named after the place,
Jüchsen,2,locality,review,osm+geonames,50.47993,10.50183,1500,2894625,Jüchsen,P.PPL,DE,15,Q519182,node/240043798,0.65,272 km from the entries' other places (0% within 80 km),
Kempter Wald,2,locality,linked,osm+geonames,47.71155,10.44424,1500,2891619,Kempter Wald,V.FRST,DE,02,Q1738565,relation/958162,0.95,entry context 25 km (100% of the entries),
Fußach,2,locality,linked,osm+geonames,47.47933,9.66278,2000,2779082,Fußach,P.PPLA3,AT,08,Q701030,relation/75984,0.95,entry context 7 km (100% of the entries),
Sankt Margrethen,2,locality,linked,geonames,47.45253,9.63741,1500,2658816,Sankt Margrethen,P.PPL,CH,SG,,,0.90,GeoNames primary name match (CH); entry context 4 km (100% of the entries),
Bärenstein,2,,review,osm+geonames,50.49989,13.02681,2000,2952703,Bärenstein,P.PPLA4,DE,13,Q57714,relation/536628,0.65,338 km from the entries' other places (0% within 80 km),
Munningen,2,locality,linked,osm+geonames,48.91667,10.60000,2000,2867568,Munningen,P.PPLA4,DE,02,Q505766,relation/962602,0.95,,
Riedlhütte,2,locality,review,osm+geonames,48.90704,13.38238,1500,2847084,Riedlhütte,P.PPL,DE,02,Q37836417,node/1430573320,0.65,158 km from the entries' other places (0% within 80 km),
Fürstenbach,2,locality,no_match,,,,,,,,,,,,0.00,no gazetteer entry,
Stockenreuther Damm,2,locality,no_match,,,,,,,,,,,,0.00,no gazetteer entry,
Eisenburger Moos,2,locality,no_match,,,,,,,,,,,,0.00,no gazetteer entry,
Egenhausen,2,locality,linked,osm+geonames,49.43390,10.47181,1500,2933215,Egenhausen,P.PPL,DE,02,Q47485864,node/768667038,0.95,entry context 20 km (100% of the entries),
Erlach,2,locality,linked,osm+geonames,49.70617,10.08013,1500,2929578,Erlach,P.PPL,DE,02,Q1355215,node/27346616,0.95,entry context 21 km (100% of the entries),
Schlipfheim,2,locality,no_match,,,,,,,,,,,,0.00,no gazetteer entry,
Trassling,2,locality,no_match,,,,,,,,,,,,0.00,no gazetteer entry,
Fasan,2,locality,review,osm,49.44099,11.07314,100,,,,,,,node/1538718071,0.60,OSM amenity/restaurant named after the place,
Mannhausen,2,locality,review,osm+geonames,52.41729,11.22442,1500,2873892,Mannhausen,P.PPL,DE,14,Q656268,relation/3969368,0.65,327 km from the entries' other places (0% within 80 km),
Püring,2,locality,no_match,,,,,,,,,,,,0.00,no gazetteer entry,
Velburg,2,locality,linked,osm+geonames,49.23212,11.67160,1500,2817722,Velburg,P.PPL,DE,02,Q504758,relation/1028815,0.80,"far from most of the entries' other places (0% within 80 km, nearest 118 km)",
Strailachau,2,locality,no_match,,,,,,,,,,,,0.00,no gazetteer entry,
Pöckinger Weiher,2,locality,no_match,,,,,,,,,,,,0.00,no gazetteer entry,
Widinger Hölzchen,2,locality,no_match,,,,,,,,,,,,0.00,no gazetteer entry,
Alfeld,2,locality,linked,osm+geonames,49.43333,11.55000,2000,2958534,Alfeld,P.PPLA4,DE,02,Q574455,relation/966167,0.80,"far from most of the entries' other places (0% within 80 km, nearest 144 km)",
Grünfeld,2,locality,no_match,osm,47.22313,8.84767,1500,,,,,,,node/896790536,0.30,OSM information/guidepost named after the place; 228 km from the entries' other places (0% within 80 km),
Bachmayers Grund,2,locality,no_match,,,,,,,,,,,,0.00,no gazetteer entry,
Ski-Schanze,2,locality,no_match,,,,,,,,,,,,0.00,no gazetteer entry,
Mainingersee,2,,no_match,,,,,,,,,,,,0.00,not geocoded yet (no Nominatim cache entry),
Büchsenberg,2,locality,review,osm,48.07003,7.60971,300,,,,,,,node/6311084849,0.55,277 km from the entries' other places (0% within 80 km),
Finkried,2,locality,no_match,,,,,,,,,,,,0.00,no gazetteer entry,
Seen der Lachmöwen-Kolonie,2,locality,no_match,,,,,,,,,,,,0.00,no gazetteer entry,
Ensee Ostseite,2,locality,no_match,,,,,,,,,,,,0.00,no gazetteer entry,
Sägemühle,2,locality,review,osm,48.81888,9.67875,500,,,,,,,node/11915974957,0.55,151 km from the entries' other places (0% within 80 km),
Prinzen-Eiche,2,locality,no_match,,,,,,,,,,,,0.00,no gazetteer entry,
Büschenberg,2,locality,review,geonames,49.21262,11.70859,500,2940851,Buschenberg,T.HLL,DE,02,,,0.50,GeoNames primary name match (DE); 2 GeoNames candidates,
Morwiesen,2,locality,no_match,,,,,,,,,,,,0.00,no gazetteer entry,
Meining,2,locality,review,osm,48.04653,10.86101,1500,,,,,,,node/1479439223,0.60,OSM craft/painter named after the place,
Gedererwand,2,locality,no_match,,,,,,,,,,,,0.00,no gazetteer entry,
Luitpoldhaus,2,locality,review,osm,47.85135,12.11982,1500,,,,,,,way/114144317,0.60,OSM building/office named after the place,
Älpelesattel,2,locality,linked,osm,47.35745,10.35675,1500,,,,,,,node/530774105,0.90,OSM information/guidepost named after the place; entry context 1 km (100% of the entries),
Oibele-Alpe,2,locality,no_match,,,,,,,,,,,,0.00,no gazetteer entry,
Großer Wilder,2,locality,linked,osm+geonames,47.37023,10.38898,500,2915829,Großer Wilder,T.MT,DE,02,Q1378940,way/1323686620,0.95,entry context 2 km (100% of the entries),
Dietersbachtal,2,locality,linked,osm,47.36229,10.33246,5000,,,,,,Q1223107,way/955274982,0.95,entry context 3 km (100% of the entries),
Ismaninger Allee,2,locality,no_match,,,,,,,,,,,,0.00,no gazetteer entry,
Soll,2,locality,linked,osm+geonames,47.50378,12.19221,2000,2764953,Söll,P.PPLA3,AT,07,Q255913,relation/1016888,0.95,,
Fuchsloch,2,locality,review,osm,47.77392,11.64987,500,,,,,,,node/395189028,0.70,"far from most of the entries' other places (0% within 80 km, nearest 142 km)",
Donauinsel,2,locality,linked,osm+geonames,48.26726,16.37057,2000,3333515,Donauinsel,T.ISL,AT,09,Q23249,way/183963191,0.95,,
Raiding,2,locality,linked,osm+geonames,47.56581,16.53056,2000,2768071,Raiding,P.PPLA3,AT,01,Q660821,relation/109525,0.95,,
Tieckwiese,2,locality,no_match,,,,,,,,,,,,0.00,no gazetteer entry,
Wäldchen an der Tieckwiese,2,locality,no_match,,,,,,,,,,,,0.00,no gazetteer entry,
Schilfeck beim Damme,2,locality,no_match,,,,,,,,,,,,0.00,no gazetteer entry,
Schilf nördlich vom Einlauf,2,locality,no_match,,,,,,,,,,,,0.00,no gazetteer entry,
Steg beim neuen Schirm,2,locality,no_match,,,,,,,,,,,,0.00,not geocoded yet (no Nominatim cache entry),
Bach beim Göckingsteg,2,locality,no_match,,,,,,,,,,,,0.00,no gazetteer entry,
Bach beim alten Schirme,2,locality,no_match,,,,,,,,,,,,0.00,no gazetteer entry,
Winkel von Hegers Bäume,2,locality,no_match,,,,,,,,,,,,0.00,no gazetteer entry,
Südalpe,2,locality,no_match,,,,,,,,,,,,0.00,no gazetteer entry,
Pockinger Holz,2,locality,no_match,,,,,,,,,,,,0.00,no gazetteer entry,
Friling,2,settlement,no_match,,,,,,,,,,,,0.00,no gazetteer entry,
Buchenbergle,2,locality,no_match,,,,,,,,,,,,0.00,no gazetteer entry,
Donauhoppen,2,locality,no_match,,,,,,,,,,,,0.00,no gazetteer entry,
Erbsingsee,2,locality,no_match,,,,,,,,,,,,0.00,no gazetteer entry,
Wohlmut an der Bahn,2,locality,no_match,,,,,,,,,,,,0.00,no gazetteer entry,
"Ismaning, Speichersee Ost-Becken",2,locality,no_match,,,,,,,,,,,,0.00,not geocoded yet (no Nominatim cache entry),
Heuchelberg,2,locality,review,osm+geonames,49.10258,9.00539,2000,2905075,Heuchelberg,T.HLLS,DE,01,,node/9720052372,0.65,237 km from the entries' other places (0% within 80 km),
Döcking,2,settlement,review,osm+geonames,52.90103,0.62553,1500,2651188,Docking,P.PPL,GB,ENG,Q2659115,relation/1022744,0.65,943 km from the entries' other places (0% within 80 km),
Geigersbrunn,2,locality,no_match,,,,,,,,,,,,0.00,no gazetteer entry,
Forst Manning,2,locality,no_match,,,,,,,,,,,,0.00,no gazetteer entry,
Aubinger Graben,2,locality,no_match,,,,,,,,,,,,0.00,no gazetteer entry,
Steg am neuen Schirm,2,locality,no_match,,,,,,,,,,,,0.00,no gazetteer entry,
Staufichte,2,locality,no_match,,,,,,,,,,,,0.00,no gazetteer entry,
Schilfwall gegenüber dem Schirm,2,locality,no_match,,,,,,,,,,,,0.00,no gazetteer entry,
Südwand,2,,linked,osm,47.79531,13.66449,1500,,,,,,,way/673162360,0.85,,
Schwarzmoor,2,locality,no_match,,,,,,,,,,,,0.00,not geocoded yet (no Nominatim cache entry),
Saxiert,2,locality,no_match,,,,,,,,,,,,0.00,no gazetteer entry,
Donaumoor,2,locality,no_match,,,,,,,,,,,,0.00,no gazetteer entry,
Donau-Durchbruch,2,locality,no_match,,,,,,,,,,,,0.00,no gazetteer entry,
Teugn,2,locality,linked,osm+geonames,48.89299,12.01175,2000,2823259,Teugn,P.PPLA4,DE,02,Q251915,relation/956655,0.95,entry context 10 km (100% of the entries),
Donauauen,2,locality,linked,osm,48.97312,12.45448,1500,,,,,,Q59393844,way/321313460,0.95,entry context 17 km (100% of the entries),
Kelheim-Stadt,2,locality,linked,osm,48.91858,11.87239,1500,,,,,,,node/919486431,0.90,OSM information/office named after the place; entry context 1 km (100% of the entries),
Stausacker,2,locality,linked,osm+geonames,48.89228,11.81932,1500,2829299,Stausacker,P.PPL,DE,02,Q37872228,node/270626909,0.95,entry context 1 km (100% of the entries),
Kelheim-Süd,2,locality,no_match,,,,,,,,,,,,0.00,no gazetteer entry,
Sand,2,locality,linked,osm+geonames,48.89920,12.66217,800,2842040,Sand,P.PPLL,DE,02,Q120849350,node/313227483,0.95,,
Schellneck,2,locality,linked,osm,48.49019,11.59184,500,,,,,,Q135062351,node/260394688,0.95,entry context 29 km (100% of the entries),
Altmühltal,2,locality,linked,osm,48.93027,11.37292,5000,,,,,,Q897389,way/1389620362,0.95,entry context 32 km (100% of the entries),
Klösterl,2,locality,linked,osm,48.40263,11.74240,1500,,,,,,Q1256987,way/195645838,0.90,OSM amenity/social_facility named after the place; entry context 19 km (100% of the entries),
Rappensee,2,locality,linked,osm+geonames,47.28610,10.25226,1000,2850346,Rappensee,H.LK,DE,02,Q1641142,way/42896858,0.95,entry context 4 km (100% of the entries),
Waltenbergerhaus,2,locality,linked,osm,47.29770,10.28224,100,,,,,,Q476890,way/75318759,0.90,OSM amenity/restaurant named after the place; entry context 1 km (100% of the entries),
Rauheckhaus,2,locality,no_match,,,,,,,,,,,,0.00,no gazetteer entry,
Haslach,2,locality,linked,osm+geonames,47.64791,10.15825,1500,2909556,Haslach,P.PPL,DE,02,Q115009032,node/1857067734,0.95,entry context 40 km (100% of the entries),
Ismaninger See-Gebiet,2,locality,no_match,,,,,,,,,,,,0.00,no gazetteer entry,
Em-See,2,locality,no_match,,,,,,,,,,,,0.00,no gazetteer entry,
Seebucht,2,locality,no_match,,,,,,,,,,,,0.00,not geocoded yet (no Nominatim cache entry),
Sag-Weiher,2,locality,no_match,,,,,,,,,,,,0.00,no gazetteer entry,
Entwässerungsgraben,2,locality,review,osm,47.49224,12.35233,1500,,,,,,,way/192948106,0.70,"far from most of the entries' other places (0% within 80 km, nearest 92 km)",
Georg-Hirschmann-Heim,2,locality,no_match,,,,,,,,,,,,0.00,no gazetteer entry,
Addis Abeba,2,locality,review,osm,9.03581,38.75243,5000,,,,,,Q3624,node/27565076,0.55,4978 km from the entries' other places (0% within 80 km),
Mairinger Berg,2,locality,no_match,,,,,,,,,,,,0.00,no gazetteer entry,
Universität München,2,locality,linked,osm,48.14907,11.56745,1500,,,,,,Q157808,way/144291476,0.90,OSM amenity/university named after the place; entry context 1 km (100% of the entries),
Stapelberg,2,locality,review,osm,51.47744,9.15220,300,,,,,,,node/3698816537,0.55,404 km from the entries' other places (0% within 80 km),
Zinnkopf,2,locality,linked,osm+geonames,47.77836,12.52673,300,2804111,Zinnkopf,T.PK,DE,02,Q31284760,node/3230301410,0.80,"far from most of the entries' other places (0% within 80 km, nearest 81 km)",
Hintersteinertal,2,locality,no_match,,,,,,,,,,,,0.00,not geocoded yet (no Nominatim cache entry),
Schreck bei Hinterstein,2,locality,no_match,,,,,,,,,,,,0.00,no gazetteer entry,
Schlesien,2,locality,review,osm,51.93838,15.50504,3000,,,,,,Q104720,relation/2132418,0.55,507 km from the entries' other places (0% within 80 km),
Ortenburg,2,locality,linked,osm+geonames,48.54597,13.22250,1500,2857011,Ortenburg,P.PPL,DE,02,Q264999,relation/958094,0.95,,
Arnsberg,2,locality,linked,osm+geonames,48.92604,11.37458,1500,2955473,Arnsberg,P.PPL,DE,02,Q697336,node/1687342024,0.80,"far from most of the entries' other places (0% within 80 km, nearest 89 km)",
Nordsächsischer Urwald,2,locality,no_match,,,,,,,,,,,,0.00,no gazetteer entry,
Frankenwald,2,locality,linked,osm+geonames,50.30595,11.57675,5000,2925544,Frankenwald,T.MTS,DE,02,Q282737,relation/3575639,0.95,,
Kahlgrund,2,locality,no_match,osm,52.13828,8.98421,1500,,,,,,,way/43139666,0.30,OSM landuse/residential named after the place; 272 km from the entries' other places (0% within 80 km),
Kötzting,2,locality,linked,osm+geonames,49.17194,12.85675,1500,7289916,Bad Kötzting,P.PPL,DE,02,Q623464,relation/959885,0.95,,
Antshofen,2,locality,no_match,,,,,,,,,,,,0.00,no gazetteer entry,
Prienz,2,locality,no_match,,,,,,,,,,,,0.00,not geocoded yet (no Nominatim cache entry),
Karlshafen,2,settlement,linked,osm+geonames,51.64263,9.45477,1500,2892867,Bad Karlshafen,P.PPL,DE,05,Q506295,relation/1112227,0.95,,
Konstantin,2,settlement,review,geonames,52.96930,10.37060,800,13624260,Konstantin,P.PPLL,DE,06,,,0.60,GeoNames primary name match (DE),
Unterfauerndorf,2,locality,no_match,,,,,,,,,,,,0.00,no gazetteer entry,
Kirchheimer Moos,2,locality,no_match,,,,,,,,,,,,0.00,no gazetteer entry,
Schleching,2,locality,linked,osm+geonames,47.72098,12.39481,2000,2838842,Schleching,P.PPLA4,DE,02,Q258672,relation/941706,0.95,,
Markus-Kirche,2,locality,no_match,osm,47.42035,8.54107,1500,,,,,,Q21035582,way/12090437,0.30,OSM amenity/place_of_worship named after the place; 240 km from the entries' other places (0% within 80 km),
Unterer Isarkanal-Teich,2,locality,no_match,,,,,,,,,,,,0.00,no gazetteer entry,
Sünhaun,2,locality,no_match,,,,,,,,,,,,0.00,no gazetteer entry,
Marienberg,2,locality,linked,osm+geonames,48.14297,12.78937,1500,2873635,Marienberg,P.PPL,DE,02,,node/498889121,0.80,"far from most of the entries' other places (0% within 80 km, nearest 90 km)",
Tiefenthal,2,locality,linked,osm+geonames,48.99311,12.42810,1500,2822325,Tiefenthal,P.PPL,DE,02,Q18028610,node/1679688283,0.95,entry context 12 km (100% of the entries),
Klardorf,2,locality,linked,osm+geonames,49.26942,12.11184,1500,2890058,Klardorf,P.PPL,DE,02,Q120753158,node/147811990,0.95,entry context 28 km (100% of the entries),
Donk,2,locality,review,osm+geonames,51.23493,6.46853,1500,2936240,Donk,P.PPL,DE,07,,node/143774541,0.65,355 km from the entries' other places (0% within 80 km),
Schwabelweis,2,locality,linked,osm+geonames,49.02309,12.15109,1000,2835526,Schwabelweis,P.PPLX,DE,02,Q1254499,node/46888218,0.95,entry context 4 km (100% of the entries),
Moos-Kanäle,2,locality,no_match,,,,,,,,,,,,0.00,no gazetteer entry,
Sattler Teiche,2,locality,no_match,,,,,,,,,,,,0.00,no gazetteer entry,
Mistelbach,2,locality,review,osm+geonames,49.91260,11.51264,2000,2870941,Mistelbach,P.PPLA4,DE,02,Q514454,relation/1070976,0.65,197 km from the entries' other places (0% within 80 km),
Wörüfer,2,locality,no_match,,,,,,,,,,,,0.00,no gazetteer entry,
Jägerbrünnl,2,locality,no_match,,,,,,,,,,,,0.00,not geocoded yet (no Nominatim cache entry),
Isarwiese,2,locality,no_match,,,,,,,,,,,,0.00,not geocoded yet (no Nominatim cache entry),
Bahngeleis,2,locality,review,osm,47.88860,10.64269,500,,,,,,,way/46962585,0.60,OSM highway/track named after the place,
Walserberg,2,locality,linked,osm+geonames,47.77389,12.95750,1500,3322796,Walserberg,P.PPL,AT,05,,node/240110924,0.95,entry context 7 km (100% of the entries),
Farchanter Moos,2,locality,no_match,,,,,,,,,,,,0.00,no gazetteer entry,
Irschenig,2,locality,no_match,,,,,,,,,,,,0.00,no gazetteer entry,
Knauthain,2,locality,review,osm+geonames,51.27001,12.30183,1000,2887242,Knauthain,P.PPLX,DE,13,Q1389417,node/2373682930,0.65,352 km from the entries' other places (0% within 80 km),
Rosenrau,2,locality,no_match,,,,,,,,,,,,0.00,no gazetteer entry,
Schosbachwald,2,locality,no_match,,,,,,,,,,,,0.00,no gazetteer entry,
Reuth,2,locality,linked,osm+geonames,47.89315,11.56740,1500,2847779,Reuth,P.PPL,DE,02,Q108641248,node/893264089,0.95,entry context 27 km (100% of the entries),
Kapellberg und Ostbecken,2,locality,no_match,,,,,,,,,,,,0.00,no gazetteer entry,
Emmapolder,2,locality,no_match,geonames,53.45865,6.74719,2000,2756141,Emmapolder,T.PLDR,NL,04,,,0.20,GeoNames primary name match (NL); 488 km from the entries' other places (0% within 80 km),
Rosenauerspeicher,2,locality,no_match,,,,,,,,,,,,0.00,no gazetteer entry,
Arndorf,2,locality,linked,osm+geonames,48.41030,12.06223,1500,2955524,Arndorf,P.PPL,DE,02,Q127599227,node/337960845,0.95,,
Sitzenberg bei Traunstein,2,locality,no_match,,,,,,,,,,,,0.00,no gazetteer entry,
Ei-Hanny bei Seibelping,2,locality,no_match,,,,,,,,,,,,0.00,no gazetteer entry,
Riedufer,2,locality,no_match,,,,,,,,,,,,0.00,no gazetteer entry,
Überfallrohr,2,locality,no_match,,,,,,,,,,,,0.00,no gazetteer entry,
Kielberg,2,locality,linked,osm+geonames,49.29212,12.69633,500,2891120,Kielberg,T.MT,DE,02,Q31535387,node/5077620390,0.80,"far from most of the entries' other places (0% within 80 km, nearest 139 km)",
Schinderviertel,2,locality,no_match,,,,,,,,,,,,0.00,no gazetteer entry,
Eben,2,locality,linked,osm+geonames,47.41380,11.76138,2000,2780570,Eben am Achensee,P.PPLA3,AT,07,Q21879842,node/13469332840,0.95,,
Palzing,2,locality,linked,osm+geonames,48.45965,11.70783,1500,2855630,Palzing,P.PPL,DE,02,Q110970040,node/26446044,0.95,entry context 25 km (100% of the entries),
Hochseiler,2,locality,linked,osm+geonames,47.43333,13.01667,300,2775953,Hochseiler,T.PK,AT,05,Q17487715,node/509265154,0.80,"far from most of the entries' other places (0% within 80 km, nearest 133 km)",
Geierköpfe,2,locality,linked,osm+geonames,47.51667,10.86667,300,2778749,Geierköpfe,T.PK,AT,07,Q871973,node/280575160,0.95,,
Kleiner Jenner,2,locality,no_match,,,,,,,,,,,,0.00,no gazetteer entry,
Klapp,2,locality,review,osm,48.13919,11.59251,1500,,,,,,,node/10202079729,0.60,OSM office/lawyer named after the place; named after a settlement elsewhere; not confirmed by context (1 km),
Reitshofau,2,locality,no_match,,,,,,,,,,,,0.00,no gazetteer entry,
Großlappener Kläranlage,2,locality,no_match,,,,,,,,,,,,0.00,no gazetteer entry,
Gillingen,2,locality,review,osm+geonames,67.73292,14.55959,2000,9063445,Store Gillingen,T.ISL,NO,09,,way/23878340,0.65,2185 km from the entries' other places (0% within 80 km),
Biedersteiner Park,2,locality,no_match,,,,,,,,,,,,0.00,no gazetteer entry,
Bürg,2,locality,review,geonames,48.21564,12.29542,1500,2941523,Bürg,P.PPL,DE,02,,,0.70,GeoNames primary name match (DE),
Wartburg,2,locality,review,osm+geonames,47.67064,9.04464,800,11568060,Wartburg,P.PPLL,CH,TG,,node/48925310,0.65,170 km from the entries' other places (0% within 80 km),
Luhe,2,locality,linked,osm+geonames,49.58367,12.14921,1500,2875246,Luhe-Wildenau,P.PPL,DE,02,Q123294690,node/13295415300,0.95,entry context 5 km (100% of the entries),
Hahnbach,2,locality,linked,osm+geonames,49.53389,11.80302,1500,2912351,Hahnbach,P.PPL,DE,02,Q503372,relation/1028557,0.95,entry context 10 km (100% of the entries),
Mitterteich,2,locality,linked,osm+geonames,49.95141,12.24206,1500,2870355,Mitterteich,P.PPL,DE,02,Q253371,relation/975234,0.95,entry context 10 km (100% of the entries),
Mauersteg,2,locality,no_match,,,,,,,,,,,,0.00,no gazetteer entry,
Isinger Moos,2,locality,no_match,,,,,,,,,,,,0.00,no gazetteer entry,
Meininger Au,2,,no_match,,,,,,,,,,,,0.00,no gazetteer entry,
Gisling,2,settlement,no_match,,,,,,,,,,,,0.00,no gazetteer entry,
Fuchsbau,2,locality,review,osm,47.73274,9.95010,500,,,,,,,node/13028686222,0.70,"far from most of the entries' other places (0% within 80 km, nearest 103 km)",
Bachhütten,2,locality,review,osm,47.82439,13.74241,300,,,,,,,node/6916358697,0.55,185 km from the entries' other places (0% within 80 km),
Schilfufer,2,locality,no_match,,,,,,,,,,,,0.00,no gazetteer entry,
Steilufer,2,locality,review,osm,52.42959,11.99462,1500,,,,,,Q105957060,way/1035800992,0.55,458 km from the entries' other places (0% within 80 km),
Seekreite,2,,no_match,,,,,,,,,,,,0.00,no gazetteer entry,
Lütsee,2,locality,no_match,,,,,,,,,,,,0.00,no gazetteer entry,
Ackersee,2,locality,review,osm,48.97808,8.10219,500,,,,,,,node/7043811824,0.55,262 km from the entries' other places (0% within 80 km),
Pörlring,2,settlement,no_match,,,,,,,,,,,,0.00,no gazetteer entry,
Siedewitz,2,,no_match,osm,51.42862,12.69612,1500,,,,,,,way/95783550,0.30,OSM landuse/residential named after the place; 340 km from the entries' other places (0% within 80 km),
Schweiz,2,locality,review,osm,46.79856,8.23197,3000,,,,,,Q39,relation/51701,0.70,"far from most of the entries' other places (0% within 80 km, nearest 138 km)",
Premach,2,locality,linked,osm+geonames,48.24697,10.45006,1500,2852245,Premach,P.PPL,DE,02,Q22693523,node/440817005,0.80,"far from most of the entries' other places (0% within 80 km, nearest 84 km)",
Kaieinges,2,,no_match,,,,,,,,,,,,0.00,no gazetteer entry,
Scheuchenberg,2,locality,linked,osm,49.02645,12.25602,300,,,,,,Q13617231,node/61270684,0.95,entry context 11 km (100% of the entries),
Unterisling,2,locality,linked,osm+geonames,48.98251,12.11810,1500,2819287,Unterisling,P.PPL,DE,02,Q117456755,node/774475247,0.95,entry context 16 km (100% of the entries),
Sünching,2,locality,linked,osm+geonames,48.87855,12.35129,2000,2824687,Sünching,P.PPLA4,DE,02,Q490326,relation/966628,0.95,entry context 5 km (100% of the entries),
Tröblitz,2,locality,no_match,,,,,,,,,,,,0.00,no gazetteer entry,
Seebüchet,2,locality,linked,geonames,47.97474,11.24651,1500,2833915,Seebuchet,V.FRST,DE,02,Q32297055,,0.95,GeoNames primary name match (DE); entry context 30 km (100% of the entries),
Edelshausen,2,locality,linked,osm+geonames,48.60899,11.27755,1500,2933451,Edelshausen,P.PPL,DE,02,Q111420808,node/220590086,0.95,,
Panzerwiese,2,locality,linked,osm,48.21991,11.57502,1500,,,,,,Q1357771,way/1115738497,0.95,entry context 9 km (100% of the entries),
Merlinger Moos,2,locality,no_match,,,,,,,,,,,,0.00,no gazetteer entry,
En-See im Luitpoldpark,2,locality,no_match,,,,,,,,,,,,0.00,no gazetteer entry,
Burgebrach,2,locality,linked,osm+geonames,49.82832,10.74338,1500,2941403,Burgebrach,P.PPL,DE,02,Q513956,relation/1077539,0.95,entry context 14 km (100% of the entries),
Dechsendorfer Weiher,2,locality,no_match,,,,,,,,,,,,0.00,no gazetteer entry,
Rehau,2,locality,linked,osm+geonames,50.24921,12.03422,1500,2849446,Rehau,P.PPL,DE,02,Q49814,relation/1021691,0.95,entry context 28 km (100% of the entries),
Kanzberg,2,locality,linked,osm+geonames,47.35000,10.41667,500,2774789,Kanzberg,T.MT,AT,07,Q21868272,node/533869099,0.80,"far from most of the entries' other places (0% within 80 km, nearest 123 km)",
Naab,2,locality,linked,osm+geonames,49.79862,12.42907,1500,2867271,Naab,P.PPL,DE,02,,node/322109302,0.95,entry context 23 km (100% of the entries),
Sauerlosweiher,2,locality,no_match,,,,,,,,,,,,0.00,no gazetteer entry,
Schirmitz,2,locality,linked,osm+geonames,49.65000,12.16667,2000,2839074,Schirmitz,P.PPLA4,DE,02,Q169573,relation/1059449,0.95,entry context 4 km (100% of the entries),
Schleswig-Holstein,2,locality,linked,osm+geonames,54.20000,9.75000,50000,2838632,Schleswig-Holstein,A.ADM1,DE,10,Q1194,relation/51529,0.95,,
Warmebach,2,locality,no_match,geonames,51.50481,9.29625,3000,2814084,Warmebach,H.STM,DE,05,,,0.30,GeoNames primary name match (DE); 262 km from the entries' other places (0% within 80 km),
Walchenseekraftwerk,2,locality,linked,osm,47.63001,11.33719,1500,,,,,,Q968006,way/42298177,0.90,OSM building/industrial named after the place; entry context 35 km (100% of the entries),
Auwiesmoor,2,locality,no_match,,,,,,,,,,,,0.00,no gazetteer entry,
Stephansposching,2,locality,linked,osm+geonames,48.81667,12.80000,2000,2827400,Stephansposching,P.PPLA4,DE,02,Q262333,relation/959823,0.80,"far from most of the entries' other places (0% within 80 km, nearest 118 km)",
Altenmuhr,2,locality,linked,osm+geonames,49.16667,10.70000,1500,2957529,Altenmuhr,P.PPL,DE,02,Q13377527,node/12610733791,0.80,"far from most of the entries' other places (0% within 80 km, nearest 131 km)",
Sankt Johann Baptist,2,locality,linked,osm,48.25529,11.36336,1500,,,,,,Q37873724,way/89218662,0.90,OSM amenity/place_of_worship named after the place; entry context 20 km (100% of the entries),
St. Bartholomä,2,locality,no_match,,,,,,,,,,,,0.00,not geocoded yet (no Nominatim cache entry),
Grüne Insel,2,locality,linked,osm,48.21555,11.51016,100,,,,,,,way/109294682,0.90,OSM amenity/restaurant named after the place; entry context 10 km (100% of the entries),
Malta,2,locality,review,osm,35.93114,14.39516,3000,,,,,,Q233,relation/365307,0.55,1377 km from the entries' other places (0% within 80 km),
Dese,2,locality,review,osm+geonames,45.52962,12.30363,1500,3219021,Dese,P.PPL,IT,20,Q3705930,node/30152764,0.65,227 km from the entries' other places (0% within 80 km),
Isar-Anlagen,2,locality,no_match,,,,,,,,,,,,0.00,not geocoded yet (no Nominatim cache entry),
Warburg,2,locality,linked,osm+geonames,51.49011,9.14641,1500,2814153,Warburg,P.PPL,DE,07,Q968,relation/1891491,0.95,,
Regnitzgrund bei Erlangen,2,locality,no_match,,,,,,,,,,,,0.00,no gazetteer entry,
Eingang zur Schlucht,2,locality,no_match,,,,,,,,,,,,0.00,no gazetteer entry,
Ryburger Stausee,2,locality,no_match,,,,,,,,,,,,0.00,no gazetteer entry,
Kembser Großschifffahrtskanal,2,locality,no_match,,,,,,,,,,,,0.00,no gazetteer entry,
Weismain,2,locality,review,osm+geonames,50.08512,11.24024,2000,2812067,Weismain,P.PPLA4,DE,02,Q502610,relation/1026863,0.65,208 km from the entries' other places (0% within 80 km),
Röthbach,2,locality,linked,geonames,48.35969,11.37974,3000,2844219,Rothbach,H.STM,DE,02,Q35276860,,0.95,GeoNames primary name match (DE); entry context 26 km (100% of the entries),
Büchlos,2,locality,no_match,,,,,,,,,,,,0.00,no gazetteer entry,
Stützli,2,locality,linked,osm,46.70771,7.61269,500,,,,,,,node/11478382906,0.95,entry context 19 km (100% of the entries),
Riessee,2,locality,no_match,,,,,,,,,,,,0.00,no gazetteer entry,
Neustadt an der Waldnaab,2,locality,linked,osm+geonames,49.73287,12.17773,2000,2864055,Neustadt an der Waldnaab,P.PPLA3,DE,02,Q262594,relation/1059448,0.95,,
Simsee,2,locality,no_match,,,,,,,,,,,,0.00,no gazetteer entry,
Dies-See,2,locality,no_match,,,,,,,,,,,,0.00,no gazetteer entry,
"Freimann, Floriansmühle",2,locality,no_match,,,,,,,,,,,,0.00,no gazetteer entry,
Demaringer Speicherer,2,locality,no_match,,,,,,,,,,,,0.00,no gazetteer entry,
Jachau,2,locality,no_match,,,,,,,,,,,,0.00,no gazetteer entry,
Niederach,2,locality,linked,osm,48.26615,13.21024,500,,,,,,,node/945060260,0.85,,
Untersteinfen,2,locality,no_match,,,,,,,,,,,,0.00,no gazetteer entry,
Milchhäusl,2,locality,linked,osm,48.14978,11.58554,1500,,,,,,,node/118252923,0.90,OSM amenity/cafe named after the place; entry context 2 km (100% of the entries),
Třeboň,2,locality,no_match,geonames,43.10152,0.12014,1500,2972006,Trébons,P.PPL,FR,76,,,0.25,GeoNames contains name match (FR); 864 km from the entries' other places (0% within 80 km),
Lächelwand,2,locality,no_match,,,,,,,,,,,,0.00,no gazetteer entry,
Reit im Winkl,2,locality,linked,osm+geonames,47.67729,12.47086,2000,2848382,Reit im Winkl,P.PPLA4,DE,02,Q252660,relation/941684,0.80,"far from most of the entries' other places (0% within 80 km, nearest 84 km)",
Niederaach,2,locality,no_match,,,,,,,,,,,,0.00,not geocoded yet (no Nominatim cache entry),
Hofstätter See,2,locality,linked,osm+geonames,47.90029,12.17234,1000,2902395,Hofstätter See,H.LK,DE,02,Q27883370,way/190794386,0.95,,
Säuling,2,locality,linked,osm+geonames,47.53472,10.75472,500,3333972,Säuling,T.MT,AT,07,Q573703,node/495075191,0.95,entry context 3 km (100% of the entries),
Burgbeuren,2,locality,no_match,,,,,,,,,,,,0.00,no gazetteer entry,
Hühnerberg,2,locality,linked,osm,48.43426,10.83020,300,,,,,,,node/3835524511,0.85,,
Ismaninger Wäldchen,2,locality,no_match,,,,,,,,,,,,0.00,no gazetteer entry,
Rückenköpfe,2,locality,no_match,,,,,,,,,,,,0.00,no gazetteer entry,
Westerbuch,2,locality,no_match,geonames,52.61344,9.27448,1000,13657934,Westerbuch,P.PPLX,DE,06,,,0.30,GeoNames primary name match (DE); 524 km from the entries' other places (0% within 80 km),
Pappenheim,2,locality,linked,osm+geonames,48.93383,10.97431,1500,2855467,Pappenheim,P.PPL,DE,02,Q503763,relation/1015139,0.80,"far from most of the entries' other places (0% within 80 km, nearest 87 km)",
Rethem,2,locality,linked,osm+geonames,52.78501,9.37871,2000,2848051,Rethem,P.PPLA4,DE,06,Q145741,relation/1799474,0.95,,
Bebra,2,,linked,osm+geonames,50.97445,9.79562,1500,2951793,Bebra,P.PPL,DE,05,Q558530,relation/237802,0.95,,
Laatzen,2,locality,linked,osm+geonames,52.31506,9.79739,1500,2882087,Laatzen,P.PPL,DE,06,Q14856,relation/2012733,0.95,entry context 8 km (100% of the entries),
Ochsenfurt,2,locality,linked,osm+geonames,49.66429,10.06227,1500,2858333,Ochsenfurt,P.PPL,DE,02,Q504849,relation/163052,0.95,entry context 39 km (100% of the entries),
Murtiger Moos,2,locality,no_match,,,,,,,,,,,,0.00,no gazetteer entry,
Echinger Bucht,2,locality,no_match,,,,,,,,,,,,0.00,no gazetteer entry,
Ritterloher Abhang,2,locality,no_match,,,,,,,,,,,,0.00,no gazetteer entry,
Stadtprozelten,2,locality,linked,osm+geonames,49.78466,9.41184,1500,2829751,Stadtprozelten,P.PPL,DE,02,Q502939,relation/394510,0.95,entry context 25 km (100% of the entries),
Neusee,2,,linked,geonames,47.85789,11.26724,1000,2864191,Neusee,H.LK,DE,02,Q22693290,,0.95,GeoNames primary name match (DE); entry context 6 km (100% of the entries),
Lindenwirt,2,locality,linked,osm,47.73148,13.26631,300,,,,,,,node/2929483901,0.85,,
Hartwald,2,locality,linked,osm,47.97311,10.76669,1500,,,,,,Q32053224,way/155986915,0.95,entry context 15 km (100% of the entries),
Vorderes Riedle,2,locality,no_match,,,,,,,,,,,,0.00,not geocoded yet (no Nominatim cache entry),
Märzburg,2,locality,no_match,,,,,,,,,,,,0.00,not geocoded yet (no Nominatim cache entry),
Littenmühle,2,locality,no_match,,,,,,,,,,,,0.00,no gazetteer entry,
Hagberg,2,locality,linked,osm+geonames,48.93987,9.71115,500,2912685,Hagberg,T.HLL,DE,01,Q21714621,node/279207696,0.95,,
Maininger Gebiet,2,locality,no_match,,,,,,,,,,,,0.00,no gazetteer entry,
Lützelsee-Moor,2,locality,no_match,,,,,,,,,,,,0.00,no gazetteer entry,
Lachen,2,locality,linked,osm+geonames,47.19224,8.85324,3000,2660075,Lachen,P.PPLA2,CH,SZ,Q67100,relation/1683088,0.95,,
Ergraben,2,locality,no_match,,,,,,,,,,,,0.00,no gazetteer entry,
Braueriet,2,locality,no_match,,,,,,,,,,,,0.00,no gazetteer entry,
Parseierscharte,2,locality,linked,osm,47.16663,10.44842,1500,,,,,,,node/517874759,0.85,,
Parseier-Eisenspitze,2,locality,no_match,,,,,,,,,,,,0.00,no gazetteer entry,
Baierried,2,locality,no_match,,,,,,,,,,,,0.00,no gazetteer entry,
Löwenbrauerei,2,locality,review,osm,48.57068,13.45422,1500,,,,,,,way/738903866,0.45,"OSM craft/brewery named after the place; far from most of the entries' other places (0% within 80 km, nearest 147 km)",
Sloten,2,locality,review,osm+geonames,52.34167,4.79722,1500,2747132,Sloten,P.PPL,NL,07,Q1024903,node/6879994922,0.65,639 km from the entries' other places (0% within 80 km),
Steinschartenkopf,2,locality,linked,osm+geonames,47.28647,10.28045,300,6939447,Steinschartenkopf,T.PK,AT,07,Q261126,node/530735152,0.95,,
Ebene,2,locality,linked,geonames,49.05923,9.44597,500,11496553,Ebene,T.HLL,DE,01,,,0.90,GeoNames primary name match (DE); entry context 16 km (100% of the entries),
Fleck,2,locality,linked,osm+geonames,48.16076,12.04162,1500,2926340,Fleck,P.PPL,DE,02,,node/430862065,0.95,entry context 35 km (100% of the entries),
Rauchbeeren,2,locality,no_match,,,,,,,,,,,,0.00,not geocoded yet (no Nominatim cache entry),
Wertach beim Urwald,2,locality,no_match,,,,,,,,,,,,0.00,no gazetteer entry,
Steinach am Brenner,2,locality,linked,osm+geonames,47.08333,11.46667,2000,2764557,Steinach am Brenner,P.PPLA3,AT,07,Q697506,relation/79609,0.95,,
Verwall,2,locality,no_match,,,,,,,,,,,,0.00,no gazetteer entry,
Schwarzwassergebiet,2,locality,no_match,,,,,,,,,,,,0.00,no gazetteer entry,
Funtensee,2,locality,linked,osm+geonames,47.49325,12.93941,1000,2923719,Funtensee,H.LK,DE,02,Q314939,way/8090561,0.80,"far from most of the entries' other places (0% within 80 km, nearest 123 km)",
Markt Almtorf,2,locality,no_match,,,,,,,,,,,,0.00,no gazetteer entry,
Mehring,2,locality,linked,osm+geonames,48.18333,12.78333,2000,2872377,Mehring,P.PPLA4,DE,02,Q1917569,relation/942043,0.95,entry context 4 km (100% of the entries),
Inn-Salzachmündung,2,locality,no_match,,,,,,,,,,,,0.00,no gazetteer entry,
Oktoberwiese,2,locality,no_match,,,,,,,,,,,,0.00,no gazetteer entry,
K.W.,2,locality,review,osm,48.96363,12.88969,1500,,,,,,,node/3750120338,0.45,"OSM historic/boundary_stone named after the place; far from most of the entries' other places (0% within 80 km, nearest 133 km)",
Forst K.W.,2,locality,no_match,,,,,,,,,,,,0.00,no gazetteer entry,
Bruckstellen - Büchlore,2,locality,no_match,,,,,,,,,,,,0.00,no gazetteer entry,
Windischmatrei,2,,no_match,,,,,,,,,,,,0.00,no gazetteer entry,
Gackel'sche Reiberey,2,locality,no_match,,,,,,,,,,,,0.00,no gazetteer entry,
Entenlohe,2,locality,no_match,,,,,,,,,,,,0.00,no gazetteer entry,
Mairingen,2,locality,review,osm,48.05239,13.57095,1500,,,,,,,way/421234933,0.45,"OSM amenity/shelter named after the place; far from most of the entries' other places (0% within 80 km, nearest 142 km)",
Rothenfels,2,locality,linked,osm+geonames,49.25503,11.55539,1500,2844043,Rothenfels,P.PPL,DE,02,Q1681303,node/199449856,0.80,"far from most of the entries' other places (0% within 80 km, nearest 114 km)",
Hüttenkopf,2,locality,linked,osm+geonames,47.23415,9.76482,300,6939294,Hüttenkopf,T.PK,AT,08,Q21878329,node/440752136,0.95,,
Geißhorn,2,locality,linked,geonames,47.28885,10.17481,300,2778727,Geißhorn,T.PK,AT,08,Q320334,,0.90,GeoNames primary name match (AT); entry context 10 km (100% of the entries),
Freibergsee,2,locality,linked,osm+geonames,47.38079,10.26795,1000,2925184,Freibergsee,H.LK,DE,02,Q1453834,way/1127576663,0.95,entry context 5 km (100% of the entries),
Sennereistack,2,locality,no_match,,,,,,,,,,,,0.00,no gazetteer entry,
Stuibenfälle,2,locality,linked,osm,47.49407,10.74779,1500,,,,,,Q476626,way/840238229,0.95,entry context 38 km (100% of the entries),
Kegelköpfe,2,locality,no_match,,,,,,,,,,,,0.00,no gazetteer entry,
Schmalhorn,2,locality,linked,osm+geonames,47.33371,10.28748,500,2838062,Schmalhorn,T.MT,DE,02,Q2245691,node/530747898,0.95,entry context 5 km (100% of the entries),
Großhadern-Martinsried,2,locality,no_match,,,,,,,,,,,,0.00,no gazetteer entry,
Pfaffenhofen,2,locality,linked,osm+geonames,48.39334,11.20563,1500,2854394,Pfaffenhofen,P.PPL,DE,02,Q45087259,node/411028629,0.95,entry context 39 km (100% of the entries),
Freyling-Werling,2,locality,no_match,,,,,,,,,,,,0.00,no gazetteer entry,
Lahlbach,2,locality,no_match,,,,,,,,,,,,0.00,no gazetteer entry,
Forstmeister Park,2,locality,no_match,,,,,,,,,,,,0.00,no gazetteer entry,
Neukühlung,2,locality,no_match,,,,,,,,,,,,0.00,no gazetteer entry,
Warmbrunn und Ladehorn,2,locality,no_match,,,,,,,,,,,,0.00,no gazetteer entry,
Arget-Gumpertsham,2,locality,no_match,,,,,,,,,,,,0.00,no gazetteer entry,
Rothmühl,2,locality,linked,osm,48.52849,12.73045,500,,,,,,Q126595500,node/2203649348,0.85,,
Inari-See,2,locality,no_match,,,,,,,,,,,,0.00,no gazetteer entry,
Partenkirchen im Winkel,2,locality,no_match,,,,,,,,,,,,0.00,no gazetteer entry,
Hochrhein,2,locality,review,osm,47.69679,8.75502,3000,,,,,,Q62026,relation/1103630,0.55,216 km from the entries' other places (0% within 80 km),
Schlegelspitz,2,locality,no_match,,,,,,,,,,,,0.00,no gazetteer entry,
Rabenkopf,2,locality,linked,osm+geonames,47.32778,12.55611,300,6939545,Rabenkopf,T.PK,AT,05,Q21878159,node/3564332596,0.95,entry context 40 km (100% of the entries),
Schapbachthal,2,locality,no_match,,,,,,,,,,,,0.00,no gazetteer entry,
Stallberg,2,locality,review,osm+geonames,48.32142,13.94345,1500,11694136,Stallberg,P.PPL,AT,04,,node/240121368,0.65,177 km from the entries' other places (0% within 80 km),
Binnen,2,locality,review,osm+geonames,52.61990,9.13199,2000,2948810,Binnen,P.PPLA4,DE,06,Q554015,relation/1183262,0.65,504 km from the entries' other places (0% within 80 km),
Eisbachbrücke,2,locality,linked,osm,48.14324,11.58769,1500,,,,,,Q1310809,way/444992649,0.90,OSM man_made/bridge named after the place; entry context 1 km (100% of the entries),
Ringbahngleis,2,locality,no_match,,,,,,,,,,,,0.00,no gazetteer entry,
Schmalholz,2,locality,review,osm,47.86869,10.36312,500,,,,,,,node/1108234121,0.70,"far from most of the entries' other places (0% within 80 km, nearest 95 km)",
Lechauen bei Augsburg,2,locality,no_match,,,,,,,,,,,,0.00,no gazetteer entry,
Saarpfalz,2,locality,review,osm,49.26138,7.19823,3000,,,,,,Q6793,relation/62579,0.55,345 km from the entries' other places (0% within 80 km),
Weiler Hopfen am Hopferbach,2,locality,no_match,,,,,,,,,,,,0.00,no gazetteer entry,
Wolfertschwenden,2,locality,linked,osm+geonames,47.89350,10.26715,2000,2806831,Wolfertschwenden,P.PPLA4,DE,02,Q547916,relation/958688,0.80,"far from most of the entries' other places (0% within 80 km, nearest 101 km)",
Merringer Au,2,locality,no_match,,,,,,,,,,,,0.00,no gazetteer entry,
Füssener Alpe,2,locality,no_match,,,,,,,,,,,,0.00,no gazetteer entry,
Meininger Schlicht,2,locality,no_match,,,,,,,,,,,,0.00,not geocoded yet (no Nominatim cache entry),
Gerstaupt und Bernried,2,locality,no_match,,,,,,,,,,,,0.00,no gazetteer entry,
Mittlerer Speichersee,2,locality,no_match,,,,,,,,,,,,0.00,no gazetteer entry,
Windenfichten,2,locality,no_match,,,,,,,,,,,,0.00,no gazetteer entry,
Höllensteinsee,2,locality,linked,osm,49.11041,12.86726,1000,,,,,,,way/212688155,0.95,entry context 4 km (100% of the entries),
Starlachberg,2,locality,no_match,,,,,,,,,,,,0.00,no gazetteer entry,
Rottmündung,2,locality,no_match,,,,,,,,,,,,0.00,no gazetteer entry,
Riedgrünter Moos,2,locality,no_match,,,,,,,,,,,,0.00,no gazetteer entry,
Kehl,2,locality,review,osm+geonames,49.03000,11.01306,1500,2891950,Kehl,P.PPL,DE,02,Q759834,node/310485372,0.65,633 km from the entries' other places (0% within 80 km),
Marne-Rhein-Kanal,2,locality,review,osm,48.58988,7.79163,1500,,,,,,,way/229296079,0.55,241 km from the entries' other places (0% within 80 km),
Mantes-la-Jolie,2,locality,linked,osm+geonames,48.99048,1.71670,2000,2996148,Mantes-la-Jolie,P.PPLA3,FR,11,Q207253,relation/386602,0.95,entry context 22 km (100% of the entries),
Vernon,2,locality,linked,osm+geonames,49.09292,1.46332,1500,2969766,Vernon,P.PPL,FR,28,Q236736,relation/74780,0.95,entry context 22 km (100% of the entries),
"Rouen, Rue Jeanne d'Arc",2,locality,no_match,,,,,,,,,,,,0.00,no gazetteer entry,
Seine-Tal,2,,no_match,,,,,,,,,,,,0.00,no gazetteer entry,
Zoo von Vincennes,2,,no_match,,,,,,,,,,,,0.00,no gazetteer entry,
Westfuß am Nordhang,2,locality,no_match,,,,,,,,,,,,0.00,no gazetteer entry,
Hohenwestedt,2,locality,review,osm+geonames,54.08886,9.65359,2000,2901348,Hohenwestedt,P.PPLA4,DE,10,Q206686,relation/548595,0.65,675 km from the entries' other places (0% within 80 km),
Klosterberg-Anlagen,2,locality,no_match,,,,,,,,,,,,0.00,no gazetteer entry,
Stöllener Moos,2,locality,no_match,,,,,,,,,,,,0.00,no gazetteer entry,
Ries bei Wemding,2,locality,no_match,,,,,,,,,,,,0.00,no gazetteer entry,
Ellingen,2,locality,linked,osm+geonames,49.06076,10.96783,1500,2930934,Ellingen,P.PPL,DE,02,Q504544,relation/1015150,0.80,"far from most of the entries' other places (0% within 80 km, nearest 112 km)",
Auwiesen,2,locality,linked,geonames,48.91778,12.52291,2000,2953881,Auwiesen,L.GRAZ,DE,02,,,0.95,GeoNames primary name match (DE); entry context 26 km (100% of the entries),
Güller-Weiher,2,,no_match,,,,,,,,,,,,0.00,no gazetteer entry,
Kapuzinerholz,2,,no_match,,,,,,,,,,,,0.00,not geocoded yet (no Nominatim cache entry),
Bodmaner Ried,2,locality,no_match,,,,,,,,,,,,0.00,no gazetteer entry,
München-Nord,2,locality,linked,osm,48.19684,11.49017,1500,,,,,,,way/71221441,0.90,OSM railway/signal_box named after the place; entry context 9 km (100% of the entries),
Toter Walchen,2,locality,no_match,,,,,,,,,,,,0.00,no gazetteer entry,
Neuer Teich,2,locality,review,osm+geonames,50.71667,10.86667,500,2865453,Neuer Teich,H.PND,DE,15,,way/33612206,0.65,282 km from the entries' other places (0% within 80 km),
Neuerwater,2,locality,no_match,,,,,,,,,,,,0.00,no gazetteer entry,
Eremiadensee,2,locality,no_match,,,,,,,,,,,,0.00,no gazetteer entry,
Felber See,2,locality,no_match,,,,,,,,,,,,0.00,no gazetteer entry,
Ismaninger Naturschutzgebiet,2,locality,no_match,,,,,,,,,,,,0.00,not geocoded yet (no Nominatim cache entry),
Fränkischer Jura,2,locality,no_match,,,,,,,,,,,,0.00,no gazetteer entry,
Gackenau,2,locality,review,osm,50.27152,8.93215,500,,,,,,,node/13030242890,0.55,305 km from the entries' other places (0% within 80 km),
Moosmeiermähder,2,locality,no_match,,,,,,,,,,,,0.00,no gazetteer entry,
Hintersteiner See Südufer,2,locality,no_match,,,,,,,,,,,,0.00,no gazetteer entry,
Waller-Alpe,2,,no_match,,,,,,,,,,,,0.00,not geocoded yet (no Nominatim cache entry),
Grüne Hütte,2,locality,review,osm,49.76311,9.11976,1500,,,,,,,node/3679428612,0.60,OSM amenity/shelter named after the place,
Kaindl,2,locality,linked,osm,48.45052,12.23038,500,,,,,,,node/2175660786,0.85,,
Bären-Rau,2,,no_match,,,,,,,,,,,,0.00,no gazetteer entry,
Weißach-Tal,2,locality,no_match,,,,,,,,,,,,0.00,no gazetteer entry,
Wallnerhütte,2,locality,review,osm,47.20298,13.56074,500,,,,,,,node/4301341830,0.70,"far from most of the entries' other places (0% within 80 km, nearest 108 km)",
Gasthaus,2,locality,linked,osm,47.43597,12.43490,1500,,,,,,,way/237159925,0.90,OSM building/yes named after the place; entry context 20 km (100% of the entries),
Gaisberg-Wiesen,2,locality,no_match,,,,,,,,,,,,0.00,no gazetteer entry,
Pieske,2,locality,review,osm,52.41967,15.43443,1000,,,,,,Q7192695,node/31615207,0.55,589 km from the entries' other places (0% within 80 km),
Falkenhütte,2,locality,review,osm+geonames,47.40000,11.50000,100,2779825,Falkenhütte,S.HTL,AT,07,Q1394246,way/26960869,0.45,"OSM tourism/alpine_hut named after the place; far from most of the entries' other places (0% within 80 km, nearest 82 km)",
Ringwand,2,locality,no_match,,,,,,,,,,,,0.00,no gazetteer entry,
Bürgholz,2,locality,linked,geonames,48.09789,11.08817,800,2941237,Burgholz,P.PPLL,DE,02,,,0.95,GeoNames primary name match (DE); entry context 36 km (100% of the entries),
Universitätsklinikum München,2,locality,no_match,,,,,,,,,,,,0.00,no gazetteer entry,
Moosringer Schlachte,2,locality,no_match,,,,,,,,,,,,0.00,no gazetteer entry,
Zankenhausen,2,locality,linked,osm+geonames,48.10231,11.10613,1500,2805250,Zankenhausen,P.PPL,DE,02,Q26769378,node/267169815,0.95,entry context 3 km (100% of the entries),
Spitzkofel,2,locality,review,osm+geonames,46.77306,12.74472,500,2764774,Spitzkofel,T.MT,AT,07,Q2311655,node/1883991953,0.65,175 km from the entries' other places (0% within 80 km),
Sassau,2,locality,linked,osm+geonames,47.59199,11.36723,2000,2841365,Sassau,T.ISL,DE,02,Q1563137,way/30578543,0.95,entry context 4 km (100% of the entries),
Gabenau,2,locality,no_match,,,,,,,,,,,,0.00,no gazetteer entry,
Benelberg,2,locality,no_match,,,,,,,,,,,,0.00,no gazetteer entry,
Kleingruben,2,locality,no_match,,,,,,,,,,,,0.00,no gazetteer entry,
Wieselsberg,2,locality,linked,osm+geonames,48.56577,12.37278,1500,2809304,Wieselsberg,P.PPL,DE,02,Q122634363,node/1037964643,0.95,,
Rautkopf,2,locality,linked,geonames,47.45389,11.06167,300,6939820,Rautkopf,T.PK,DE,02,Q31555939,,0.95,GeoNames primary name match (DE); entry context 24 km (100% of the entries),
Sachsenbacher Tal,2,locality,no_match,,,,,,,,,,,,0.00,no gazetteer entry,
Waldsee,2,locality,linked,osm+geonames,47.60000,9.86667,1000,2814800,Waldsee,H.LK,DE,02,Q1523592,way/26801503,0.80,"far from most of the entries' other places (0% within 80 km, nearest 108 km)",
Wiesent,2,locality,linked,osm+geonames,49.01667,12.38333,2000,2809210,Wiesent,P.PPLA4,DE,02,Q491818,relation/966629,0.80,"far from most of the entries' other places (0% within 80 km, nearest 101 km)",
Moos-Warte,2,locality,no_match,,,,,,,,,,,,0.00,no gazetteer entry,
Linzer Kanal,2,locality,no_match,,,,,,,,,,,,0.00,no gazetteer entry,
Binnendüne,2,locality,review,osm,49.41517,8.66724,1500,,,,,,,node/5169690709,0.55,257 km from the entries' other places (0% within 80 km),
Valli di Comacchio,2,locality,review,osm+geonames,44.61500,12.18639,2000,3178244,Valli di Comacchio,H.LGN,IT,05,Q1891671,relation/17233240,0.65,394 km from the entries' other places (0% within 80 km),
Erling-Andechs,2,,no_match,,,,,,,,,,,,0.00,no gazetteer entry,
Salaas,2,locality,linked,osm,46.97007,10.35299,100,,,,,,,way/138957448,0.90,OSM amenity/restaurant named after the place; entry context 33 km (100% of the entries),
Buchboden,2,locality,linked,osm+geonames,47.25000,9.95000,1500,2781248,Buchboden,P.PPL,AT,08,,node/926193113,0.95,entry context 2 km (100% of the entries),
Schröcken,2,locality,linked,osm+geonames,47.25755,10.09197,2000,7667386,Schröcken,P.PPLA3,AT,08,Q535102,relation/74234,0.95,entry context 11 km (100% of the entries),
Schrattenfluh,2,locality,review,geonames,46.84499,7.97170,500,2658700,Schrattenfluh,T.MT,CH,LU,,,0.45,"GeoNames primary name match (CH); far from most of the entries' other places (0% within 80 km, nearest 148 km)",
Rottal,2,locality,review,osm,48.41186,12.84600,3000,,,,,,Q10477,relation/62592,0.70,"far from most of the entries' other places (0% within 80 km, nearest 99 km)",
Steinwerk,2,locality,review,osm,48.93966,8.94598,1500,,,,,,,way/25732074,0.55,213 km from the entries' other places (0% within 80 km),
Gmunden,2,locality,review,osm+geonames,47.91839,13.79933,1500,2778436,Gmunden,P.PPL,AT,04,Q430449,relation/60687,0.65,167 km from the entries' other places (0% within 80 km),
Arholting,2,locality,no_match,,,,,,,,,,,,0.00,no gazetteer entry,
Hallbergmoos,2,locality,linked,osm+geonames,48.32747,11.75142,2000,2911530,Hallbergmoos,P.PPLA4,DE,02,Q285955,relation/30008,0.95,entry context 5 km (100% of the entries),
Dauten,2,locality,review,osm,49.27085,10.52506,1500,,,,,,,way/143324227,0.45,"OSM amenity/nightclub named after the place; far from most of the entries' other places (0% within 80 km, nearest 132 km)",
Jocher und Stübenkopf,2,locality,no_match,,,,,,,,,,,,0.00,no gazetteer entry,
Geiszeck,2,locality,no_match,,,,,,,,,,,,0.00,no gazetteer entry,
Seeheimer,2,locality,review,osm,49.76620,8.60445,500,,,,,,,node/5512672524,0.55,265 km from the entries' other places (0% within 80 km),
Autobahnbau,2,locality,no_match,osm,50.63794,10.69045,1500,,,,,,,way/136335652,0.30,OSM landuse/landfill named after the place; 277 km from the entries' other places (0% within 80 km),
Südhahn,2,locality,no_match,,,,,,,,,,,,0.00,no gazetteer entry,
Aurachtal,2,locality,linked,osm+geonames,49.57627,10.82136,3000,3206794,Aurachtal,A.ADM4,DE,02,Q774406,relation/1016525,0.95,entry context 15 km (100% of the entries),
Württemberg,2,locality,review,osm,48.53775,9.04117,3000,,,,,,Q985,relation/62611,0.55,158 km from the entries' other places (0% within 80 km),
Schlicht,2,locality,linked,osm+geonames,48.16647,12.23690,1500,2838574,Schlicht,P.PPL,DE,02,,node/252283120,0.95,,
Bärental,2,locality,linked,geonames,50.05157,11.26557,5000,2952695,Bärental,T.VAL,DE,02,Q2664694,,0.95,GeoNames primary name match (DE); entry context 31 km (100% of the entries),
Klein-Krotzenburg,2,locality,review,osm+geonames,50.07631,8.96793,1500,2888608,Klein-Krotzenburg,P.PPL,DE,05,Q1312748,relation/11480323,0.65,287 km from the entries' other places (0% within 80 km),
Helsinki,2,locality,review,osm,60.16662,24.94354,3000,,,,,,Q1757,relation/34914,0.55,1589 km from the entries' other places (0% within 80 km),
Klein-Katzen,2,locality,no_match,,,,,,,,,,,,0.00,no gazetteer entry,
Barnstorf,2,locality,review,osm+geonames,52.09781,10.80737,1500,2952454,Barnstorf,P.PPL,DE,06,Q808525,relation/20050121,0.65,210 km from the entries' other places (0% within 80 km),
Hochberg-Alm,2,locality,no_match,,,,,,,,,,,,0.00,no gazetteer entry,
Scesaplana,2,locality,linked,osm,47.13804,10.16051,1500,,,,,,,way/203086514,0.90,OSM tourism/guest_house named after the place; entry context 33 km (100% of the entries),
Wörgl,2,locality,linked,osm+geonames,47.48906,12.06174,2000,2760854,Wörgl,P.PPLA3,AT,07,Q253639,relation/1016862,0.95,entry context 38 km (100% of the entries),
Rohntal,2,locality,review,osm,51.84744,10.65259,5000,,,,,,,way/1433706105,0.55,194 km from the entries' other places (0% within 80 km),
Bühl am Alpsee,2,locality,linked,osm+geonames,47.56901,10.19139,1500,2941964,Bühl am Alpsee,P.PPL,DE,02,Q1020543,node/281695402,0.80,"far from most of the entries' other places (0% within 80 km, nearest 121 km)",
Pforzheim,2,locality,linked,osm+geonames,48.88436,8.69892,2000,2853969,Pforzheim,P.PPLA3,DE,01,Q3046,relation/62471,0.95,entry context 7 km (100% of the entries),
Heiterkopf,2,locality,no_match,,,,,,,,,,,,0.00,no gazetteer entry,
Alter Justizpalast,2,locality,no_match,,,,,,,,,,,,0.00,no gazetteer entry,
Tauerntäler,2,locality,no_match,,,,,,,,,,,,0.00,no gazetteer entry,
Loferer Steinberge,2,locality,linked,osm+geonames,47.55000,12.66667,5000,2772327,Loferer Steinberge,T.MTS,AT,00,Q669614,relation/2131372,0.95,entry context 34 km (100% of the entries),
Vorderhorn bei Lofer,2,locality,no_match,,,,,,,,,,,,0.00,no gazetteer entry,
Scheffau,2,locality,linked,osm,47.52520,12.47032,500,,,,,,,way/353687572,0.95,entry context 15 km (100% of the entries),
Germünde,2,locality,no_match,osm,41.04664,-8.39353,1500,,,,,,,way/390441879,0.30,OSM building/yes named after the place; 1617 km from the entries' other places (0% within 80 km),
Egglburger See,2,locality,linked,osm,48.08383,11.94083,1000,,,,,,Q1297686,relation/1333989,0.95,entry context 28 km (100% of the entries),
Weihersmühle,2,locality,linked,osm,49.29928,11.04292,300,,,,,,Q20203443,node/255706559,0.95,entry context 37 km (100% of the entries),
Altes Schloss,2,locality,linked,geonames,49.72390,11.23730,2000,11593477,Altes Schloss,T.RKS,DE,02,,,0.95,GeoNames primary name match (DE); entry context 28 km (100% of the entries),
Mellrichstadt,2,locality,review,osm+geonames,50.42849,10.30334,1500,2872047,Mellrichstadt,P.PPL,DE,02,Q552523,relation/387410,0.65,259 km from the entries' other places (0% within 80 km),
Schwarzauer Fischteiche,2,locality,no_match,,,,,,,,,,,,0.00,no gazetteer entry,
Sachsenkam,2,locality,linked,osm+geonames,47.80543,11.64396,2000,2842507,Sachsenkam,P.PPLA4,DE,02,Q834894,relation/935179,0.95,entry context 37 km (100% of the entries),
Birkhahnhütte,2,locality,no_match,osm,46.95214,13.23472,1500,,,,,,,way/304286145,0.30,OSM building/cabin named after the place; 181 km from the entries' other places (0% within 80 km),
Gamsen,2,locality,review,osm+geonames,46.30481,7.95359,1500,2660669,Gamsen,P.PPL,CH,VS,Q1493277,node/240081607,0.65,288 km from the entries' other places (0% within 80 km),
Gut Arglé,2,locality,no_match,,,,,,,,,,,,0.00,no gazetteer entry,
Wasserburg am Inn,2,locality,linked,osm+geonames,48.05250,12.22341,1500,2813755,Wasserburg am Inn,P.PPL,DE,02,Q259617,relation/2186945,0.95,,
Bitzenau,2,locality,no_match,,,,,,,,,,,,0.00,no gazetteer entry,
Strohnegwisch,2,locality,no_match,,,,,,,,,,,,0.00,no gazetteer entry,
Glashaus-Wald,2,locality,no_match,,,,,,,,,,,,0.00,no gazetteer entry,
Waturpfad,2,locality,no_match,,,,,,,,,,,,0.00,no gazetteer entry,
Eichholzer Wäldchen,2,locality,no_match,,,,,,,,,,,,0.00,no gazetteer entry,
Hagnau Hafen,2,locality,no_match,,,,,,,,,,,,0.00,no gazetteer entry,
Sumpfachten,2,locality,no_match,,,,,,,,,,,,0.00,no gazetteer entry,
Schauinsland,2,,linked,geonames,47.93547,7.89619,1500,2840143,Schauinsland,P.PPL,DE,01,,,0.90,GeoNames primary name match (DE); entry context 4 km (100% of the entries),
Felsenschlag oberhalb der Koppel,2,locality,no_match,,,,,,,,,,,,0.00,no gazetteer entry,
Felsen,2,locality,linked,geonames,47.29452,8.78978,800,6292254,Felsen,P.PPLL,CH,ZH,,,0.90,GeoNames primary name match (CH); entry context 25 km (100% of the entries),
Freiburg Unterstadt,2,locality,no_match,,,,,,,,,,,,0.00,no gazetteer entry,
Umgebung des Hauses,2,locality,no_match,,,,,,,,,,,,0.00,no gazetteer entry,
Freiburg Umgebung,2,locality,no_match,,,,,,,,,,,,0.00,no gazetteer entry,
Hüfingen,2,locality,linked,osm+geonames,47.92543,8.48831,1500,2898028,Hüfingen,P.PPL,DE,01,Q83132,relation/1241468,0.95,entry context 3 km (100% of the entries),
Betzenhausen,2,locality,linked,osm+geonames,48.00747,7.81705,1000,2949659,Betzenhausen,P.PPLX,DE,01,Q850643,relation/1956118,0.95,entry context 3 km (100% of the entries),
Gotha,2,locality,linked,osm+geonames,50.94823,10.70193,2000,2918752,Gotha,P.PPLA3,DE,15,Q6986,relation/2818690,0.95,,
Feldberg,2,locality,linked,osm+geonames,47.59222,12.32389,300,6939998,Feldberg,T.PK,AT,07,Q14269787,node/445334918,0.80,"far from most of the entries' other places (0% within 80 km, nearest 82 km)",
Ammer-Moos,2,locality,no_match,,,,,,,,,,,,0.00,not geocoded yet (no Nominatim cache entry),
Ungerbad,2,locality,no_match,,,,,,,,,,,,0.00,no gazetteer entry,
Otto Müllersche Wiese,2,locality,no_match,,,,,,,,,,,,0.00,no gazetteer entry,
Tierpark Hagenbeck,2,locality,review,osm+geonames,53.59639,9.93778,800,7932052,Tierpark Hagenbeck,L.PRK,DE,04,Q502326,way/148874791,0.65,618 km from the entries' other places (0% within 80 km),
Salzachmündung,2,locality,review,osm,48.22315,12.90968,1500,,,,,,Q59360717,way/706466748,0.55,282 km from the entries' other places (0% within 80 km),
Engelsbrunn,2,locality,no_match,,,,,,,,,,,,0.00,no gazetteer entry,
"Ismaning, Hochbau",2,locality,no_match,,,,,,,,,,,,0.00,no gazetteer entry,
"Ismaning, Schilfgebiet",2,locality,no_match,,,,,,,,,,,,0.00,no gazetteer entry,
"Ismaning, Vorklärteich",2,locality,no_match,,,,,,,,,,,,0.00,no gazetteer entry,
"Ismaning, Ostinsel",2,locality,no_match,,,,,,,,,,,,0.00,no gazetteer entry,
"Ismaning, Hauptkanal",2,locality,no_match,,,,,,,,,,,,0.00,no gazetteer entry,
"Ismaning, Waldacker",2,locality,no_match,,,,,,,,,,,,0.00,no gazetteer entry,
Antworinger Filz,2,locality,no_match,,,,,,,,,,,,0.00,not geocoded yet (no Nominatim cache entry),
Erchau,2,locality,no_match,,,,,,,,,,,,0.00,no gazetteer entry,
Falkengebirge,2,locality,linked,osm,50.54333,16.30191,1500,,,,,,Q981028,relation/2212220,0.95,entry context 22 km (100% of the entries),
Eulengebirge,2,locality,review,osm+geonames,50.63873,16.57911,5000,3085108,Góry Sowie,T.MTS,PL,72,Q7114860,relation/3316074,0.65,457 km from the entries' other places (0% within 80 km),
Schweidnitzer Stadtforst,2,locality,no_match,,,,,,,,,,,,0.00,no gazetteer entry,
Nordbucht,2,locality,review,osm,53.16938,13.03721,2000,,,,,,,node/7098117706,0.55,569 km from the entries' other places (0% within 80 km),
Salzachbrücke,2,locality,linked,osm,47.93970,12.93857,1500,,,,,,Q1493768,way/717293948,0.90,OSM man_made/bridge named after the place; entry context 11 km (100% of the entries),
Ammermoor,2,locality,no_match,,,,,,,,,,,,0.00,no gazetteer entry,
Gürtensee,2,locality,no_match,,,,,,,,,,,,0.00,no gazetteer entry,
Birkenbach,2,locality,review,osm,49.41863,10.43022,1500,,,,,,,way/368975496,0.55,165 km from the entries' other places (0% within 80 km),
Westteiche,2,locality,no_match,,,,,,,,,,,,0.00,not geocoded yet (no Nominatim cache entry),
Bankgebäude,2,locality,no_match,osm,50.71945,12.49212,1500,,,,,,,node/9711269921,0.30,OSM information/board named after the place; 295 km from the entries' other places (0% within 80 km),
Heibach,2,locality,review,osm+geonames,51.03652,7.36458,1500,2908154,Heibach,P.PPL,DE,07,,way/103030229,0.65,219 km from the entries' other places (0% within 80 km),
Münnerstadt,2,locality,review,osm+geonames,50.24636,10.20187,1500,2867571,Münnerstadt,P.PPL,DE,02,Q571922,relation/383695,0.65,218 km from the entries' other places (0% within 80 km),
Kleinhardorf,2,locality,no_match,,,,,,,,,,,,0.00,no gazetteer entry,
Schmalzberg,2,locality,linked,osm+geonames,49.50540,11.24983,500,7290060,Schmalzberg,T.HLL,DE,02,Q30605056,node/372887425,0.95,,
Hoher Ifen,2,locality,linked,osm+geonames,47.35450,10.09980,500,2775692,Hoher Ifen,T.MT,AT,08,Q315293,node/323607635,0.95,entry context 14 km (100% of the entries),
Hochkrummholzspitze,2,locality,no_match,,,,,,,,,,,,0.00,no gazetteer entry,
Braunarlspitze,2,locality,linked,osm+geonames,47.22949,10.06435,300,2781522,Braunarlspitze,T.PK,AT,08,Q452114,node/26862621,0.95,entry context 14 km (100% of the entries),
Radona-Tobel,2,locality,no_match,,,,,,,,,,,,0.00,no gazetteer entry,
Arzstellen,2,locality,no_match,,,,,,,,,,,,0.00,no gazetteer entry,
Brenbronn,2,locality,no_match,,,,,,,,,,,,0.00,no gazetteer entry,
Meersburg und Hagenau,2,locality,no_match,,,,,,,,,,,,0.00,no gazetteer entry,
Kaltenhouse,2,,no_match,geonames,48.79110,7.83217,1500,3011976,Kaltenhouse,P.PPL,FR,44,,,0.20,GeoNames primary name match (FR); 211 km from the entries' other places (0% within 80 km),
Eichberger Wäldchen,2,locality,no_match,,,,,,,,,,,,0.00,no gazetteer entry,
Brunn,2,,linked,osm+geonames,49.10000,11.90000,2000,2943220,Brunn,P.PPLA4,DE,02,Q489123,relation/965013,0.80,"far from most of the entries' other places (0% within 80 km, nearest 145 km)",
Beiertheim,2,locality,linked,osm+geonames,48.99041,8.37553,1000,2951382,Beiertheim,P.PPLX,DE,01,,node/329049408,0.95,entry context 3 km (100% of the entries),
Wälder am See-Rand,2,locality,no_match,,,,,,,,,,,,0.00,no gazetteer entry,
Hinterangertal,2,region,no_match,,,,,,,,,,,,0.00,no gazetteer entry,
Moos-Rand,2,locality,no_match,,,,,,,,,,,,0.00,no gazetteer entry,
Raten,2,,linked,osm+geonames,47.14183,8.66372,2000,8436410,Raten,T.PASS,CH,ZG,Q677620,node/2548847799,0.95,,
Stilluptal,2,locality,linked,osm,47.13658,11.87285,1500,,,,,,,node/7731587524,0.95,entry context 3 km (100% of the entries),
Kanslerhütte,2,locality,no_match,,,,,,,,,,,,0.00,no gazetteer entry,
Ahornspitze,2,locality,linked,osm+geonames,47.13333,11.93333,300,2782934,Ahornspitze,T.PK,AT,07,Q402568,node/256041591,0.95,entry context 6 km (100% of the entries),
Ried im Oberinntal,2,locality,linked,osm+geonames,47.05000,10.65000,2000,2767469,Ried im Oberinntal,P.PPLA3,AT,07,Q684982,relation/79150,0.95,,
Breitort,2,locality,linked,osm,47.57119,11.36709,1500,,,,,,,way/925913205,0.85,,
Eggstätter Weiher,2,locality,no_match,,,,,,,,,,,,0.00,no gazetteer entry,
Beute,2,locality,review,osm,14.75581,-17.14281,1000,,,,,,,way/252734104,0.55,4550 km from the entries' other places (0% within 80 km),
Stampfermühle,2,locality,no_match,,,,,,,,,,,,0.00,no gazetteer entry,
Lendersdorf,2,locality,review,osm+geonames,50.76720,6.47675,1500,2878901,Lendersdorf,P.PPL,DE,07,Q873692,node/229414826,0.65,470 km from the entries' other places (0% within 80 km),
Bogdancovcy,2,locality,no_match,,,,,,,,,,,,0.00,no gazetteer entry,
Gantelhütte,2,locality,no_match,,,,,,,,,,,,0.00,no gazetteer entry,
Schloßpark Westerholt,2,locality,no_match,,,,,,,,,,,,0.00,no gazetteer entry,
Bukovica,2,locality,review,osm+geonames,45.36180,15.93910,1500,3203047,Bukovica Čemernička,P.PPL,HR,14,,relation/12254554,0.65,453 km from the entries' other places (0% within 80 km),
Bukovina,2,locality,review,osm+geonames,50.21885,13.22113,1500,3078399,Bukovina,P.PPL,CZ,81,,node/7838116275,0.65,200 km from the entries' other places (0% within 80 km),
Lobau,2,locality,linked,osm+geonames,48.15000,16.65000,2000,2598955,Lobau,L.LCTY,AT,03,Q263630,relation/13729428,0.95,entry context 23 km (100% of the entries),
Drausensee,2,locality,review,osm,54.08639,19.48229,1000,,,,,,Q1255924,way/35709874,0.55,465 km from the entries' other places (0% within 80 km),
Berndorf an der Leitha,2,locality,no_match,,,,,,,,,,,,0.00,no gazetteer entry,
Kz-Hütte,2,locality,no_match,,,,,,,,,,,,0.00,no gazetteer entry,
Südsaum,2,locality,no_match,,,,,,,,,,,,0.00,no gazetteer entry,
Nordsaum,2,locality,no_match,,,,,,,,,,,,0.00,no gazetteer entry,
Bayernried,2,locality,no_match,,,,,,,,,,,,0.00,no gazetteer entry,
Schwarzachbach,2,locality,review,osm,47.21097,11.77041,1500,,,,,,,way/124127855,0.70,"far from most of the entries' other places (0% within 80 km, nearest 104 km)",
Bummerlbach,2,locality,no_match,,,,,,,,,,,,0.00,no gazetteer entry,
Mainger Schlucht,2,locality,no_match,,,,,,,,,,,,0.00,not geocoded yet (no Nominatim cache entry),
Reutlingen,2,locality,linked,osm+geonames,48.49144,9.20427,2000,2847736,Reutlingen,P.PPLA3,DE,01,Q3085,relation/2772661,0.95,,
Starnberg - Neu-Söcking,2,locality,no_match,,,,,,,,,,,,0.00,no gazetteer entry,
Rothmannsthal,2,locality,linked,osm+geonames,50.05108,11.14134,1500,2843891,Rothmannsthal,P.PPL,DE,02,Q29051292,node/64702365,0.95,entry context 36 km (100% of the entries),
Thüringer See,2,locality,no_match,,,,,,,,,,,,0.00,no gazetteer entry,
Steingießerfelsen,2,locality,no_match,,,,,,,,,,,,0.00,no gazetteer entry,
Ostufer des Ismaninger Speichersees,2,locality,no_match,,,,,,,,,,,,0.00,no gazetteer entry,
Burg Kipfenberg,2,locality,no_match,,,,,,,,,,,,0.00,not geocoded yet (no Nominatim cache entry),
Laine,2,locality,linked,osm,47.61069,11.43036,3000,,,,,,,way/45197742,0.85,,
Gautinger Wiesen,2,locality,no_match,,,,,,,,,,,,0.00,no gazetteer entry,
Gerstling,2,locality,no_match,,,,,,,,,,,,0.00,no gazetteer entry,
Aufguß,2,locality,no_match,,,,,,,,,,,,0.00,no gazetteer entry,
Ess-See,2,locality,no_match,,,,,,,,,,,,0.00,not geocoded yet (no Nominatim cache entry),
Schönbrunnerbad,2,locality,no_match,osm,48.17927,16.31507,1500,,,,,,Q15059938,way/26700028,0.30,OSM leisure/sports_centre named after the place; 343 km from the entries' other places (0% within 80 km),
Tierberg,2,locality,review,osm,49.25322,9.79101,500,,,,,,,node/410454527,0.70,"far from most of the entries' other places (0% within 80 km, nearest 85 km)",
Schinterwald,2,locality,no_match,,,,,,,,,,,,0.00,no gazetteer entry,
Riesberg,2,locality,review,osm,47.46429,12.13507,300,,,,,,,node/5964042767,0.70,"far from most of the entries' other places (0% within 80 km, nearest 92 km)",
Garching-Ismaning,2,,no_match,,,,,,,,,,,,0.00,no gazetteer entry,
Schindenwald,2,locality,no_match,,,,,,,,,,,,0.00,no gazetteer entry,
Schloss Fünfhausen,2,locality,no_match,,,,,,,,,,,,0.00,no gazetteer entry,
Egg-See,2,locality,no_match,,,,,,,,,,,,0.00,no gazetteer entry,
Feldener Bucht,2,locality,no_match,,,,,,,,,,,,0.00,no gazetteer entry,
Bürgeln und Betzstetten,2,locality,no_match,,,,,,,,,,,,0.00,no gazetteer entry,
Städtle,2,locality,review,osm,49.08725,9.88190,500,,,,,,,node/5905940153,0.55,155 km from the entries' other places (0% within 80 km),
Haslacher See,2,locality,linked,osm+geonames,47.75061,10.78493,1000,2909525,Haslacher See,H.LK,DE,02,Q32053728,way/26299378,0.95,entry context 7 km (100% of the entries),
Stadtwalberg,2,,no_match,,,,,,,,,,,,0.00,no gazetteer entry,
Stallmaier Halde,2,locality,no_match,,,,,,,,,,,,0.00,no gazetteer entry,
Zoologische Staatssammlung,2,,linked,osm,48.16450,11.48131,1500,,,,,,Q220219,relation/1989237,0.90,OSM building/yes named after the place; entry context 8 km (100% of the entries),
Altenhofen,2,locality,linked,osm+geonames,49.19803,11.21095,1500,2957594,Altenhofen,P.PPL,DE,02,Q22340917,node/261648040,0.95,,
Eisenburg,2,locality,linked,osm+geonames,48.01404,10.20870,1500,2931501,Eisenburg,P.PPL,DE,02,,node/115211023,0.80,"far from most of the entries' other places (0% within 80 km, nearest 102 km)",
Wies,2,,linked,osm+geonames,46.72028,15.27194,2000,2761326,Wies,P.PPLA3,AT,06,Q672707,relation/3796380,0.95,,
Saulgrub,2,,linked,osm+geonames,47.66643,11.02469,2000,2841124,Saulgrub,P.PPLA4,DE,02,Q505823,relation/937797,0.95,entry context 4 km (100% of the entries),
Haber-Berg,2,locality,no_match,,,,,,,,,,,,0.00,no gazetteer entry,
Wiederlauberger,2,locality,no_match,,,,,,,,,,,,0.00,no gazetteer entry,
Steinfluß,2,locality,no_match,osm,47.91335,16.16120,1500,,,,,,,way/617821900,0.30,OSM tourism/artwork named after the place; 382 km from the entries' other places (0% within 80 km),
Oching,2,locality,no_match,,,,,,,,,,,,0.00,no gazetteer entry,
Isareck-Volkmannsdorf,2,,no_match,,,,,,,,,,,,0.00,no gazetteer entry,
Stauweiher bei Eching,2,,no_match,,,,,,,,,,,,0.00,no gazetteer entry,
Bergwies,2,locality,no_match,,,,,,,,,,,,0.00,not geocoded yet (no Nominatim cache entry),
Fehmarn,2,locality,linked,osm+geonames,54.43780,11.19352,1500,8051091,Fehmarn,P.PPL,DE,10,Q3172,relation/382448,0.95,,
Müritz,2,locality,linked,osm+geonames,54.26257,12.26838,1000,2867458,Müritz,P.PPLX,DE,12,,node/335950437,0.95,,
Ismaninger Schlucht,2,locality,no_match,,,,,,,,,,,,0.00,no gazetteer entry,
Usedom,2,locality,linked,osm+geonames,53.87537,13.92394,1500,2818107,Usedom,P.PPL,DE,12,Q29076,relation/1433091,0.95,entry context 21 km (100% of the entries),
Zempin,2,locality,linked,osm+geonames,54.06482,13.95322,1500,2804787,Seebad Zempin,P.PPL,DE,12,Q189384,relation/1433097,0.95,entry context 21 km (100% of the entries),
Hollersbachtal,2,locality,linked,osm+geonames,47.23333,12.41667,5000,2775599,Hollersbachtal,T.VAL,AT,05,Q21868071,way/1367178589,0.80,"far from most of the entries' other places (0% within 80 km, nearest 119 km)",
Kanal beim See,2,locality,no_match,,,,,,,,,,,,0.00,no gazetteer entry,
Niederalteich und Osterhofen,2,locality,no_match,,,,,,,,,,,,0.00,no gazetteer entry,
Fünfseenland,2,locality,linked,osm,48.07696,11.25222,1500,,,,,,,node/11251439859,0.90,OSM amenity/doctors named after the place; entry context 25 km (100% of the entries),
Eiskanal,2,locality,linked,osm,48.18475,11.62600,1500,,,,,,Q122642013,relation/16340368,0.95,entry context 7 km (100% of the entries),
Gürtnersee,2,locality,no_match,,,,,,,,,,,,0.00,no gazetteer entry,
Moosheim,2,locality,review,osm+geonames,48.04271,9.49570,1500,2869384,Moosheim,P.PPL,DE,01,,relation/5378850,0.65,155 km from the entries' other places (0% within 80 km),
Dörfleins,2,locality,review,osm+geonames,49.93144,10.85964,1500,2936058,Dörfleins,P.PPL,DE,02,Q1271244,node/25771962,0.65,206 km from the entries' other places (0% within 80 km),
Gaienhofen,2,locality,review,osm+geonames,47.68333,8.98333,2000,2923333,Gaienhofen,P.PPLA4,DE,01,Q61701,relation/2785093,0.65,200 km from the entries' other places (0% within 80 km),
Thalkirchner Isarbrücke,2,locality,no_match,,,,,,,,,,,,0.00,not geocoded yet (no Nominatim cache entry),
Rittnerreger Tal,2,locality,no_match,,,,,,,,,,,,0.00,no gazetteer entry,
Grünerbach,2,locality,no_match,,,,,,,,,,,,0.00,not geocoded yet (no Nominatim cache entry),
Bischberg,2,locality,linked,osm+geonames,49.95299,9.13439,500,2948341,Bischberg,T.HLL,DE,02,Q25392696,node/1732572438,0.95,,
Grünebach,2,locality,no_match,geonames,50.78333,7.90000,2000,2914309,Grünebach,P.PPLA4,DE,08,,,0.30,GeoNames primary name match (DE); 396 km from the entries' other places (0% within 80 km),
Salvator-Kirche,2,locality,no_match,,,,,,,,,,,,0.00,not geocoded yet (no Nominatim cache entry),
Untergiesing,2,locality,linked,osm+geonames,48.11612,11.56757,1000,11610692,Untergiesing,P.PPLX,DE,02,Q265068,relation/56395,0.95,entry context 2 km (100% of the entries),
Zeil am Main,2,locality,review,osm+geonames,50.00986,10.59470,1500,2805008,Zeil,P.PPL,DE,02,Q184873,relation/388844,0.65,220 km from the entries' other places (0% within 80 km),
Bauhütte,2,locality,no_match,osm,47.78362,9.61460,1500,,,,,,Q34338354,way/960674486,0.30,OSM building/yes named after the place; 151 km from the entries' other places (0% within 80 km),
Katholische Pfarrkirche,2,locality,no_match,osm,48.19024,14.10934,1500,,,,,,Q26214694,way/158250310,0.30,OSM amenity/place_of_worship named after the place; 188 km from the entries' other places (0% within 80 km),
Fleischhacker,2,locality,review,osm,47.34899,13.84365,500,,,,,,,node/4864178625,0.55,191 km from the entries' other places (0% within 80 km),
Murninger See,2,locality,no_match,,,,,,,,,,,,0.00,no gazetteer entry,
Holzbeimwerk,2,locality,no_match,,,,,,,,,,,,0.00,no gazetteer entry,
Merzdorf,2,,linked,osm+geonames,52.05790,15.07685,1500,8629941,Marcinowice,P.PPL,PL,76,Q6757327,node/996444388,0.80,"far from most of the entries' other places (0% within 80 km, nearest 105 km)",
Haynau Kirchturm,2,locality,no_match,,,,,,,,,,,,0.00,no gazetteer entry,
Gärten Cousin,2,locality,no_match,,,,,,,,,,,,0.00,no gazetteer entry,
Immensee,2,,linked,osm+geonames,47.09646,8.46357,1500,2660266,Immensee,P.PPL,CH,SZ,Q484512,node/1533744744,0.95,,
Reintal,2,locality,linked,osm+geonames,48.15959,13.38924,1500,11609685,Reintal,P.PPL,AT,04,,node/240125857,0.95,,
Dreitorspitzhütte,2,locality,no_match,,,,,,,,,,,,0.00,no gazetteer entry,
Oberreintal,2,locality,linked,osm,47.41385,11.10327,5000,,,,,,,way/1451971905,0.95,entry context 8 km (100% of the entries),
Mühlstein,2,locality,linked,osm+geonames,47.75000,13.11667,500,2771061,Mühlstein,T.MT,AT,05,Q1958645,node/130200550,0.95,,
Hinterzarten,2,locality,review,osm+geonames,47.90276,8.10701,2000,2903889,Hinterzarten,P.PPLA4,DE,01,Q515356,relation/317596,0.65,230 km from the entries' other places (0% within 80 km),
Laberweinting,2,locality,linked,osm+geonames,48.80000,12.31667,2000,2882061,Laberweinting,P.PPLA4,DE,02,Q547972,relation/959651,0.95,,
Haberlshaim,2,locality,no_match,,,,,,,,,,,,0.00,no gazetteer entry,
Stapfung,2,locality,no_match,,,,,,,,,,,,0.00,no gazetteer entry,
Stapfunger Weiher,2,locality,no_match,,,,,,,,,,,,0.00,no gazetteer entry,
Stäbelsmühle,2,locality,no_match,,,,,,,,,,,,0.00,no gazetteer entry,
Schorgastufer,2,locality,no_match,,,,,,,,,,,,0.00,no gazetteer entry,
Haaren,2,,review,osm+geonames,51.56852,8.72632,1500,2913126,Haaren,P.PPL,DE,07,Q1120297,relation/5532184,0.65,166 km from the entries' other places (0% within 80 km),
Guckhäuser,2,,no_match,,,,,,,,,,,,0.00,no gazetteer entry,
Nußberger See,2,locality,no_match,,,,,,,,,,,,0.00,no gazetteer entry,
Beruniether Park,2,locality,no_match,,,,,,,,,,,,0.00,no gazetteer entry,
Bahnsteg,2,locality,review,osm,48.57321,13.45227,300,,,,,,,way/5214928,0.45,"OSM highway/footway named after the place; far from most of the entries' other places (0% within 80 km, nearest 147 km)",
Adlried,2,locality,no_match,,,,,,,,,,,,0.00,no gazetteer entry,
Nüßlinger Weiher,2,locality,no_match,,,,,,,,,,,,0.00,no gazetteer entry,
Steghang,2,locality,no_match,,,,,,,,,,,,0.00,no gazetteer entry,
Benneick,2,settlement,no_match,,,,,,,,,,,,0.00,no gazetteer entry,
Schloß-Park,2,locality,no_match,,,,,,,,,,,,0.00,not geocoded yet (no Nominatim cache entry),
Stalleck,2,,review,osm,48.95078,7.03499,500,,,,,,,node/3018494231,0.55,163 km from the entries' other places (0% within 80 km),
Sumpfwinkel,2,locality,no_match,,,,,,,,,,,,0.00,no gazetteer entry,
Torfmoor,2,locality,review,osm,47.12564,10.66665,1000,,,,,,,way/228357159,0.55,266 km from the entries' other places (0% within 80 km),
St. Martin im Sannital,2,locality,no_match,,,,,,,,,,,,0.00,no gazetteer entry,
Einöder Moos,2,locality,no_match,,,,,,,,,,,,0.00,no gazetteer entry,
Gollach,2,locality,linked,osm+geonames,49.51955,10.00398,3000,2919257,Gollach,H.STM,DE,02,Q878043,way/781595406,0.80,"far from most of the entries' other places (0% within 80 km, nearest 93 km)",
Püpplinger Au,2,locality,linked,osm+geonames,47.93333,11.43333,1500,2851670,Pupplinger Au,V.FRST,DE,02,Q2118706,relation/936972,0.95,entry context 17 km (100% of the entries),
Bich-See bei Münsing,2,locality,no_match,,,,,,,,,,,,0.00,no gazetteer entry,
Tegelberghäuser,2,locality,no_match,,,,,,,,,,,,0.00,no gazetteer entry,
Bück-See,2,locality,no_match,,,,,,,,,,,,0.00,no gazetteer entry,
Maininger Au,2,locality,no_match,,,,,,,,,,,,0.00,not geocoded yet (no Nominatim cache entry),
Gmain,2,locality,linked,osm+geonames,48.20543,12.06555,1500,2919736,Gmain,P.PPL,DE,02,Q124518555,node/132809803,0.95,entry context 29 km (100% of the entries),
Stubachtal,2,locality,linked,osm+geonames,47.21667,12.60000,5000,2764096,Stubachtal,T.VAL,AT,05,Q21863353,way/1367174160,0.80,"far from most of the entries' other places (0% within 80 km, nearest 117 km)",
Buckelwiesen,2,locality,linked,osm,47.49137,11.20392,1500,,,,,,Q56579531,relation/14899572,0.85,,
Schnippenkopf,2,locality,linked,osm+geonames,47.45084,10.32788,500,2837283,Schnippenkopf,T.MT,DE,02,Q831133,node/11049248177,0.95,entry context 7 km (100% of the entries),
Wildbad,2,locality,linked,osm,47.93036,10.81337,500,,,,,,Q60507984,node/4803674754,0.95,entry context 35 km (100% of the entries),
Eiskopf,2,locality,linked,osm,47.59615,12.86297,500,,,,,,,node/7254824404,0.85,,
Schöngaising,2,locality,no_match,,,,,,,,,,,,0.00,not geocoded yet (no Nominatim cache entry),
Knittauer See,2,locality,no_match,,,,,,,,,,,,0.00,no gazetteer entry,
Höhninger Kanal,2,locality,no_match,,,,,,,,,,,,0.00,no gazetteer entry,
Stadbergen,2,locality,review,geonames,48.36641,10.84636,1500,2829790,Stadtbergen,P.PPL,DE,02,,,0.70,GeoNames alternate name match (DE); entry context 4 km (100% of the entries),
Simssee,2,locality,linked,geonames,47.86380,12.21504,1500,2831957,Simssee,P.PPL,DE,02,,,0.95,GeoNames primary name match (DE); entry context 14 km (100% of the entries),
Entenauer See,2,locality,no_match,,,,,,,,,,,,0.00,no gazetteer entry,
Obere Steinfichte,2,locality,no_match,,,,,,,,,,,,0.00,no gazetteer entry,
Oberste Sträucher,2,locality,no_match,,,,,,,,,,,,0.00,no gazetteer entry,
Sträucher,2,locality,linked,osm,48.11905,11.56578,1500,,,,,,,node/1848545971,0.90,OSM information/board named after the place; entry context 2 km (100% of the entries),
Heidern,2,locality,no_match,,,,,,,,,,,,0.00,no gazetteer entry,
Ködnitztal,2,locality,linked,osm+geonames,47.03139,12.68806,5000,2603935,Ködnitztal,T.VAL,AT,07,Q21858952,way/942466109,0.95,entry context 5 km (100% of the entries),
Mieminger Plateau,2,locality,no_match,,,,,,,,,,,,0.00,no gazetteer entry,
Neuwied,2,locality,linked,osm+geonames,50.43360,7.47057,2000,2863840,Neuwied,P.PPLA3,DE,08,Q3967,relation/79194,0.95,,
Schloss Reichenbach,2,locality,review,osm,46.99045,7.44924,500,,,,,,,node/12662499489,0.55,335 km from the entries' other places (0% within 80 km),
Moers,2,locality,linked,osm+geonames,51.45342,6.63260,1500,2870221,Moers,P.PPL,DE,07,Q3132,relation/58623,0.95,,
Memminger Schlucht,2,locality,no_match,,,,,,,,,,,,0.00,no gazetteer entry,
Martinswand bei Innsbruck,2,locality,no_match,,,,,,,,,,,,0.00,no gazetteer entry,
Isarkläranlage,2,locality,no_match,,,,,,,,,,,,0.00,not geocoded yet (no Nominatim cache entry),
Gamskarkogel,2,locality,linked,osm+geonames,47.45000,13.10000,500,2605579,Gamskarkogel,T.MT,AT,05,Q21862120,node/1454086561,0.80,"far from most of the entries' other places (0% within 80 km, nearest 137 km)",
Bayerisches Oberland,2,locality,review,geonames,47.65373,11.36738,5000,12076801,Bayerisches Oberland,T.MTS,DE,02,,,0.70,GeoNames primary name match (DE),
Lungau,2,locality,no_match,geonames,47.11667,13.65000,2000,2772193,Lungau,H.STMH,AT,05,,,0.30,GeoNames primary name match (AT); 192 km from the entries' other places (0% within 80 km),
Künstlerhaus,2,locality,review,osm,47.77687,10.61594,1500,,,,,,Q1797142,way/108567566,0.45,"OSM tourism/museum named after the place; far from most of the entries' other places (0% within 80 km, nearest 82 km)",
Schöner,2,locality,review,osm,47.85666,10.38067,300,,,,,,,node/1108234020,0.55,263 km from the entries' other places (0% within 80 km),
Turra Tal,2,locality,no_match,,,,,,,,,,,,0.00,no gazetteer entry,
Erlenboden,2,locality,review,osm,46.83806,9.66983,300,,,,,,,node/2175225533,0.55,389 km from the entries' other places (0% within 80 km),
Karnertal,2,locality,no_match,,,,,,,,,,,,0.00,no gazetteer entry,
Kirchaitnach,2,locality,linked,osm+geonames,49.03764,12.88576,1500,2890773,Kirchaitnach,P.PPL,DE,02,Q28109527,node/264382288,0.80,"far from most of the entries' other places (0% within 80 km, nearest 139 km)",
Donaumoos bei Fischamend,2,locality,no_match,,,,,,,,,,,,0.00,no gazetteer entry,
Kulturaka,2,locality,no_match,,,,,,,,,,,,0.00,no gazetteer entry,
Sankt Johannisrain,2,locality,linked,osm+geonames,47.75000,11.38333,1500,2841567,Sankt Johannisrain,P.PPL,DE,02,Q55179003,way/539675028,0.95,entry context 23 km (100% of the entries),
Wessling,2,locality,linked,geonames,48.07452,11.24820,2000,2810587,Weßling,P.PPLA4,DE,02,Q49292999,,0.95,GeoNames primary name match (DE); entry context 11 km (100% of the entries),
Sonnenhügel,2,locality,linked,osm,47.91160,11.19425,300,,,,,,,node/7027055452,0.95,entry context 38 km (100% of the entries),
Schwarzwasal,2,locality,no_match,,,,,,,,,,,,0.00,no gazetteer entry,
Pfannenhölzle,2,locality,no_match,,,,,,,,,,,,0.00,no gazetteer entry,
Gauting-Harting nach Kloster Schäftlarn,2,locality,no_match,,,,,,,,,,,,0.00,no gazetteer entry,
Schäftlarn und Grünwald,2,locality,no_match,,,,,,,,,,,,0.00,no gazetteer entry,
Rupert-Wacker,2,locality,no_match,,,,,,,,,,,,0.00,no gazetteer entry,
Hindelanger Tal,2,locality,no_match,,,,,,,,,,,,0.00,no gazetteer entry,
Landenhausen,2,locality,review,osm+geonames,50.60912,9.47748,1500,2881624,Landenhausen,P.PPL,DE,05,Q874664,relation/14302907,0.65,269 km from the entries' other places (0% within 80 km),
Hofmühle,2,locality,linked,osm+geonames,47.85229,12.15149,1500,2902457,Hofmühle,P.PPL,DE,02,,way/545857654,0.95,,
Gerninger Flur,2,locality,no_match,,,,,,,,,,,,0.00,no gazetteer entry,
Kreuzigungsgruppe,2,locality,no_match,osm,49.48739,9.77269,1500,,,,,,,node/7741848936,0.30,OSM historic/wayside_shrine named after the place; 231 km from the entries' other places (0% within 80 km),
Sternbergzen,2,locality,no_match,,,,,,,,,,,,0.00,no gazetteer entry,
Gospersgrünbach,2,locality,no_match,,,,,,,,,,,,0.00,no gazetteer entry,
Frankenheimer Wald,2,locality,no_match,,,,,,,,,,,,0.00,no gazetteer entry,
Frohburger Stadtwald,2,locality,no_match,,,,,,,,,,,,0.00,no gazetteer entry,
Schoren,2,locality,linked,osm+geonames,47.82153,8.91404,1500,2836367,Schoren,P.PPL,DE,01,,node/311829778,0.95,entry context 19 km (100% of the entries),
Bauman,2,locality,no_match,osm,46.06587,11.50087,1500,,,,,,,node/3925271412,0.30,OSM craft/gates_garage named after the place; 220 km from the entries' other places (0% within 80 km),
Koppenwinkel,2,locality,review,osm,47.56340,13.72312,1500,,,,,,,way/128272827,0.60,OSM amenity/parking named after the place,
Frickfurtersee,2,,no_match,,,,,,,,,,,,0.00,no gazetteer entry,
Kniebis,2,locality,linked,osm+geonames,47.64171,10.78476,1500,2887178,Kniebis,P.PPL,DE,02,Q126097593,node/1683190620,0.95,entry context 28 km (100% of the entries),
Ferchenbach,2,locality,linked,osm+geonames,47.45880,11.13429,3000,2927159,Ferchenbach,H.STM,DE,02,Q32752134,way/36337159,0.95,entry context 1 km (100% of the entries),
Königsalm,2,locality,linked,osm,47.60213,11.71190,100,,,,,,,way/35444602,0.90,OSM amenity/restaurant named after the place; entry context 38 km (100% of the entries),
Wittelsbacher-Palais,2,locality,no_match,,,,,,,,,,,,0.00,not geocoded yet (no Nominatim cache entry),
Dallenwanger Tal,2,locality,no_match,,,,,,,,,,,,0.00,no gazetteer entry,
Schalkmoosgebiet,2,locality,no_match,,,,,,,,,,,,0.00,no gazetteer entry,
Föhring,2,,no_match,,,,,,,,,,,,0.00,no gazetteer entry,
Unterauue - Bodnerau,2,locality,no_match,,,,,,,,,,,,0.00,no gazetteer entry,
Pirchmannhütte,2,locality,no_match,,,,,,,,,,,,0.00,no gazetteer entry,
Kreuzspitze,2,locality,linked,osm+geonames,47.52636,10.91826,500,2884058,Kreuzspitze,T.MT,DE,02,Q279725,node/13160041419,0.80,"far from most of the entries' other places (0% within 80 km, nearest 84 km)",
Sonnenkogel und Kreuzeckspitze,2,locality,no_match,,,,,,,,,,,,0.00,no gazetteer entry,
Kalserbach,2,locality,linked,osm,47.11653,12.61412,1500,,,,,,Q1486764,way/1347421258,0.95,entry context 21 km (100% of the entries),
Lucknerhaus,2,locality,linked,osm+geonames,47.02056,12.68750,100,2772233,Lucknerhaus,S.HTL,AT,07,,way/180711679,0.90,OSM building/retail named after the place; entry context 25 km (100% of the entries),
Berg Südosthang,2,locality,no_match,,,,,,,,,,,,0.00,no gazetteer entry,
Forst - Lucknerhaus,2,locality,no_match,,,,,,,,,,,,0.00,no gazetteer entry,
Oberes Finster Tal,2,locality,no_match,,,,,,,,,,,,0.00,no gazetteer entry,
Greitner Hütte,2,locality,no_match,,,,,,,,,,,,0.00,no gazetteer entry,
Erkeranlagen,2,locality,no_match,,,,,,,,,,,,0.00,no gazetteer entry,
"München, Ludwigskirche",2,locality,no_match,,,,,,,,,,,,0.00,no gazetteer entry,
Alpsee bei Immenstadt,2,locality,no_match,,,,,,,,,,,,0.00,no gazetteer entry,
Wackershoffberg,2,locality,no_match,,,,,,,,,,,,0.00,no gazetteer entry,
Bayreuth-Roll,2,locality,no_match,,,,,,,,,,,,0.00,no gazetteer entry,
Schloss Itzel,2,locality,no_match,,,,,,,,,,,,0.00,no gazetteer entry,
Leiterhaus,2,locality,no_match,osm,50.27664,8.52700,1500,,,,,,,way/300697052,0.30,OSM building/yes named after the place; 317 km from the entries' other places (0% within 80 km),
Häbelesgrund,2,locality,no_match,,,,,,,,,,,,0.00,no gazetteer entry,
Bennen-Alpe,2,locality,no_match,,,,,,,,,,,,0.00,no gazetteer entry,
Waldhänge,2,locality,no_match,,,,,,,,,,,,0.00,no gazetteer entry,
Amberger Horn,2,locality,no_match,,,,,,,,,,,,0.00,no gazetteer entry,
Schäferkopf,2,locality,linked,osm,47.45739,10.47787,500,,,,,,Q131440558,node/12421324412,0.95,entry context 16 km (100% of the entries),
Schwarzeck,2,locality,linked,osm+geonames,47.64571,11.66745,500,10858759,Schwarzeck,T.MT,DE,02,,node/441391243,0.95,,
Schwanhölzl,2,locality,no_match,,,,,,,,,,,,0.00,no gazetteer entry,
Ardetzen,2,locality,no_match,,,,,,,,,,,,0.00,no gazetteer entry,
Mauerle,2,locality,linked,osm,47.46192,10.74839,300,,,,,,,node/995833139,0.85,,
Volkmannsdorferau,2,locality,linked,osm+geonames,48.49337,11.96433,1500,2816624,Volkmannsdorferau,P.PPL,DE,02,Q46661478,node/26439167,0.95,entry context 3 km (100% of the entries),
Friedrichsdorf,2,locality,linked,osm+geonames,50.24962,8.64281,1500,2924625,Friedrichsdorf,P.PPL,DE,05,Q627742,relation/417339,0.95,,
Rappenwörth,2,locality,no_match,,,,,,,,,,,,0.00,no gazetteer entry,
Maxburg,2,locality,linked,osm,48.14027,11.56968,1500,,,,,,,node/2205792807,0.95,entry context 1 km (100% of the entries),
Mitterhaim,2,locality,no_match,,,,,,,,,,,,0.00,no gazetteer entry,
Hochvogel-Gebiet,2,locality,no_match,,,,,,,,,,,,0.00,no gazetteer entry,
Hammelburg,2,locality,review,osm+geonames,50.11633,9.89143,1500,2911214,Hammelburg,P.PPL,DE,02,Q302785,relation/386414,0.65,252 km from the entries' other places (0% within 80 km),
Luggries,2,settlement,no_match,,,,,,,,,,,,0.00,no gazetteer entry,
Kammerting,2,settlement,no_match,,,,,,,,,,,,0.00,no gazetteer entry,
Laibermoor,2,locality,no_match,,,,,,,,,,,,0.00,no gazetteer entry,
Großtingharting,2,locality,no_match,,,,,,,,,,,,0.00,not geocoded yet (no Nominatim cache entry),
Anthering,2,locality,review,geonames,47.88333,13.01667,2000,2782475,Anthering,P.PPLA3,AT,05,,,0.60,GeoNames primary name match (AT),
Büren,2,,linked,osm+geonames,51.55109,8.55956,1500,2941570,Büren,P.PPL,DE,07,Q183404,relation/146479,0.95,,
Schweizer Alpen,2,locality,review,osm,46.66103,8.74417,20000,,,,,,Q25220,relation/20172352,0.55,269 km from the entries' other places (0% within 80 km),
Biessen,2,,review,osm,46.08731,8.65817,1500,,,,,,,way/783263158,0.55,249 km from the entries' other places (0% within 80 km),
Viktring,2,locality,review,osm+geonames,46.59194,14.26917,1500,2762375,Viktring,P.PPL,AT,02,Q694633,relation/6416635,0.65,266 km from the entries' other places (0% within 80 km),
Schrammsteine,2,locality,review,osm+geonames,50.91392,14.20118,2000,2836193,Schrammsteine,T.RKS,DE,13,,node/1858741750,0.65,362 km from the entries' other places (0% within 80 km),
Wachtner Forstteich,2,locality,no_match,,,,,,,,,,,,0.00,no gazetteer entry,
Beuerberg - Bruck,2,locality,no_match,,,,,,,,,,,,0.00,no gazetteer entry,
Entenanlagen,2,locality,no_match,,,,,,,,,,,,0.00,no gazetteer entry,
Schloss Falkenberg,2,locality,linked,osm,48.03604,11.88869,200,,,,,,Q19308643,way/161807829,0.95,entry context 26 km (100% of the entries),
Viktualienmarkt,2,locality,linked,osm,48.13577,11.57601,1500,,,,,,Q686629,way/48605348,0.90,OSM highway/pedestrian named after the place; entry context 0 km (100% of the entries),
Binsloe,2,locality,no_match,,,,,,,,,,,,0.00,no gazetteer entry,
Brüzwäldchen,2,locality,no_match,,,,,,,,,,,,0.00,no gazetteer entry,
Witznau,2,locality,linked,osm+geonames,47.67955,8.25633,1500,2807148,Witznau,P.PPL,DE,01,,node/478613605,0.80,"far from most of the entries' other places (0% within 80 km, nearest 132 km)",
Krematorium,2,locality,linked,osm,48.12035,11.59536,1500,,,,,,,node/5767487356,0.90,OSM shop/funeral_directors named after the place; entry context 2 km (100% of the entries),
Ader,2,locality,review,osm,47.04304,12.24664,300,,,,,,,node/2676984850,0.70,"far from most of the entries' other places (0% within 80 km, nearest 132 km)",
Auwiese beim Stauwehr,2,locality,no_match,,,,,,,,,,,,0.00,no gazetteer entry,
Steinkirchen,2,locality,linked,osm+geonames,48.38333,12.08333,2000,2827870,Steinkirchen,P.PPLA4,DE,02,Q627597,relation/934764,0.95,,
Ludwig's,2,locality,review,osm,47.57066,10.95589,1500,,,,,,,node/4759826060,0.60,OSM shop/gift named after the place,
Stadtbachkolonie,2,locality,no_match,,,,,,,,,,,,0.00,no gazetteer entry,
Mittelbacher Gletscher,2,locality,no_match,,,,,,,,,,,,0.00,no gazetteer entry,
Bisingen,2,locality,linked,osm+geonames,48.31012,8.91738,2000,2948246,Bisingen,P.PPLA4,DE,01,Q538290,relation/2779025,0.80,"far from most of the entries' other places (0% within 80 km, nearest 117 km)",
Bürgtor - Backstetten,2,locality,no_match,,,,,,,,,,,,0.00,no gazetteer entry,
Högle,2,locality,review,osm,40.74944,-111.81609,500,,,,,,Q5877346,way/39611151,0.55,8649 km from the entries' other places (0% within 80 km),
Fürstenhalter,2,locality,no_match,,,,,,,,,,,,0.00,no gazetteer entry,
Jordan-Anlagen und Högleberg,2,locality,no_match,,,,,,,,,,,,0.00,no gazetteer entry,
Bürgtor,2,locality,no_match,osm,49.73433,12.34591,1500,,,,,,,way/1297737362,0.30,OSM historic/city_gate named after the place; 242 km from the entries' other places (0% within 80 km),
Bürstboden,2,locality,no_match,,,,,,,,,,,,0.00,no gazetteer entry,
Hochkünzelspitze,2,locality,linked,osm+geonames,47.27167,10.03049,300,2776024,Hochkünzelspitze,T.PK,AT,08,Q1236173,node/772214307,0.95,entry context 27 km (100% of the entries),
Wasserbassin,2,locality,review,osm,49.60734,6.76300,1000,,,,,,,way/364560850,0.55,388 km from the entries' other places (0% within 80 km),
Ostseen,2,locality,no_match,,,,,,,,,,,,0.00,no gazetteer entry,
Rettenübermorgen,2,locality,no_match,,,,,,,,,,,,0.00,no gazetteer entry,
Bächle,2,locality,linked,osm,48.56288,10.42501,1500,,,,,,,way/844824486,0.85,,
Saarbrücken-Kolonie bei Neugablonz,2,locality,no_match,,,,,,,,,,,,0.00,no gazetteer entry,
Burg Falkenstein,2,locality,review,osm,49.00491,7.56548,1500,,,,,,Q671459,way/61108871,0.70,"far from most of the entries' other places (0% within 80 km, nearest 138 km)",
Heigern,2,locality,no_match,,,,,,,,,,,,0.00,no gazetteer entry,
Hopferau,2,,linked,osm+geonames,47.61667,10.63333,2000,2899202,Hopferau,P.PPLA4,DE,02,Q205497,relation/448304,0.95,entry context 2 km (100% of the entries),
Sprißen,2,locality,no_match,,,,,,,,,,,,0.00,no gazetteer entry,
Salober-Alpe,2,locality,no_match,,,,,,,,,,,,0.00,no gazetteer entry,
Schwanengrat,2,locality,no_match,,,,,,,,,,,,0.00,no gazetteer entry,
Ismaninger-Kanal,2,,no_match,,,,,,,,,,,,0.00,not geocoded yet (no Nominatim cache entry),
Klausenwaage,2,locality,no_match,,,,,,,,,,,,0.00,no gazetteer entry,
Dreck,2,locality,linked,osm,52.58361,11.73930,1500,,,,,,,way/1373465197,0.85,,
Pöcking und Traubing,2,locality,no_match,,,,,,,,,,,,0.00,no gazetteer entry,
Sennholz,2,locality,no_match,,,,,,,,,,,,0.00,no gazetteer entry,
Brunnhausen,2,locality,linked,osm+geonames,47.91907,9.28866,1500,2943110,Brunnhausen,P.PPL,DE,01,,node/259032013,0.80,"far from most of the entries' other places (0% within 80 km, nearest 88 km)",
Kreuzbauern,2,locality,review,osm,47.60146,15.97005,1500,,,,,,,way/338006257,0.55,581 km from the entries' other places (0% within 80 km),
Rückler,2,locality,no_match,,,,,,,,,,,,0.00,no gazetteer entry,
Kochel bei Oberammergau,2,locality,no_match,,,,,,,,,,,,0.00,no gazetteer entry,
Kienelberge,2,locality,no_match,,,,,,,,,,,,0.00,no gazetteer entry,
Frifeld,2,locality,no_match,,,,,,,,,,,,0.00,no gazetteer entry,
Kastel- und Waldsee,2,locality,no_match,,,,,,,,,,,,0.00,no gazetteer entry,
Aytal,2,locality,no_match,,,,,,,,,,,,0.00,no gazetteer entry,
Reppenalptal,2,locality,no_match,,,,,,,,,,,,0.00,no gazetteer entry,
Giesbächlein,2,locality,no_match,,,,,,,,,,,,0.00,not geocoded yet (no Nominatim cache entry),
Gierbächlein,2,locality,no_match,,,,,,,,,,,,0.00,no gazetteer entry,
Birkenallee,2,locality,linked,osm,47.88345,11.18467,1500,,,,,,,way/1104112068,0.95,entry context 21 km (100% of the entries),
Reindlau,2,locality,linked,osm+geonames,47.40000,11.18333,1500,2767714,Reindlau,P.PPL,AT,07,Q124734072,node/452455592,0.95,,
Annakirche,2,locality,review,osm,47.32969,13.07970,1500,,,,,,Q564238,way/144419063,0.45,"OSM amenity/place_of_worship named after the place; far from most of the entries' other places (0% within 80 km, nearest 144 km)",
Schmiedefeld,2,locality,review,osm+geonames,50.53333,11.21667,2000,2837780,Schmiedefeld,P.PPLA4,DE,15,Q201280,relation/1273293,0.65,268 km from the entries' other places (0% within 80 km),
Affalterbach,2,locality,linked,osm+geonames,48.56414,11.53074,1500,2959369,Affalterbach,P.PPL,DE,02,Q382186,node/30770628,0.95,,
Breiter Berg,2,locality,review,osm+geonames,49.94813,11.68579,500,2944515,Breiter Berg,T.HLL,DE,02,Q30665048,node/2982276158,0.65,181 km from the entries' other places (0% within 80 km),
Kammererweide,2,locality,no_match,,,,,,,,,,,,0.00,no gazetteer entry,
Spangen,2,locality,review,osm,49.08458,6.35812,3000,,,,,,Q22936,relation/2180408,0.55,243 km from the entries' other places (0% within 80 km),
Schöngiesing,2,locality,no_match,,,,,,,,,,,,0.00,not geocoded yet (no Nominatim cache entry),
Kolomans-Hütte,2,locality,no_match,,,,,,,,,,,,0.00,no gazetteer entry,
Harlachinger Berghang,2,locality,no_match,,,,,,,,,,,,0.00,no gazetteer entry,
Wildenroth,2,locality,linked,osm+geonames,48.12868,11.16351,1500,2808925,Wildenroth,P.PPL,DE,02,Q2570607,node/13127652772,0.95,entry context 1 km (100% of the entries),
Birkenau,2,locality,linked,osm,47.80694,10.71009,300,,,,,,,node/2379454595,0.85,,
Bebentraße,2,locality,no_match,,,,,,,,,,,,0.00,no gazetteer entry,
Warmbrunn,2,locality,review,osm+geonames,50.86545,15.68367,1500,3101367,Cieplice Śląskie Zdrój,P.PPL,PL,72,Q993942,relation/5909597,0.65,424 km from the entries' other places (0% within 80 km),
Forstauried,2,locality,no_match,,,,,,,,,,,,0.00,no gazetteer entry,
Isarbrücke zum Tierpark,2,locality,no_match,,,,,,,,,,,,0.00,no gazetteer entry,
Schloss Fürstenried,2,locality,linked,osm,48.09432,11.48566,1500,,,,,,Q567568,way/420564332,0.90,OSM building/yes named after the place; entry context 5 km (100% of the entries),
Birkenleiten-Gaststätte,2,locality,no_match,,,,,,,,,,,,0.00,no gazetteer entry,
Kz-Teiche,2,locality,no_match,,,,,,,,,,,,0.00,no gazetteer entry,
Vilsm.,2,locality,no_match,,,,,,,,,,,,0.00,no gazetteer entry,
Füssenberg im Allgäu,2,locality,no_match,,,,,,,,,,,,0.00,no gazetteer entry,
Falkenzug,2,locality,no_match,,,,,,,,,,,,0.00,no gazetteer entry,
Unionsbrauerei,2,locality,no_match,,,,,,,,,,,,0.00,no gazetteer entry,
Stoffenried,2,locality,linked,osm+geonames,48.31766,10.29472,1500,2826623,Stoffenried,P.PPL,DE,02,Q21200801,node/1628983429,0.95,entry context 29 km (100% of the entries),
Lauingen,2,locality,linked,osm+geonames,48.56775,10.42706,1500,2880099,Lauingen,P.PPL,DE,02,Q572921,relation/956771,0.95,entry context 29 km (100% of the entries),
Gundgering,2,locality,no_match,,,,,,,,,,,,0.00,no gazetteer entry,
Langen,2,locality,linked,osm+geonames,49.98955,8.66852,1500,2881279,Langen,P.PPL,DE,05,Q14932,relation/659752,0.95,,
Lauffen,2,locality,review,geonames,47.67194,13.61583,1500,2772839,Lauffen,P.PPL,AT,04,,,0.60,GeoNames primary name match (AT),
Denting,2,locality,no_match,geonames,49.19444,6.53235,1500,3021572,Denting,P.PPL,FR,44,,,0.20,GeoNames primary name match (FR); 178 km from the entries' other places (0% within 80 km),
Grünwald - Mühltal,2,locality,no_match,,,,,,,,,,,,0.00,not geocoded yet (no Nominatim cache entry),
Glasterberg,2,locality,no_match,,,,,,,,,,,,0.00,no gazetteer entry,
Steinbruchhang,2,,no_match,,,,,,,,,,,,0.00,no gazetteer entry,
Giesinger Kirche,2,locality,no_match,,,,,,,,,,,,0.00,no gazetteer entry,
Schwarzwanntal,2,locality,no_match,,,,,,,,,,,,0.00,no gazetteer entry,
Sanatorium am Kanal,2,locality,no_match,,,,,,,,,,,,0.00,no gazetteer entry,
Sonnhofen,2,,no_match,geonames,49.28623,9.81761,1500,2831115,Sonnhofen,P.PPL,DE,01,,,0.30,GeoNames primary name match (DE); 182 km from the entries' other places (0% within 80 km),
Alleehäuser,2,locality,no_match,,,,,,,,,,,,0.00,no gazetteer entry,
Stein-Punkt,2,locality,no_match,,,,,,,,,,,,0.00,no gazetteer entry,
Friedrich-Roshau,2,locality,no_match,,,,,,,,,,,,0.00,no gazetteer entry,
Amper bei Emmering-Fürstenfeldbruck,2,locality,no_match,,,,,,,,,,,,0.00,no gazetteer entry,
Isar bei den Wehrfällen,2,locality,no_match,,,,,,,,,,,,0.00,not geocoded yet (no Nominatim cache entry),
Brücke am Entenau,2,,no_match,,,,,,,,,,,,0.00,no gazetteer entry,
Blauberg-Massiv,2,locality,no_match,,,,,,,,,,,,0.00,no gazetteer entry,
Harlachinger Kapelle,2,locality,no_match,,,,,,,,,,,,0.00,no gazetteer entry,
Bäckerhäusl,2,locality,review,osm,47.52153,12.26129,1500,,,,,,,way/115613788,0.45,"OSM building/farm named after the place; far from most of the entries' other places (0% within 80 km, nearest 83 km)",
Oy-Bach,2,locality,no_match,,,,,,,,,,,,0.00,no gazetteer entry,
Retters und Gauten,2,locality,no_match,,,,,,,,,,,,0.00,no gazetteer entry,
Stillach,2,locality,review,osm,47.34144,10.26382,1500,,,,,,Q2349519,relation/1406285,0.70,"far from most of the entries' other places (0% within 80 km, nearest 132 km)",
Garatsried,2,locality,no_match,,,,,,,,,,,,0.00,no gazetteer entry,
Bremming,2,locality,no_match,,,,,,,,,,,,0.00,no gazetteer entry,
Bäckerinnungs-Mühle,2,locality,no_match,,,,,,,,,,,,0.00,no gazetteer entry,
Karl-Lesting,2,locality,no_match,,,,,,,,,,,,0.00,no gazetteer entry,
Isar bei der Prinzregentenbrücke,2,locality,no_match,,,,,,,,,,,,0.00,no gazetteer entry,
Erting,2,locality,no_match,,,,,,,,,,,,0.00,no gazetteer entry,
Meininger Shölz,2,locality,no_match,,,,,,,,,,,,0.00,no gazetteer entry,
Rundberg,2,locality,review,osm,69.53141,20.66479,1500,,,,,,,node/9873672950,0.55,2337 km from the entries' other places (0% within 80 km),
Sackenbach,2,locality,review,geonames,50.00788,9.59348,1500,2842478,Sackenbach,P.PPL,DE,02,,,0.40,GeoNames primary name match (DE); 159 km from the entries' other places (0% within 80 km),
Usterling,2,locality,linked,osm+geonames,48.66205,12.64724,1500,2818083,Usterling,P.PPL,DE,02,Q2502653,node/270381676,0.95,entry context 3 km (100% of the entries),
Margaretenried,2,locality,no_match,,,,,,,,,,,,0.00,no gazetteer entry,
Kastenkopf am Schrecksee,2,locality,no_match,,,,,,,,,,,,0.00,no gazetteer entry,
Eck-Alpe,2,locality,no_match,,,,,,,,,,,,0.00,no gazetteer entry,
Kastenkopf beim Schrecksee,2,locality,no_match,,,,,,,,,,,,0.00,not geocoded yet (no Nominatim cache entry),
Rappenalptal bei Einödsbach,2,locality,no_match,,,,,,,,,,,,0.00,no gazetteer entry,
Retterschwanger Tal beim Mitterhaus,2,locality,no_match,,,,,,,,,,,,0.00,no gazetteer entry,
Giebel im Bärgündletal,2,locality,no_match,,,,,,,,,,,,0.00,no gazetteer entry,
Strepbach,2,locality,no_match,,,,,,,,,,,,0.00,no gazetteer entry,
Himbeerschlag,2,locality,linked,osm,50.61067,11.20045,500,,,,,,,node/4360084368,0.85,,
Hangwald beim Stein,2,locality,no_match,,,,,,,,,,,,0.00,no gazetteer entry,
Schwarzenbach an der Saale,2,locality,review,osm+geonames,50.22279,11.93504,1500,2835018,Schwarzenbach an der Saale,P.PPL,DE,02,Q15929072,node/91726540,0.65,233 km from the entries' other places (0% within 80 km),
Isargraben,2,locality,no_match,,,,,,,,,,,,0.00,no gazetteer entry,
Waldhain,2,locality,no_match,,,,,,,,,,,,0.00,no gazetteer entry,
Himmelswiese,2,locality,review,osm,49.39533,8.65344,1500,,,,,,,way/172991564,0.55,256 km from the entries' other places (0% within 80 km),
Neuriest,2,locality,no_match,,,,,,,,,,,,0.00,no gazetteer entry,
Isarsteige,2,locality,no_match,,,,,,,,,,,,0.00,no gazetteer entry,
Gegend von Bayreuth,2,locality,no_match,,,,,,,,,,,,0.00,no gazetteer entry,
Mauer,2,locality,review,geonames,46.74104,14.22937,2000,11592461,Mauer,P.PPLA3,AT,02,,,0.60,GeoNames primary name match (AT),
Pegnitz,2,locality,review,osm+geonames,49.75216,11.54187,1500,2855065,Pegnitz,P.PPL,DE,02,Q26461,relation/1070991,0.65,180 km from the entries' other places (0% within 80 km),
Isarmayer,2,locality,no_match,,,,,,,,,,,,0.00,no gazetteer entry,
Scharlungen,2,locality,no_match,,,,,,,,,,,,0.00,no gazetteer entry,
Isargrund,2,locality,no_match,,,,,,,,,,,,0.00,no gazetteer entry,
Vorklartümpel,2,locality,no_match,,,,,,,,,,,,0.00,no gazetteer entry,
Südrand,2,locality,review,osm,48.83706,9.35919,500,,,,,,,node/11516571244,0.55,184 km from the entries' other places (0% within 80 km),
Isarbecken,2,,no_match,,,,,,,,,,,,0.00,no gazetteer entry,
Sachsenmühle,2,locality,review,osm,49.77385,11.30952,500,,,,,,Q66725904,node/340457703,0.70,"far from most of the entries' other places (0% within 80 km, nearest 103 km)",
Kurpark,2,locality,linked,osm+geonames,48.80893,9.22443,1000,11807663,Kurpark,P.PPLX,DE,01,Q20026770,way/296052496,0.95,,
Frühlingsau,2,locality,no_match,,,,,,,,,,,,0.00,no gazetteer entry,
Zwieselalm,2,locality,linked,osm,47.74743,12.81456,1500,,,,,,Q244662,way/144315564,0.95,entry context 5 km (100% of the entries),
Karlsteiner Fischteiche,2,locality,no_match,,,,,,,,,,,,0.00,no gazetteer entry,
Amalien-Ruhe und Karlstein,2,locality,no_match,,,,,,,,,,,,0.00,no gazetteer entry,
St. Zeno,2,locality,no_match,,,,,,,,,,,,0.00,not geocoded yet (no Nominatim cache entry),
Vorkasper,2,locality,no_match,,,,,,,,,,,,0.00,no gazetteer entry,
Forstämter,2,locality,no_match,,,,,,,,,,,,0.00,no gazetteer entry,
Prügelsäge,2,locality,no_match,,,,,,,,,,,,0.00,no gazetteer entry,
Kniewiesalpe,2,locality,no_match,,,,,,,,,,,,0.00,no gazetteer entry,
Pading,2,locality,linked,osm+geonames,48.00399,13.34641,1500,11609448,Pading,P.PPL,AT,04,,node/240088294,0.95,entry context 31 km (100% of the entries),
Regenhäuschen,2,locality,no_match,,,,,,,,,,,,0.00,no gazetteer entry,
Mitterhaus im Retterschwanger-Tal,2,locality,no_match,,,,,,,,,,,,0.00,no gazetteer entry,
Oberdillach,2,locality,no_match,,,,,,,,,,,,0.00,no gazetteer entry,
Kappenhorn,2,locality,no_match,,,,,,,,,,,,0.00,no gazetteer entry,
Schnellenberg,2,locality,review,geonames,48.02745,8.98825,500,12207154,Schnellenberg,T.HLL,DE,01,,,0.45,"GeoNames primary name match (DE); far from most of the entries' other places (0% within 80 km, nearest 87 km)",
Täufertsberg,2,locality,no_match,,,,,,,,,,,,0.00,no gazetteer entry,
Rohrmoos,2,locality,linked,osm+geonames,47.40747,10.16746,1500,2845566,Rohrmoos,P.PPL,DE,02,Q2162381,node/472997686,0.95,entry context 13 km (100% of the entries),
Brückelonie,2,locality,no_match,,,,,,,,,,,,0.00,no gazetteer entry,
Neu-Grünwald,2,locality,no_match,,,,,,,,,,,,0.00,no gazetteer entry,
Schloss Schönau,2,locality,review,osm,48.48220,12.84132,1500,,,,,,,way/135454445,0.45,"OSM tourism/attraction named after the place; far from most of the entries' other places (0% within 80 km, nearest 101 km)",
Dürrnershausen,2,locality,no_match,,,,,,,,,,,,0.00,no gazetteer entry,
Ringlermühle,2,locality,no_match,,,,,,,,,,,,0.00,no gazetteer entry,
Fenning,2,locality,review,osm,47.90300,13.17749,500,,,,,,,node/240102938,0.70,"far from most of the entries' other places (0% within 80 km, nearest 112 km)",
Egelinsfluss,2,locality,no_match,,,,,,,,,,,,0.00,no gazetteer entry,
Tanning,2,locality,no_match,osm,49.21118,9.06609,1500,,,,,,,node/8288006406,0.30,OSM shop/beauty named after the place; 220 km from the entries' other places (0% within 80 km),
München Tierpark,2,locality,no_match,,,,,,,,,,,,0.00,no gazetteer entry,
Ebersberg,2,locality,linked,osm+geonames,48.07710,11.97063,2000,2933945,Ebersberg,P.PPLA3,DE,02,Q253003,relation/929913,0.95,entry context 30 km (100% of the entries),
Wolfratshausen Isar,2,locality,no_match,,,,,,,,,,,,0.00,no gazetteer entry,
Freihung,2,,review,osm+geonames,49.62134,11.90817,1500,2925086,Freihung,P.PPL,DE,02,Q515907,relation/1028559,0.65,167 km from the entries' other places (0% within 80 km),
Eiersting,2,locality,no_match,,,,,,,,,,,,0.00,no gazetteer entry,
Püchlinger Au,2,locality,no_match,,,,,,,,,,,,0.00,no gazetteer entry,
Mitterstein,2,locality,linked,osm+geonames,47.31667,13.03333,1500,2771382,Mitterstein,P.PPL,AT,05,,node/240113762,0.80,"far from most of the entries' other places (0% within 80 km, nearest 138 km)",
Hygienischer Tierpark und Isar,2,locality,no_match,,,,,,,,,,,,0.00,no gazetteer entry,
Gamsspitz,2,locality,linked,osm,47.11068,12.17715,300,,,,,,,node/4323842127,0.85,,
Schmiedler-Grüne,2,locality,no_match,,,,,,,,,,,,0.00,no gazetteer entry,
Fritz-Säge,2,locality,no_match,,,,,,,,,,,,0.00,no gazetteer entry,
Abens,2,locality,linked,osm+geonames,48.53302,11.67429,1500,2959846,Abens,P.PPL,DE,02,Q90023676,node/26425678,0.95,,
Braunenberg,2,locality,linked,osm+geonames,47.85941,8.97556,1500,2945097,Braunenberg,V.FRST,DE,01,Q31920397,node/11365027234,0.95,,
Mühltal bei Starnberg,2,locality,no_match,,,,,,,,,,,,0.00,no gazetteer entry,
Maistal,2,locality,no_match,osm,48.51878,15.89092,500,,,,,,,way/1177648878,0.30,OSM highway/track named after the place; 255 km from the entries' other places (0% within 80 km),
Rettenkreuz,2,locality,no_match,,,,,,,,,,,,0.00,no gazetteer entry,
Rotes Wandle,2,locality,no_match,,,,,,,,,,,,0.00,no gazetteer entry,
Wirtshaus Altstadtheim,2,locality,no_match,,,,,,,,,,,,0.00,no gazetteer entry,
Rotofen,2,locality,review,osm,47.69371,12.92243,300,,,,,,,node/444733026,0.70,"far from most of the entries' other places (0% within 80 km, nearest 112 km)",
Halskopf,2,locality,review,osm,47.60167,12.83387,300,,,,,,,node/6619156555,0.70,"far from most of the entries' other places (0% within 80 km, nearest 101 km)",
Blaueiswand,2,locality,no_match,,,,,,,,,,,,0.00,no gazetteer entry,
Wimbachtal,2,locality,review,osm,47.57094,12.89576,1500,,,,,,,node/475507997,0.45,"OSM information/nature named after the place; far from most of the entries' other places (0% within 80 km, nearest 96 km)",
Ebene nördlich der Siedlung,2,locality,no_match,,,,,,,,,,,,0.00,no gazetteer entry,
Plauderbächle,2,locality,no_match,,,,,,,,,,,,0.00,no gazetteer entry,
Krämer-Mühle,2,locality,no_match,,,,,,,,,,,,0.00,no gazetteer entry,
Bräuner-Mühle,2,locality,no_match,,,,,,,,,,,,0.00,no gazetteer entry,
München-Reichszeugmeisterei,2,locality,no_match,,,,,,,,,,,,0.00,no gazetteer entry,
München-Fabrikgebäude,2,locality,no_match,,,,,,,,,,,,0.00,no gazetteer entry,
München-Fabrikgelände,2,locality,no_match,,,,,,,,,,,,0.00,no gazetteer entry,
München-Stadelheim,2,locality,no_match,,,,,,,,,,,,0.00,no gazetteer entry,
"München, Fabrikgelände",2,locality,no_match,,,,,,,,,,,,0.00,not geocoded yet (no Nominatim cache entry),
Luitpoldallee,2,locality,no_match,,,,,,,,,,,,0.00,no gazetteer entry,
Hofpark,2,locality,review,osm,52.02423,4.27018,800,,,,,,,way/26519991,0.55,677 km from the entries' other places (0% within 80 km),
Stadelheimer Gefängnis,2,locality,no_match,,,,,,,,,,,,0.00,no gazetteer entry,
Fabrikgebäude,2,locality,no_match,osm,51.54693,6.96131,1500,,,,,,,way/666279484,0.30,OSM building/yes named after the place; 503 km from the entries' other places (0% within 80 km),
München-Solln,2,locality,no_match,,,,,,,,,,,,0.00,no gazetteer entry,
München-Giesing,2,locality,linked,geonames,48.10479,11.57375,1000,2920525,Giesing,P.PPLX,DE,02,,,0.85,GeoNames contains name match (DE); entry context 4 km (100% of the entries),
Haidhauser St. Johanneskirche,2,locality,no_match,,,,,,,,,,,,0.00,no gazetteer entry,
Rottenbucher Tal,2,locality,no_match,,,,,,,,,,,,0.00,no gazetteer entry,
Isar bei den Tierfällen,2,locality,no_match,,,,,,,,,,,,0.00,not geocoded yet (no Nominatim cache entry),
Haagwald,2,locality,no_match,osm,48.36478,8.81042,1500,,,,,,,node/10917739165,0.30,OSM information/guidepost named after the place; 206 km from the entries' other places (0% within 80 km),
Ami-Schießstand,2,locality,no_match,,,,,,,,,,,,0.00,no gazetteer entry,
München Kongressbau,2,locality,no_match,,,,,,,,,,,,0.00,no gazetteer entry,
Kierling,2,locality,review,osm+geonames,48.30997,16.27616,1500,2774449,Kierling,P.PPL,AT,03,,node/240072163,0.65,343 km from the entries' other places (0% within 80 km),
Rietbecken,2,locality,no_match,,,,,,,,,,,,0.00,no gazetteer entry,
Längslinie,2,locality,no_match,,,,,,,,,,,,0.00,no gazetteer entry,
Illerauen,2,locality,no_match,,,,,,,,,,,,0.00,no gazetteer entry,
Immenring,2,locality,no_match,,,,,,,,,,,,0.00,not geocoded yet (no Nominatim cache entry),
Stützelberg,2,locality,no_match,,,,,,,,,,,,0.00,no gazetteer entry,
Ammersee bei Stegen-Inning,2,locality,no_match,,,,,,,,,,,,0.00,no gazetteer entry,
Stephan-Allee,2,locality,no_match,,,,,,,,,,,,0.00,no gazetteer entry,
Beichwiese und Acker-Hüllener Flur,2,locality,no_match,,,,,,,,,,,,0.00,no gazetteer entry,
Park und Beichwiesenflur,2,locality,no_match,,,,,,,,,,,,0.00,no gazetteer entry,
Sebastianpark,2,locality,no_match,,,,,,,,,,,,0.00,no gazetteer entry,
Herrn,2,locality,linked,osm,48.12626,11.47470,1500,,,,,,Q1361744,way/159676725,0.90,OSM amenity/place_of_worship named after the place; entry context 8 km (100% of the entries),
Hiltruper Waldkater,2,,no_match,,,,,,,,,,,,0.00,no gazetteer entry,
Schönau,2,settlement,linked,osm+geonames,49.43665,8.80880,1500,2837064,Schönau,P.PPL,DE,01,Q82366,relation/454182,0.95,,
Grafenhöhle,2,locality,no_match,,,,,,,,,,,,0.00,no gazetteer entry,
Langenauflur,2,locality,no_match,,,,,,,,,,,,0.00,no gazetteer entry,
Haag,2,locality,linked,osm+geonames,48.42880,11.23485,1500,2913251,Haag,P.PPL,DE,02,Q45147100,node/101486952,0.95,,
Großhelfendorf,2,locality,linked,osm+geonames,47.94383,11.79374,1500,2915526,Großhelfendorf,P.PPL,DE,02,Q1549301,node/34578988,0.95,entry context 24 km (100% of the entries),
Mittelsberg,2,locality,review,geonames,48.38229,9.17734,1500,13284815,Mittelsberg,P.PPL,DE,01,,,0.45,"GeoNames primary name match (DE); far from most of the entries' other places (0% within 80 km, nearest 139 km)",
Karlshaimer,2,locality,no_match,,,,,,,,,,,,0.00,no gazetteer entry,
Obergrainau,2,,linked,osm+geonames,47.47118,11.02604,1000,2860586,Obergrainau,P.PPLX,DE,02,,node/683062552,0.95,entry context 5 km (100% of the entries),
Harlachinger Bachsteg,2,locality,no_match,,,,,,,,,,,,0.00,no gazetteer entry,
Flutseite,2,locality,no_match,,,,,,,,,,,,0.00,no gazetteer entry,
Donnersbergerbrücke,2,,linked,osm,48.14267,11.53652,200,,,,,,Q801219,node/2470092007,0.90,OSM railway/station named after the place; entry context 3 km (100% of the entries),
Nymphenburgerkanal,2,,no_match,,,,,,,,,,,,0.00,not geocoded yet (no Nominatim cache entry),
Seekar,2,locality,linked,osm,47.83055,11.51811,1500,,,,,,,way/33119368,0.90,OSM building/bungalow named after the place; entry context 34 km (100% of the entries),
Forsthaus Nymphenburg,2,locality,no_match,,,,,,,,,,,,0.00,no gazetteer entry,
Arbersee,2,locality,review,osm,49.12120,13.11200,1500,,,,,,Q28946599,way/290580389,0.55,157 km from the entries' other places (0% within 80 km),
Trillberg,2,locality,no_match,,,,,,,,,,,,0.00,no gazetteer entry,
Milbertshofen,2,locality,linked,osm+geonames,48.18194,11.56889,1000,2871160,Milbertshofen,P.PPLX,DE,02,Q251311,relation/56387,0.95,entry context 5 km (100% of the entries),
Gut Buchberg,2,locality,no_match,,,,,,,,,,,,0.00,no gazetteer entry,
Friedhofsgasse,2,locality,no_match,,,,,,,,,,,,0.00,no gazetteer entry,
Hausham,2,,linked,osm+geonames,47.74660,11.84069,2000,2908783,Hausham,P.PPLA4,DE,02,Q507380,relation/935951,0.95,entry context 7 km (100% of the entries),
Oberwarngau,2,,linked,osm+geonames,47.83154,11.71666,1500,2858650,Oberwarngau,P.PPL,DE,02,Q124653647,node/32453712,0.95,entry context 2 km (100% of the entries),
Hofoldinger Forst,2,,linked,osm+geonames,47.94933,11.71442,1500,2902452,Hofoldinger Forst,V.FRST,DE,02,Q1623207,relation/2098719,0.95,entry context 5 km (100% of the entries),
Brutkolonie,2,locality,no_match,,,,,,,,,,,,0.00,no gazetteer entry,
Villenkolonien,2,locality,no_match,,,,,,,,,,,,0.00,not geocoded yet (no Nominatim cache entry),
Giesinger Wald,2,locality,no_match,,,,,,,,,,,,0.00,no gazetteer entry,
Solln und Forstenried,2,locality,linked,osm,48.07660,11.51306,1500,,,,,,,node/3296144025,0.90,OSM amenity/social_facility named after the place; entry context 0 km (100% of the entries),
Gauting und Neuried,2,locality,no_match,,,,,,,,,,,,0.00,no gazetteer entry,
Wölürge dorf,2,locality,no_match,,,,,,,,,,,,0.00,no gazetteer entry,
Schleißfelder Moos,2,locality,no_match,,,,,,,,,,,,0.00,no gazetteer entry,
Söcking und Maising,2,locality,no_match,,,,,,,,,,,,0.00,no gazetteer entry,
Taufkirchner Flur,2,locality,no_match,,,,,,,,,,,,0.00,no gazetteer entry,
Breitensteinwand,2,locality,no_match,,,,,,,,,,,,0.00,no gazetteer entry,
Holzenmoor,2,locality,no_match,,,,,,,,,,,,0.00,no gazetteer entry,
Augsburg-Lechhausen,2,locality,no_match,,,,,,,,,,,,0.00,no gazetteer entry,
Bodenstein,2,locality,linked,osm+geonames,49.18589,12.31033,1500,2947107,Bodenstein,P.PPL,DE,02,Q889754,node/302689154,0.80,"far from most of the entries' other places (0% within 80 km, nearest 129 km)",
Madenhausen,2,settlement,review,osm+geonames,50.13642,10.29951,1500,2874586,Madenhausen,P.PPL,DE,02,Q15057614,node/246801599,0.65,278 km from the entries' other places (0% within 80 km),
Kirchholz,2,locality,linked,osm,48.05108,13.63996,500,,,,,,,node/1588537065,0.85,,
Listsee,2,locality,linked,osm+geonames,47.73584,12.83426,500,2876821,Listsee,H.PND,DE,02,Q1820696,way/33904292,0.95,entry context 3 km (100% of the entries),
Sonnenalpe,2,locality,review,osm,46.56388,13.27454,500,,,,,,Q1254539,node/240041660,0.70,"far from most of the entries' other places (0% within 80 km, nearest 130 km)",
Stübler,2,locality,linked,osm,47.31153,14.45041,1500,,,,,,,way/386861499,0.85,,
Gmainer Höhe,2,locality,no_match,,,,,,,,,,,,0.00,no gazetteer entry,
Frauenalb,2,locality,review,osm+geonames,48.83551,8.44068,1500,2925441,Frauenalb,P.PPL,DE,01,,relation/17921482,0.65,346 km from the entries' other places (0% within 80 km),
Nonner Auen,2,locality,no_match,,,,,,,,,,,,0.00,not geocoded yet (no Nominatim cache entry),
Saalachauen,2,locality,no_match,,,,,,,,,,,,0.00,not geocoded yet (no Nominatim cache entry),
Prizer Säge,2,locality,no_match,,,,,,,,,,,,0.00,no gazetteer entry,
"München, Botanisches Institut",2,locality,no_match,,,,,,,,,,,,0.00,no gazetteer entry,
Duisburg,2,locality,linked,osm+geonames,51.43247,6.76516,2000,2934691,Duisburg,P.PPLA3,DE,07,Q2100,relation/62456,0.95,,
Edenhofen,2,locality,linked,osm,48.42771,11.76643,300,,,,,,Q135317367,node/26615491,0.95,entry context 35 km (100% of the entries),
Buchhalter Teiche,2,locality,no_match,,,,,,,,,,,,0.00,no gazetteer entry,
Egertal,2,locality,linked,osm,50.12252,12.15695,1500,,,,,,Q59393429,way/393593341,0.95,entry context 4 km (100% of the entries),
Markgrafenteich,2,locality,linked,osm,50.16307,12.18063,1500,,,,,,Q1320925,relation/1744703,0.95,entry context 1 km (100% of the entries),
Breiter Teich,2,locality,linked,osm+geonames,50.15954,12.19299,500,2944486,Breiter Teich,H.PND,DE,02,,way/30765115,0.95,entry context 5 km (100% of the entries),
Geringer Waldhain,2,locality,no_match,,,,,,,,,,,,0.00,no gazetteer entry,
Einlauf im Nordosten,2,locality,no_match,,,,,,,,,,,,0.00,no gazetteer entry,
Isarringkanal,2,,no_match,,,,,,,,,,,,0.00,no gazetteer entry,
Speichersee-Einlauf,2,,no_match,,,,,,,,,,,,0.00,no gazetteer entry,
Befallung,2,,no_match,,,,,,,,,,,,0.00,no gazetteer entry,
Braunschweig,2,locality,linked,osm+geonames,52.26594,10.52673,2000,2945024,Braunschweig,P.PPLA3,DE,06,Q2773,relation/62531,0.95,,
Gommiswald,2,locality,review,osm+geonames,47.23128,9.02355,1500,2660568,Gommiswald,P.PPL,CH,SG,Q66744,relation/2754666,0.65,169 km from the entries' other places (0% within 80 km),
Schweinfurter Wald,2,locality,no_match,,,,,,,,,,,,0.00,no gazetteer entry,
Schweinfurt,2,locality,linked,osm+geonames,50.04937,10.22175,2000,2834498,Schweinfurt,P.PPLA3,DE,02,Q4126,relation/62534,0.95,entry context 18 km (100% of the entries),
Forsthaus Banz,2,locality,linked,osm,50.13167,10.98507,300,,,,,,Q87329939,node/8650876169,0.85,,
München-Bogenhausen,2,locality,no_match,,,,,,,,,,,,0.00,no gazetteer entry,
Oberursel,2,locality,linked,osm+geonames,50.20731,8.57747,1500,2858738,Oberursel,P.PPL,DE,05,Q7044,relation/417461,0.95,,
Kapuziner-Hölzchen,2,locality,no_match,,,,,,,,,,,,0.00,no gazetteer entry,
Döhlitz,2,locality,no_match,,,,,,,,,,,,0.00,no gazetteer entry,
Bröstbrunn,2,locality,no_match,,,,,,,,,,,,0.00,no gazetteer entry,
Germuth,2,locality,no_match,osm,46.67405,15.54150,1500,,,,,,,way/188558042,0.30,OSM shop/wine_cellar named after the place; 340 km from the entries' other places (0% within 80 km),
Lüßberg,2,locality,review,osm+geonames,50.01320,10.73776,1500,2874994,Lußberg,P.PPL,DE,02,Q58025425,node/307633515,0.65,200 km from the entries' other places (0% within 80 km),
Germeinh,2,locality,no_match,,,,,,,,,,,,0.00,no gazetteer entry,
Retz,2,locality,linked,osm,49.90400,9.83965,1500,,,,,,,way/687177636,0.85,,
Dötzenkopf,2,locality,linked,osm,47.70903,12.88830,300,,,,,,Q1271535,node/519462878,0.95,entry context 2 km (100% of the entries),
Florian,2,locality,review,osm,48.94536,14.19799,300,,,,,,,node/4877412181,0.55,213 km from the entries' other places (0% within 80 km),
Niederbergkirchen,2,locality,linked,osm+geonames,48.31667,12.50000,2000,2863604,Niederbergkirchen,P.PPLA4,DE,02,Q258682,relation/940967,0.95,,
Weihersbuch,2,locality,no_match,,,,,,,,,,,,0.00,no gazetteer entry,
Altensteinach,2,locality,no_match,,,,,,,,,,,,0.00,no gazetteer entry,
Bütthard,2,locality,linked,osm+geonames,49.59913,9.87987,1500,2940534,Bütthard,P.PPL,DE,02,Q510859,relation/162332,0.80,"far from most of the entries' other places (0% within 80 km, nearest 81 km)",
Ebersbach,2,locality,linked,osm+geonames,49.57644,10.74669,1500,2933973,Ebersbach,P.PPL,DE,02,Q35387443,node/250532218,0.95,entry context 21 km (100% of the entries),
Altmannstein,2,locality,linked,osm+geonames,48.89920,11.65203,1500,2957001,Altmannstein,P.PPL,DE,02,Q442666,relation/943548,0.95,entry context 37 km (100% of the entries),
Gierling,2,locality,linked,osm,47.99499,12.78046,1500,,,,,,,node/1999716443,0.85,,
Nonnenhorn,2,,linked,osm+geonames,47.57386,9.61038,2000,2862202,Nonnenhorn,P.PPLA4,DE,02,Q517513,relation/812182,0.95,entry context 3 km (100% of the entries),
Aartal,2,locality,no_match,osm,50.13327,8.12571,1500,,,,,,,node/4171454642,0.30,OSM information/board named after the place; 310 km from the entries' other places (0% within 80 km),
Rückloe,2,locality,no_match,,,,,,,,,,,,0.00,no gazetteer entry,
Bürgwaldwieser,2,locality,no_match,,,,,,,,,,,,0.00,no gazetteer entry,
Angerweier,2,locality,no_match,,,,,,,,,,,,0.00,no gazetteer entry,
Sendlinger Tor,2,locality,linked,osm,48.13405,11.56752,1500,,,,,,Q254394,way/337782843,0.90,OSM historic/city_gate named after the place; entry context 1 km (100% of the entries),
Laufforn,2,settlement,no_match,,,,,,,,,,,,0.00,no gazetteer entry,
Schriesheim,2,locality,review,osm+geonames,49.47372,8.66360,1500,2836089,Schriesheim,P.PPL,DE,01,Q83292,relation/454178,0.65,204 km from the entries' other places (0% within 80 km),
Lassing,2,locality,linked,osm+geonames,47.53374,14.25808,2000,2772891,Lassing,P.PPLA3,AT,06,Q633858,relation/50798,0.95,,
Pippinger Au,2,locality,no_match,,,,,,,,,,,,0.00,no gazetteer entry,
Gollwöhr,2,locality,no_match,,,,,,,,,,,,0.00,no gazetteer entry,
Blumenschmuck-Zugang,2,locality,no_match,,,,,,,,,,,,0.00,no gazetteer entry,
Lottorf,2,locality,review,osm+geonames,54.45047,9.57262,2000,2875742,Lottorf,P.PPLA4,DE,10,Q557152,relation/1157529,0.65,716 km from the entries' other places (0% within 80 km),
Seeberger Horn,2,locality,no_match,,,,,,,,,,,,0.00,no gazetteer entry,
Gut Holthausen,2,locality,review,osm,51.54752,8.54378,1500,,,,,,,way/397698881,0.55,229 km from the entries' other places (0% within 80 km),
Hiddensee,2,locality,review,osm+geonames,54.56689,13.10411,1500,3209281,Hiddensee,P.PPL,DE,12,Q9291971,relation/3790660,0.65,647 km from the entries' other places (0% within 80 km),
Waldsaum,2,locality,review,osm,51.44337,7.26827,1500,,,,,,,node/3177538296,0.55,434 km from the entries' other places (0% within 80 km),
Eitringerkanal,2,,no_match,,,,,,,,,,,,0.00,no gazetteer entry,
Forst Ismaning,2,locality,no_match,,,,,,,,,,,,0.00,no gazetteer entry,
Giehrenmoos,2,locality,no_match,,,,,,,,,,,,0.00,no gazetteer entry,
Großer Schlauch,2,locality,no_match,,,,,,,,,,,,0.00,no gazetteer entry,
Zweite Furth,2,locality,no_match,,,,,,,,,,,,0.00,no gazetteer entry,
Isar am Speichersee,2,locality,no_match,,,,,,,,,,,,0.00,no gazetteer entry,
Nannhofen,2,locality,linked,osm+geonames,48.21900,11.17196,1500,2867103,Nannhofen,P.PPL,DE,02,Q252426,node/12293997870,0.95,entry context 26 km (100% of the entries),
Weiterlaubenholz,2,locality,no_match,,,,,,,,,,,,0.00,no gazetteer entry,
Schlag bei der Quelle,2,locality,no_match,,,,,,,,,,,,0.00,no gazetteer entry,
Krautfelder,2,,no_match,,,,,,,,,,,,0.00,no gazetteer entry,
Botanisches Institut München,2,locality,no_match,,,,,,,,,,,,0.00,no gazetteer entry,
Holzacker,2,locality,review,osm+geonames,47.37545,8.66603,800,6294546,Holzacker,P.PPLL,CH,ZH,,node/3109752000,0.65,233 km from the entries' other places (0% within 80 km),
Kinder-Krankenhaus Jungel,2,locality,no_match,,,,,,,,,,,,0.00,no gazetteer entry,
Söllereck,2,locality,linked,osm+geonames,47.37354,10.23776,2000,8616961,Söllereck,T.RDGE,DE,02,Q2379820,way/1327929998,0.95,entry context 2 km (100% of the entries),
Reute,2,locality,linked,osm+geonames,47.41168,10.25601,1500,2847848,Reute,P.PPL,DE,02,Q131463844,node/666165762,0.95,entry context 2 km (100% of the entries),
Älpke,2,locality,review,osm,51.67959,8.10936,1500,,,,,,Q56899277,way/1437150320,0.55,420 km from the entries' other places (0% within 80 km),
Koblat,2,locality,linked,osm,47.42640,10.36844,500,,,,,,Q124611558,way/1252522260,0.95,entry context 2 km (100% of the entries),
Geraue,2,locality,no_match,,,,,,,,,,,,0.00,no gazetteer entry,
Rotwandgebiet,2,locality,linked,osm,47.67598,11.90746,1500,,,,,,,way/1412137986,0.85,,
Stolberg,2,locality,linked,osm+geonames,50.77368,6.22595,1500,2826595,Stolberg,P.PPL,DE,07,Q4068,relation/157996,0.95,,
Ermannung,2,locality,no_match,,,,,,,,,,,,0.00,no gazetteer entry,
Friedhofsanlagen,2,locality,no_match,,,,,,,,,,,,0.00,no gazetteer entry,
Anlagen der Oberschule,2,locality,no_match,,,,,,,,,,,,0.00,no gazetteer entry,
Emershofen,2,locality,linked,osm+geonames,48.27234,10.12476,1500,2930573,Emershofen,P.PPL,DE,02,Q118120125,node/859369335,0.95,entry context 8 km (100% of the entries),
Staatswald Schloßberg,2,locality,no_match,,,,,,,,,,,,0.00,no gazetteer entry,
Brachvogel,2,locality,no_match,,,,,,,,,,,,0.00,no gazetteer entry,
Himmelstadt,2,locality,review,osm+geonames,49.92389,9.80167,2000,2904499,Himmelstadt,P.PPLA4,DE,02,Q508177,relation/335435,0.65,237 km from the entries' other places (0% within 80 km),
Menzinger Felder,2,locality,no_match,,,,,,,,,,,,0.00,no gazetteer entry,
Beinehofen,2,locality,no_match,,,,,,,,,,,,0.00,no gazetteer entry,
Angerloh,2,locality,no_match,,,,,,,,,,,,0.00,not geocoded yet (no Nominatim cache entry),
Nußdorf bei Freilassing,2,locality,no_match,,,,,,,,,,,,0.00,no gazetteer entry,
Erkrath,2,locality,linked,osm+geonames,51.22235,6.90831,1500,2929600,Erkrath,P.PPL,DE,07,Q6968,relation/66535,0.95,,
Ingelheim am Rhein,2,locality,linked,osm+geonames,49.97078,8.05883,2000,2896020,Ingelheim am Rhein,P.PPLA3,DE,08,Q159548,relation/80449,0.95,,
Obere Allee,2,locality,linked,osm,48.20627,11.47423,500,,,,,,,way/28965041,0.90,OSM highway/track named after the place; entry context 11 km (100% of the entries),
Schärding,2,locality,linked,osm+geonames,48.45294,13.43722,3000,2766155,Schärding,P.PPLA2,AT,04,Q255012,relation/404493,0.95,,
Hollern,2,locality,linked,geonames,48.29008,11.59446,1500,2900475,Hollern,P.PPL,DE,02,,,0.95,GeoNames primary name match (DE); entry context 17 km (100% of the entries),
Pattensen,2,locality,review,osm+geonames,52.26448,9.76436,1500,2855243,Pattensen,P.PPL,DE,06,Q501636,relation/2012734,0.65,326 km from the entries' other places (0% within 80 km),
Süddamm und Tafelberg,2,locality,no_match,,,,,,,,,,,,0.00,no gazetteer entry,
Wörthkanal,2,locality,no_match,,,,,,,,,,,,0.00,no gazetteer entry,
Naturschutzbecken,2,locality,no_match,,,,,,,,,,,,0.00,no gazetteer entry,
Trümmerfeld-Ög,2,locality,no_match,,,,,,,,,,,,0.00,no gazetteer entry,
Ruine Lichtenstein,2,locality,review,osm,48.40498,9.26267,200,,,,,,Q1010717,node/913868563,0.55,168 km from the entries' other places (0% within 80 km),
Moosacher Bahnsteg,2,locality,no_match,,,,,,,,,,,,0.00,no gazetteer entry,
Isartal bei Wolfratshausen,2,locality,no_match,,,,,,,,,,,,0.00,no gazetteer entry,
Kleinreiterer,2,locality,no_match,,,,,,,,,,,,0.00,no gazetteer entry,
Freiviertelpark,2,locality,no_match,,,,,,,,,,,,0.00,no gazetteer entry,
Karlsfeld - Ludwigsfeld,2,locality,no_match,,,,,,,,,,,,0.00,no gazetteer entry,
Jägerhaus Waldhain,2,locality,no_match,,,,,,,,,,,,0.00,no gazetteer entry,
Eichamt,2,locality,linked,osm,48.16673,11.50267,1500,,,,,,,way/132207643,0.90,OSM building/office named after the place; entry context 6 km (100% of the entries),
Maximilians-Anlagen,2,,no_match,,,,,,,,,,,,0.00,not geocoded yet (no Nominatim cache entry),
Riedensheim und Rennertshofen,2,locality,no_match,,,,,,,,,,,,0.00,no gazetteer entry,
Autobus,2,locality,no_match,osm,50.28467,12.82516,100,,,,,,,node/13970692504,0.30,OSM amenity/restaurant named after the place; 1107 km from the entries' other places (0% within 80 km),
Sätra,2,locality,linked,osm+geonames,59.28610,17.91776,1000,2679797,Sätra,P.PPLX,SE,26,Q3315792,relation/9857131,0.95,,
Norrtälje,2,,linked,osm+geonames,59.75799,18.70496,3000,2688250,Norrtälje,P.PPLA2,SE,26,Q214048,relation/397159,0.95,entry context 19 km (100% of the entries),
Linné-Museum,2,,no_match,,,,,,,,,,,,0.00,no gazetteer entry,
Weinsfeld-Biebersheim,2,locality,no_match,,,,,,,,,,,,0.00,no gazetteer entry,
Weißach Tal,2,locality,no_match,,,,,,,,,,,,0.00,not geocoded yet (no Nominatim cache entry),
Genderkingen,2,locality,linked,osm+geonames,48.70000,10.88333,2000,2921371,Genderkingen,P.PPLA4,DE,02,Q511883,relation/962266,0.80,"far from most of the entries' other places (0% within 80 km, nearest 81 km)",
Elanau,2,locality,no_match,,,,,,,,,,,,0.00,no gazetteer entry,
Extern,2,locality,no_match,,,,,,,,,,,,0.00,no gazetteer entry,
Lechmündung,2,locality,review,osm,48.73497,10.93566,1500,,,,,,,node/14032083291,0.70,"far from most of the entries' other places (0% within 80 km, nearest 82 km)",
Waging,2,locality,linked,osm+geonames,47.93414,12.73392,1500,2815484,Waging am See,P.PPL,DE,02,Q259811,relation/941680,0.80,"far from most of the entries' other places (0% within 80 km, nearest 89 km)",
Lombardei,2,locality,review,osm,45.57037,9.77325,3000,,,,,,Q1210,relation/44879,0.55,317 km from the entries' other places (0% within 80 km),
Gundelfingen an der Donau,2,locality,linked,osm+geonames,48.55095,10.36885,3000,6559032,Gundelfingen an der Donau,A.ADM4,DE,02,Q509648,relation/956778,0.80,"far from most of the entries' other places (0% within 80 km, nearest 100 km)",
Esterbergalm,2,locality,no_match,,,,,,,,,,,,0.00,not geocoded yet (no Nominatim cache entry),
Brenninger Feldgebiet,2,locality,no_match,,,,,,,,,,,,0.00,no gazetteer entry,
Mörsach,2,locality,linked,osm+geonames,49.14750,10.67638,1500,2869201,Mörsach,P.PPL,DE,02,Q1404596,node/1634233281,0.95,,
Waigendorf,2,locality,no_match,,,,,,,,,,,,0.00,no gazetteer entry,
Steigerwald,2,locality,linked,osm+geonames,49.76667,10.48333,5000,2829032,Steigerwald,T.MTS,DE,02,Q15079119,way/628634586,0.95,,
Mörslingen,2,locality,linked,osm+geonames,48.62722,10.51434,1500,2869151,Mörslingen,P.PPL,DE,02,Q1958140,node/33701430,0.95,,
Krumbad,2,locality,linked,osm+geonames,48.24514,10.39204,1500,2883394,Krumbad,P.PPL,DE,02,Q1482390,way/27303557,0.95,entry context 36 km (100% of the entries),
Bergheim,2,locality,linked,osm+geonames,48.31956,10.82050,1000,2950446,Bergheim,P.PPLX,DE,02,Q760468,relation/384191,0.95,entry context 5 km (100% of the entries),
Naumburg,2,locality,linked,osm+geonames,51.14987,11.80979,2000,2866906,Naumburg,P.PPLA3,DE,14,Q15986,relation/2403974,0.95,,
Tierparkberg,2,locality,no_match,,,,,,,,,,,,0.00,no gazetteer entry,
Salmuralpe,2,locality,no_match,,,,,,,,,,,,0.00,no gazetteer entry,
Aura-Seillach,2,locality,no_match,,,,,,,,,,,,0.00,no gazetteer entry,
Unterhaching und Taufkirchen,2,locality,no_match,,,,,,,,,,,,0.00,not geocoded yet (no Nominatim cache entry),
Ammersee und Starnberger See,2,locality,linked,osm,47.98383,11.23646,1500,,,,,,,way/1185563647,0.95,entry context 27 km (100% of the entries),
Agatharied,2,locality,linked,osm+geonames,47.76764,11.82508,1500,2959320,Agatharied,P.PPL,DE,02,Q391228,node/543723784,0.95,entry context 2 km (100% of the entries),
Ammerbach,2,locality,linked,osm,47.78004,12.10029,1500,,,,,,,way/163057604,0.95,entry context 33 km (100% of the entries),
Kapuziner-Hügelchen,2,locality,no_match,,,,,,,,,,,,0.00,no gazetteer entry,
Brandau bei Freising,2,locality,no_match,,,,,,,,,,,,0.00,no gazetteer entry,
Karlseck,2,locality,no_match,osm,48.79846,9.22088,1500,,,,,,,node/2517565789,0.30,OSM amenity/pub named after the place; 188 km from the entries' other places (0% within 80 km),
Karlsteiner Berg,2,locality,review,osm,48.82523,15.37573,300,,,,,,,node/6896918227,0.55,290 km from the entries' other places (0% within 80 km),
Wasserwerk,2,locality,review,osm,49.81294,9.70080,1500,,,,,,,way/351459696,0.55,231 km from the entries' other places (0% within 80 km),
Fiedlerhofen,2,locality,no_match,,,,,,,,,,,,0.00,no gazetteer entry,
Binsdorf,2,locality,linked,osm+geonames,48.30426,8.76151,1500,2948770,Binsdorf,P.PPL,DE,01,Q864034,relation/7594739,0.95,entry context 8 km (100% of the entries),
Haigerloch,2,locality,review,osm+geonames,48.36614,8.80357,1500,2911960,Haigerloch,P.PPL,DE,01,Q505856,relation/2779232,0.65,207 km from the entries' other places (0% within 80 km),
Faulenwandspitze,2,locality,no_match,,,,,,,,,,,,0.00,no gazetteer entry,
Kleines Jungenfeldereck,2,locality,no_match,,,,,,,,,,,,0.00,no gazetteer entry,
Emmaus,2,locality,review,osm,49.40119,11.09059,1500,,,,,,,way/372431101,0.45,"OSM building/yes named after the place; far from most of the entries' other places (0% within 80 km, nearest 145 km)",
"München, beim Überfällen",2,locality,no_match,,,,,,,,,,,,0.00,not geocoded yet (no Nominatim cache entry),
B.H.,2,locality,no_match,,,,,,,,,,,,0.00,no gazetteer entry,
Reiter Alpe,2,locality,review,geonames,47.61667,12.83333,500,2848444,Reiter Alpe,T.MT,DE,02,,,0.55,"GeoNames primary name match (DE); far from most of the entries' other places (0% within 80 km, nearest 110 km)",
Allershausen,2,locality,linked,osm+geonames,48.43333,11.60000,2000,2958376,Allershausen,P.PPLA4,DE,02,Q218427,relation/30015,0.95,entry context 29 km (100% of the entries),
Gürtelmannschleuse,2,locality,no_match,,,,,,,,,,,,0.00,no gazetteer entry,
Giengen an der Brenz,2,route,linked,osm+geonames,48.62219,10.24312,1500,2920620,Giengen an der Brenz,P.PPL,DE,01,Q547710,relation/2791802,0.95,entry context 8 km (100% of the entries),
Giengen,2,route,linked,osm+geonames,48.62219,10.24312,1500,2920620,Giengen an der Brenz,P.PPL,DE,01,Q547710,relation/9131873,0.95,,
Elektrizitäts-Werk beim Stichwehr,2,locality,no_match,,,,,,,,,,,,0.00,no gazetteer entry,
Wattmeer,2,locality,no_match,,,,,,,,,,,,0.00,no gazetteer entry,
Rückwehr beim Speichersee-Einlauf,2,,no_match,,,,,,,,,,,,0.00,no gazetteer entry,
Landungsbrücke,2,locality,no_match,osm,48.85149,9.24911,300,,,,,,Q62603270,way/79213095,0.30,OSM highway/footway named after the place; 189 km from the entries' other places (0% within 80 km),
Roggenburg,2,locality,linked,osm+geonames,48.27588,10.23136,2000,2845863,Roggenburg,P.PPLA4,DE,02,Q552984,relation/941077,0.95,,
Lemberg,2,locality,linked,osm+geonames,47.67244,12.58285,500,2878951,Lemberg,T.MT,DE,02,Q31531955,node/3230301394,0.80,"far from most of the entries' other places (0% within 80 km, nearest 91 km)",
Tierpark und Isarställe,2,locality,no_match,,,,,,,,,,,,0.00,no gazetteer entry,
Lände beim Stau,2,locality,no_match,,,,,,,,,,,,0.00,no gazetteer entry,
Rosenheim-Kupferling,2,locality,no_match,,,,,,,,,,,,0.00,no gazetteer entry,
Erlöserseminarsturm,2,locality,no_match,,,,,,,,,,,,0.00,no gazetteer entry,
Ismaninger Unter- und Überführung,2,locality,no_match,,,,,,,,,,,,0.00,no gazetteer entry,
Isarberg,2,locality,no_match,,,,,,,,,,,,0.00,no gazetteer entry,
Isarufer,2,locality,no_match,,,,,,,,,,,,0.00,not geocoded yet (no Nominatim cache entry),
Thalham,2,locality,linked,osm+geonames,47.88573,11.63658,1500,2823113,Thalham,P.PPL,DE,02,Q2408798,node/246398587,0.95,entry context 25 km (100% of the entries),
Speichergelände,2,locality,no_match,,,,,,,,,,,,0.00,no gazetteer entry,
Nord- und Südbecken,2,locality,no_match,,,,,,,,,,,,0.00,no gazetteer entry,
Wat- und Schlickmeer,2,locality,no_match,,,,,,,,,,,,0.00,no gazetteer entry,
Johanniskirchlein,2,locality,no_match,,,,,,,,,,,,0.00,no gazetteer entry,
Ammaring,2,,no_match,,,,,,,,,,,,0.00,no gazetteer entry,
Mühldorf,2,locality,linked,osm+geonames,48.24670,12.52155,2000,2868506,Mühldorf,P.PPLA3,DE,02,Q502615,relation/941004,0.95,,
Birkenriege,2,locality,no_match,,,,,,,,,,,,0.00,no gazetteer entry,
Sanktbrunn-Kolonie,2,locality,no_match,,,,,,,,,,,,0.00,no gazetteer entry,
Krumbachselten,2,locality,no_match,,,,,,,,,,,,0.00,no gazetteer entry,
Westlärteich,2,locality,no_match,,,,,,,,,,,,0.00,no gazetteer entry,
Immenstadt im Allgäu,2,locality,linked,osm+geonames,47.55996,10.21394,1500,2896261,Immenstadt im Allgäu,P.PPL,DE,02,Q506278,relation/957822,0.80,"far from most of the entries' other places (0% within 80 km, nearest 117 km)",
Schloss am Inn,2,locality,no_match,,,,,,,,,,,,0.00,no gazetteer entry,
Planegger Auen,2,locality,no_match,,,,,,,,,,,,0.00,no gazetteer entry,
Wolfshöhle,2,locality,review,osm,50.79736,14.02542,1500,,,,,,,node/3462002032,0.55,345 km from the entries' other places (0% within 80 km),
Zapelberg,2,locality,no_match,,,,,,,,,,,,0.00,no gazetteer entry,
Isarmündung,2,locality,review,osm,48.79396,12.95779,1500,,,,,,Q1673726,relation/3104311,0.70,"far from most of the entries' other places (0% within 80 km, nearest 125 km)",
Starnberg - Maising,2,locality,no_match,,,,,,,,,,,,0.00,no gazetteer entry,
Alpinum München,2,locality,no_match,,,,,,,,,,,,0.00,no gazetteer entry,
Riedloh und Beckstetten,2,locality,no_match,,,,,,,,,,,,0.00,no gazetteer entry,
Seidlinginsel,2,locality,no_match,,,,,,,,,,,,0.00,no gazetteer entry,
Hauptbrunn,2,settlement,no_match,geonames,50.47893,12.42541,1500,2909034,Hauptbrunn,P.PPL,DE,13,,,0.30,GeoNames primary name match (DE); 268 km from the entries' other places (0% within 80 km),
Geltsch-See,2,locality,no_match,,,,,,,,,,,,0.00,no gazetteer entry,
Gronsdorf,2,locality,linked,osm+geonames,48.12116,11.70864,1500,2917102,Gronsdorf,P.PPL,DE,02,Q1547372,node/1683463428,0.95,entry context 10 km (100% of the entries),
Lauterbachung,2,locality,no_match,,,,,,,,,,,,0.00,no gazetteer entry,
Moosbacher,2,locality,review,osm,49.11579,12.78699,1500,,,,,,Q57278356,way/240650644,0.70,"far from most of the entries' other places (0% within 80 km, nearest 127 km)",
Ackerunger Feld,2,locality,no_match,,,,,,,,,,,,0.00,no gazetteer entry,
Maisinger See Ostufer,2,locality,no_match,,,,,,,,,,,,0.00,no gazetteer entry,
Maisinger See Südwest-Ende,2,locality,no_match,,,,,,,,,,,,0.00,no gazetteer entry,
Maisinger See Südost-Ende,2,locality,no_match,,,,,,,,,,,,0.00,no gazetteer entry,
Schloss Starnberg,2,locality,linked,osm,47.99925,11.33965,200,,,,,,Q1550088,node/304770478,0.95,entry context 0 km (100% of the entries),
Westbevern,2,locality,review,osm+geonames,52.02248,7.77926,1500,2810571,Westbevern,P.PPL,DE,07,Q2564472,node/262213150,0.65,510 km from the entries' other places (0% within 80 km),
Hohenlohen,2,locality,no_match,,,,,,,,,,,,0.00,no gazetteer entry,
Mergenthal,2,locality,review,osm+geonames,51.06723,13.36944,1500,2871818,Mergenthal,P.PPL,DE,13,Q95624510,relation/20777977,0.65,194 km from the entries' other places (0% within 80 km),
Ast,2,,linked,osm+geonames,48.01628,12.01630,1500,2954995,Ast,P.PPL,DE,02,,node/370200262,0.95,entry context 26 km (100% of the entries),
Lochhamer Heide,2,locality,no_match,,,,,,,,,,,,0.00,no gazetteer entry,
Unterhaching-Taufkirchen,2,locality,linked,osm,48.05110,11.60935,1500,,,,,,,way/74607637,0.90,OSM historic/heritage named after the place; entry context 10 km (100% of the entries),
Ludwigsmoos,2,,linked,osm+geonames,48.64568,11.19074,1500,2875338,Ludwigsmoos,P.PPL,DE,02,,node/317677187,0.95,,
Breitenbach,2,locality,linked,geonames,47.88333,11.41667,3000,2944697,Breitenbach,H.STM,DE,02,Q32535634,,0.95,GeoNames primary name match (DE); entry context 24 km (100% of the entries),
Zusmarshausen,2,locality,linked,osm+geonames,48.40014,10.59917,1500,2803655,Zusmarshausen,P.PPL,DE,02,Q230860,relation/537904,0.95,entry context 29 km (100% of the entries),
Isarauen nördlich vom Ismaninger,2,locality,no_match,,,,,,,,,,,,0.00,no gazetteer entry,
Neu-Maining,2,locality,no_match,,,,,,,,,,,,0.00,no gazetteer entry,
Roggenburger Forst,2,locality,review,osm,48.27498,10.22358,1500,,,,,,,relation/10253273,0.70,"far from most of the entries' other places (0% within 80 km, nearest 101 km)",
Land Eck,2,locality,no_match,,,,,,,,,,,,0.00,not geocoded yet (no Nominatim cache entry),
Alinsel,2,locality,no_match,,,,,,,,,,,,0.00,no gazetteer entry,
Ost-Insel,2,locality,no_match,,,,,,,,,,,,0.00,not geocoded yet (no Nominatim cache entry),
Wallenstein,2,locality,review,osm,49.33289,9.60187,300,,,,,,,node/13628580716,0.70,"far from most of the entries' other places (0% within 80 km, nearest 107 km)",
Wallenhausen,2,locality,linked,osm+geonames,48.33663,10.21814,1500,2814634,Wallenhausen,P.PPL,DE,02,Q108603326,node/309352446,0.95,entry context 38 km (100% of the entries),
Aggenstein,2,locality,linked,osm+geonames,47.53333,10.55000,500,2959303,Aggenstein,T.MT,AT,07,Q393155,way/1330232756,0.95,entry context 14 km (100% of the entries),
Rögling,2,locality,linked,osm+geonames,48.85000,10.95000,2000,2845825,Rögling,P.PPLA4,DE,02,Q504128,relation/962648,0.95,entry context 19 km (100% of the entries),
Nymphenburg Schloßgelände,2,locality,no_match,,,,,,,,,,,,0.00,no gazetteer entry,
Isar-Talsperre,2,locality,no_match,,,,,,,,,,,,0.00,not geocoded yet (no Nominatim cache entry),
Unterhachingerebene,2,locality,no_match,,,,,,,,,,,,0.00,no gazetteer entry,
Giebelhaus,2,locality,linked,osm,47.42175,10.41185,100,,,,,,,way/171084016,0.90,OSM amenity/biergarten named after the place; entry context 5 km (100% of the entries),
Einödsbach-Rappenseehütte,2,locality,no_match,,,,,,,,,,,,0.00,no gazetteer entry,
Hauptwald,2,locality,no_match,geonames,48.95000,8.66667,1500,2908997,Hauptwald,V.FRST,DE,01,,,0.30,GeoNames primary name match (DE); 232 km from the entries' other places (0% within 80 km),
Stiftungsmuseum,2,locality,no_match,,,,,,,,,,,,0.00,no gazetteer entry,
Rishl,2,locality,no_match,,,,,,,,,,,,0.00,no gazetteer entry,
Heilsh.,2,,no_match,,,,,,,,,,,,0.00,no gazetteer entry,
Vorderstoder,2,,linked,osm+geonames,47.71337,14.22712,1500,2762185,Vorderstoder,P.PPL,AT,04,Q681137,relation/1013573,0.95,,
Küpplinger Au,2,locality,no_match,,,,,,,,,,,,0.00,no gazetteer entry,
Schillach,2,locality,no_match,,,,,,,,,,,,0.00,not geocoded yet (no Nominatim cache entry),
Veredelungsteich,2,locality,no_match,,,,,,,,,,,,0.00,no gazetteer entry,
Südnamme,2,locality,no_match,,,,,,,,,,,,0.00,no gazetteer entry,
Kanal Südseite,2,locality,no_match,,,,,,,,,,,,0.00,no gazetteer entry,
Kanalschleuse,2,locality,review,osm,49.20378,11.45317,500,,,,,,,way/238274052,0.45,"OSM highway/track named after the place; far from most of the entries' other places (0% within 80 km, nearest 86 km)",
Isarstüllen,2,locality,no_match,,,,,,,,,,,,0.00,no gazetteer entry,
Müringer See,2,locality,no_match,,,,,,,,,,,,0.00,no gazetteer entry,
Tierpark in der Au,2,locality,no_match,,,,,,,,,,,,0.00,no gazetteer entry,
Bachtel,2,locality,linked,osm+geonames,47.65275,10.49208,1500,2953603,Bachtel,P.PPL,DE,02,,node/260621540,0.95,entry context 16 km (100% of the entries),
Tannheimer Tal,2,locality,linked,osm+geonames,47.50472,10.50833,5000,3333852,Tannheimer Tal,T.VAL,AT,07,Q875216,way/656765116,0.95,entry context 17 km (100% of the entries),
Pinakothek-Gärten,2,locality,no_match,,,,,,,,,,,,0.00,no gazetteer entry,
Stettkirchen,2,locality,review,osm,49.29268,11.81357,500,,,,,,,node/6370962145,0.70,"far from most of the entries' other places (0% within 80 km, nearest 118 km)",
Neu-Pliening,2,,no_match,,,,,,,,,,,,0.00,no gazetteer entry,
Singerweiher,2,locality,review,osm,50.12341,11.67933,1000,,,,,,,relation/2203527,0.55,210 km from the entries' other places (0% within 80 km),
Brickensee,2,locality,no_match,,,,,,,,,,,,0.00,no gazetteer entry,
Jägerbaum,2,locality,no_match,,,,,,,,,,,,0.00,no gazetteer entry,
Lerchenheide,2,locality,no_match,,,,,,,,,,,,0.00,no gazetteer entry,
Kais.,2,locality,linked,osm,48.27337,11.57031,1500,,,,,,,node/12980418120,0.90,OSM shop/computer named after the place; entry context 15 km (100% of the entries),
Sennering,2,locality,no_match,,,,,,,,,,,,0.00,no gazetteer entry,
Silberbach,2,locality,linked,osm+geonames,49.28183,10.63993,3000,2832208,Silberbach,H.STM,DE,02,Q122415926,relation/16315562,0.80,"far from most of the entries' other places (0% within 80 km, nearest 112 km)",
Kanal am Hüttenzaun,2,locality,no_match,,,,,,,,,,,,0.00,no gazetteer entry,
Westteil vom Becken,2,locality,no_match,,,,,,,,,,,,0.00,no gazetteer entry,
Querdamm im Becken,2,locality,no_match,,,,,,,,,,,,0.00,no gazetteer entry,
Westrand des Beckens,2,locality,no_match,,,,,,,,,,,,0.00,no gazetteer entry,
E. W. Bo-Hining,2,,no_match,,,,,,,,,,,,0.00,no gazetteer entry,
Insel W.,2,locality,no_match,,,,,,,,,,,,0.00,no gazetteer entry,
Finstertälchen,2,locality,no_match,,,,,,,,,,,,0.00,no gazetteer entry,
Münterteiche,2,locality,no_match,,,,,,,,,,,,0.00,no gazetteer entry,
Isarstille,2,locality,no_match,,,,,,,,,,,,0.00,no gazetteer entry,
Pürklteiche,2,locality,no_match,,,,,,,,,,,,0.00,not geocoded yet (no Nominatim cache entry),
Pürklteich,2,locality,no_match,,,,,,,,,,,,0.00,no gazetteer entry,
Tierparkzäune,2,locality,no_match,,,,,,,,,,,,0.00,no gazetteer entry,
Steininger See,2,locality,no_match,,,,,,,,,,,,0.00,no gazetteer entry,
Isar am Kabelsteg,2,locality,no_match,,,,,,,,,,,,0.00,no gazetteer entry,
Mailinger Schlucht,2,locality,no_match,,,,,,,,,,,,0.00,not geocoded yet (no Nominatim cache entry),
"Ismaning, Westbecken",2,locality,no_match,,,,,,,,,,,,0.00,no gazetteer entry,
Statutbach,2,locality,no_match,,,,,,,,,,,,0.00,no gazetteer entry,
"Ismaning, neues E.W.",2,locality,no_match,,,,,,,,,,,,0.00,no gazetteer entry,
Mündung,2,locality,linked,osm,47.84323,12.50889,1500,,,,,,Q56435714,way/249414306,0.85,,
Seebachern,2,locality,review,osm+geonames,46.88473,13.98052,800,11551074,Seebachern,P.PPLL,AT,02,,node/240037970,0.65,221 km from the entries' other places (0% within 80 km),
Ab- und Vorbachern,2,locality,no_match,,,,,,,,,,,,0.00,no gazetteer entry,
Isininger Halbhain,2,locality,no_match,,,,,,,,,,,,0.00,no gazetteer entry,
"München, Karolinengasse",2,locality,no_match,,,,,,,,,,,,0.00,no gazetteer entry,
Hammasund,2,locality,no_match,,,,,,,,,,,,0.00,no gazetteer entry,
Kanal hinter der Station,2,locality,no_match,,,,,,,,,,,,0.00,no gazetteer entry,
Süddamm am Isarbecken,2,,no_match,,,,,,,,,,,,0.00,no gazetteer entry,
Ost- und Stadtbecken,2,locality,no_match,,,,,,,,,,,,0.00,no gazetteer entry,
Vorbecken vom Stadtbecken,2,locality,no_match,,,,,,,,,,,,0.00,no gazetteer entry,
Reunegger,2,locality,no_match,,,,,,,,,,,,0.00,no gazetteer entry,
Isargüllen,2,locality,no_match,,,,,,,,,,,,0.00,not geocoded yet (no Nominatim cache entry),
Regensteinerbrücke,2,locality,no_match,,,,,,,,,,,,0.00,no gazetteer entry,
Emmerausee,2,locality,no_match,,,,,,,,,,,,0.00,no gazetteer entry,
Pfaffing,2,locality,linked,osm+geonames,48.16009,11.25412,1500,2854308,Pfaffing,P.PPL,DE,02,Q2082157,node/314392025,0.95,entry context 24 km (100% of the entries),
Neufünfhaus,2,,no_match,,,,,,,,,,,,0.00,no gazetteer entry,
Villenkolonie,2,locality,linked,osm,48.15424,11.45255,500,,,,,,Q2526193,node/6480595348,0.95,entry context 9 km (100% of the entries),
Langenaubach,2,locality,review,osm+geonames,50.71685,8.18284,1500,2881250,Langenaubach,P.PPL,DE,05,Q324569,relation/13765724,0.65,377 km from the entries' other places (0% within 80 km),
Teerfüller,2,locality,no_match,,,,,,,,,,,,0.00,no gazetteer entry,
Grateninsel,2,locality,no_match,,,,,,,,,,,,0.00,no gazetteer entry,
"Oberföhring, Isarwehr",2,locality,no_match,,,,,,,,,,,,0.00,no gazetteer entry,
"Oberföhring, Wehr",2,locality,no_match,,,,,,,,,,,,0.00,no gazetteer entry,
Kanalstufe,2,locality,no_match,,,,,,,,,,,,0.00,no gazetteer entry,
Regensburger,2,locality,review,osm,48.92887,12.94338,1500,,,,,,,way/326337406,0.70,"far from most of the entries' other places (0% within 80 km, nearest 134 km)",
Nymphenbrück,2,locality,no_match,,,,,,,,,,,,0.00,no gazetteer entry,
Puppenbrücke,2,locality,no_match,osm,53.86624,10.67580,1500,,,,,,Q2118648,way/166385442,0.30,OSM man_made/bridge named after the place; 640 km from the entries' other places (0% within 80 km),
Krankenhaus,2,locality,review,osm,49.01680,12.06385,1500,,,,,,Q1786526,way/31469423,0.45,"OSM amenity/hospital named after the place; far from most of the entries' other places (0% within 80 km, nearest 104 km)",
Neu-Siming,2,locality,no_match,,,,,,,,,,,,0.00,no gazetteer entry,
Brünnhaube,2,locality,no_match,,,,,,,,,,,,0.00,no gazetteer entry,
Monmaria,2,locality,no_match,,,,,,,,,,,,0.00,no gazetteer entry,
Ismaning - Teilberg,2,locality,no_match,,,,,,,,,,,,0.00,no gazetteer entry,
München Marktgebäude,2,locality,no_match,,,,,,,,,,,,0.00,no gazetteer entry,
Stau,2,locality,review,osm,47.20966,9.16930,1000,,,,,,,way/388095076,0.55,208 km from the entries' other places (0% within 80 km),
Mittergermarer,2,locality,no_match,,,,,,,,,,,,0.00,no gazetteer entry,
Hergvall,2,locality,no_match,,,,,,,,,,,,0.00,no gazetteer entry,
Mittlingerrund,2,,no_match,,,,,,,,,,,,0.00,no gazetteer entry,
Forst im Mittellager,2,locality,no_match,,,,,,,,,,,,0.00,no gazetteer entry,
Karberg,2,locality,linked,osm,49.47391,12.14665,300,,,,,,,node/7737023733,0.85,,
Gottesberg,2,locality,linked,osm+geonames,49.16313,11.77176,1500,2918684,Gottesberg,P.PPL,DE,02,Q104662345,node/286829750,0.80,"far from most of the entries' other places (0% within 80 km, nearest 115 km)",
Neue Pinakothek,2,locality,linked,osm+geonames,48.14992,11.57095,100,10279205,Neue Pinakothek,S.MUS,DE,02,Q170152,relation/1644123,0.90,OSM tourism/museum named after the place; entry context 1 km (100% of the entries),
Ferneien,2,locality,no_match,,,,,,,,,,,,0.00,no gazetteer entry,
Lüberfälle,2,locality,no_match,,,,,,,,,,,,0.00,no gazetteer entry,
Wattberge,2,locality,no_match,,,,,,,,,,,,0.00,no gazetteer entry,
Mauerbauwerk,2,locality,no_match,,,,,,,,,,,,0.00,no gazetteer entry,
Isarbrücken,2,locality,no_match,,,,,,,,,,,,0.00,not geocoded yet (no Nominatim cache entry),
Haillberg,2,locality,no_match,,,,,,,,,,,,0.00,no gazetteer entry,
Mittelgeräumt,2,locality,no_match,,,,,,,,,,,,0.00,not geocoded yet (no Nominatim cache entry),
Fuchstal,2,locality,linked,osm+geonames,47.93531,10.82391,3000,3205527,Fuchstal,A.ADM4,DE,02,Q516761,relation/936650,0.95,entry context 22 km (100% of the entries),
Gänseramm,2,locality,no_match,,,,,,,,,,,,0.00,no gazetteer entry,
Neupüring,2,locality,no_match,,,,,,,,,,,,0.00,not geocoded yet (no Nominatim cache entry),
Neu-Finning,2,,no_match,,,,,,,,,,,,0.00,not geocoded yet (no Nominatim cache entry),
Griesbräu,2,,linked,osm,47.68028,11.20107,100,,,,,,,way/113679244,0.90,OSM amenity/biergarten named after the place; entry context 36 km (100% of the entries),
Ludwigswall,2,locality,no_match,,,,,,,,,,,,0.00,no gazetteer entry,
Rohrwall östlich vom Tafelberg,2,locality,no_match,,,,,,,,,,,,0.00,no gazetteer entry,
Isar unterhalb dem Ausmeister,2,locality,no_match,,,,,,,,,,,,0.00,no gazetteer entry,
Ismaning Speicherseegelände,2,locality,no_match,,,,,,,,,,,,0.00,no gazetteer entry,
Notarnwand,2,locality,no_match,,,,,,,,,,,,0.00,no gazetteer entry,
Flach,2,locality,review,osm,47.13720,11.74095,300,,,,,,,node/2825970301,0.70,"far from most of the entries' other places (0% within 80 km, nearest 112 km)",
Gründamm,2,locality,no_match,,,,,,,,,,,,0.00,no gazetteer entry,
Gütringer Kanal,2,locality,no_match,,,,,,,,,,,,0.00,no gazetteer entry,
Gürbedamm,2,locality,no_match,,,,,,,,,,,,0.00,no gazetteer entry,
Külling,2,locality,no_match,osm,47.42437,9.37249,1500,,,,,,,node/9965598374,0.30,OSM shop/optician named after the place; 183 km from the entries' other places (0% within 80 km),
Schilfbecken,2,locality,review,osm,48.94008,15.08984,1500,,,,,,,way/228032518,0.55,262 km from the entries' other places (0% within 80 km),
Königstein,2,locality,review,osm+geonames,49.60854,11.63143,1500,2885765,Königstein,P.PPL,DE,02,Q552122,relation/1028542,0.65,164 km from the entries' other places (0% within 80 km),
Kraftwerk Neufinning,2,locality,no_match,,,,,,,,,,,,0.00,no gazetteer entry,
Gießdamm,2,locality,no_match,,,,,,,,,,,,0.00,no gazetteer entry,
Westerbecken,2,locality,no_match,,,,,,,,,,,,0.00,not geocoded yet (no Nominatim cache entry),
Hans,2,locality,review,osm,50.19335,12.81444,1500,,,,,,Q1115963,way/166045129,0.55,162 km from the entries' other places (0% within 80 km),
Hans-Kanal,2,locality,no_match,,,,,,,,,,,,0.00,no gazetteer entry,
Häfining,2,,no_match,,,,,,,,,,,,0.00,no gazetteer entry,
Gfüllach,2,locality,no_match,,,,,,,,,,,,0.00,no gazetteer entry,
Pfällach,2,locality,no_match,,,,,,,,,,,,0.00,no gazetteer entry,
Gattersee,2,locality,no_match,,,,,,,,,,,,0.00,no gazetteer entry,
Seekläubech,2,locality,no_match,,,,,,,,,,,,0.00,no gazetteer entry,
Seppelberg,2,locality,review,osm,48.58469,14.69259,1500,,,,,,,node/4020078317,0.55,226 km from the entries' other places (0% within 80 km),
Bachmündung,2,locality,no_match,osm,51.17237,8.40310,1500,,,,,,,node/2328400615,0.30,OSM information/guidepost named after the place; 403 km from the entries' other places (0% within 80 km),
Freilling bei Rosenheim,2,locality,no_match,,,,,,,,,,,,0.00,no gazetteer entry,
Safitberg,2,locality,no_match,,,,,,,,,,,,0.00,no gazetteer entry,
Gärdamm,2,locality,no_match,,,,,,,,,,,,0.00,no gazetteer entry,
Waldbach,2,locality,review,osm+geonames,49.16369,9.40657,1500,2815162,Waldbach,P.PPL,DE,01,Q2541104,relation/18648042,0.65,240 km from the entries' other places (0% within 80 km),
Reifingung,2,,no_match,,,,,,,,,,,,0.00,no gazetteer entry,
Hüringer Kanal,2,,no_match,,,,,,,,,,,,0.00,no gazetteer entry,
Gönninger Waldhaus,2,locality,no_match,,,,,,,,,,,,0.00,no gazetteer entry,
Unterbuching,2,locality,no_match,,,,,,,,,,,,0.00,no gazetteer entry,
Märziv,2,,no_match,,,,,,,,,,,,0.00,no gazetteer entry,
Rohrkärnich,2,,no_match,,,,,,,,,,,,0.00,no gazetteer entry,
"Wb, Ob und Ft",2,locality,no_match,,,,,,,,,,,,0.00,no gazetteer entry,
Westbaber bis zum Staubwehr,2,locality,no_match,,,,,,,,,,,,0.00,no gazetteer entry,
Winterteich,2,locality,no_match,,,,,,,,,,,,0.00,not geocoded yet (no Nominatim cache entry),
Seege am Teich,2,locality,no_match,,,,,,,,,,,,0.00,no gazetteer entry,
Hain am WZ.,2,locality,no_match,,,,,,,,,,,,0.00,no gazetteer entry,
WZ. und Nordraum,2,locality,no_match,,,,,,,,,,,,0.00,no gazetteer entry,
Vorspannbecken,2,locality,no_match,,,,,,,,,,,,0.00,no gazetteer entry,
Alberner Kanal,2,,no_match,,,,,,,,,,,,0.00,no gazetteer entry,
Zorn,2,locality,linked,osm,47.33673,12.84870,500,,,,,,,node/3890161172,0.95,entry context 20 km (100% of the entries),
Prallteil,2,locality,no_match,,,,,,,,,,,,0.00,no gazetteer entry,
Langdorf,2,locality,linked,osm+geonames,48.22427,13.40195,1500,2773028,Langdorf,P.PPL,AT,04,,node/240058068,0.80,"far from most of the entries' other places (0% within 80 km, nearest 111 km)",
Knipfring,2,,no_match,,,,,,,,,,,,0.00,no gazetteer entry,
Isiningerkanal,2,,no_match,,,,,,,,,,,,0.00,no gazetteer entry,
Niedereis,2,locality,no_match,,,,,,,,,,,,0.00,no gazetteer entry,
Winterleiten,2,locality,linked,osm,47.79385,10.98123,300,,,,,,,node/480468115,0.85,,
Herbertingen,2,locality,linked,osm+geonames,48.06667,9.43333,2000,2906222,Herbertingen,P.PPLA4,DE,01,Q81999,relation/2805479,0.95,entry context 15 km (100% of the entries),
Sigmaringen,2,,linked,osm+geonames,48.08829,9.23033,2000,2832232,Sigmaringen,P.PPLA3,DE,01,Q82858,relation/2805406,0.95,entry context 15 km (50% of the entries),
Lorettoberg,2,locality,linked,osm,47.97492,7.83959,300,,,,,,Q1870290,node/2183908552,0.95,entry context 2 km (100% of the entries),
Mühlheim,2,locality,linked,osm+geonames,48.03122,8.88361,1500,2867982,Mühlheim an der Donau,P.PPL,DE,01,Q529127,relation/1231978,0.95,entry context 27 km (100% of the entries),
Spitzingsee,2,locality,linked,osm+geonames,47.66128,11.88755,1500,3205568,Spitzingsee,P.PPL,DE,02,Q25158532,node/59641461,0.95,,
Brenne,2,locality,linked,osm,48.31958,11.70372,1500,,,,,,,way/848819108,0.95,entry context 10 km (100% of the entries),
Dieselberg,2,locality,no_match,,,,,,,,,,,,0.00,no gazetteer entry,
Einlaufkanal,2,locality,review,osm,53.14450,12.98608,1500,,,,,,,way/26125303,0.55,554 km from the entries' other places (0% within 80 km),
Eininger Kraftwerk,2,locality,no_match,,,,,,,,,,,,0.00,no gazetteer entry,
Werra,2,locality,review,osm,50.50106,10.61461,1500,,,,,,,way/1279230261,0.55,264 km from the entries' other places (0% within 80 km),
Pärkteken,2,locality,no_match,,,,,,,,,,,,0.00,no gazetteer entry,
Bühne,2,locality,review,osm,48.32964,10.90139,1500,,,,,,,way/1082301206,0.60,OSM amenity/theatre named after the place,
Kobelitz,2,locality,no_match,,,,,,,,,,,,0.00,no gazetteer entry,
Südriges Steinwehr,2,locality,no_match,,,,,,,,,,,,0.00,no gazetteer entry,
Gebach,2,locality,no_match,,,,,,,,,,,,0.00,no gazetteer entry,
Altbach,2,,review,osm,49.56212,10.79363,3000,,,,,,,way/1353336317,0.70,"far from most of the entries' other places (0% within 80 km, nearest 129 km)",
Warmbecken,2,locality,no_match,,,,,,,,,,,,0.00,no gazetteer entry,
Süddamm bei Ki,2,locality,no_match,,,,,,,,,,,,0.00,no gazetteer entry,
Neues E.W.,2,locality,no_match,,,,,,,,,,,,0.00,not geocoded yet (no Nominatim cache entry),
Hain am Th.,2,locality,no_match,,,,,,,,,,,,0.00,no gazetteer entry,
Vll,2,locality,review,geonames,41.65541,-4.72353,5000,3106672,Valladolid,P.PPLA,ES,55,,,0.65,GeoNames alternate name match (ES),
Wb beim Hollerbusch,2,locality,no_match,,,,,,,,,,,,0.00,no gazetteer entry,
"Neufinning, Moormeier, Vhl.",2,locality,no_match,,,,,,,,,,,,0.00,no gazetteer entry,
"Zubringer, Vorfluter, Vhl.",2,locality,no_match,,,,,,,,,,,,0.00,no gazetteer entry,
Ab.,2,locality,review,osm,49.30575,13.15250,1000,,,,,,Q11706361,node/1599446156,0.55,161 km from the entries' other places (0% within 80 km),
Norddamm am Ab.,2,locality,no_match,,,,,,,,,,,,0.00,no gazetteer entry,
"Lübringer, Vorflüter",2,locality,no_match,,,,,,,,,,,,0.00,no gazetteer entry,
"Neupinnig, Lübringer",2,locality,no_match,,,,,,,,,,,,0.00,no gazetteer entry,
Lübringer bei der Moormeierie,2,locality,no_match,,,,,,,,,,,,0.00,no gazetteer entry,
Pornheim,2,locality,no_match,,,,,,,,,,,,0.00,no gazetteer entry,
Pfaffenhausen,2,locality,linked,osm+geonames,48.11878,10.45504,1500,2854411,Pfaffenhausen,P.PPL,DE,02,Q547219,relation/957724,0.80,"far from most of the entries' other places (0% within 80 km, nearest 83 km)",
Kieselau,2,locality,no_match,,,,,,,,,,,,0.00,no gazetteer entry,
Isar bei der Braunauerbrücke,2,locality,no_match,,,,,,,,,,,,0.00,no gazetteer entry,
Nußmünz,2,locality,no_match,,,,,,,,,,,,0.00,no gazetteer entry,
Gramschatzer Wald,2,locality,linked,osm+geonames,49.90830,9.95002,1500,2918142,Gramschatzer Wald,V.FRST,DE,02,Q20080744,relation/182320,0.95,entry context 17 km (100% of the entries),
Randersacker,2,locality,linked,osm+geonames,49.76021,9.98277,1500,2850523,Randersacker,P.PPL,DE,02,Q113639,relation/163737,0.95,entry context 17 km (100% of the entries),
Perlachteich,2,locality,no_match,,,,,,,,,,,,0.00,no gazetteer entry,
Niederauen,2,locality,no_match,,,,,,,,,,,,0.00,no gazetteer entry,
Kanal beim Kleinen E-Werk,2,locality,no_match,,,,,,,,,,,,0.00,no gazetteer entry,
Hollerbach,2,locality,linked,osm+geonames,48.55861,13.09250,1500,2900497,Hollerbach,P.PPL,DE,02,,node/1211063137,0.80,"far from most of the entries' other places (0% within 80 km, nearest 122 km)",
Isarinsel und Tafelberg,2,locality,no_match,,,,,,,,,,,,0.00,no gazetteer entry,
Eittinger Wehr,2,locality,no_match,,,,,,,,,,,,0.00,no gazetteer entry,
Gelbe Bank,2,locality,review,osm,50.08881,7.20588,1500,,,,,,,node/753083762,0.55,219 km from the entries' other places (0% within 80 km),
Neusiedl,2,locality,review,osm+geonames,48.79751,14.25047,1500,3069396,Novosedly,P.PPL,CZ,79,Q12041146,node/898033537,0.65,199 km from the entries' other places (0% within 80 km),
Worthaus,2,locality,no_match,osm,50.76112,6.09104,1500,,,,,,,node/1323661466,0.30,OSM shop/books named after the place; 327 km from the entries' other places (0% within 80 km),
Deppelhain am Wl.,2,locality,no_match,,,,,,,,,,,,0.00,no gazetteer entry,
Bahnhofsgelände Ismaning,2,locality,no_match,,,,,,,,,,,,0.00,no gazetteer entry,
Seidrich-Teiche,2,locality,no_match,,,,,,,,,,,,0.00,no gazetteer entry,
Winterfütterung,2,locality,no_match,,,,,,,,,,,,0.00,no gazetteer entry,
VK+,2,locality,no_match,geonames,54.75844,-2.69531,2000,2635167,United Kingdom of Great Britain and Northern Ireland,A.PCLI,GB,00,,,0.30,GeoNames alternate name match (GB),
Zentralalpen,2,locality,linked,osm,48.16341,11.49741,1500,,,,,,,way/669786943,0.95,entry context 6 km (100% of the entries),
Tiroler Alpen,2,locality,no_match,,,,,,,,,,,,0.00,no gazetteer entry,
Rupertigau,2,locality,review,osm,47.78085,12.96185,100,,,,,,,node/7838881652,0.45,"OSM amenity/restaurant named after the place; far from most of the entries' other places (0% within 80 km, nearest 111 km)",
Gundremmingen,2,locality,linked,osm+geonames,48.50000,10.40000,2000,2913657,Gundremmingen,P.PPLA4,DE,02,Q507819,relation/964239,0.80,"far from most of the entries' other places (0% within 80 km, nearest 96 km)",
Marienbrunnen,2,locality,linked,osm,48.35524,10.97872,1500,,,,,,Q41295237,way/331295775,0.90,OSM amenity/fountain named after the place; entry context 6 km (100% of the entries),
Chiemseeturm,2,locality,no_match,,,,,,,,,,,,0.00,no gazetteer entry,
Klinik,2,locality,linked,osm,48.17195,11.57832,1500,,,,,,Q1170136,way/30683541,0.90,OSM amenity/hospital named after the place; entry context 4 km (100% of the entries),
Kolonie-Bezirk,2,locality,no_match,,,,,,,,,,,,0.00,no gazetteer entry,
Mornach,2,locality,review,osm+geonames,47.50431,7.25402,1500,2993644,Mœrnach,P.PPL,FR,44,Q148556,relation/391833,0.65,327 km from the entries' other places (0% within 80 km),
Fichtenkolonie,2,locality,no_match,,,,,,,,,,,,0.00,no gazetteer entry,
Karlschöniger Berg,2,locality,no_match,,,,,,,,,,,,0.00,no gazetteer entry,
Krautacker,2,locality,review,osm,50.01286,9.86898,500,,,,,,,node/9556293374,0.55,238 km from the entries' other places (0% within 80 km),
Pappelheim,2,locality,review,osm,52.45707,13.45013,1500,,,,,,,way/199618507,0.55,486 km from the entries' other places (0% within 80 km),
Ismaning Süddamm,2,locality,no_match,,,,,,,,,,,,0.00,not geocoded yet (no Nominatim cache entry),
Ismaning Kanal,2,locality,no_match,,,,,,,,,,,,0.00,not geocoded yet (no Nominatim cache entry),
Bauh,2,locality,no_match,,,,,,,,,,,,0.00,not geocoded yet (no Nominatim cache entry),
Nordmauer,2,locality,no_match,,,,,,,,,,,,0.00,no gazetteer entry,
Hünerturm und Nordmauer,2,locality,no_match,,,,,,,,,,,,0.00,no gazetteer entry,
Brachl,2,locality,no_match,,,,,,,,,,,,0.00,no gazetteer entry,
Wall,2,locality,linked,geonames,48.11552,12.06723,1500,2814698,Wall,P.PPL,DE,02,,,0.95,GeoNames primary name match (DE); entry context 31 km (100% of the entries),
Klärteiche und Norddamm,2,locality,no_match,,,,,,,,,,,,0.00,no gazetteer entry,
Femming,2,locality,no_match,,,,,,,,,,,,0.00,no gazetteer entry,
Luginslandhalde,2,locality,no_match,,,,,,,,,,,,0.00,no gazetteer entry,
Kirchenstift,2,locality,no_match,,,,,,,,,,,,0.00,no gazetteer entry,
Isarbrücke beim Wehr,2,locality,no_match,,,,,,,,,,,,0.00,no gazetteer entry,
Wasserfälle,2,locality,review,osm,47.47149,12.86183,1500,,,,,,,node/3050443056,0.70,"far from most of the entries' other places (0% within 80 km, nearest 97 km)",
Kapuziner Hölzl,2,locality,no_match,,,,,,,,,,,,0.00,not geocoded yet (no Nominatim cache entry),
Heubachbereich,2,locality,no_match,,,,,,,,,,,,0.00,no gazetteer entry,
EKW.-Kanal-Mündung,2,locality,no_match,,,,,,,,,,,,0.00,no gazetteer entry,
Neuhaus-West,2,,no_match,,,,,,,,,,,,0.00,no gazetteer entry,
Starkberg,2,locality,review,osm,-18.87707,14.50418,300,,,,,,,node/5419468867,0.55,7445 km from the entries' other places (0% within 80 km),
Fohlenshirger Baggersee,2,locality,no_match,,,,,,,,,,,,0.00,no gazetteer entry,
Schwimmbad,2,,review,osm,49.73432,8.94563,1000,,,,,,,way/254264596,0.70,"far from most of the entries' other places (0% within 80 km, nearest 134 km)",
Schönblick,2,,review,osm,48.90118,11.16039,500,,,,,,Q30134177,node/9556378998,0.70,"far from most of the entries' other places (0% within 80 km, nearest 124 km)",
Nahrscheuche,2,locality,no_match,,,,,,,,,,,,0.00,no gazetteer entry,
Waldschenke,2,locality,linked,osm,47.48254,9.24515,500,,,,,,,node/10690505090,0.95,entry context 7 km (100% of the entries),
Ottobrunn,2,locality,linked,osm+geonames,48.06489,11.66327,2000,2855935,Ottobrunn bei München,P.PPLA4,DE,02,Q506388,relation/2168250,0.95,entry context 10 km (100% of the entries),
Pöttmes,2,locality,linked,osm+geonames,48.58383,11.08762,1500,2852422,Pöttmes,P.PPL,DE,02,Q251897,relation/161964,0.95,,
Tierpark- und Flaucherauen,2,locality,no_match,,,,,,,,,,,,0.00,no gazetteer entry,
Fleckwiesen,2,locality,no_match,,,,,,,,,,,,0.00,no gazetteer entry,
Uferfülle,2,locality,no_match,,,,,,,,,,,,0.00,not geocoded yet (no Nominatim cache entry),
Barkauerkeller,2,locality,no_match,,,,,,,,,,,,0.00,no gazetteer entry,
Steinberg bei Hammerstadt,2,locality,no_match,,,,,,,,,,,,0.00,no gazetteer entry,
Aufingring,2,,no_match,,,,,,,,,,,,0.00,no gazetteer entry,
Ruinen-Waldblöße,2,locality,no_match,,,,,,,,,,,,0.00,no gazetteer entry,
Hutina,2,locality,linked,osm,49.16912,13.62732,500,,,,,,,node/4267711685,0.85,,
Rth.,2,locality,no_match,geonames,47.28673,9.53605,300,11963402,Rüthi SG,S.RSTN,CH,SG,,,0.35,GeoNames alternate name match (CH),
Rb.,2,locality,no_match,,,,,,,,,,,,0.00,no gazetteer entry,
Nb. Westende,2,locality,no_match,,,,,,,,,,,,0.00,no gazetteer entry,
Augerwiesen,2,locality,no_match,,,,,,,,,,,,0.00,no gazetteer entry,
Park bei der Ruine,2,locality,no_match,,,,,,,,,,,,0.00,no gazetteer entry,
Freigel,2,locality,no_match,,,,,,,,,,,,0.00,no gazetteer entry,
Mittlergewand,2,locality,no_match,,,,,,,,,,,,0.00,not geocoded yet (no Nominatim cache entry),
Rinderäicham,2,locality,no_match,,,,,,,,,,,,0.00,no gazetteer entry,
Rinderäschen,2,locality,no_match,,,,,,,,,,,,0.00,no gazetteer entry,
Vorklärbeich,2,locality,no_match,,,,,,,,,,,,0.00,not geocoded yet (no Nominatim cache entry),
Stallerteich,2,locality,no_match,,,,,,,,,,,,0.00,no gazetteer entry,
Tafelbach,2,,review,osm,48.03102,8.33884,1500,,,,,,,way/587331999,0.55,249 km from the entries' other places (0% within 80 km),
Gurtdamm,2,locality,no_match,,,,,,,,,,,,0.00,not geocoded yet (no Nominatim cache entry),
Maing,2,locality,no_match,geonames,50.30791,3.48447,1500,2996660,Maing,P.PPL,FR,32,,,0.20,GeoNames primary name match (FR); 550 km from the entries' other places (0% within 80 km),
Maingersee,2,locality,no_match,,,,,,,,,,,,0.00,no gazetteer entry,
Ismaninger Teichgut,2,locality,no_match,,,,,,,,,,,,0.00,no gazetteer entry,
Burtenbach,2,locality,linked,osm+geonames,48.34051,10.45280,1500,2940929,Burtenbach,P.PPL,DE,02,Q627402,relation/964145,0.80,"far from most of the entries' other places (0% within 80 km, nearest 86 km)",
Blasiuskirche,2,locality,review,osm,47.25094,11.32514,1500,,,,,,Q38069404,way/98173765,0.45,"OSM amenity/place_of_worship named after the place; far from most of the entries' other places (0% within 80 km, nearest 88 km)",
Ambertshofen,2,locality,no_match,,,,,,,,,,,,0.00,no gazetteer entry,
Staltbergen,2,locality,no_match,,,,,,,,,,,,0.00,not geocoded yet (no Nominatim cache entry),
Kaprun,2,locality,linked,osm+geonames,47.27239,12.75985,2000,2774758,Kaprun,P.PPLA3,AT,05,Q660671,relation/945977,0.95,,
Reiherwiese,2,locality,no_match,,,,,,,,,,,,0.00,no gazetteer entry,
Archabling,2,locality,no_match,,,,,,,,,,,,0.00,no gazetteer entry,
Knöfining,2,,no_match,,,,,,,,,,,,0.00,no gazetteer entry,
Gewandhaus,2,locality,no_match,osm,48.18774,9.27743,1500,,,,,,Q21035603,node/11124637029,0.30,OSM tourism/museum named after the place; 170 km from the entries' other places (0% within 80 km),
Rococo-Bühne,2,locality,no_match,,,,,,,,,,,,0.00,no gazetteer entry,
Steinmarter Tal,2,locality,no_match,,,,,,,,,,,,0.00,no gazetteer entry,
Gmainer,2,locality,linked,osm,47.75640,12.12550,1500,,,,,,,way/290064286,0.85,,
Tiefbrunnen,2,locality,linked,osm,48.39468,10.69771,1500,,,,,,,way/469164469,0.85,,
Einzieger Waldsaum,2,locality,no_match,,,,,,,,,,,,0.00,no gazetteer entry,
Seehläler,2,locality,no_match,,,,,,,,,,,,0.00,no gazetteer entry,
Vorderlinden,2,locality,no_match,,,,,,,,,,,,0.00,no gazetteer entry,
Isüllach,2,locality,no_match,,,,,,,,,,,,0.00,no gazetteer entry,
Phb.,2,locality,review,osm,52.24901,6.17981,1500,,,,,,,node/2675047795,0.60,OSM office/company named after the place,
Gelbbachmündung,2,locality,no_match,,,,,,,,,,,,0.00,not geocoded yet (no Nominatim cache entry),
Gelbbach,2,locality,linked,osm,48.88500,9.72054,1500,,,,,,,way/436218116,0.85,,
Pasinger Kanal,2,,no_match,,,,,,,,,,,,0.00,no gazetteer entry,
Giesinger Waldbauer,2,locality,no_match,,,,,,,,,,,,0.00,no gazetteer entry,
Westermann,2,locality,review,osm,51.73347,8.19916,1500,,,,,,,way/234244348,0.55,467 km from the entries' other places (0% within 80 km),
Ermenreid,2,locality,no_match,,,,,,,,,,,,0.00,no gazetteer entry,
Seefelde,2,,review,osm,52.39385,13.51209,500,,,,,,,node/428099890,0.55,389 km from the entries' other places (0% within 80 km),
Frasdorf,2,locality,linked,osm+geonames,47.80376,12.28512,2000,2925458,Frasdorf,P.PPLA4,DE,02,Q126889,relation/2186922,0.95,,
Kirchsteine,2,locality,review,osm,50.54629,15.19328,300,,,,,,,node/3553751854,0.55,200 km from the entries' other places (0% within 80 km),
Giebelwände,2,locality,no_match,,,,,,,,,,,,0.00,no gazetteer entry,
Vorhälterteich,2,locality,no_match,,,,,,,,,,,,0.00,no gazetteer entry,
Gelbachsee,2,locality,no_match,,,,,,,,,,,,0.00,no gazetteer entry,
Giertherner,2,,no_match,,,,,,,,,,,,0.00,no gazetteer entry,
Flatterbrücke,2,,no_match,,,,,,,,,,,,0.00,no gazetteer entry,
Station Türke,2,,no_match,,,,,,,,,,,,0.00,no gazetteer entry,
Doppeltraun,2,locality,no_match,,,,,,,,,,,,0.00,no gazetteer entry,
Kanal beim neuen E.W.,2,locality,no_match,,,,,,,,,,,,0.00,no gazetteer entry,
Lautshamen,2,,no_match,,,,,,,,,,,,0.00,no gazetteer entry,
Gäerturm,2,,no_match,,,,,,,,,,,,0.00,no gazetteer entry,
Spbh.,2,,no_match,,,,,,,,,,,,0.00,no gazetteer entry,
Fininger Allee,2,,no_match,,,,,,,,,,,,0.00,not geocoded yet (no Nominatim cache entry),
Hain am Vkl,2,locality,no_match,,,,,,,,,,,,0.00,no gazetteer entry,
Zaunturm,2,locality,no_match,,,,,,,,,,,,0.00,no gazetteer entry,
Pappelhein am Vll.,2,locality,no_match,,,,,,,,,,,,0.00,no gazetteer entry,
Durchlaß,2,locality,review,osm,49.41481,12.46351,1500,,,,,,,way/10425647,0.55,156 km from the entries' other places (0% within 80 km),
Vll.,2,locality,review,geonames,41.65541,-4.72353,5000,3106672,Valladolid,P.PPLA,ES,55,,,0.65,GeoNames alternate name match (ES),
Gollaeck,2,locality,no_match,,,,,,,,,,,,0.00,no gazetteer entry,
Ausfluß,2,locality,review,osm,47.45742,9.36820,1500,,,,,,,way/577786074,0.55,181 km from the entries' other places (0% within 80 km),
Gollaeck-Ausfluß,2,locality,no_match,,,,,,,,,,,,0.00,no gazetteer entry,
Rohrbrechwiesen,2,locality,no_match,,,,,,,,,,,,0.00,no gazetteer entry,
Nordrand des O.,2,locality,no_match,,,,,,,,,,,,0.00,no gazetteer entry,
Ismaninger Speichersee Norddamm,2,locality,no_match,,,,,,,,,,,,0.00,no gazetteer entry,
Ismaninger Speichersee Damm,2,locality,no_match,,,,,,,,,,,,0.00,no gazetteer entry,
Nordkanal - Abzugsgraben,2,locality,no_match,,,,,,,,,,,,0.00,no gazetteer entry,
Isar unterhalb der Fernwehr,2,locality,no_match,,,,,,,,,,,,0.00,no gazetteer entry,
Kleiner Teich,2,locality,review,osm,50.56088,12.95205,1500,,,,,,,way/589858367,0.55,275 km from the entries' other places (0% within 80 km),
Konradfischer,2,locality,no_match,,,,,,,,,,,,0.00,no gazetteer entry,
Alter Einlass,2,locality,no_match,,,,,,,,,,,,0.00,no gazetteer entry,
Alzgraben,2,locality,no_match,,,,,,,,,,,,0.00,no gazetteer entry,
Einmündung Föhringer Kanal,2,locality,no_match,,,,,,,,,,,,0.00,no gazetteer entry,
Baracke am VII,2,locality,no_match,,,,,,,,,,,,0.00,no gazetteer entry,
Pieringer Allee,2,locality,no_match,,,,,,,,,,,,0.00,no gazetteer entry,
Kellerbach,2,locality,review,osm,47.47993,10.93813,1500,,,,,,,way/1022374374,0.70,"far from most of the entries' other places (0% within 80 km, nearest 87 km)",
Güteramm im Wb.,2,locality,no_match,,,,,,,,,,,,0.00,no gazetteer entry,
Getbach,2,locality,no_match,,,,,,,,,,,,0.00,no gazetteer entry,
Hollerbrink,2,locality,no_match,,,,,,,,,,,,0.00,no gazetteer entry,
Bb. am Güteramm,2,locality,no_match,,,,,,,,,,,,0.00,no gazetteer entry,
Vb. beim Hollerbrink,2,locality,no_match,,,,,,,,,,,,0.00,no gazetteer entry,
Vb. vor dem Turm,2,locality,no_match,,,,,,,,,,,,0.00,no gazetteer entry,
Bb. beim Güteramm,2,locality,no_match,,,,,,,,,,,,0.00,no gazetteer entry,
Th. am Gürtamm,2,locality,no_match,,,,,,,,,,,,0.00,no gazetteer entry,
Gürtamm im W.,2,locality,no_match,,,,,,,,,,,,0.00,no gazetteer entry,
Feldmark,2,locality,review,osm+geonames,51.50846,7.07874,1500,11609477,Feldmark,P.PPL,DE,07,Q12809655,relation/54056,0.65,491 km from the entries' other places (0% within 80 km),
Gänseturm,2,locality,no_match,osm,50.09306,10.79430,1500,,,,,,Q41322345,way/339151026,0.30,OSM man_made/tower named after the place; 217 km from the entries' other places (0% within 80 km),
Fülling,2,locality,linked,osm,47.77610,11.92833,500,,,,,,,node/1063551197,0.85,,
Hollertümpel,2,locality,no_match,,,,,,,,,,,,0.00,no gazetteer entry,
Nb. + V.B.,2,locality,no_match,,,,,,,,,,,,0.00,no gazetteer entry,
Nordhang,2,locality,review,osm,50.50266,9.93988,1500,,,,,,,way/126643527,0.60,OSM landuse/grass named after the place,
Grubenteich,2,locality,linked,osm,51.65006,14.58976,1000,,,,,,,way/259198595,0.85,,
Essinger Stausee,2,locality,no_match,,,,,,,,,,,,0.00,no gazetteer entry,
Fr.,2,locality,review,geonames,53.16667,5.83333,50000,2755812,Provincie Friesland,A.ADM1,NL,02,,,0.45,GeoNames contains name match (NL),
Flbg,2,locality,no_match,,,,,,,,,,,,0.00,no gazetteer entry,
Flb.,2,locality,no_match,osm,50.09207,8.63462,1500,,,,,,,node/13821898714,0.30,OSM office/company named after the place; 247 km from the entries' other places (0% within 80 km),
Haart.,2,locality,review,osm+geonames,51.91250,6.61944,1500,2754982,Haart,P.PPL,NL,03,,node/5551500262,0.65,549 km from the entries' other places (0% within 80 km),
Sanatoriumsbruch,2,locality,no_match,,,,,,,,,,,,0.00,no gazetteer entry,
Seebruchwiesen,2,locality,no_match,,,,,,,,,,,,0.00,no gazetteer entry,
Siel,2,locality,review,osm,51.52958,12.62158,1500,,,,,,,node/3309879213,0.55,372 km from the entries' other places (0% within 80 km),
Stallertrick - Ebertshamm,2,locality,no_match,,,,,,,,,,,,0.00,no gazetteer entry,
Seekürbiskolonie,2,locality,no_match,,,,,,,,,,,,0.00,no gazetteer entry,
Püppelhain,2,locality,no_match,,,,,,,,,,,,0.00,no gazetteer entry,
Häselgehr-Lermoos,2,locality,no_match,,,,,,,,,,,,0.00,no gazetteer entry,
Seckbach,2,locality,review,osm+geonames,50.14534,8.72589,1000,2834078,Seckbach,P.PPLX,DE,05,Q314890,relation/4206776,0.65,383 km from the entries' other places (0% within 80 km),
Flursand,2,locality,no_match,,,,,,,,,,,,0.00,no gazetteer entry,
Finnig,2,locality,no_match,,,,,,,,,,,,0.00,not geocoded yet (no Nominatim cache entry),
Forstnersee,2,locality,no_match,,,,,,,,,,,,0.00,no gazetteer entry,
Schuttberge,2,locality,no_match,,,,,,,,,,,,0.00,no gazetteer entry,
Schattenwiese,2,locality,review,osm,48.16895,16.20325,1500,,,,,,,way/26382903,0.55,343 km from the entries' other places (0% within 80 km),
Hochspessart,2,locality,no_match,osm,49.94899,9.45278,1500,,,,,,,way/1432023741,0.30,OSM building/yes named after the place; 254 km from the entries' other places (0% within 80 km),
Santeeichen-Kolonie,2,locality,no_match,,,,,,,,,,,,0.00,no gazetteer entry,
Giesinger Feldheim,2,locality,no_match,,,,,,,,,,,,0.00,no gazetteer entry,
Geringer Waldheim,2,locality,no_match,,,,,,,,,,,,0.00,no gazetteer entry,
Schollerwiese,2,locality,no_match,,,,,,,,,,,,0.00,no gazetteer entry,
Österreich,2,locality,review,osm,47.59397,14.12456,3000,,,,,,Q40,relation/16239,0.55,200 km from the entries' other places (0% within 80 km),
Nymphenburger Berg,2,locality,no_match,,,,,,,,,,,,0.00,no gazetteer entry,
Nordseite,2,locality,no_match,geonames,53.16475,8.75402,800,2861872,Nordseite,P.PPLL,DE,06,,,0.30,GeoNames primary name match (DE); 593 km from the entries' other places (0% within 80 km),
Abendbäume beim Kamin,2,locality,no_match,,,,,,,,,,,,0.00,no gazetteer entry,
Dritter Weiher,2,locality,no_match,,,,,,,,,,,,0.00,no gazetteer entry,
Schloßwiesen,2,locality,review,osm,47.75335,9.31850,500,,,,,,,node/12786724261,0.55,173 km from the entries' other places (0% within 80 km),
Schottmannwiese,2,locality,no_match,,,,,,,,,,,,0.00,no gazetteer entry,
Fantasie,2,locality,review,osm,48.20824,12.39517,1500,,,,,,,node/6834291469,0.60,OSM tourism/artwork named after the place,
Giesinger Feldstein,2,locality,no_match,,,,,,,,,,,,0.00,no gazetteer entry,
Steinachna,2,locality,no_match,,,,,,,,,,,,0.00,no gazetteer entry,
Plattenwiese,2,locality,review,osm,48.06146,16.10022,500,,,,,,,node/5699511425,0.55,336 km from the entries' other places (0% within 80 km),
Karlinger Kirchlein,2,locality,no_match,,,,,,,,,,,,0.00,no gazetteer entry,
Kanal beim E.W.,2,locality,no_match,,,,,,,,,,,,0.00,not geocoded yet (no Nominatim cache entry),
Marienkapelle,2,locality,review,osm,48.78639,9.79818,1500,,,,,,Q16449197,way/91892963,0.45,"OSM amenity/place_of_worship named after the place; far from most of the entries' other places (0% within 80 km, nearest 150 km)",
Schottenwiese am Fort,2,locality,no_match,,,,,,,,,,,,0.00,no gazetteer entry,
Isarbank,2,locality,no_match,,,,,,,,,,,,0.00,no gazetteer entry,
Wang,2,locality,linked,osm+geonames,48.49549,11.93641,2000,2814294,Wang,P.PPLA4,DE,02,Q514499,relation/29829,0.95,,
Kirchlein,2,locality,review,osm+geonames,50.15463,11.30484,1500,2890427,Kirchlein,P.PPL,DE,02,Q1672634,node/1054025245,0.65,225 km from the entries' other places (0% within 80 km),
Flachloke,2,locality,no_match,,,,,,,,,,,,0.00,no gazetteer entry,
Marienklause,2,locality,linked,osm,48.09226,11.55159,1500,,,,,,Q1659088,way/1123862068,0.90,OSM amenity/place_of_worship named after the place; entry context 5 km (100% of the entries),
Reissing,2,,linked,osm+geonames,48.75636,12.63865,1500,2848520,Reißing,P.PPL,DE,02,Q117309053,node/995320034,0.95,,
Jüdemmoos,2,,no_match,,,,,,,,,,,,0.00,no gazetteer entry,
Dükerdamm,2,,no_match,,,,,,,,,,,,0.00,no gazetteer entry,
Notbecken,2,,no_match,,,,,,,,,,,,0.00,no gazetteer entry,
Vogelkoje,2,locality,review,osm+geonames,54.66360,8.32537,800,13178541,Vogelkoje,L.PRK,DE,10,,way/38196588,0.65,760 km from the entries' other places (0% within 80 km),
Landshamer Vogelkoje,2,locality,no_match,,,,,,,,,,,,0.00,no gazetteer entry,
Dammwildgehege-Abfluss,2,locality,no_match,,,,,,,,,,,,0.00,no gazetteer entry,
Westfichten,2,locality,no_match,,,,,,,,,,,,0.00,no gazetteer entry,
Querdammspritze,2,locality,no_match,,,,,,,,,,,,0.00,no gazetteer entry,
Beising,2,locality,no_match,,,,,,,,,,,,0.00,no gazetteer entry,
Harlachinger Berg und Flaucher-Auen,2,locality,no_match,,,,,,,,,,,,0.00,no gazetteer entry,
Eberfäller,2,locality,no_match,,,,,,,,,,,,0.00,not geocoded yet (no Nominatim cache entry),
Manning am See,2,locality,no_match,,,,,,,,,,,,0.00,no gazetteer entry,
Kiesgrube des weiten Hauses,2,locality,no_match,,,,,,,,,,,,0.00,no gazetteer entry,
Klausen-Kapelle,2,locality,review,osm,47.45247,12.34153,1500,,,,,,Q37755974,way/192056423,0.45,"OSM amenity/place_of_worship named after the place; far from most of the entries' other places (0% within 80 km, nearest 95 km)",
"München, Justizanlagen",2,locality,no_match,,,,,,,,,,,,0.00,no gazetteer entry,
Glockenhofer,2,locality,no_match,,,,,,,,,,,,0.00,no gazetteer entry,
Schömberg,2,locality,review,osm+geonames,50.75962,12.02016,2000,2837114,Schömberg,P.PPLA4,DE,15,Q539029,relation/2793021,0.65,199 km from the entries' other places (0% within 80 km),
Kiespiring,2,locality,no_match,,,,,,,,,,,,0.00,no gazetteer entry,
Seeschlag,2,,review,osm,49.53805,11.76409,500,,,,,,,node/12278761636,0.70,"far from most of the entries' other places (0% within 80 km, nearest 145 km)",
Staudamm,2,,review,osm,47.20001,11.02195,1500,,,,,,Q25767730,way/23399672,0.70,"far from most of the entries' other places (0% within 80 km, nearest 112 km)",
Ganterhofen,2,locality,no_match,,,,,,,,,,,,0.00,no gazetteer entry,
Stötzen,2,locality,review,osm,49.77513,8.54310,500,,,,,,,node/5512662691,0.55,286 km from the entries' other places (0% within 80 km),
Lucienne-Kapelle,2,locality,no_match,,,,,,,,,,,,0.00,no gazetteer entry,
Steinmetzkanal,2,,no_match,,,,,,,,,,,,0.00,no gazetteer entry,
Restaurant Spitz,2,,no_match,,,,,,,,,,,,0.00,no gazetteer entry,
Zoo Basel,2,locality,linked,geonames,47.54702,7.57833,500,6698585,Zoo Basel,S.ZOO,CH,BS,Q220009,,0.85,GeoNames primary name match (CH); entry context 1 km (100% of the entries),
Zuerich,2,,review,geonames,47.36667,8.55000,5000,2657896,Zürich,P.PPLA,CH,ZH,,,0.60,GeoNames primary name match (CH),
Freimanner Isar,2,locality,no_match,,,,,,,,,,,,0.00,no gazetteer entry,
Isar-Wehrw.,2,locality,no_match,,,,,,,,,,,,0.00,no gazetteer entry,
Wehrarm und Regenbruiner Brücke,2,locality,no_match,,,,,,,,,,,,0.00,no gazetteer entry,
Winterlichten,2,locality,no_match,,,,,,,,,,,,0.00,no gazetteer entry,
Schöne-Abend,2,,no_match,,,,,,,,,,,,0.00,no gazetteer entry,
Kaufbeuren Markt,2,locality,no_match,,,,,,,,,,,,0.00,no gazetteer entry,
Kreuztal,2,locality,linked,osm+geonames,50.96775,7.98848,1500,2884050,Kreuztal,P.PPL,DE,07,Q5999,relation/163254,0.95,,
Tiefbecken,2,locality,no_match,,,,,,,,,,,,0.00,no gazetteer entry,
Obermooswanger Fähre,2,locality,no_match,,,,,,,,,,,,0.00,no gazetteer entry,
Wendelstein Berghotel,2,,no_match,,,,,,,,,,,,0.00,no gazetteer entry,
Sattel,2,,linked,osm,49.57506,11.59527,300,,,,,,,node/11164746488,0.85,,
W. Insel,2,locality,no_match,,,,,,,,,,,,0.00,no gazetteer entry,
Großes Schifffeld,2,locality,no_match,,,,,,,,,,,,0.00,not geocoded yet (no Nominatim cache entry),
Westau,2,locality,no_match,,,,,,,,,,,,0.00,no gazetteer entry,
Kastenau,2,locality,linked,osm,47.84704,12.14485,1000,,,,,,,node/1648204775,0.85,,
Winterfelder,2,locality,no_match,osm,52.73858,11.24335,100,,,,,,,node/3183927756,0.30,OSM amenity/restaurant named after the place; 512 km from the entries' other places (0% within 80 km),
W.T.,2,locality,no_match,,,,,,,,,,,,0.00,no gazetteer entry,
Dorfsee,2,locality,review,osm,49.06951,10.03257,1000,,,,,,,way/148642148,0.55,154 km from the entries' other places (0% within 80 km),
Park der Genimm,2,locality,no_match,,,,,,,,,,,,0.00,no gazetteer entry,
Stetteldorf am Wagram,2,locality,linked,osm+geonames,48.40815,16.01862,2000,2764368,Stetteldorf am Wagram,P.PPLA3,AT,03,Q666571,relation/106742,0.95,entry context 3 km (100% of the entries),
Absdorf,2,locality,linked,osm+geonames,48.40021,15.97874,2000,11903601,Absdorf,P.PPLA3,AT,03,Q332195,relation/106743,0.95,entry context 3 km (100% of the entries),
Stockerau,2,locality,linked,osm+geonames,48.38333,16.21667,2000,2764279,Stockerau,P.PPLA3,AT,03,Q494283,relation/114897,0.95,entry context 9 km (100% of the entries),
Korneuburg,2,locality,linked,osm+geonames,48.35000,16.33333,2000,2773698,Korneuburg,P.PPLA3,AT,03,Q659841,relation/114756,0.95,entry context 3 km (100% of the entries),
Bisamberg,2,locality,linked,osm+geonames,48.33125,16.36090,2000,2781742,Bisamberg,P.PPLA3,AT,03,Q662813,relation/114785,0.95,entry context 3 km (100% of the entries),
Langenzersdorf,2,locality,linked,osm+geonames,48.30432,16.36143,2000,2772998,Langenzersdorf,P.PPLA3,AT,03,Q675616,relation/114764,0.95,entry context 3 km (100% of the entries),
Jedlesee,2,locality,linked,osm+geonames,48.26667,16.40000,1000,2775098,Jedlesee,P.PPLX,AT,09,Q1686163,relation/5855902,0.95,entry context 2 km (100% of the entries),
Floridsdorf,2,locality,linked,osm+geonames,48.25000,16.40000,1000,2779469,Floridsdorf,P.PPLX,AT,09,Q264645,relation/1991437,0.95,entry context 2 km (100% of the entries),
Stadlau,2,locality,linked,osm+geonames,48.23333,16.45000,1000,2764735,Stadlau,P.PPLX,AT,09,Q1777167,relation/5848644,0.95,entry context 3 km (100% of the entries),
Aspern,2,locality,linked,osm+geonames,48.21806,16.48306,1000,2782315,Aspern,P.PPLX,AT,09,Q93854,relation/5848110,0.95,entry context 3 km (100% of the entries),
Essling,2,locality,linked,osm+geonames,48.21289,16.52442,1000,2779912,Essling,P.PPLX,AT,09,Q80340,relation/5847697,0.95,entry context 2 km (100% of the entries),
Groß-Enzersdorf,2,locality,linked,osm+geonames,48.20278,16.55083,2000,2777836,Groß-Enzersdorf,P.PPLA3,AT,03,Q871555,relation/104864,0.95,entry context 2 km (100% of the entries),
Raasdorf,2,locality,linked,osm+geonames,48.24657,16.56532,2000,2768171,Raasdorf,P.PPLA3,AT,03,Q700182,relation/103999,0.95,entry context 5 km (100% of the entries),
Glinzendorf,2,locality,linked,osm+geonames,48.24605,16.64060,2000,2778470,Glinzendorf,P.PPLA3,AT,03,Q682780,relation/104347,0.95,entry context 2 km (100% of the entries),
Markgrafneusiedl,2,locality,linked,osm+geonames,48.26667,16.63333,2000,2771881,Markgrafneusiedl,P.PPLA3,AT,03,Q688849,relation/104146,0.95,entry context 2 km (100% of the entries),
Obersiebenbrunn,2,locality,linked,osm+geonames,48.26537,16.71076,2000,2769721,Obersiebenbrunn,P.PPLA3,AT,03,Q686384,relation/106292,0.95,entry context 3 km (100% of the entries),
Untersiebenbrunn,2,locality,linked,osm+geonames,48.25674,16.74526,2000,2762647,Untersiebenbrunn,P.PPLA3,AT,03,Q645045,relation/106290,0.95,entry context 3 km (100% of the entries),
Lassee,2,locality,linked,osm+geonames,48.22479,16.82230,2000,2772902,Lassee,P.PPLA3,AT,03,Q699625,relation/106285,0.95,entry context 7 km (100% of the entries),
Dorfteich Wasserkel,2,locality,no_match,,,,,,,,,,,,0.00,no gazetteer entry,
Feldteich Oberholz,2,locality,no_match,,,,,,,,,,,,0.00,no gazetteer entry,
Brandis Westgrube,2,locality,no_match,,,,,,,,,,,,0.00,no gazetteer entry,
Brandis Ostgrube,2,locality,no_match,,,,,,,,,,,,0.00,no gazetteer entry,
Kiesinsel im Wb.,2,locality,no_match,,,,,,,,,,,,0.00,no gazetteer entry,
Park am Greiner,2,locality,no_match,,,,,,,,,,,,0.00,no gazetteer entry,
Greiner,2,locality,review,osm,47.93927,12.82452,1500,,,,,,,node/773590417,0.70,"far from most of the entries' other places (0% within 80 km, nearest 95 km)",
Steppingen,2,locality,no_match,,,,,,,,,,,,0.00,no gazetteer entry,
Angermoos bei Słupca,2,locality,no_match,,,,,,,,,,,,0.00,no gazetteer entry,
Alt-Fining,2,,no_match,,,,,,,,,,,,0.00,no gazetteer entry,
Topilka-Hg,2,,no_match,,,,,,,,,,,,0.00,no gazetteer entry,
Grevenerdamm,2,locality,no_match,,,,,,,,,,,,0.00,no gazetteer entry,
Sonnendorf,2,locality,linked,osm+geonames,48.33394,12.05857,1500,2831171,Sonnendorf,P.PPL,DE,02,,node/279387505,0.95,entry context 10 km (100% of the entries),
Goldseebe,2,locality,no_match,,,,,,,,,,,,0.00,no gazetteer entry,
Ismaninger Brücke,2,locality,no_match,,,,,,,,,,,,0.00,no gazetteer entry,
Hirsch-Walthaus,2,locality,no_match,,,,,,,,,,,,0.00,no gazetteer entry,
Murnau am See,2,locality,no_match,,,,,,,,,,,,0.00,no gazetteer entry,
Weimere,2,locality,no_match,,,,,,,,,,,,0.00,no gazetteer entry,
Westbecken beim Keilberg,2,locality,no_match,,,,,,,,,,,,0.00,no gazetteer entry,
Vogelberg,2,,linked,osm+geonames,47.59936,10.75646,500,2817029,Vogelberg,T.MT,DE,02,Q31516509,node/4102642088,0.80,"far from most of the entries' other places (0% within 80 km, nearest 99 km)",
Südwestsee,2,locality,no_match,,,,,,,,,,,,0.00,no gazetteer entry,
Teichstriche,2,locality,no_match,,,,,,,,,,,,0.00,no gazetteer entry,
Gürtelsaum im Nordwesten,2,locality,no_match,,,,,,,,,,,,0.00,no gazetteer entry,
Turm Nord,2,,no_match,osm,49.41316,8.67098,1500,,,,,,,way/401635740,0.30,OSM building/dormitory named after the place; 256 km from the entries' other places (0% within 80 km),
Westbecken östlich von Dorfteich,2,locality,no_match,,,,,,,,,,,,0.00,no gazetteer entry,
Kierinsel Spitze,2,locality,no_match,,,,,,,,,,,,0.00,no gazetteer entry,
Gelbachen,2,locality,no_match,,,,,,,,,,,,0.00,no gazetteer entry,
Kierinsel,2,locality,no_match,,,,,,,,,,,,0.00,no gazetteer entry,
Dorfteich,2,locality,linked,osm,50.56703,11.90848,1000,,,,,,,way/71124031,0.85,,
Gollwetz,2,locality,no_match,,,,,,,,,,,,0.00,no gazetteer entry,
Seegrund,2,locality,review,osm,49.22937,9.44533,1500,,,,,,,way/440530103,0.55,187 km from the entries' other places (0% within 80 km),
Marinefl.,2,locality,no_match,,,,,,,,,,,,0.00,no gazetteer entry,
Buchtmitte,2,locality,no_match,,,,,,,,,,,,0.00,no gazetteer entry,
Ismaning Speichersee Querdamm,2,locality,no_match,,,,,,,,,,,,0.00,no gazetteer entry,
Weidensteg,2,locality,no_match,,,,,,,,,,,,0.00,no gazetteer entry,
Wachau,2,locality,review,osm+geonames,51.27577,12.42752,1500,2815781,Wachau,P.PPL,DE,13,,node/25956812,0.65,354 km from the entries' other places (0% within 80 km),
ElW.,2,locality,review,osm,52.49927,13.28678,1500,,,,,,,way/5881870,0.55,500 km from the entries' other places (0% within 80 km),
Birkenthaler,2,locality,no_match,osm,49.24924,7.96170,100,,,,,,,node/4925944979,0.30,OSM amenity/restaurant named after the place; 293 km from the entries' other places (0% within 80 km),
Stabelsberg,2,locality,no_match,,,,,,,,,,,,0.00,no gazetteer entry,
"München, Liebiggymnasium",2,locality,no_match,,,,,,,,,,,,0.00,no gazetteer entry,
Pumpwerk,2,,review,osm,48.11878,11.59565,1500,,,,,,,way/52719997,0.60,OSM building/service named after the place; named after a settlement elsewhere; not confirmed by context (3 km),
Kanal an der Auffahrtsallee,2,locality,no_match,,,,,,,,,,,,0.00,no gazetteer entry,
Speichersee-Westende,2,,no_match,,,,,,,,,,,,0.00,no gazetteer entry,
Vogelbeobachtungskanzel,2,,no_match,,,,,,,,,,,,0.00,no gazetteer entry,
Totenwäldchen,2,,review,osm,49.77515,9.21617,500,,,,,,,node/6559539846,0.55,248 km from the entries' other places (0% within 80 km),
Ostschlag,2,,review,osm,47.21971,11.31408,500,,,,,,,way/165074441,0.45,"OSM highway/track named after the place; far from most of the entries' other places (0% within 80 km, nearest 116 km)",
Eichinger Kanal,2,,no_match,,,,,,,,,,,,0.00,no gazetteer entry,
Vorderried,2,locality,linked,osm+geonames,48.59300,10.72658,1500,2816205,Vorderried,P.PPL,DE,02,Q1483886,node/1313958741,0.80,"far from most of the entries' other places (0% within 80 km, nearest 81 km)",
Vorderried Teiche,2,locality,no_match,,,,,,,,,,,,0.00,no gazetteer entry,
Riedgraben,2,locality,review,osm,50.14352,8.73634,1500,,,,,,,way/345039794,0.55,177 km from the entries' other places (0% within 80 km),
Schleuse beim Querdamm,2,locality,no_match,,,,,,,,,,,,0.00,no gazetteer entry,
Römerschanze,2,,no_match,,,,,,,,,,,,0.00,not geocoded yet (no Nominatim cache entry),
Bodenreut,2,locality,no_match,,,,,,,,,,,,0.00,no gazetteer entry,
Lodenfrey,2,locality,linked,osm,48.13966,11.57411,1500,,,,,,,node/2699063547,0.90,OSM shop/clothes named after the place; entry context 0 km (100% of the entries),
Kniphausen,2,locality,review,osm,53.55364,8.05525,500,,,,,,,node/1991223991,0.55,644 km from the entries' other places (0% within 80 km),
Ismaninger Feldwege,2,locality,no_match,,,,,,,,,,,,0.00,no gazetteer entry,
Seebrühl,2,locality,no_match,,,,,,,,,,,,0.00,no gazetteer entry,
Wandbrunnen in den Krautgärten,2,locality,no_match,,,,,,,,,,,,0.00,no gazetteer entry,
Ob. kurz vorquerdamm,2,locality,no_match,,,,,,,,,,,,0.00,no gazetteer entry,
Wertfälle,2,locality,no_match,,,,,,,,,,,,0.00,no gazetteer entry,
Schindacker,2,locality,review,osm,50.37400,10.86827,500,,,,,,,node/8297408995,0.70,"far from most of the entries' other places (0% within 80 km, nearest 120 km)",
Lenzmann,2,locality,no_match,,,,,,,,,,,,0.00,no gazetteer entry,
Kanal bei den Winterteichen,2,locality,no_match,,,,,,,,,,,,0.00,no gazetteer entry,
Fischreiherdamm,2,locality,no_match,,,,,,,,,,,,0.00,no gazetteer entry,
H.W.,2,locality,no_match,,,,,,,,,,,,0.00,no gazetteer entry,
V.H. und W.H.,2,locality,no_match,,,,,,,,,,,,0.00,no gazetteer entry,
V.H.,2,locality,no_match,osm,-12.22129,-76.92830,1500,,,,,,,way/759704748,0.30,OSM highway/pedestrian named after the place; 10887 km from the entries' other places (0% within 80 km),
Westerndorf,2,locality,linked,osm+geonames,47.85591,12.16161,1500,2810236,Westerndorf,P.PPL,DE,02,Q28147731,node/1552717461,0.95,,
Hubbrücke,2,locality,no_match,osm,51.25311,12.42204,1500,,,,,,,way/814241891,0.30,OSM man_made/bridge named after the place; 352 km from the entries' other places (0% within 80 km),
Huttenbrücke,2,locality,linked,osm,47.83785,11.78064,500,,,,,,,way/444328485,0.90,OSM highway/track named after the place; entry context 25 km (100% of the entries),
Pkl,2,,review,osm,48.97458,14.48344,1500,,,,,,,node/9918648249,0.60,OSM shop/variety_store named after the place,
Vorfluter am QD,2,locality,no_match,,,,,,,,,,,,0.00,no gazetteer entry,
SD des OB,2,locality,no_match,,,,,,,,,,,,0.00,no gazetteer entry,
Hallertelle,2,locality,no_match,,,,,,,,,,,,0.00,no gazetteer entry,
Teichgraben,2,locality,review,osm,49.27985,9.05505,1500,,,,,,,way/304339964,0.55,224 km from the entries' other places (0% within 80 km),
Büstenallee,2,locality,no_match,,,,,,,,,,,,0.00,no gazetteer entry,
Hammeldingen,2,locality,no_match,,,,,,,,,,,,0.00,no gazetteer entry,
Min.,2,locality,no_match,osm,52.55490,13.41506,100,,,,,,,node/3465036386,0.30,OSM amenity/restaurant named after the place; 495 km from the entries' other places (0% within 80 km),
Praterwehrbrücke,2,locality,linked,osm,48.13665,11.58987,1500,,,,,,Q2107901,way/372015644,0.90,OSM man_made/bridge named after the place; entry context 1 km (100% of the entries),
Alte Isar,2,locality,review,osm,48.80636,12.95995,1500,,,,,,,way/227970167,0.70,"far from most of the entries' other places (0% within 80 km, nearest 126 km)",
Radolfzeller Trichter,2,locality,no_match,,,,,,,,,,,,0.00,no gazetteer entry,
Isar bei der Klaumenbrücke,2,locality,no_match,,,,,,,,,,,,0.00,not geocoded yet (no Nominatim cache entry),
Norddamm des Oberen Teichs,2,locality,no_match,,,,,,,,,,,,0.00,no gazetteer entry,
Bachsammlermündung,2,locality,no_match,,,,,,,,,,,,0.00,no gazetteer entry,
Kraftwerk Neufinsing,2,locality,no_match,,,,,,,,,,,,0.00,not geocoded yet (no Nominatim cache entry),
Tuttenfelder Revier,2,locality,no_match,,,,,,,,,,,,0.00,no gazetteer entry,
Finsinger E-Werk,2,locality,no_match,,,,,,,,,,,,0.00,no gazetteer entry,
FT und Kanal,2,locality,no_match,,,,,,,,,,,,0.00,no gazetteer entry,
Nymphenburger Schloss,2,locality,no_match,,,,,,,,,,,,0.00,no gazetteer entry,
Teertal,2,locality,no_match,,,,,,,,,,,,0.00,no gazetteer entry,
Marien- und Tierparkbrücke,2,locality,no_match,,,,,,,,,,,,0.00,no gazetteer entry,
Süddamm des Westbeckens,2,,no_match,,,,,,,,,,,,0.00,no gazetteer entry,
E-Werk am Sps.-Westende,2,,no_match,,,,,,,,,,,,0.00,no gazetteer entry,
Norddeich,2,locality,review,osm+geonames,53.61349,7.16043,1500,2862136,Norddeich,P.PPL,DE,06,Q896276,relation/931827,0.65,677 km from the entries' other places (0% within 80 km),
Süddeich,2,,no_match,,,,,,,,,,,,0.00,no gazetteer entry,
Norddeich beim Kraftwerk,2,locality,no_match,,,,,,,,,,,,0.00,no gazetteer entry,
Kraftwerk und Vorfluter,2,locality,no_match,,,,,,,,,,,,0.00,no gazetteer entry,
Gesinger Waldsaum,2,locality,no_match,,,,,,,,,,,,0.00,no gazetteer entry,
Marzling,2,locality,linked,osm+geonames,48.40904,11.79382,2000,2873056,Marzling,P.PPLA4,DE,02,Q506502,relation/30004,0.95,entry context 3 km (100% of the entries),
Thonstetten,2,locality,linked,osm+geonames,48.45039,11.90310,1500,2822651,Thonstetten,P.PPL,DE,02,Q2428791,node/27215062,0.95,entry context 9 km (100% of the entries),
Riemerwiese,2,locality,no_match,,,,,,,,,,,,0.00,not geocoded yet (no Nominatim cache entry),
Klausenbachbrücke,2,locality,no_match,,,,,,,,,,,,0.00,no gazetteer entry,
Nordarm,2,locality,no_match,,,,,,,,,,,,0.00,no gazetteer entry,
Forellenteiche,2,locality,review,osm,50.90407,11.86977,1000,,,,,,,way/215634923,0.55,151 km from the entries' other places (0% within 80 km),
Hirschauwehr,2,locality,no_match,,,,,,,,,,,,0.00,no gazetteer entry,
Brünenwiese,2,locality,no_match,,,,,,,,,,,,0.00,no gazetteer entry,
Münchener Forst,2,,no_match,,,,,,,,,,,,0.00,no gazetteer entry,
Mittengraumel,2,locality,no_match,,,,,,,,,,,,0.00,no gazetteer entry,
Jägerhausbad,2,locality,no_match,,,,,,,,,,,,0.00,no gazetteer entry,
Forst im Geräumt F,2,locality,no_match,,,,,,,,,,,,0.00,no gazetteer entry,
Pfeiferlberg,2,locality,no_match,,,,,,,,,,,,0.00,no gazetteer entry,
Einstrichter,2,locality,no_match,,,,,,,,,,,,0.00,not geocoded yet (no Nominatim cache entry),
Vortrecktümpel,2,locality,no_match,,,,,,,,,,,,0.00,no gazetteer entry,
Teerwall,2,locality,no_match,,,,,,,,,,,,0.00,no gazetteer entry,
Fach,2,locality,linked,osm+geonames,48.90970,9.92731,1500,2928228,Fach,P.PPL,DE,01,,node/281758893,0.80,"far from most of the entries' other places (0% within 80 km, nearest 149 km)",
Pasinger Weiher,2,locality,no_match,,,,,,,,,,,,0.00,no gazetteer entry,
Dammwiese im Grauriet Uhi,2,locality,no_match,,,,,,,,,,,,0.00,no gazetteer entry,
Grauriet Uhi,2,locality,no_match,,,,,,,,,,,,0.00,no gazetteer entry,
Flachleite über der Klausnerbrücke,2,locality,no_match,,,,,,,,,,,,0.00,no gazetteer entry,
Östlicher Speichersee,2,locality,no_match,,,,,,,,,,,,0.00,no gazetteer entry,
Südlich der Fischteiche,2,locality,no_match,,,,,,,,,,,,0.00,no gazetteer entry,
Nordufer vom Speichersee,2,locality,no_match,,,,,,,,,,,,0.00,no gazetteer entry,
Postteich,2,,review,osm,50.84147,12.77434,1000,,,,,,,way/29352755,0.55,301 km from the entries' other places (0% within 80 km),
Werkhonaldamm,2,locality,no_match,,,,,,,,,,,,0.00,no gazetteer entry,
Gürtaram,2,locality,no_match,,,,,,,,,,,,0.00,no gazetteer entry,
Große Schilfhalbinsel,2,locality,no_match,,,,,,,,,,,,0.00,no gazetteer entry,
Turm West,2,locality,no_match,osm,49.41292,8.67057,1500,,,,,,,way/401635739,0.30,OSM building/university named after the place; 256 km from the entries' other places (0% within 80 km),
Wb. Halbinsel,2,locality,no_match,,,,,,,,,,,,0.00,no gazetteer entry,
Gehaunne,2,,no_match,,,,,,,,,,,,0.00,no gazetteer entry,
Gewann II,2,locality,review,osm,49.58798,9.34854,500,,,,,,,node/3337346819,0.55,229 km from the entries' other places (0% within 80 km),
A-W,2,locality,no_match,,,,,,,,,,,,0.00,no gazetteer entry,
Kanalrand,2,locality,no_match,,,,,,,,,,,,0.00,no gazetteer entry,
Oberhummel,2,locality,linked,osm+geonames,48.42585,11.87132,1500,2860163,Oberhummel,P.PPL,DE,02,Q107611469,node/31947417,0.95,entry context 9 km (100% of the entries),
Langengeislingen,2,locality,no_match,,,,,,,,,,,,0.00,not geocoded yet (no Nominatim cache entry),
Schilfrand des WB,2,,no_match,,,,,,,,,,,,0.00,no gazetteer entry,
Rorbacher Weiher,2,locality,no_match,,,,,,,,,,,,0.00,no gazetteer entry,
Königsbrunn,2,locality,linked,osm+geonames,48.27506,10.89178,1500,2885908,Königsbrunn,P.PPL,DE,02,Q509355,relation/935170,0.95,,
Ruinenstur,2,locality,no_match,,,,,,,,,,,,0.00,no gazetteer entry,
Dücker,2,,review,osm,49.14964,10.70400,3000,,,,,,,way/338345171,0.70,"far from most of the entries' other places (0% within 80 km, nearest 100 km)",
Neumannwiese,2,locality,no_match,,,,,,,,,,,,0.00,no gazetteer entry,
Gewann VI,2,locality,no_match,,,,,,,,,,,,0.00,no gazetteer entry,
Geräumt,2,locality,no_match,,,,,,,,,,,,0.00,not geocoded yet (no Nominatim cache entry),
Farnwiese,2,locality,no_match,osm,47.97949,14.23118,1500,,,,,,,node/10097927871,0.30,OSM information/board named after the place; 175 km from the entries' other places (0% within 80 km),
Kronenberg,2,locality,linked,osm,47.87623,10.61089,1000,,,,,,,node/667466179,0.95,entry context 1 km (100% of the entries),
Rosenbräustüberl,2,locality,no_match,,,,,,,,,,,,0.00,no gazetteer entry,
Werkkanaldamm,2,locality,no_match,,,,,,,,,,,,0.00,no gazetteer entry,
Rommelsheim,2,locality,review,osm+geonames,50.78302,6.55291,1500,2845287,Rommelsheim,P.PPL,DE,07,Q2165213,node/173824962,0.65,212 km from the entries' other places (0% within 80 km),
Gewanne VI,2,locality,no_match,,,,,,,,,,,,0.00,not geocoded yet (no Nominatim cache entry),
Tümpel,2,locality,linked,osm,49.77455,8.95186,1500,,,,,,,node/7800996779,0.90,OSM emergency/water_tank named after the place; entry context 31 km (100% of the entries),
Antsteiner Brücke,2,locality,no_match,,,,,,,,,,,,0.00,no gazetteer entry,
Wbingen,2,locality,no_match,,,,,,,,,,,,0.00,no gazetteer entry,
E-Werk Speicher,2,locality,no_match,,,,,,,,,,,,0.00,no gazetteer entry,
Pontinger Weiher,2,locality,no_match,,,,,,,,,,,,0.00,no gazetteer entry,
Entenmündung,2,locality,no_match,,,,,,,,,,,,0.00,no gazetteer entry,
Arlaching,2,locality,linked,osm+geonames,47.92284,12.49686,1500,2955581,Arlaching,P.PPL,DE,02,,node/268806108,0.95,entry context 10 km (100% of the entries),
Acheneinmündung,2,locality,no_match,,,,,,,,,,,,0.00,not geocoded yet (no Nominatim cache entry),
Grabenstätter Bucht,2,locality,no_match,,,,,,,,,,,,0.00,no gazetteer entry,
Lachsgang,2,locality,linked,osm,47.85369,12.48640,1500,,,,,,,way/772513433,0.85,,
Raubling,2,locality,linked,osm+geonames,47.79050,12.11088,2000,2850085,Raubling,P.PPLA4,DE,02,Q538080,relation/2186954,0.95,,
Moormaske,2,locality,no_match,,,,,,,,,,,,0.00,no gazetteer entry,
Moorkarie,2,locality,no_match,,,,,,,,,,,,0.00,no gazetteer entry,
Mittlere-Isar-Kanal,2,locality,linked,osm,48.33734,11.87717,1500,,,,,,Q1940638,relation/2631389,0.95,entry context 18 km (100% of the entries),
WT und GS,2,locality,no_match,,,,,,,,,,,,0.00,no gazetteer entry,
Westbecken am Querdamm,2,locality,no_match,,,,,,,,,,,,0.00,no gazetteer entry,
Schilffeld,2,locality,no_match,,,,,,,,,,,,0.00,no gazetteer entry,
Vorbeckensteiche,2,locality,no_match,,,,,,,,,,,,0.00,no gazetteer entry,
Obere FT,2,locality,no_match,,,,,,,,,,,,0.00,no gazetteer entry,
Felsenschwalbenwand,2,locality,no_match,,,,,,,,,,,,0.00,no gazetteer entry,
Goldbach-Teiche,2,locality,no_match,,,,,,,,,,,,0.00,no gazetteer entry,
Winzerteiche,2,locality,no_match,,,,,,,,,,,,0.00,not geocoded yet (no Nominatim cache entry),
Forst im Gwaient,2,locality,no_match,,,,,,,,,,,,0.00,no gazetteer entry,
Forst im Greisere,2,locality,no_match,,,,,,,,,,,,0.00,no gazetteer entry,
Wärmebecken,2,locality,no_match,,,,,,,,,,,,0.00,no gazetteer entry,
Mittlerer Ismaninger Stausee,2,locality,no_match,,,,,,,,,,,,0.00,no gazetteer entry,
Haginger See,2,locality,no_match,,,,,,,,,,,,0.00,no gazetteer entry,
Krug,2,locality,linked,osm,47.76990,11.87622,300,,,,,,,node/1752334815,0.85,,
Domänengutsinger Kanal,2,locality,no_match,,,,,,,,,,,,0.00,no gazetteer entry,
St.,2,locality,review,geonames,43.40280,3.69278,1500,2974733,Sète,P.PPL,FR,76,,,0.65,GeoNames alternate name match (FR),
Nutwig,2,locality,no_match,,,,,,,,,,,,0.00,no gazetteer entry,
Ljubljana,2,,review,geonames,46.05108,14.50513,5000,3196359,Ljubljana,P.PPLC,SI,61,,,0.50,GeoNames primary name match (SI),
Opatija,2,,linked,osm+geonames,45.33658,14.30782,3000,3194099,Opatija,P.PPLA2,HR,12,Q49359080,relation/18786913,0.95,entry context 4 km (100% of the entries),
Hotel Miramar,2,locality,review,osm,50.11174,8.68288,1500,,,,,,,node/2561866476,0.60,OSM tourism/hotel named after the place,
Alt-Lovran,2,locality,no_match,,,,,,,,,,,,0.00,no gazetteer entry,
Fulovica,2,,no_match,,,,,,,,,,,,0.00,no gazetteer entry,
Felsen am Meer,2,locality,no_match,,,,,,,,,,,,0.00,no gazetteer entry,
Hotel Beogard,2,locality,no_match,,,,,,,,,,,,0.00,no gazetteer entry,
Mošćenice - Mošćenička Draga,2,locality,no_match,,,,,,,,,,,,0.00,no gazetteer entry,
Villa Fra,2,locality,no_match,,,,,,,,,,,,0.00,no gazetteer entry,
Rieca - Ljubljana,2,locality,no_match,,,,,,,,,,,,0.00,no gazetteer entry,
Ljubljana - Bled,2,locality,no_match,,,,,,,,,,,,0.00,no gazetteer entry,
Neuführung Station Föhrer Kanal,2,locality,no_match,,,,,,,,,,,,0.00,no gazetteer entry,
Warnowalle,2,locality,no_match,,,,,,,,,,,,0.00,no gazetteer entry,
Isar bei der Klauserbrücke,2,locality,no_match,,,,,,,,,,,,0.00,not geocoded yet (no Nominatim cache entry),
Reitbüchenmühle,2,locality,no_match,,,,,,,,,,,,0.00,no gazetteer entry,
Halbinsel im oberen Thb.,2,locality,no_match,,,,,,,,,,,,0.00,no gazetteer entry,
Golsachmündung,2,locality,no_match,,,,,,,,,,,,0.00,not geocoded yet (no Nominatim cache entry),
Gür.,2,locality,linked,osm,48.14884,11.72862,1500,,,,,,,node/5265807582,0.90,OSM craft/electrician named after the place; entry context 11 km (100% of the entries),
VKT,2,locality,no_match,osm,48.16444,23.02247,1500,,,,,,,way/536215894,0.30,OSM shop/car_repair named after the place; 752 km from the entries' other places (0% within 80 km),
Insel Kühlsand,2,locality,no_match,,,,,,,,,,,,0.00,no gazetteer entry,
S. Insel,2,locality,no_match,,,,,,,,,,,,0.00,no gazetteer entry,
Milachau,2,locality,no_match,,,,,,,,,,,,0.00,no gazetteer entry,
Oberer See,2,locality,linked,osm+geonames,47.66667,9.76667,1000,2860821,Oberer See,H.LK,DE,01,Q32200136,way/31258324,0.80,"far from most of the entries' other places (0% within 80 km, nearest 145 km)",
Schinderdaxel,2,locality,no_match,,,,,,,,,,,,0.00,not geocoded yet (no Nominatim cache entry),
Flachblick,2,locality,no_match,,,,,,,,,,,,0.00,no gazetteer entry,
Ismaning Schutzgebiet,2,locality,no_match,,,,,,,,,,,,0.00,not geocoded yet (no Nominatim cache entry),
Neufinsing und Ismaninger Speichersee,2,locality,no_match,,,,,,,,,,,,0.00,no gazetteer entry,
Kanal beim Becken,2,locality,no_match,,,,,,,,,,,,0.00,no gazetteer entry,
"Ismaninger Speichersee, östliches Becken",2,locality,no_match,,,,,,,,,,,,0.00,no gazetteer entry,
Hollebusch,2,locality,no_match,,,,,,,,,,,,0.00,not geocoded yet (no Nominatim cache entry),
AKT,2,locality,no_match,osm,47.37472,8.54601,1500,,,,,,Q27229974,node/4581625610,0.30,OSM tourism/artwork named after the place; 242 km from the entries' other places (0% within 80 km),
Kleine Elster,2,locality,review,osm+geonames,51.55176,13.36720,3000,2889556,Kleine Elster,H.STM,DE,11,Q328856,way/1002982256,0.65,401 km from the entries' other places (0% within 80 km),
Abtsaue,2,locality,no_match,,,,,,,,,,,,0.00,no gazetteer entry,
Reitberg,2,locality,linked,osm+geonames,47.58306,11.65000,500,2767654,Reitberg,T.MT,AT,07,Q21865093,node/1279783253,0.95,,
Altmünster,2,locality,linked,osm+geonames,47.90219,13.76415,1500,2782627,Altmünster,P.PPL,AT,04,Q443039,relation/68205,0.80,"far from most of the entries' other places (0% within 80 km, nearest 96 km)",
Kiebitz-H-Werk,2,locality,no_match,,,,,,,,,,,,0.00,no gazetteer entry,
WB Beitberg,2,locality,no_match,,,,,,,,,,,,0.00,no gazetteer entry,
Bischofsgang im Bachsaum,2,locality,no_match,,,,,,,,,,,,0.00,no gazetteer entry,
Mönchs,2,locality,no_match,,,,,,,,,,,,0.00,no gazetteer entry,
LKV,2,locality,linked,osm,48.17019,11.78168,1500,,,,,,,way/93339700,0.90,OSM building/yes named after the place; entry context 16 km (100% of the entries),
Bischofsgang,2,locality,no_match,,,,,,,,,,,,0.00,no gazetteer entry,
OD-Schleuse,2,locality,no_match,,,,,,,,,,,,0.00,no gazetteer entry,
Finowkanal,2,locality,review,osm,52.84565,13.68051,1500,,,,,,,way/436894984,0.70,"far from most of the entries' other places (0% within 80 km, nearest 145 km)",
Vorkanal-Hain,2,locality,no_match,,,,,,,,,,,,0.00,no gazetteer entry,
Werkkanal beim E-Werk,2,locality,no_match,,,,,,,,,,,,0.00,no gazetteer entry,
Isenbruch,2,locality,review,osm+geonames,51.04117,5.87941,1500,3205578,Isenbruch,P.PPL,DE,07,Q1673809,node/111183121,0.65,513 km from the entries' other places (0% within 80 km),
Obere Fischteiche,2,locality,no_match,,,,,,,,,,,,0.00,not geocoded yet (no Nominatim cache entry),
Felder südlich des Oberbeckens,2,locality,no_match,,,,,,,,,,,,0.00,no gazetteer entry,
Fischteiche und Westbecken,2,locality,no_match,,,,,,,,,,,,0.00,no gazetteer entry,
Seitendamm und Querdamm,2,locality,no_match,,,,,,,,,,,,0.00,no gazetteer entry,
Norddamm beim Querdamm,2,locality,no_match,,,,,,,,,,,,0.00,no gazetteer entry,
Obere Fischteiche und Werkkanal,2,locality,no_match,,,,,,,,,,,,0.00,no gazetteer entry,
Bachsammler am Querdamm,2,locality,no_match,,,,,,,,,,,,0.00,no gazetteer entry,
Oberbecken nahe dem Querdamm,2,locality,no_match,,,,,,,,,,,,0.00,no gazetteer entry,
Westbecken-Einlauf,2,locality,no_match,,,,,,,,,,,,0.00,no gazetteer entry,
Vorfluter am Querdamm,2,locality,no_match,,,,,,,,,,,,0.00,not geocoded yet (no Nominatim cache entry),
Querdamm-Schleuse im Oberbecken,2,locality,no_match,,,,,,,,,,,,0.00,no gazetteer entry,
Westbecken und Oberbecken,2,locality,no_match,,,,,,,,,,,,0.00,no gazetteer entry,
Futterstelle an den WT,2,locality,no_match,,,,,,,,,,,,0.00,no gazetteer entry,
Mittelschleuse,2,,no_match,,,,,,,,,,,,0.00,no gazetteer entry,
Huperer See,2,locality,no_match,,,,,,,,,,,,0.00,no gazetteer entry,
Li.,2,locality,review,geonames,47.16667,9.53333,2000,3042058,Principality of Liechtenstein,A.PCLI,LI,00,,,0.45,GeoNames contains name match (LI),
Scholtensee,2,locality,no_match,,,,,,,,,,,,0.00,no gazetteer entry,
Vkl und Wb,2,locality,no_match,,,,,,,,,,,,0.00,no gazetteer entry,
Wb bei der Querdammschleuse,2,locality,no_match,,,,,,,,,,,,0.00,no gazetteer entry,
Wb und Vkl,2,locality,no_match,,,,,,,,,,,,0.00,no gazetteer entry,
Nordwestufer des Westbeckens,2,locality,no_match,,,,,,,,,,,,0.00,no gazetteer entry,
Vorfluter unterhalb Querdamm,2,locality,no_match,,,,,,,,,,,,0.00,no gazetteer entry,
Flachweiher,2,locality,linked,osm,48.50137,11.44507,1500,,,,,,,relation/12232588,0.85,,
Hauzwald,2,locality,no_match,,,,,,,,,,,,0.00,no gazetteer entry,
Hochholz,2,locality,linked,geonames,48.40000,11.51667,1500,2903156,Hochholz,V.FRST,DE,02,Q32059232,,0.95,GeoNames primary name match (DE); entry context 22 km (100% of the entries),
Echinger Wald,2,locality,no_match,,,,,,,,,,,,0.00,no gazetteer entry,
Fährhaus am Isarstauwerk,2,locality,no_match,,,,,,,,,,,,0.00,no gazetteer entry,
Mundraching,2,locality,linked,osm+geonames,47.95858,10.87825,1500,2867592,Mundraching,P.PPL,DE,02,Q60650558,node/277448151,0.95,entry context 1 km (100% of the entries),
Altheimer Weiher,2,locality,no_match,,,,,,,,,,,,0.00,no gazetteer entry,
Haiminger E.W.,2,locality,no_match,,,,,,,,,,,,0.00,no gazetteer entry,
Galgenbach beim Frauenzapfl,2,locality,no_match,,,,,,,,,,,,0.00,no gazetteer entry,
Würmschlucht,2,locality,no_match,,,,,,,,,,,,0.00,no gazetteer entry,
Mettring,2,locality,no_match,,,,,,,,,,,,0.00,no gazetteer entry,
Mittlere Straußhütte,2,locality,no_match,,,,,,,,,,,,0.00,no gazetteer entry,
Gravauen,2,locality,no_match,,,,,,,,,,,,0.00,no gazetteer entry,
Sendlinger Weiher,2,locality,no_match,,,,,,,,,,,,0.00,no gazetteer entry,
Ellertsee,2,locality,no_match,,,,,,,,,,,,0.00,no gazetteer entry,
Schwarzkopftal,2,locality,no_match,,,,,,,,,,,,0.00,no gazetteer entry,
Geräumt Fifi,2,locality,no_match,,,,,,,,,,,,0.00,no gazetteer entry,
Eberfalle,2,locality,no_match,,,,,,,,,,,,0.00,not geocoded yet (no Nominatim cache entry),
Klosterbrückl,2,locality,no_match,osm,48.75790,15.94857,300,,,,,,,way/185817722,0.30,OSM highway/footway named after the place; 304 km from the entries' other places (0% within 80 km),
Iserlohner Kluse-Brücke,2,locality,no_match,,,,,,,,,,,,0.00,no gazetteer entry,
Flohkiste,2,locality,linked,osm,48.25427,11.64690,1500,,,,,,,way/169631617,0.90,OSM amenity/kindergarten named after the place; entry context 14 km (100% of the entries),
Speichersee Eching-Moosburg,2,locality,no_match,,,,,,,,,,,,0.00,no gazetteer entry,
Glockleite,2,locality,no_match,,,,,,,,,,,,0.00,no gazetteer entry,
Frarauen,2,locality,no_match,,,,,,,,,,,,0.00,no gazetteer entry,
Vorbruchteiche,2,locality,no_match,,,,,,,,,,,,0.00,no gazetteer entry,
Einlaufkanal beim E. W.,2,locality,no_match,,,,,,,,,,,,0.00,no gazetteer entry,
Floßlände Marienbrücke,2,locality,no_match,,,,,,,,,,,,0.00,no gazetteer entry,
Sommersdorf,2,locality,linked,osm+geonames,50.52083,11.27295,1500,2831345,Sommersdorf,P.PPL,DE,15,Q2300589,node/290342342,0.95,,
Tappelhain,2,locality,no_match,,,,,,,,,,,,0.00,no gazetteer entry,
Jenatkl,2,,no_match,,,,,,,,,,,,0.00,no gazetteer entry,
Reumenwiese,2,locality,no_match,,,,,,,,,,,,0.00,no gazetteer entry,
Mövenstein,2,locality,review,osm+geonames,53.97486,10.88397,2000,13349127,Mövenstein,T.RK,DE,10,,way/25369351,0.60,OSM amenity/parking named after the place,
Kleine Teiche,2,locality,review,osm,52.54754,7.38738,1000,,,,,,Q995717,relation/1542425,0.55,687 km from the entries' other places (0% within 80 km),
Westlicher Wb.,2,locality,no_match,,,,,,,,,,,,0.00,not geocoded yet (no Nominatim cache entry),
Drau bei Holzlach,2,locality,no_match,,,,,,,,,,,,0.00,no gazetteer entry,
Römerchanze,2,,no_match,,,,,,,,,,,,0.00,no gazetteer entry,
Eierwiese,2,,linked,osm,48.03869,11.52109,100,,,,,,,node/1230736275,0.90,OSM amenity/restaurant named after the place; entry context 0 km (100% of the entries),
Artheimer Brücke,2,locality,no_match,,,,,,,,,,,,0.00,no gazetteer entry,
Fortsinger Weiler,2,locality,no_match,,,,,,,,,,,,0.00,no gazetteer entry,
Ammerzu,2,locality,no_match,,,,,,,,,,,,0.00,no gazetteer entry,
"München, Floßlände",2,locality,no_match,,,,,,,,,,,,0.00,no gazetteer entry,
Gewohnnt,2,locality,no_match,,,,,,,,,,,,0.00,no gazetteer entry,
Tafelbergbucht,2,locality,no_match,,,,,,,,,,,,0.00,no gazetteer entry,
Eltmann,2,locality,review,osm+geonames,49.97148,10.66712,1500,2930650,Eltmann,P.PPL,DE,02,Q504534,relation/387775,0.65,214 km from the entries' other places (0% within 80 km),
Rohracher Weiher,2,locality,linked,osm,49.64744,10.91082,1000,,,,,,,way/38445493,0.85,,
Räumwiese,2,locality,no_match,,,,,,,,,,,,0.00,no gazetteer entry,
Ismaninger Vorklärteich,2,locality,no_match,,,,,,,,,,,,0.00,not geocoded yet (no Nominatim cache entry),
Westerried,2,locality,linked,osm+geonames,47.78674,10.46020,1500,2810206,Westerried,P.PPL,DE,02,,node/314670655,0.80,"far from most of the entries' other places (0% within 80 km, nearest 92 km)",
Mitteldamm gegenüber v. Goldacker,2,locality,no_match,,,,,,,,,,,,0.00,no gazetteer entry,
Parallelwall beim Goldakker,2,locality,no_match,,,,,,,,,,,,0.00,no gazetteer entry,
Grauraum,2,locality,no_match,,,,,,,,,,,,0.00,no gazetteer entry,
Lechmündung bei Genthshingen,2,locality,no_match,,,,,,,,,,,,0.00,no gazetteer entry,
Mittelfeld,2,locality,review,osm,48.47899,9.05196,500,,,,,,,node/7747634322,0.55,190 km from the entries' other places (0% within 80 km),
Ostteil,2,locality,review,osm,48.33242,16.02166,1000,,,,,,,way/165603074,0.55,549 km from the entries' other places (0% within 80 km),
"Chiemsee, Achenmündung",2,locality,no_match,,,,,,,,,,,,0.00,no gazetteer entry,
Wf.,2,locality,review,osm,48.72050,11.33039,1500,,,,,,Q122870674,way/1209456099,0.60,OSM railway/signal_box named after the place,
Thb.-Hütte,2,locality,no_match,,,,,,,,,,,,0.00,no gazetteer entry,
Ismaning Speichersee Inseln,2,locality,no_match,,,,,,,,,,,,0.00,no gazetteer entry,
Süddamm Werkskanal,2,locality,no_match,,,,,,,,,,,,0.00,no gazetteer entry,
Stichkanal,2,locality,review,osm,52.26741,13.88516,1500,,,,,,,way/5377858,0.55,475 km from the entries' other places (0% within 80 km),
Ismaning Einlaufwerk,2,,no_match,,,,,,,,,,,,0.00,no gazetteer entry,
Stadelbach,2,locality,linked,osm,48.62881,10.76752,1500,,,,,,,way/90217402,0.85,,
Hinterbrücken,2,,no_match,,,,,,,,,,,,0.00,no gazetteer entry,
Rodelbahn Schüle,2,locality,no_match,,,,,,,,,,,,0.00,no gazetteer entry,
Südliche Insel,2,locality,review,osm,61.70170,-112.61918,2000,,,,,,,relation/19987207,0.55,6833 km from the entries' other places (0% within 80 km),
Sankt Andrä,2,locality,linked,osm+geonames,46.64417,13.89222,1500,2766773,Sankt Andrä,P.PPL,AT,02,,node/176984435,0.95,entry context 5 km (100% of the entries),
Warmbad Villach,2,,review,osm+geonames,46.59158,13.82834,1500,12226186,Warmbad Villach,P.PPL,AT,02,Q37713754,node/3512032489,0.60,OSM railway/halt named after the place; named after a settlement elsewhere; not confirmed by context (3 km),
Bodensee bei Badestelle,2,locality,no_match,,,,,,,,,,,,0.00,no gazetteer entry,
Bodman-Dorf,2,,no_match,,,,,,,,,,,,0.00,no gazetteer entry,
Fichtenau,2,locality,review,osm+geonames,49.07024,10.20968,3000,3206895,Fichtenau,A.ADM4,DE,01,Q81059,relation/390787,0.65,294 km from the entries' other places (0% within 80 km),
Kroneberg,2,locality,review,osm,57.69902,13.17898,300,,,,,,,node/7499512451,0.55,711 km from the entries' other places (0% within 80 km),
Klagenfurt,2,,linked,osm+geonames,46.62472,14.30528,5000,2774326,Klagenfurt am Wörthersee,P.PPLA,AT,02,Q41753,relation/105870,0.95,entry context 11 km (100% of the entries),
Velden,2,,linked,osm+geonames,49.61388,11.51008,1500,2817717,Velden,P.PPL,DE,02,Q558589,relation/966160,0.95,,
Maria Wörth,2,,linked,osm+geonames,46.61639,14.16306,2000,2771894,Maria Wörth,P.PPLA3,AT,02,Q664432,relation/105931,0.95,entry context 3 km (100% of the entries),
Kanzelbahn,2,locality,no_match,,,,,,,,,,,,0.00,no gazetteer entry,
Neulands-Kron,2,,no_match,,,,,,,,,,,,0.00,no gazetteer entry,
Pörtschach am Wörthersee,2,,linked,geonames,46.63639,14.14639,1500,2768497,Pörtschach am Wörthersee,P.PPL,AT,02,Q21880432,,0.90,GeoNames primary name match (AT); entry context 0 km (100% of the entries),
Tratten,2,,linked,osm+geonames,47.15000,14.10000,1500,2763443,Tratten,P.PPL,AT,06,Q134380783,relation/21206405,0.95,,
St. Urban,2,,review,osm,50.38165,10.47237,1500,,,,,,Q17326350,way/198045982,0.60,OSM amenity/place_of_worship named after the place,
Teisberg,2,locality,review,osm,59.59079,8.12653,1500,,,,,,,node/4439799968,0.55,1284 km from the entries' other places (0% within 80 km),
Ahornbäume neben den Gehegen,2,locality,no_match,,,,,,,,,,,,0.00,no gazetteer entry,
Sandgrube am Wl.,2,locality,no_match,,,,,,,,,,,,0.00,no gazetteer entry,
Halbinsel in Wl.,2,locality,no_match,,,,,,,,,,,,0.00,no gazetteer entry,
Halbinsel im Bb.,2,locality,no_match,,,,,,,,,,,,0.00,no gazetteer entry,
Brauwasserbecken,2,locality,no_match,,,,,,,,,,,,0.00,no gazetteer entry,
Moosen,2,locality,linked,osm+geonames,48.34401,12.18332,1500,2869424,Moosen,P.PPL,DE,02,Q1270355,node/2050347266,0.95,entry context 39 km (100% of the entries),
Hafen Schiffshebewerk,2,locality,no_match,,,,,,,,,,,,0.00,no gazetteer entry,
Westbecken am Hauptdamm,2,locality,no_match,,,,,,,,,,,,0.00,no gazetteer entry,
Gastbergkantete,2,locality,no_match,,,,,,,,,,,,0.00,no gazetteer entry,
Eckingsthnerburger Häuser,2,locality,no_match,,,,,,,,,,,,0.00,no gazetteer entry,
Südamm der östlichen Nb.,2,locality,no_match,,,,,,,,,,,,0.00,no gazetteer entry,
Ob. beim Gurdamm,2,locality,no_match,,,,,,,,,,,,0.00,no gazetteer entry,
Moosburger Stausee,2,locality,linked,osm,48.48279,11.98049,1000,,,,,,,relation/5324252,0.85,,
Immering,2,locality,no_match,,,,,,,,,,,,0.00,no gazetteer entry,
Darchinger Weiher,2,locality,no_match,,,,,,,,,,,,0.00,no gazetteer entry,
Perchinger Weiher,2,locality,no_match,,,,,,,,,,,,0.00,no gazetteer entry,
Isuring,2,locality,no_match,,,,,,,,,,,,0.00,no gazetteer entry,
Hörne,2,locality,no_match,geonames,52.25725,8.00443,1500,2898853,Hörne,P.PPL,DE,06,,,0.30,GeoNames primary name match (DE); 524 km from the entries' other places (0% within 80 km),
Wöhrden,2,locality,review,osm,52.35540,13.56890,500,,,,,,,node/438508774,0.55,490 km from the entries' other places (0% within 80 km),
Schlotterwibein Zaun,2,locality,no_match,,,,,,,,,,,,0.00,no gazetteer entry,
Tafern-Hütte,2,locality,no_match,,,,,,,,,,,,0.00,no gazetteer entry,
Viehfutter,2,locality,no_match,,,,,,,,,,,,0.00,no gazetteer entry,
Erlbach,2,locality,linked,geonames,48.19070,11.91261,1500,2929550,Erlbach,P.PPL,DE,02,,,0.95,GeoNames primary name match (DE); entry context 18 km (100% of the entries),
Ischinger Brücke,2,locality,no_match,,,,,,,,,,,,0.00,no gazetteer entry,
Külbergraben,2,locality,no_match,,,,,,,,,,,,0.00,no gazetteer entry,
Ismaning östliches Speicherbecken,2,locality,no_match,,,,,,,,,,,,0.00,no gazetteer entry,
Ismaning westliches Speicherbecken,2,locality,no_match,,,,,,,,,,,,0.00,no gazetteer entry,
Münstein,2,settlement,no_match,,,,,,,,,,,,0.00,no gazetteer entry,
Höhringer Kanal,2,,no_match,,,,,,,,,,,,0.00,not geocoded yet (no Nominatim cache entry),
Schönbrunner und Niederrothbacher Weiher,2,locality,no_match,,,,,,,,,,,,0.00,no gazetteer entry,
Schönbrunner Stausee,2,locality,no_match,,,,,,,,,,,,0.00,no gazetteer entry,
Griesinger Waldsaum,2,locality,no_match,,,,,,,,,,,,0.00,no gazetteer entry,
Hinterwinkel,2,locality,linked,osm,47.49920,11.70168,500,,,,,,,way/124908101,0.85,,
Fleischweise,2,locality,no_match,,,,,,,,,,,,0.00,no gazetteer entry,
Grodno,2,locality,review,osm+geonames,52.29772,19.21995,1500,3098325,Grodno,P.PPL,PL,74,Q4150054,relation/5737357,0.65,713 km from the entries' other places (0% within 80 km),
Jauchenturm,2,locality,no_match,,,,,,,,,,,,0.00,no gazetteer entry,
Münterweiher,2,locality,no_match,,,,,,,,,,,,0.00,no gazetteer entry,
Bettaustr Stein,2,locality,no_match,,,,,,,,,,,,0.00,no gazetteer entry,
Flankinger Gärten,2,locality,no_match,,,,,,,,,,,,0.00,no gazetteer entry,
Gersthofen und Langweid,2,locality,no_match,,,,,,,,,,,,0.00,no gazetteer entry,
Alzmündung,2,locality,no_match,,,,,,,,,,,,0.00,no gazetteer entry,
Raublos,2,locality,no_match,,,,,,,,,,,,0.00,no gazetteer entry,
Moosring Da,2,locality,no_match,,,,,,,,,,,,0.00,no gazetteer entry,
Sogre,2,locality,review,osm,39.56925,2.73706,1500,,,,,,,way/1092635661,0.60,OSM building/house named after the place,
Feldafinger Baggersee,2,locality,no_match,,,,,,,,,,,,0.00,no gazetteer entry,
Neureut,2,locality,review,geonames,47.72810,11.76677,500,2864317,Neureut,T.MT,DE,02,,,0.70,GeoNames primary name match (DE),
Schloss Berg,2,,linked,osm+geonames,47.97005,11.35154,200,12122401,Schloss Berg,S.CSTL,DE,02,Q74247,way/136992663,0.95,entry context 2 km (100% of the entries),
Wormserbrunnen am Stachus,2,locality,no_match,,,,,,,,,,,,0.00,no gazetteer entry,
Harlachinger Gärten,2,locality,no_match,,,,,,,,,,,,0.00,no gazetteer entry,
Ginnerator Fort,2,locality,no_match,,,,,,,,,,,,0.00,no gazetteer entry,
Bettelsberg,2,locality,no_match,,,,,,,,,,,,0.00,no gazetteer entry,
Nord-Ufer,2,locality,no_match,,,,,,,,,,,,0.00,no gazetteer entry,
Bergwald,2,,review,osm+geonames,49.48152,9.13353,500,11695283,Bergwald,T.HLL,DE,01,,node/3507561973,0.65,391 km from the entries' other places (0% within 80 km),
Hirschmühle,2,,review,osm,48.81327,9.86833,500,,,,,,,node/59660799,0.55,386 km from the entries' other places (0% within 80 km),
Diens,2,,no_match,,,,,,,,,,,,0.00,no gazetteer entry,
Hören,2,,linked,osm,47.11894,9.05843,500,,,,,,,node/8731590838,0.95,entry context 22 km (100% of the entries),
Silvretta-Stausee,2,locality,linked,geonames,46.91250,10.09564,1000,2765037,Silvretta Stausee,H.RSV,AT,08,Q877346,,0.90,GeoNames primary name match (AT); entry context 1 km (100% of the entries),
Bielerhöhe,2,,linked,osm+geonames,46.91825,10.09712,2000,2781776,Bielerhöhe,T.PASS,AT,08,Q668326,node/3036268567,0.95,entry context 4 km (100% of the entries),
Giesinger Haltebaum,2,locality,no_match,,,,,,,,,,,,0.00,not geocoded yet (no Nominatim cache entry),
Schwemmstufe,2,locality,no_match,,,,,,,,,,,,0.00,no gazetteer entry,
Altheimer Stauseen bei Landshut,2,locality,no_match,,,,,,,,,,,,0.00,no gazetteer entry,
Nord- und Westdeutschland,2,locality,no_match,,,,,,,,,,,,0.00,no gazetteer entry,
Spanien,2,locality,review,osm,39.32607,-4.83798,3000,,,,,,Q29,relation/1311341,0.55,1637 km from the entries' other places (0% within 80 km),
Südspanien,2,locality,no_match,,,,,,,,,,,,0.00,no gazetteer entry,
Südwestdeutschland,2,locality,no_match,osm,48.78573,9.77548,1500,,,,,,,node/4384082051,0.30,OSM information/board named after the place; 151 km from the entries' other places (0% within 80 km),
Giesinger Haltebad,2,locality,no_match,,,,,,,,,,,,0.00,no gazetteer entry,
Schleuse beim Düsenjäger,2,locality,no_match,,,,,,,,,,,,0.00,no gazetteer entry,
Unterführung,2,locality,review,osm,48.36458,10.87910,500,,,,,,,way/26683001,0.60,OSM highway/path named after the place,
Schafstall am Norddamm,2,locality,no_match,,,,,,,,,,,,0.00,no gazetteer entry,
"Ismaning, Jägerhaus",2,locality,no_match,,,,,,,,,,,,0.00,no gazetteer entry,
Lützelteich,2,locality,review,osm,50.73970,9.07962,1500,,,,,,,way/93065980,0.55,341 km from the entries' other places (0% within 80 km),
Jurasenon,2,locality,no_match,,,,,,,,,,,,0.00,no gazetteer entry,
Isabeke,2,locality,no_match,,,,,,,,,,,,0.00,no gazetteer entry,
Glockenleite,2,locality,no_match,,,,,,,,,,,,0.00,no gazetteer entry,
Schlotkugel,2,locality,no_match,,,,,,,,,,,,0.00,no gazetteer entry,
Thiersheim,2,locality,review,osm+geonames,50.07609,12.12650,1500,2822737,Thiersheim,P.PPL,DE,02,Q505732,relation/1022891,0.65,249 km from the entries' other places (0% within 80 km),
Gerasm,2,locality,no_match,,,,,,,,,,,,0.00,no gazetteer entry,
Farchlacher Forst,2,locality,no_match,,,,,,,,,,,,0.00,no gazetteer entry,
Badenstein,2,locality,review,osm+geonames,51.36301,9.84785,500,2953483,Badenstein,T.HLL,DE,05,Q30715776,node/3948986151,0.65,380 km from the entries' other places (0% within 80 km),
Hangerwald,2,locality,no_match,,,,,,,,,,,,0.00,no gazetteer entry,
Stockleiten,2,locality,review,geonames,48.20063,13.12336,800,11905985,Stockleiten,P.PPLL,AT,04,,,0.45,"GeoNames primary name match (AT); far from most of the entries' other places (0% within 80 km, nearest 115 km)",
Karer,2,locality,review,osm,46.41377,11.55612,1500,,,,,,,node/12700758255,0.55,187 km from the entries' other places (0% within 80 km),
Achensee,2,route,linked,osm+geonames,47.50000,11.70000,1500,2783029,Achensee,P.PPL,AT,07,,node/13469332832,0.95,entry context 3 km (100% of the entries),
Maurach,2,,linked,osm+geonames,47.38333,11.78333,1500,2771775,Maurach,P.PPL,AT,07,,node/1431461202,0.95,entry context 3 km (50% of the entries),
Wiedergeltingen,2,locality,linked,osm+geonames,48.03946,10.67406,2000,2809578,Wiedergeltingen,P.PPLA4,DE,02,Q553734,relation/958164,0.95,entry context 4 km (100% of the entries),
Allertshofen,2,locality,linked,osm+geonames,49.30923,11.82223,1500,2958359,Allertshofen,P.PPL,DE,02,Q140369975,node/519711833,0.80,"far from most of the entries' other places (0% within 80 km, nearest 132 km)",
Finkenlaube,2,locality,no_match,,,,,,,,,,,,0.00,no gazetteer entry,
Echingfeld,2,locality,no_match,,,,,,,,,,,,0.00,no gazetteer entry,
Sammersdorf,2,locality,review,osm+geonames,48.18091,14.16670,1500,2766805,Sammersdorf,P.PPL,AT,04,,node/240120485,0.65,167 km from the entries' other places (0% within 80 km),
Ettgereuth,2,locality,no_match,,,,,,,,,,,,0.00,no gazetteer entry,
Riemeting,2,,no_match,,,,,,,,,,,,0.00,no gazetteer entry,
Chiemseebucht,2,locality,no_match,,,,,,,,,,,,0.00,no gazetteer entry,
Preiten,2,,no_match,,,,,,,,,,,,0.00,no gazetteer entry,
Krieger-Gedächtnis-Kreuz,2,,no_match,,,,,,,,,,,,0.00,no gazetteer entry,
Kapelle,2,,linked,osm,50.11892,11.22150,300,,,,,,Q41575971,node/9388958813,0.85,,
Wolfsberg und Kitzing,2,locality,no_match,,,,,,,,,,,,0.00,no gazetteer entry,
Grimmputz,2,,no_match,,,,,,,,,,,,0.00,no gazetteer entry,
Pfarr-Insel,2,locality,no_match,,,,,,,,,,,,0.00,no gazetteer entry,
Unterachtdorf,2,locality,no_match,,,,,,,,,,,,0.00,no gazetteer entry,
Purbach,2,,linked,osm,50.12262,11.47239,1500,,,,,,,way/432141086,0.85,,
Wolfsburg,2,,linked,osm+geonames,52.42452,10.78150,2000,2806654,Wolfsburg,P.PPLA3,DE,06,Q3014,relation/62418,0.95,,
"München, Stachus",2,locality,no_match,,,,,,,,,,,,0.00,no gazetteer entry,
Rottäppchen,2,locality,no_match,,,,,,,,,,,,0.00,no gazetteer entry,
Hütenmeier,2,locality,no_match,,,,,,,,,,,,0.00,no gazetteer entry,
Prinz-Karl-Palais,2,locality,review,osm,48.35316,10.89561,1500,,,,,,,way/72483210,0.60,OSM building/apartments named after the place,
Torstichteiche,2,locality,no_match,,,,,,,,,,,,0.00,no gazetteer entry,
Gerstinger Heide,2,locality,no_match,,,,,,,,,,,,0.00,no gazetteer entry,
Gerner Brücke,2,locality,linked,osm,48.15885,11.52571,300,,,,,,,way/4044663,0.90,OSM highway/footway named after the place; entry context 4 km (100% of the entries),
Brikettrofenau,2,locality,no_match,,,,,,,,,,,,0.00,no gazetteer entry,
Guisdamm,2,locality,no_match,,,,,,,,,,,,0.00,no gazetteer entry,
Altenbeken,2,locality,review,osm+geonames,51.76455,8.94201,2000,2957864,Altenbeken,P.PPLA4,DE,07,Q183262,relation/148072,0.65,445 km from the entries' other places (0% within 80 km),
Giesinger Posthaus,2,locality,no_match,,,,,,,,,,,,0.00,no gazetteer entry,
Bavaria-Film-Gelände,2,locality,no_match,,,,,,,,,,,,0.00,no gazetteer entry,
Corntholom-Teich,2,locality,no_match,,,,,,,,,,,,0.00,no gazetteer entry,
Kien,2,locality,review,osm+geonames,48.04748,13.67721,1500,11611987,Kien,P.PPL,AT,04,,node/681549423,0.65,156 km from the entries' other places (0% within 80 km),
Gattertor,2,,no_match,,,,,,,,,,,,0.00,no gazetteer entry,
Jägerderner,2,,no_match,,,,,,,,,,,,0.00,no gazetteer entry,
Schl.,2,,no_match,geonames,47.39917,8.44723,300,11963078,Schlieren,S.RSTN,CH,ZH,,,0.20,GeoNames contains name match (CH); 259 km from the entries' other places (0% within 80 km),
Ismaninger Speichersee Westufer,2,locality,no_match,,,,,,,,,,,,0.00,not geocoded yet (no Nominatim cache entry),
Alte Wall,2,locality,no_match,,,,,,,,,,,,0.00,no gazetteer entry,
Kreuzeck Talstation,2,locality,no_match,,,,,,,,,,,,0.00,no gazetteer entry,
München-Maxvorstadt,2,locality,no_match,,,,,,,,,,,,0.00,no gazetteer entry,
Salgen,2,locality,linked,osm+geonames,48.13069,10.47890,2000,2842290,Salgen,P.PPLA4,DE,02,Q547116,relation/957725,0.95,entry context 21 km (100% of the entries),
Saluta,2,locality,review,osm,2.06448,127.96934,1000,,,,,,Q24472438,node/1308648466,0.55,11469 km from the entries' other places (0% within 80 km),
Singold,2,locality,linked,osm+geonames,48.32623,10.85804,3000,2831903,Singold,H.STM,DE,02,Q882520,way/1015349859,0.95,,
Kongress,2,locality,review,osm,48.35938,10.88716,1500,,,,,,Q1759487,way/42681593,0.60,OSM building/public named after the place,
Harlunger Allee,2,locality,no_match,,,,,,,,,,,,0.00,no gazetteer entry,
Gilgenalpe,2,locality,no_match,,,,,,,,,,,,0.00,no gazetteer entry,
Loibichl,2,,linked,osm+geonames,47.83333,13.40000,1500,2772307,Loibichl,P.PPL,AT,04,,node/3048880244,0.95,entry context 4 km (100% of the entries),
Lofer,2,,linked,osm+geonames,47.58475,12.69333,2000,2772330,Lofer,P.PPLA3,AT,05,Q252138,relation/918028,0.95,entry context 30 km (100% of the entries),
Schulhaus-Neubau,2,locality,no_match,osm,47.40123,8.12775,1500,,,,,,,way/440530446,0.30,OSM building/school named after the place; 266 km from the entries' other places (0% within 80 km),
Schafberg,2,locality,linked,osm+geonames,47.77614,13.43439,500,2766218,Schafberg,T.MT,AT,05,Q682684,node/26864548,0.80,"far from most of the entries' other places (0% within 80 km, nearest 144 km)",
Eis,2,locality,review,osm+geonames,46.66611,14.83028,1500,2780219,Eis,P.PPL,AT,02,,node/240113102,0.65,295 km from the entries' other places (0% within 80 km),
Hansgraben,2,locality,review,osm,50.82154,6.50192,1500,,,,,,,way/737109282,0.55,473 km from the entries' other places (0% within 80 km),
Thüringer Wald,2,locality,no_match,geonames,50.66667,10.83333,5000,2822540,Thüringer Wald,T.MTS,DE,00,,,0.30,GeoNames primary name match (DE); 277 km from the entries' other places (0% within 80 km),
Perler Forst,2,locality,no_match,,,,,,,,,,,,0.00,no gazetteer entry,
Heiligkreuz,2,locality,linked,osm+geonames,47.28587,11.49342,1500,11592365,Heiligkreuz,P.PPL,AT,07,Q1595357,node/1626808556,0.80,"far from most of the entries' other places (0% within 80 km, nearest 87 km)",
Putzbrunn,2,locality,linked,osm+geonames,48.07579,11.71572,2000,2851567,Putzbrunn,P.PPLA4,DE,02,Q261630,relation/56350,0.95,entry context 12 km (100% of the entries),
Mittelberg-Bödmen,2,locality,no_match,,,,,,,,,,,,0.00,no gazetteer entry,
Antillen,2,locality,review,osm,18.77858,-70.54277,1500,,,,,,Q166131,relation/11946074,0.55,7889 km from the entries' other places (0% within 80 km),
Riedner Moos,2,locality,no_match,,,,,,,,,,,,0.00,no gazetteer entry,
Werthkanal,2,locality,no_match,,,,,,,,,,,,0.00,no gazetteer entry,
Monschau,2,settlement,linked,osm+geonames,50.55462,6.24001,1500,2869756,Monschau,P.PPL,DE,07,Q200783,relation/158020,0.95,,
Floristufe,2,locality,no_match,,,,,,,,,,,,0.00,no gazetteer entry,
Flachring,2,locality,no_match,,,,,,,,,,,,0.00,no gazetteer entry,
Harlachinger Papiermühle,2,locality,no_match,,,,,,,,,,,,0.00,no gazetteer entry,
Kranzwald,2,locality,linked,osm,47.69537,12.17767,500,,,,,,,node/1912630016,0.85,,
Karolsinger Allee,2,locality,no_match,,,,,,,,,,,,0.00,not geocoded yet (no Nominatim cache entry),
Karolahing,2,locality,no_match,,,,,,,,,,,,0.00,no gazetteer entry,
Fugau,2,locality,review,osm+geonames,51.03333,14.50000,1500,3076117,Fukov,P.PPL,CZ,89,Q1473338,node/280190786,0.65,162 km from the entries' other places (0% within 80 km),
Nußingring,2,locality,no_match,,,,,,,,,,,,0.00,no gazetteer entry,
Flochlohe,2,locality,no_match,,,,,,,,,,,,0.00,no gazetteer entry,
Volkach,2,locality,review,osm+geonames,49.86352,10.22813,1500,2816702,Volkach,P.PPL,DE,02,Q504787,relation/284500,0.65,216 km from the entries' other places (0% within 80 km),
Isarbleiche,2,locality,no_match,,,,,,,,,,,,0.00,no gazetteer entry,
Stadtmitte,2,locality,review,osm,48.39533,10.00055,3000,,,,,,,relation/9584120,0.70,"far from most of the entries' other places (0% within 80 km, nearest 120 km)",
Kleeblattwäldchen,2,locality,no_match,,,,,,,,,,,,0.00,no gazetteer entry,
Bruckloe,2,locality,no_match,,,,,,,,,,,,0.00,no gazetteer entry,
Griesen am Chiemsee,2,locality,no_match,,,,,,,,,,,,0.00,no gazetteer entry,
Romberg,2,locality,review,osm+geonames,49.98550,9.59545,500,2845355,Romberg,T.HLL,DE,02,Q31353969,node/389980801,0.65,251 km from the entries' other places (0% within 80 km),
Moosining,2,locality,no_match,,,,,,,,,,,,0.00,not geocoded yet (no Nominatim cache entry),
Michaelibad,2,locality,linked,osm,48.11922,11.63201,1500,,,,,,,way/4431764,0.90,OSM amenity/parking named after the place; entry context 5 km (100% of the entries),
Kasernen,2,locality,linked,osm+geonames,47.81667,9.61667,1500,2892555,Kasernen,P.PPL,DE,01,,node/6770746302,0.80,"far from most of the entries' other places (0% within 80 km, nearest 125 km)",
Forstenwald,2,locality,no_match,,,,,,,,,,,,0.00,no gazetteer entry,
Würmkanal,2,locality,linked,osm+geonames,48.21416,11.46087,2000,2805668,Würmkanal,H.CNL,DE,02,Q2596733,relation/3641091,0.95,entry context 11 km (100% of the entries),
Speichern und Kammern,2,locality,no_match,,,,,,,,,,,,0.00,no gazetteer entry,
Klapperchen,2,locality,no_match,,,,,,,,,,,,0.00,no gazetteer entry,
Hollarbach,2,locality,no_match,,,,,,,,,,,,0.00,no gazetteer entry,
München-Obermenzing,2,locality,linked,geonames,48.16422,11.47812,300,11974682,München-Obermenzing,S.RSTN,DE,02,,,0.95,GeoNames primary name match (DE); entry context 8 km (100% of the entries),
Schmaus-Berg,2,locality,no_match,,,,,,,,,,,,0.00,no gazetteer entry,
Schmeis-Berg,2,,no_match,,,,,,,,,,,,0.00,no gazetteer entry,
Bündert,2,,no_match,,,,,,,,,,,,0.00,no gazetteer entry,
Dünnbergwald,2,,no_match,,,,,,,,,,,,0.00,no gazetteer entry,
Glanzwald,2,locality,no_match,,,,,,,,,,,,0.00,no gazetteer entry,
Olontiola-Ried,2,,no_match,,,,,,,,,,,,0.00,no gazetteer entry,
Nesselbach,2,locality,review,osm,49.05185,9.91390,1500,,,,,,Q1978298,way/926021224,0.55,362 km from the entries' other places (0% within 80 km),
Schwarzsee,2,locality,review,osm,47.07569,10.31085,1000,,,,,,,way/85615323,0.70,"far from most of the entries' other places (0% within 80 km, nearest 100 km)",
Bad Heilbrunn,2,locality,linked,osm+geonames,47.74671,11.45934,2000,2953443,Bad Heilbrunn,P.PPLA4,DE,02,Q256278,relation/935232,0.95,entry context 37 km (100% of the entries),
Braunbrücke,2,locality,no_match,,,,,,,,,,,,0.00,not geocoded yet (no Nominatim cache entry),
Haidgraben,2,locality,no_match,geonames,52.64194,12.07699,2000,2912019,Haidgraben,H.STMC,DE,14,,,0.30,GeoNames primary name match (DE); 491 km from the entries' other places (0% within 80 km),
Matzinger See,2,locality,no_match,,,,,,,,,,,,0.00,no gazetteer entry,
Grünwald Hochberg,2,locality,no_match,,,,,,,,,,,,0.00,no gazetteer entry,
Pfanzelt-Birnbaum,2,locality,no_match,,,,,,,,,,,,0.00,no gazetteer entry,
Kintopp,2,locality,no_match,osm,49.93512,11.28897,1500,,,,,,Q50843491,way/53843904,0.30,OSM amenity/cinema named after the place; 201 km from the entries' other places (0% within 80 km),
Kaufbeuren - München,2,locality,no_match,,,,,,,,,,,,0.00,no gazetteer entry,
Franz-Markt,2,locality,no_match,,,,,,,,,,,,0.00,no gazetteer entry,
Franz-e-Markt,2,locality,no_match,,,,,,,,,,,,0.00,not geocoded yet (no Nominatim cache entry),
Perlachinger Berg,2,locality,no_match,,,,,,,,,,,,0.00,no gazetteer entry,
Heim Frieden,2,locality,no_match,,,,,,,,,,,,0.00,no gazetteer entry,
Katzensee,2,locality,review,osm,47.25293,9.07907,1500,,,,,,,way/402630653,0.55,211 km from the entries' other places (0% within 80 km),
Tutzing Dorf,2,locality,no_match,,,,,,,,,,,,0.00,no gazetteer entry,
Tutzing Dampfersteg,2,locality,linked,osm,47.90984,11.28427,1500,,,,,,,way/257262556,0.90,OSM man_made/pier named after the place; entry context 0 km (100% of the entries),
Glöckenmauer,2,locality,no_match,,,,,,,,,,,,0.00,no gazetteer entry,
Aue hinter Flocke,2,locality,no_match,,,,,,,,,,,,0.00,no gazetteer entry,
Molochleben,2,locality,no_match,,,,,,,,,,,,0.00,no gazetteer entry,
Nebenden Kleinspechte und Eschmäre,2,locality,no_match,,,,,,,,,,,,0.00,no gazetteer entry,
Ort am See,2,,no_match,,,,,,,,,,,,0.00,no gazetteer entry,
Hauswiesensaum,2,locality,no_match,,,,,,,,,,,,0.00,no gazetteer entry,
Einhofen,2,locality,no_match,,,,,,,,,,,,0.00,no gazetteer entry,
Kollbach,2,locality,linked,osm+geonames,48.39303,11.49242,1500,2886376,Kollbach,P.PPL,DE,02,Q131573899,node/25777660,0.95,entry context 29 km (100% of the entries),
Hegnenbach,2,locality,linked,osm+geonames,48.49278,10.62139,1500,2908171,Hegnenbach,P.PPL,DE,02,Q1530505,node/687060227,0.80,"far from most of the entries' other places (0% within 80 km, nearest 81 km)",
Glockenbach,2,locality,linked,osm+geonames,48.13127,11.56792,1000,11610299,Glockenbach,P.PPLX,DE,02,Q1531839,node/1700532826,0.95,entry context 1 km (100% of the entries),
Kanzelstein,2,locality,review,osm+geonames,50.45445,12.71281,2000,2893176,Kanzelstein,T.RK,DE,13,Q31536288,node/4640456020,0.65,271 km from the entries' other places (0% within 80 km),
Steinbüchlswäldchen,2,locality,no_match,,,,,,,,,,,,0.00,no gazetteer entry,
Forstakademie,2,locality,no_match,,,,,,,,,,,,0.00,no gazetteer entry,
Karlackung,2,locality,no_match,,,,,,,,,,,,0.00,no gazetteer entry,
Flosslände,2,locality,no_match,,,,,,,,,,,,0.00,not geocoded yet (no Nominatim cache entry),
Zaun,2,locality,linked,osm+geonames,48.14590,13.01258,1500,11747517,Zaun,P.PPL,AT,04,,node/240061185,0.80,"far from most of the entries' other places (0% within 80 km, nearest 107 km)",
Turbigo,2,locality,linked,osm+geonames,45.53076,8.73671,2000,3165100,Turbigo,P.PPLA3,IT,09,Q42984,relation/45219,0.95,,
Triebsee,2,locality,no_match,,,,,,,,,,,,0.00,no gazetteer entry,
Herrschinger Bucht,2,locality,no_match,,,,,,,,,,,,0.00,no gazetteer entry,
Fangwald an der Stocklohe,2,locality,no_match,,,,,,,,,,,,0.00,no gazetteer entry,
Stammeckchen,2,locality,no_match,,,,,,,,,,,,0.00,no gazetteer entry,
Kastantienwäldchen,2,locality,no_match,,,,,,,,,,,,0.00,no gazetteer entry,
Rote Filze,2,locality,linked,osm+geonames,47.80757,12.03321,10000,2844538,Rote Filze,L.AREA,DE,02,,way/1390215510,0.95,,
Trainingsallee,2,locality,no_match,,,,,,,,,,,,0.00,no gazetteer entry,
Azendorf,2,locality,linked,osm+geonames,50.02735,11.30412,1500,2953824,Azendorf,P.PPL,DE,02,Q103826013,node/569044899,0.95,,
Veldensteiner Forst,2,locality,linked,osm+geonames,49.68834,11.51453,1500,2817715,Veldensteiner Forst,V.FRST,DE,02,Q2512290,relation/1071001,0.95,,
Georgwald,2,locality,no_match,,,,,,,,,,,,0.00,no gazetteer entry,
Perlachseite,2,locality,no_match,,,,,,,,,,,,0.00,no gazetteer entry,
München-Waldtrudering,2,locality,linked,osm,48.12119,11.68474,1500,,,,,,,node/3365508794,0.90,OSM railway/junction named after the place; entry context 8 km (100% of the entries),
Stein-Gütlzl,2,locality,no_match,,,,,,,,,,,,0.00,no gazetteer entry,
Hangstall,2,locality,no_match,,,,,,,,,,,,0.00,no gazetteer entry,
Volte,2,locality,linked,osm,45.80696,10.71178,300,,,,,,,node/533993922,0.85,,
Bärsee,2,locality,review,osm,7.06323,-9.84774,500,,,,,,,node/3121922939,0.55,4924 km from the entries' other places (0% within 80 km),
Salachau,2,,no_match,,,,,,,,,,,,0.00,no gazetteer entry,
Pfarrwald,2,locality,review,osm,50.02738,11.50526,1500,,,,,,,way/12659556,0.55,210 km from the entries' other places (0% within 80 km),
Graben beim Flur,2,locality,no_match,,,,,,,,,,,,0.00,no gazetteer entry,
Dießenhofen,2,locality,linked,osm+geonames,47.68908,8.74958,2000,2661016,Diessenhofen,P.PPLA3,CH,TG,Q67128,relation/1684513,0.95,,
Beinkönig,2,locality,no_match,,,,,,,,,,,,0.00,no gazetteer entry,
Ferienhaus,2,locality,review,osm,47.46652,12.35046,1500,,,,,,,way/106783402,0.60,OSM building/yes named after the place,
Klangwald,2,locality,no_match,osm,48.88325,9.60461,1500,,,,,,,node/2242808320,0.30,OSM tourism/attraction named after the place; 167 km from the entries' other places (0% within 80 km),
Flechtheide,2,locality,no_match,,,,,,,,,,,,0.00,no gazetteer entry,
Kinderberg,2,locality,review,osm,51.03521,14.38307,300,,,,,,,node/8039733937,0.55,381 km from the entries' other places (0% within 80 km),
Rotbuchen-Schule,2,locality,no_match,,,,,,,,,,,,0.00,no gazetteer entry,
Isareinfluss,2,locality,no_match,,,,,,,,,,,,0.00,no gazetteer entry,
"München, Unterhachinger Allee",2,locality,no_match,,,,,,,,,,,,0.00,no gazetteer entry,
Stockerle,2,locality,no_match,,,,,,,,,,,,0.00,no gazetteer entry,
Stadtwerke,2,locality,no_match,osm,49.02410,8.70295,1500,,,,,,,way/40970877,0.30,OSM landuse/industrial named after the place; 233 km from the entries' other places (0% within 80 km),
Hauswirt,2,locality,review,osm,48.13527,12.77680,500,,,,,,,node/2185765318,0.70,"far from most of the entries' other places (0% within 80 km, nearest 89 km)",
Stauching,2,locality,no_match,,,,,,,,,,,,0.00,no gazetteer entry,
Hubendorf,2,locality,no_match,,,,,,,,,,,,0.00,no gazetteer entry,
Polartaucher,2,,no_match,,,,,,,,,,,,0.00,no gazetteer entry,
Ammeten,2,settlement,no_match,,,,,,,,,,,,0.00,no gazetteer entry,
Steinzeitufer,2,locality,no_match,,,,,,,,,,,,0.00,no gazetteer entry,
Floßlände bei Thalkirchen,2,locality,no_match,,,,,,,,,,,,0.00,no gazetteer entry,
Kinderspiel,2,locality,no_match,osm,48.21006,16.39240,1500,,,,,,,node/9199545588,0.30,OSM amenity/cafe named after the place; 357 km from the entries' other places (0% within 80 km),
"München, Isarklinik",2,locality,no_match,,,,,,,,,,,,0.00,no gazetteer entry,
Isarwald,2,locality,no_match,,,,,,,,,,,,0.00,no gazetteer entry,
Stadtheide,2,locality,review,osm,49.10334,9.70627,3000,,,,,,,relation/19449946,0.55,174 km from the entries' other places (0% within 80 km),
Isarfluh,2,locality,no_match,,,,,,,,,,,,0.00,no gazetteer entry,
Luternstein,2,locality,no_match,,,,,,,,,,,,0.00,no gazetteer entry,
Winzer-Verein,2,locality,no_match,osm,50.53924,7.08786,1500,,,,,,,way/148732093,0.30,OSM shop/alcohol named after the place; 357 km from the entries' other places (0% within 80 km),
Kulm Stein,2,locality,no_match,,,,,,,,,,,,0.00,no gazetteer entry,
O-Kommert,2,locality,no_match,,,,,,,,,,,,0.00,no gazetteer entry,
See beim Dampfersteg,2,locality,no_match,,,,,,,,,,,,0.00,no gazetteer entry,
See beim Stau,2,locality,no_match,,,,,,,,,,,,0.00,no gazetteer entry,
Dorfgrund,2,locality,review,osm,50.95586,14.13387,5000,,,,,,,way/485627104,0.55,364 km from the entries' other places (0% within 80 km),
Linde beim Stau,2,locality,no_match,,,,,,,,,,,,0.00,no gazetteer entry,
"München, Gärten am Krankenhaus",2,locality,no_match,,,,,,,,,,,,0.00,no gazetteer entry,
Barkinger Allee,2,locality,no_match,,,,,,,,,,,,0.00,no gazetteer entry,
Neues Realgymnasium,2,locality,no_match,,,,,,,,,,,,0.00,no gazetteer entry,
Flau,2,locality,review,osm,44.27843,1.88054,300,,,,,,,node/3147215862,0.55,860 km from the entries' other places (0% within 80 km),
Kindertag,2,locality,no_match,,,,,,,,,,,,0.00,no gazetteer entry,
Wartsee,2,,no_match,,,,,,,,,,,,0.00,no gazetteer entry,
Birken-Promenade,2,locality,no_match,,,,,,,,,,,,0.00,no gazetteer entry,
Gunteshüttet,2,,no_match,,,,,,,,,,,,0.00,no gazetteer entry,
Villa Eber,2,locality,no_match,,,,,,,,,,,,0.00,no gazetteer entry,
Holzhäuser,2,locality,linked,osm+geonames,48.32573,13.27784,1500,2899750,Holzhäuser,P.PPL,DE,02,,node/863188684,0.95,,
Neuglofsheim,2,locality,no_match,,,,,,,,,,,,0.00,no gazetteer entry,
"München, Zoo",2,locality,review,geonames,48.09780,11.55446,500,7733347,Hellabrunn Zoo,S.ZOO,DE,02,,,0.65,GeoNames alternate name match (DE); entry context 5 km (100% of the entries),
Karwinger Allee,2,locality,no_match,,,,,,,,,,,,0.00,not geocoded yet (no Nominatim cache entry),
Sankt Martin im Stein,2,locality,no_match,,,,,,,,,,,,0.00,no gazetteer entry,
Kreuzviertel,2,locality,review,osm+geonames,48.14005,11.57152,1000,11610674,Kreuzviertel,P.PPLX,DE,02,,node/1700532834,0.65,280 km from the entries' other places (0% within 80 km),
Camargue,2,locality,review,osm,44.04952,-0.04773,300,,,,,,,node/6145910624,0.55,1003 km from the entries' other places (0% within 80 km),
Speicher Ismaning,2,locality,no_match,,,,,,,,,,,,0.00,not geocoded yet (no Nominatim cache entry),
Kraftwerkbecken Ismaning,2,locality,no_match,,,,,,,,,,,,0.00,no gazetteer entry,
Taubenkobel,2,locality,linked,osm,48.33334,11.44000,1500,,,,,,Q41239547,way/991554092,0.90,OSM building/yes named after the place; entry context 24 km (100% of the entries),
Grasbau,2,locality,no_match,,,,,,,,,,,,0.00,no gazetteer entry,
Dietfurt,2,locality,linked,osm+geonames,49.03578,11.58624,1500,2937110,Dietfurt,P.PPL,DE,02,Q504648,relation/1028811,0.95,,
Fürpach,2,locality,review,osm+geonames,49.32266,7.21081,1500,2923683,Furpach,P.PPL,DE,09,Q1475106,relation/6645759,0.65,331 km from the entries' other places (0% within 80 km),
Hausring,2,locality,no_match,,,,,,,,,,,,0.00,no gazetteer entry,
Isar oberhalb vom Tierpark,2,locality,no_match,,,,,,,,,,,,0.00,no gazetteer entry,
Isarsteile,2,locality,no_match,,,,,,,,,,,,0.00,no gazetteer entry,
Meinesee,2,locality,no_match,,,,,,,,,,,,0.00,no gazetteer entry,
Hochhalde,2,locality,linked,osm+geonames,49.09424,7.54383,500,8260019,Hochhalde,T.MT,FR,44,Q31668299,node/13357842059,0.95,,
Ails,2,route,no_match,,,,,,,,,,,,0.00,no gazetteer entry,
Wittlich,2,locality,linked,osm+geonames,49.98596,6.89308,2000,2807240,Wittlich,P.PPLA3,DE,08,Q559514,relation/661036,0.95,entry context 31 km (100% of the entries),
Hunsrück,2,locality,linked,osm+geonames,49.96837,7.32117,2000,2897305,Hunsrück,T.UPLD,DE,08,Q311234,way/544102426,0.95,entry context 31 km (100% of the entries),
Ettenberg,2,locality,linked,osm+geonames,47.68284,13.02360,1500,11962250,Ettenberg,P.PPL,DE,02,,node/9297604495,0.95,,
Pflegm,2,locality,no_match,,,,,,,,,,,,0.00,no gazetteer entry,
Rauhenzell,2,locality,linked,osm+geonames,47.55827,10.24225,1500,2849977,Rauhenzell,P.PPL,DE,02,Q1268401,way/32305407,0.80,"far from most of the entries' other places (0% within 80 km, nearest 87 km)",
Förlerei,2,locality,no_match,,,,,,,,,,,,0.00,no gazetteer entry,
Tölzing,2,settlement,no_match,,,,,,,,,,,,0.00,no gazetteer entry,
Pratner-Sommeralpe,2,,no_match,,,,,,,,,,,,0.00,no gazetteer entry,
Vorder-Sommer,2,,no_match,,,,,,,,,,,,0.00,no gazetteer entry,
Friedrichsfelde,2,settlement,linked,osm+geonames,52.50575,13.50812,1000,2924599,Friedrichsfelde,P.PPLX,DE,16,Q563588,relation/412167,0.95,,
Woltersdorfer Schleuse,2,locality,review,osm+geonames,52.43333,13.76667,1500,2806279,Woltersdorfer Schleuse,P.PPL,DE,11,,node/14028987598,0.60,OSM information/board named after the place,
Kranichberge,2,locality,no_match,,,,,,,,,,,,0.00,no gazetteer entry,
Hausgrundstück,2,locality,no_match,,,,,,,,,,,,0.00,no gazetteer entry,
Kaser,2,locality,review,osm,47.57562,10.10357,1500,,,,,,,way/120773145,0.70,"far from most of the entries' other places (0% within 80 km, nearest 95 km)",
Hagemann,2,,review,osm,51.71160,6.65946,1500,,,,,,,way/445291315,0.55,537 km from the entries' other places (0% within 80 km),
Garage,2,locality,linked,osm,48.15252,11.54068,1500,,,,,,,way/116516151,0.90,OSM building/yes named after the place; entry context 33 km (100% of the entries),
Garagendeckel,2,locality,no_match,,,,,,,,,,,,0.00,no gazetteer entry,
Losen,2,locality,review,osm,49.89380,13.29036,3000,,,,,,Q1872711,relation/439756,0.55,194 km from the entries' other places (0% within 80 km),
Siedlungsrand Tutzing,2,locality,no_match,,,,,,,,,,,,0.00,no gazetteer entry,
Kirchturm Tutzing,2,locality,no_match,,,,,,,,,,,,0.00,no gazetteer entry,
Pürglay,2,settlement,no_match,,,,,,,,,,,,0.00,no gazetteer entry,
Hausgehege,2,locality,no_match,,,,,,,,,,,,0.00,no gazetteer entry,
Haspelwald,2,locality,review,osm+geonames,48.23333,15.81667,1500,2776702,Haspelwald,V.FRST,AT,03,,relation/149704,0.65,315 km from the entries' other places (0% within 80 km),
Epfachhausen und Kaufering,2,locality,no_match,,,,,,,,,,,,0.00,no gazetteer entry,
Isarhangkante,2,locality,no_match,,,,,,,,,,,,0.00,no gazetteer entry,
Bichlalm,2,locality,review,osm,47.67600,13.21083,300,,,,,,,node/8737148827,0.70,"far from most of the entries' other places (0% within 80 km, nearest 132 km)",
Eichbühel,2,locality,review,osm,47.34058,9.66493,300,,,,,,Q138302371,node/2085582645,0.55,168 km from the entries' other places (0% within 80 km),
Oberrhein,2,locality,review,osm,48.91400,8.15659,3000,,,,,,Q663546,relation/7463480,0.55,266 km from the entries' other places (0% within 80 km),
Marktgraitz,2,locality,review,osm+geonames,50.18358,11.19441,1500,2873302,Marktgraitz,P.PPL,DE,02,Q502806,relation/1026856,0.65,229 km from the entries' other places (0% within 80 km),
"München, Kastanienallee",2,locality,no_match,,,,,,,,,,,,0.00,no gazetteer entry,
Erkheim,2,locality,linked,osm+geonames,48.03730,10.33570,1500,2929605,Erkheim,P.PPL,DE,02,Q547152,relation/968910,0.95,entry context 13 km (100% of the entries),
Gievenbecker Reihe,2,locality,no_match,,,,,,,,,,,,0.00,no gazetteer entry,
Horizont,2,locality,linked,osm,48.18665,11.59294,1500,,,,,,,node/7597842265,0.90,OSM amenity/kindergarten named after the place; entry context 6 km (100% of the entries),
Bierwaofen,1,,no_match,,,,,,,,,,,,0.00,no gazetteer entry,
Kausen,1,,review,osm+geonames,50.49596,7.65794,1500,2892030,Kausen,P.PPL,DE,08,Q88215333,node/1082511600,0.65,161 km from the entries' other places (0% within 80 km),
Kanzelwand,1,locality,linked,osm+geonames,47.33333,10.20000,500,2814092,Kanzelwand,T.MT,AT,08,Q872350,node/480760326,0.95,,
Leipheim,1,,linked,osm+geonames,48.45004,10.22278,1500,2879150,Leipheim,P.PPL,DE,02,Q504354,relation/964466,0.95,entry context 14 km (100% of the entries),
Rauflutre,1,locality,no_match,,,,,,,,,,,,0.00,no gazetteer entry,
Krummath,1,locality,no_match,,,,,,,,,,,,0.00,no gazetteer entry,
Germaringer Moos,1,,no_match,,,,,,,,,,,,0.00,no gazetteer entry,
Lienzi,1,,no_match,,,,,,,,,,,,0.00,not geocoded yet (no Nominatim cache entry),
Kaisersummern,1,,no_match,,,,,,,,,,,,0.00,no gazetteer entry,
Anhalt,1,,review,osm,51.75103,11.97370,3000,,,,,,Q1796771,relation/2090553,0.55,186 km from the entries' other places (0% within 80 km),
Oberbeurer Alm,1,,no_match,,,,,,,,,,,,0.00,no gazetteer entry,
Rumfordgewächshaus,1,,no_match,,,,,,,,,,,,0.00,no gazetteer entry,
Herlachbett,1,,no_match,,,,,,,,,,,,0.00,no gazetteer entry,
Lindenau-Wirt,1,,no_match,,,,,,,,,,,,0.00,no gazetteer entry,
Genuachsaum,1,,no_match,,,,,,,,,,,,0.00,no gazetteer entry,
Genauser Hammer-Schmiede,1,,no_match,,,,,,,,,,,,0.00,no gazetteer entry,
Löwenbrücke,1,,review,osm,49.78605,9.92506,1500,,,,,,,node/9050782281,0.60,OSM railway/tram_stop named after the place,
Kemnat,1,,review,geonames,48.33754,10.41143,1500,2891674,Kemnat,P.PPL,DE,02,,,0.70,GeoNames primary name match (DE),
Alenhausen,1,,no_match,,,,,,,,,,,,0.00,no gazetteer entry,
Oberwilmeringen,1,,no_match,,,,,,,,,,,,0.00,no gazetteer entry,
Reinach,1,,linked,osm,47.69250,9.47292,500,,,,,,,node/454418776,0.95,entry context 31 km (100% of the entries),
Therwil,1,,linked,osm+geonames,47.49941,7.55669,1500,2658386,Therwil,P.PPL,CH,BL,Q66595,relation/1683714,0.95,entry context 2 km (100% of the entries),
Flüh,1,,linked,geonames,47.48432,7.49800,1500,6698593,Flüh,P.PPL,CH,SO,,,0.90,GeoNames primary name match (CH); entry context 4 km (100% of the entries),
Unterwilmeringen,1,,no_match,,,,,,,,,,,,0.00,no gazetteer entry,
Dienst,1,,no_match,,,,,,,,,,,,0.00,not geocoded yet (no Nominatim cache entry),
Grafen Steigele,1,,no_match,,,,,,,,,,,,0.00,no gazetteer entry,
Elinbei,1,,no_match,,,,,,,,,,,,0.00,no gazetteer entry,
Dianis,1,,review,osm,48.30477,18.97947,300,,,,,,,node/2613679195,0.55,622 km from the entries' other places (0% within 80 km),
Stelze-Kies,1,,no_match,,,,,,,,,,,,0.00,no gazetteer entry,
Haiern,1,,review,osm+geonames,50.61077,8.23170,1500,2911967,Haiern,P.PPL,DE,05,,relation/13779933,0.65,349 km from the entries' other places (0% within 80 km),
Fraukenried,1,,no_match,,,,,,,,,,,,0.00,not geocoded yet (no Nominatim cache entry),
Felswand,1,,linked,osm,47.57044,10.61210,1500,,,,,,,node/9620444929,0.95,entry context 35 km (100% of the entries),
Hochmoos,1,,linked,osm+geonames,47.35000,11.15000,500,2775994,Hochmoos,T.MT,AT,07,Q21871843,node/11243529771,0.95,,
Höhenrücken,1,,review,osm,51.43312,7.17235,2000,,,,,,,way/1137903538,0.70,"far from most of the entries' other places (0% within 80 km, nearest 118 km)",
Prinzregen-Brücke,1,,no_match,,,,,,,,,,,,0.00,no gazetteer entry,
Bogenhauser-Brücke,1,,no_match,,,,,,,,,,,,0.00,not geocoded yet (no Nominatim cache entry),
Kienberghöhe,1,,review,osm,48.42871,15.10246,300,,,,,,,node/3991827580,0.55,288 km from the entries' other places (0% within 80 km),
Großweil,1,,linked,osm+geonames,47.67598,11.30108,2000,2914876,Großweil,P.PPLA4,DE,02,Q505796,relation/939364,0.95,entry context 2 km (100% of the entries),
Schwaiganger,1,,linked,osm+geonames,47.65669,11.25442,1500,2835419,Schwaiganger,P.PPL,DE,02,,node/4516047922,0.95,entry context 4 km (100% of the entries),
Frankenrieder Waldungen,1,,no_match,,,,,,,,,,,,0.00,no gazetteer entry,
Lellenwiese,1,,review,osm,52.36606,9.92293,500,,,,,,,node/1788960555,0.55,501 km from the entries' other places (0% within 80 km),
Gemark-Moos,1,,no_match,,,,,,,,,,,,0.00,no gazetteer entry,
Gemarkbaum,1,,no_match,,,,,,,,,,,,0.00,not geocoded yet (no Nominatim cache entry),
Gaimachhaid,1,,no_match,,,,,,,,,,,,0.00,no gazetteer entry,
Weinhausen,1,,linked,osm+geonames,47.99383,10.70000,1500,2812176,Weinhausen,P.PPL,DE,02,Q109661404,node/1685792818,0.95,entry context 3 km (100% of the entries),
Gupfelbronn,1,,no_match,,,,,,,,,,,,0.00,no gazetteer entry,
Hallinsel,1,,no_match,,,,,,,,,,,,0.00,no gazetteer entry,
Irbisdorf,1,,no_match,,,,,,,,,,,,0.00,no gazetteer entry,
Großried,1,,linked,osm+geonames,47.96412,10.56670,1500,2915140,Großried,P.PPL,DE,02,,node/365727066,0.95,entry context 4 km (100% of the entries),
Elm,1,,linked,geonames,53.51891,9.20608,1500,2930875,Elm,P.PPL,DE,06,,,0.90,GeoNames primary name match (DE); entry context 11 km (100% of the entries),
Mooswirth,1,,no_match,,,,,,,,,,,,0.00,no gazetteer entry,
Vordere Seealpe,1,,linked,osm,47.40887,10.32361,100,,,,,,Q131350734,way/102542595,0.90,OSM amenity/biergarten named after the place; entry context 2 km (100% of the entries),
Schwalten,1,,linked,osm,47.64962,10.57797,500,,,,,,Q57976442,node/316011987,0.95,entry context 6 km (100% of the entries),
Heisbach,1,,review,osm+geonames,53.26393,9.43301,3000,13569545,Heisbach,H.STM,DE,06,,relation/13056347,0.65,519 km from the entries' other places (0% within 80 km),
Zweite Haldenwiese,1,,no_match,,,,,,,,,,,,0.00,no gazetteer entry,
Erste Haldenwiese,1,,no_match,,,,,,,,,,,,0.00,no gazetteer entry,
Ob an der Korben,1,,no_match,,,,,,,,,,,,0.00,no gazetteer entry,
Hinteres Riedloh,1,,no_match,,,,,,,,,,,,0.00,no gazetteer entry,
Horlachwehr,1,,no_match,,,,,,,,,,,,0.00,no gazetteer entry,
Gennachbächlmoos,1,,no_match,,,,,,,,,,,,0.00,no gazetteer entry,
Gennach-Tal,1,,no_match,,,,,,,,,,,,0.00,no gazetteer entry,
Attilienberg,1,,no_match,,,,,,,,,,,,0.00,no gazetteer entry,
Höringen,1,,review,osm+geonames,49.55566,7.79602,2000,2899016,Höringen,P.PPLA4,DE,08,Q560439,relation/1254710,0.65,201 km from the entries' other places (0% within 80 km),
Maffei'sches Bahngleis,1,,no_match,,,,,,,,,,,,0.00,no gazetteer entry,
Lünau,1,,review,osm,51.65001,9.81076,1500,,,,,,,way/204353074,0.55,423 km from the entries' other places (0% within 80 km),
Gennachhauser Moor,1,,no_match,,,,,,,,,,,,0.00,not geocoded yet (no Nominatim cache entry),
Kniehalt,1,,no_match,,,,,,,,,,,,0.00,no gazetteer entry,
Stallwang,1,,linked,osm+geonames,48.55838,12.23108,1500,2829603,Stallwang,P.PPL,DE,02,Q33492659,node/274086534,0.80,"far from most of the entries' other places (0% within 80 km, nearest 80 km)",
III. Halbinsel,1,,review,osm,47.92112,16.85742,500,,,,,,,node/3483818122,0.55,465 km from the entries' other places (0% within 80 km),
Ruderatsried,1,,no_match,,,,,,,,,,,,0.00,no gazetteer entry,
Lustenau,1,,linked,osm+geonames,47.42642,9.65851,2000,2772173,Lustenau,P.PPLA3,AT,08,Q488315,relation/75369,0.95,,
Döblingen,1,,no_match,,,,,,,,,,,,0.00,no gazetteer entry,
Elbeu,1,,review,osm+geonames,52.23884,11.61861,1500,2931257,Elbeu,P.PPL,DE,14,Q1325289,node/49870682,0.65,490 km from the entries' other places (0% within 80 km),
Wald westlich von Riedrau,1,,no_match,,,,,,,,,,,,0.00,no gazetteer entry,
Pfronten-Weißbach,1,,linked,osm+geonames,47.59570,10.55774,300,11974894,Pfronten-Weißbach,S.RSTN,DE,02,Q113458452,node/10665139141,0.90,OSM railway/stop named after the place; entry context 7 km (100% of the entries),
Herrlingen,1,,linked,osm+geonames,48.42074,9.89795,1500,2905686,Herrlingen,P.PPL,DE,01,Q224701,relation/5219727,0.95,entry context 7 km (100% of the entries),
Pappelau,1,,linked,osm+geonames,48.36800,9.80583,2000,2855477,Pappelau,P.PPLA5,DE,01,Q55397561,relation/13831409,0.95,entry context 1 km (100% of the entries),
Elber,1,locality,linked,osm,49.20565,9.88939,1500,,,,,,,way/448336423,0.85,,
VI. Halbinsel,1,,no_match,,,,,,,,,,,,0.00,no gazetteer entry,
Blankenburg,1,,linked,osm+geonames,51.79025,10.95509,1500,2948071,Blankenburg,P.PPL,DE,14,Q525960,relation/1352949,0.95,,
Mooswirtschaft,1,,no_match,,,,,,,,,,,,0.00,no gazetteer entry,
Riedmatt,1,locality,linked,osm+geonames,47.26189,8.51817,1500,6290405,Riedmatt,P.PPL,CH,ZH,,node/9872546773,0.95,,
Riotrau,1,locality,no_match,,,,,,,,,,,,0.00,no gazetteer entry,
Buchenberg,1,,linked,osm+geonames,47.69593,10.23927,1500,2942566,Buchenberg,P.PPL,DE,02,Q529043,relation/957769,0.95,entry context 6 km (100% of the entries),
Isny,1,,linked,osm+geonames,47.69260,10.03857,1500,2895638,Isny,P.PPL,DE,01,Q32559191,relation/8725612,0.95,entry context 6 km (100% of the entries),
Harbatshofen,1,,linked,osm+geonames,47.60520,10.00740,1500,2910708,Harbatshofen,P.PPL,DE,02,Q35747844,node/5485452858,0.95,entry context 1 km (100% of the entries),
Pfänderhöhe,1,,no_match,,,,,,,,,,,,0.00,no gazetteer entry,
Simmerberg,1,,linked,osm+geonames,47.58702,9.94387,1000,2832019,Simmerberg,P.PPLX,DE,02,Q35191106,node/254345972,0.95,entry context 5 km (100% of the entries),
Röthenbach,1,,linked,osm+geonames,47.62303,9.97387,1500,2844148,Röthenbach,P.PPL,DE,02,Q537429,relation/959855,0.95,entry context 5 km (100% of the entries),
Heimenkirch,1,,linked,osm+geonames,47.62959,9.90304,1500,2907399,Heimenkirch,P.PPL,DE,02,Q552434,relation/959842,0.95,entry context 5 km (100% of the entries),
Opfenbach,1,,linked,osm+geonames,47.63333,9.83333,2000,2857205,Opfenbach,P.PPLA4,DE,02,Q259366,relation/959841,0.95,entry context 4 km (100% of the entries),
Niederstaufen,1,,linked,osm+geonames,47.60169,9.79680,1500,2862846,Niederstaufen,P.PPL,DE,02,Q61722062,node/249517811,0.95,entry context 4 km (100% of the entries),
Reutin,1,,linked,osm+geonames,47.55444,9.71629,1500,2847744,Reutin,P.PPL,DE,02,Q1526301,node/148431387,0.95,entry context 3 km (100% of the entries),
Durchbruchstelle,1,,no_match,,,,,,,,,,,,0.00,no gazetteer entry,
Raußbeuren,1,settlement,no_match,,,,,,,,,,,,0.00,no gazetteer entry,
Trommelsamrang,1,,no_match,,,,,,,,,,,,0.00,no gazetteer entry,
Baukshüner,1,locality,no_match,,,,,,,,,,,,0.00,no gazetteer entry,
Romatsried,1,,linked,osm+geonames,47.89906,10.52484,1500,2845366,Romatsried,P.PPL,DE,02,Q58001418,node/335984973,0.95,entry context 2 km (100% of the entries),
Schranten,1,,no_match,,,,,,,,,,,,0.00,no gazetteer entry,
Thron,1,,review,osm+geonames,50.27228,11.66376,1500,2822614,Thron,P.PPL,DE,02,Q107002101,node/1694320536,0.65,291 km from the entries' other places (0% within 80 km),
Weitmoos,1,,review,osm,47.99242,12.21722,500,,,,,,,node/60845328,0.70,"far from most of the entries' other places (0% within 80 km, nearest 117 km)",
Obertrog,1,,no_match,osm,47.29111,11.89988,1500,,,,,,,way/117810021,0.30,OSM building/yes named after the place; 356 km from the entries' other places (0% within 80 km),
Seg,1,,review,osm,48.39237,9.99507,1500,,,,,,,node/1997471030,0.60,OSM craft/electrician named after the place,
Fischbeck,1,,linked,osm+geonames,52.53986,12.01677,1500,2926578,Fischbeck,P.PPL,DE,14,Q697594,relation/3643689,0.80,"far from most of the entries' other places (0% within 80 km, nearest 138 km)",
Maria-Altenberg,1,,no_match,,,,,,,,,,,,0.00,no gazetteer entry,
Balterats,1,,no_match,,,,,,,,,,,,0.00,no gazetteer entry,
Schramberg,1,,linked,osm+geonames,49.89123,12.01037,500,2836204,Schramberg,T.HLL,DE,02,Q31323956,node/7761285072,0.95,,
Rieterloh,1,,no_match,,,,,,,,,,,,0.00,no gazetteer entry,
Kirchbrücke,1,,review,osm,47.16244,11.36527,500,,,,,,,node/10892095462,0.70,"far from most of the entries' other places (0% within 80 km, nearest 87 km)",
Baltterazried,1,,no_match,,,,,,,,,,,,0.00,no gazetteer entry,
Lengenwang Seeg,1,,no_match,,,,,,,,,,,,0.00,no gazetteer entry,
Schaffhausen-Neuhausen,1,,no_match,,,,,,,,,,,,0.00,no gazetteer entry,
Schweizersbild,1,,linked,osm,47.72391,8.63996,1500,,,,,,Q2256725,node/9741538370,0.90,OSM historic/archaeological_site named after the place; entry context 3 km (100% of the entries),
Schloß Laufen,1,,linked,osm,47.67680,8.61485,200,,,,,,Q678484,way/219320631,0.95,entry context 0 km (100% of the entries),
Kohlfirst-Wald,1,,no_match,,,,,,,,,,,,0.00,no gazetteer entry,
Fätschbachwasserfall,1,,no_match,,,,,,,,,,,,0.00,no gazetteer entry,
Tierfehd,1,,linked,geonames,46.88189,8.98072,1500,11048355,Tierfehd,P.PPL,CH,GL,,,0.90,GeoNames primary name match (CH); entry context 5 km (100% of the entries),
Thon,1,,review,osm+geonames,49.48000,11.06200,1000,2822679,Thon,P.PPLX,DE,02,,node/31916967,0.65,223 km from the entries' other places (0% within 80 km),
Schwändi,1,,linked,osm+geonames,47.00620,9.06591,1500,2658682,Schwändi,P.PPL,CH,GL,Q167983,node/32863357,0.95,entry context 3 km (100% of the entries),
Guppenseeli,1,,linked,osm+geonames,46.99320,9.02877,1000,11396688,Guppenseeli,H.LK,CH,GL,,way/657072180,0.95,entry context 2 km (100% of the entries),
Kauw,1,,no_match,,,,,,,,,,,,0.00,no gazetteer entry,
Aum,1,,no_match,geonames,50.31667,6.33333,3000,2953893,Auw,H.STM,BE,00,,,0.10,GeoNames alternate name match (BE); 451 km from the entries' other places (0% within 80 km),
Äußere Weißbachwand,1,locality,no_match,,,,,,,,,,,,0.00,no gazetteer entry,
Bärenbacher Weiher,1,,no_match,,,,,,,,,,,,0.00,no gazetteer entry,
Gennachhaus,1,,no_match,,,,,,,,,,,,0.00,not geocoded yet (no Nominatim cache entry),
Brubach-Ab,1,,no_match,,,,,,,,,,,,0.00,no gazetteer entry,
Schnecken,1,,review,geonames,50.21126,12.35281,1500,3065677,Šneky,P.PPL,CZ,81,,,0.70,GeoNames alternate name match (CZ); entry context 30 km (100% of the entries),
Als,1,,review,geonames,44.12489,4.08082,2000,3038224,Alès,P.PPLA3,FR,76,,,0.65,GeoNames alternate name match (FR),
Schloss Laufen,1,,no_match,,,,,,,,,,,,0.00,not geocoded yet (no Nominatim cache entry),
Daisen,1,,review,osm,48.99810,9.52787,500,,,,,,,node/13746500203,0.55,159 km from the entries' other places (0% within 80 km),
Uhwiesen,1,,linked,osm+geonames,47.67074,8.63542,1500,2658271,Uhwiesen,P.PPL,CH,ZH,Q66336,node/240075019,0.95,entry context 2 km (100% of the entries),
Flurlingen,1,,linked,geonames,47.68390,8.62995,1500,2660746,Flurlingen,P.PPL,CH,ZH,Q66757,,0.90,GeoNames primary name match (CH); entry context 1 km (100% of the entries),
Radenwald,1,,no_match,,,,,,,,,,,,0.00,no gazetteer entry,
Zug,1,,linked,osm+geonames,47.17242,8.51745,5000,2657908,Zug,P.PPLA,CH,ZG,Q11933,relation/1686447,0.95,entry context 22 km (100% of the entries),
Kaltbrunner Ried,1,,no_match,,,,,,,,,,,,0.00,no gazetteer entry,
Flüelen,1,,linked,osm+geonames,46.90478,8.62396,2000,2660751,Flüelen,P.PPLA3,CH,UR,Q69665,relation/1683072,0.95,entry context 12 km (100% of the entries),
Tunnel,1,,no_match,geonames,60.72813,5.79464,100,8592000,Tunnel,S.BDG,NO,46,,,0.00,GeoNames primary name match (NO); 1467 km from the entries' other places (0% within 80 km),
Thierfehd,1,,no_match,,,,,,,,,,,,0.00,no gazetteer entry,
Sandalpe,1,,no_match,,,,,,,,,,,,0.00,no gazetteer entry,
Bärbächi-Alpe,1,,no_match,,,,,,,,,,,,0.00,no gazetteer entry,
Bärenhalt,1,,no_match,,,,,,,,,,,,0.00,no gazetteer entry,
Nusswald,1,,no_match,,,,,,,,,,,,0.00,no gazetteer entry,
Fluhmberg,1,,no_match,,,,,,,,,,,,0.00,no gazetteer entry,
Irchenhausen,1,,no_match,,,,,,,,,,,,0.00,no gazetteer entry,
Forstmeister Gark,1,,no_match,,,,,,,,,,,,0.00,not geocoded yet (no Nominatim cache entry),
Rietwies,1,locality,review,osm+geonames,47.45940,8.94250,800,11591160,Rietwies,P.PPLL,CH,TG,,node/2572340444,0.65,308 km from the entries' other places (0% within 80 km),
Hüttenwanger Tal,1,,no_match,,,,,,,,,,,,0.00,no gazetteer entry,
Altenstadt,1,,linked,osm+geonames,47.82359,10.87475,2000,2957469,Altenstadt,P.PPLA4,DE,02,Q437612,relation/936742,0.95,entry context 2 km (100% of the entries),
Rathaus,1,,review,osm+geonames,47.37161,8.54501,1000,6295483,Zürich (Kreis 1) / Rathaus,P.PPLX,CH,ZH,Q9315546,way/30067765,0.60,OSM building/public named after the place; named after a settlement elsewhere; not confirmed by context (37 km),
Haltemsteiger,1,,no_match,,,,,,,,,,,,0.00,no gazetteer entry,
Hochried,1,,linked,osm+geonames,49.73333,12.41667,1500,2903057,Hochried,V.FRST,DE,02,Q32059282,node/7694723103,0.80,"far from most of the entries' other places (0% within 80 km, nearest 90 km)",
Sturmannshofen,1,,no_match,,,,,,,,,,,,0.00,no gazetteer entry,
Illerbrücke bei Biessenhofen,1,,no_match,,,,,,,,,,,,0.00,no gazetteer entry,
Wiesenflur vor Garching,1,,no_match,,,,,,,,,,,,0.00,no gazetteer entry,
Garger Brücke,1,,no_match,,,,,,,,,,,,0.00,no gazetteer entry,
Heidewiesen,1,,no_match,geonames,48.01667,16.83333,2000,2599064,Heidwiesen,L.FLD,AT,01,,,0.25,"GeoNames alternate name match (AT); far from most of the entries' other places (0% within 80 km, nearest 141 km)",
Föhrenwald,1,,review,osm,47.52478,12.29652,500,,,,,,,node/6789419050,0.70,"far from most of the entries' other places (0% within 80 km, nearest 94 km)",
Bachl,1,,linked,osm+geonames,48.81005,11.94763,1500,2953632,Bachl,P.PPL,DE,02,Q97160386,node/276850478,0.95,,
Tutkehrten,1,,no_match,,,,,,,,,,,,0.00,no gazetteer entry,
Zwiefaltenkloster,1,,no_match,,,,,,,,,,,,0.00,not geocoded yet (no Nominatim cache entry),
Wimsemer Mühle,1,,no_match,,,,,,,,,,,,0.00,no gazetteer entry,
Geisingen,1,,linked,osm+geonames,48.23427,9.40200,1500,2921681,Geisingen,P.PPL,DE,01,Q130324180,relation/10717291,0.95,entry context 2 km (100% of the entries),
Upflamör,1,,linked,osm+geonames,48.21221,9.40138,1500,2818300,Upflamör,P.PPL,DE,01,Q112151415,relation/7796866,0.95,entry context 3 km (100% of the entries),
Hundersingen,1,,linked,osm+geonames,48.34299,9.48721,1500,2897589,Hundersingen,P.PPL,DE,01,Q59307567,relation/6465979,0.95,entry context 12 km (100% of the entries),
Mörsingen,1,,linked,osm+geonames,48.21152,9.43996,1500,2869154,Mörsingen,P.PPL,DE,01,,relation/20153328,0.95,entry context 3 km (100% of the entries),
Tobeltal,1,,linked,osm,48.54900,9.48765,500,,,,,,,node/3294199748,0.95,entry context 35 km (100% of the entries),
Hofental,1,,no_match,,,,,,,,,,,,0.00,no gazetteer entry,
Reichenstein,1,,linked,geonames,48.25711,9.55733,1500,2849059,Reichenstein,P.PPL,DE,01,,,0.90,GeoNames primary name match (DE); entry context 2 km (100% of the entries),
Rechtenstein,1,,linked,osm+geonames,48.24077,9.54592,2000,2849705,Rechtenstein,P.PPLA4,DE,01,Q557634,relation/2803462,0.95,entry context 4 km (100% of the entries),
Lechsee,1,,linked,osm,47.70464,10.80321,1000,,,,,,,relation/7347083,0.95,entry context 4 km (100% of the entries),
Wasser,1,,linked,osm+geonames,47.95918,9.10351,1500,2813782,Wasser,P.PPL,DE,01,,relation/19040691,0.80,"far from most of the entries' other places (0% within 80 km, nearest 113 km)",
Reitwein,1,settlement,linked,osm+geonames,52.50091,14.58169,2000,2848364,Reitwein,P.PPLA4,DE,11,Q537371,relation/1332900,0.95,,
Binnensee,1,,linked,osm+geonames,53.60687,11.55144,1000,2948792,Binnensee,H.LK,DE,12,Q863972,way/26133128,0.95,,
Gunnach See,1,,no_match,,,,,,,,,,,,0.00,no gazetteer entry,
Steinwieser,1,,no_match,,,,,,,,,,,,0.00,no gazetteer entry,
Gnarrenburger Moor,1,,no_match,,,,,,,,,,,,0.00,no gazetteer entry,
Stürzelhamer Kirchalp,1,,no_match,,,,,,,,,,,,0.00,no gazetteer entry,
Trient,1,,linked,osm+geonames,46.06787,11.12108,5000,3165243,Trento,P.PPLA,IT,17,Q3376,relation/46663,0.95,entry context 21 km (100% of the entries),
Rovereto,1,,linked,osm+geonames,45.89040,11.04053,2000,3168854,Rovereto,P.PPLA3,IT,17,Q279373,relation/46260,0.95,entry context 21 km (100% of the entries),
Kanoni,1,,linked,osm,0.17265,31.90647,5000,,,,,,Q6685692,node/3983937285,0.85,,
Figaretto,1,,review,osm,42.59123,9.42646,500,,,,,,,way/1382883427,0.60,OSM highway/track named after the place,
Kap Stylo,1,,no_match,,,,,,,,,,,,0.00,no gazetteer entry,
Halbinsel Pagania,1,,no_match,,,,,,,,,,,,0.00,no gazetteer entry,
Sparti,1,,review,geonames,37.07446,22.43009,3000,253394,Sparta,P.PPLA2,GR,ESYE25,,,0.65,GeoNames alternate name match (GR),
Skropidi,1,,no_match,,,,,,,,,,,,0.00,no gazetteer entry,
Küste nach Süden,1,,no_match,,,,,,,,,,,,0.00,no gazetteer entry,
Sironi,1,,no_match,osm,52.50229,13.43162,1500,,,,,,,node/4948143722,0.30,OSM shop/bakery named after the place; 1661 km from the entries' other places (0% within 80 km),
Makropoulo,1,,no_match,,,,,,,,,,,,0.00,no gazetteer entry,
Itala,1,,linked,osm+geonames,38.05144,15.43706,2000,2524492,Itala,P.PPLA3,IT,15,Q496281,relation/39492,0.95,,
Sizala,1,,no_match,,,,,,,,,,,,0.00,no gazetteer entry,
Südostseite von Meganisi,1,,no_match,,,,,,,,,,,,0.00,no gazetteer entry,
Bucht von Athenos,1,,no_match,,,,,,,,,,,,0.00,no gazetteer entry,
Parga,1,,linked,osm+geonames,39.28572,20.40044,1500,255736,Párga,P.PPL,GR,ESYE21,Q851077,node/283363565,0.95,,
Gumenitza,1,,no_match,,,,,,,,,,,,0.00,no gazetteer entry,
Skisprung-Schanze bei Baierbrunn,1,,no_match,,,,,,,,,,,,0.00,no gazetteer entry,
Hagernwald,1,,no_match,,,,,,,,,,,,0.00,no gazetteer entry,
Oberpfaffenhofen,1,,linked,osm+geonames,48.07406,11.26365,1500,2859446,Oberpfaffenhofen,P.PPL,DE,02,Q566671,node/1234207001,0.95,entry context 1 km (100% of the entries),
Biesenhoffen,1,,no_match,,,,,,,,,,,,0.00,not geocoded yet (no Nominatim cache entry),
Stendal,1,,linked,osm+geonames,52.60578,11.86091,2000,2827479,Stendal,P.PPLA3,DE,14,Q7082,relation/1284750,0.95,,
Klampenborg,1,,linked,osm+geonames,55.77632,12.59010,1500,2618794,Klampenborg,P.PPL,DK,17,Q904469,node/26306430,0.95,entry context 11 km (100% of the entries),
Rungsted,1,,linked,osm+geonames,55.88973,12.53270,1500,2614400,Rungsted,P.PPL,DK,17,Q946886,node/31059004,0.95,entry context 13 km (100% of the entries),
Fredensborg,1,,linked,osm+geonames,55.97558,12.40314,1500,2621956,Fredensborg,P.PPL,DK,17,Q565436,node/26559063,0.95,entry context 8 km (100% of the entries),
Tivoli,1,,review,osm,47.25986,11.40648,500,,,,,,Q2437276,node/3183420956,0.55,939 km from the entries' other places (0% within 80 km),
Lübeck,1,,linked,osm+geonames,53.86893,10.68729,2000,2875601,Lübeck,P.PPLA3,DE,10,Q2843,relation/27027,0.95,,
Hamburger Hafen,1,,no_match,,,,,,,,,,,,0.00,no gazetteer entry,
Uhlenhorster Fährhaus,1,,linked,osm,53.57324,10.00750,1500,,,,,,,node/281922435,0.90,OSM amenity/ferry_terminal named after the place; entry context 3 km (100% of the entries),
Sieberteich,1,,no_match,,,,,,,,,,,,0.00,no gazetteer entry,
Wimmener Tal,1,,no_match,,,,,,,,,,,,0.00,no gazetteer entry,
Zwiefalten - Kloster,1,,no_match,,,,,,,,,,,,0.00,not geocoded yet (no Nominatim cache entry),
Gailingen,1,,linked,osm+geonames,47.69711,8.75567,1500,2923315,Gailingen,P.PPL,DE,01,Q62026,relation/1103630,0.80,"far from most of the entries' other places (0% within 80 km, nearest 87 km)",
Tabeltal,1,,no_match,,,,,,,,,,,,0.00,no gazetteer entry,
Schmiechtal,1,,review,osm,48.30301,9.72046,5000,,,,,,,way/1457898996,0.70,"far from most of the entries' other places (0% within 80 km, nearest 82 km)",
Heinsen,1,,linked,osm+geonames,51.88333,9.43333,2000,2907196,Heinsen,P.PPLA4,DE,06,Q549749,relation/1184612,0.95,,
Wartstein,1,,review,osm+geonames,47.61072,12.86811,500,12382259,Wartstein,T.MT,DE,02,Q27882378,node/2386222152,0.65,263 km from the entries' other places (0% within 80 km),
Beichalten,1,,no_match,,,,,,,,,,,,0.00,no gazetteer entry,
Markt-Oberdorf,1,,no_match,,,,,,,,,,,,0.00,not geocoded yet (no Nominatim cache entry),
Kirchzeller Kirchhalpe,1,,no_match,,,,,,,,,,,,0.00,no gazetteer entry,
Eisteich,1,,review,osm,50.45892,10.21651,1000,,,,,,,way/191396424,0.55,245 km from the entries' other places (0% within 80 km),
Hohenstein,1,,linked,osm+geonames,48.33226,9.33259,1500,11073559,Hohenstein,P.PPL,DE,01,Q81504,relation/2773206,0.95,,
Berabacher Weiher,1,,no_match,,,,,,,,,,,,0.00,not geocoded yet (no Nominatim cache entry),
Steinbrücke,1,,review,geonames,47.01667,10.61667,1500,2764493,Steinbrücken,P.PPL,AT,07,,,0.55,GeoNames contains name match (AT),
Staltinselbrücke,1,,no_match,,,,,,,,,,,,0.00,no gazetteer entry,
Staltinsel,1,,no_match,,,,,,,,,,,,0.00,no gazetteer entry,
Florau des Frankenhofener Mooses,1,,no_match,,,,,,,,,,,,0.00,no gazetteer entry,
Siebenreute,1,,no_match,,,,,,,,,,,,0.00,no gazetteer entry,
Bernbacher Weiler,1,,no_match,,,,,,,,,,,,0.00,not geocoded yet (no Nominatim cache entry),
Flutbrücke,1,,no_match,,,,,,,,,,,,0.00,not geocoded yet (no Nominatim cache entry),
Flöthe,1,,review,osm+geonames,52.08333,10.48333,2000,3208599,Flöthe,P.PPLA4,DE,06,Q635601,relation/1432665,0.65,477 km from the entries' other places (0% within 80 km),
Högl,1,,linked,osm+geonames,47.80000,12.90000,2000,2902294,Högl,A.ADMD,DE,02,Q1643517,node/304061350,0.95,,
Wert-Auen,1,,no_match,,,,,,,,,,,,0.00,no gazetteer entry,
Waldeckbrücke,1,,no_match,,,,,,,,,,,,0.00,no gazetteer entry,
Aujäger,1,,linked,osm,47.91940,11.44943,100,,,,,,,way/30451639,0.90,OSM amenity/biergarten named after the place; entry context 2 km (100% of the entries),
Graben-Seen,1,,no_match,,,,,,,,,,,,0.00,no gazetteer entry,
Oster-See,1,,no_match,,,,,,,,,,,,0.00,not geocoded yet (no Nominatim cache entry),
Fohn-See,1,,review,geonames,47.78004,11.31297,1000,2925985,Fohnsee,H.LK,DE,02,,,0.70,GeoNames alternate name match (DE); entry context 1 km (100% of the entries),
Riessersee,1,,linked,osm,47.47784,11.08034,1000,,,,,,Q254186,relation/2282118,0.95,entry context 2 km (100% of the entries),
Aulealm,1,,no_match,,,,,,,,,,,,0.00,no gazetteer entry,
Gasthaus Schraner,1,,no_match,,,,,,,,,,,,0.00,no gazetteer entry,
Stockdorf,1,,linked,osm+geonames,48.09195,11.40737,1500,6941416,Stockdorf,P.PPL,DE,02,Q1225691,node/1668131766,0.95,entry context 5 km (100% of the entries),
Antwort,1,,linked,osm+geonames,47.89126,12.30434,1500,2955866,Antwort,P.PPL,DE,02,Q117220416,node/5182452912,0.95,entry context 14 km (100% of the entries),
Stirnberg,1,,review,osm+geonames,50.40000,10.76667,500,2826970,Stirnberg,T.HLL,DE,15,Q31304772,node/7100302979,0.65,167 km from the entries' other places (0% within 80 km),
Achthal,1,,review,geonames,47.79724,11.96059,1500,2959627,Achthal,P.PPL,DE,02,,,0.40,GeoNames primary name match (DE); 210 km from the entries' other places (0% within 80 km),
Nordseite des Sees,1,,no_match,,,,,,,,,,,,0.00,no gazetteer entry,
Süden des Sees,1,,no_match,,,,,,,,,,,,0.00,not geocoded yet (no Nominatim cache entry),
Schrattinger Fischer,1,,no_match,,,,,,,,,,,,0.00,no gazetteer entry,
Waldland,1,,no_match,osm,49.75515,9.84412,1500,,,,,,,node/301801647,0.30,OSM tourism/attraction named after the place; 263 km from the entries' other places (0% within 80 km),
Achseeinmündung,1,,no_match,,,,,,,,,,,,0.00,not geocoded yet (no Nominatim cache entry),
Kirch,1,,no_match,,,,,,,,,,,,0.00,not geocoded yet (no Nominatim cache entry),
Ströbing,1,,linked,geonames,47.90003,12.30100,1500,2825792,Ströbing,P.PPL,DE,02,,,0.95,GeoNames primary name match (DE); entry context 3 km (100% of the entries),
Acker-Einfluss,1,,no_match,,,,,,,,,,,,0.00,no gazetteer entry,
Eichen,1,,linked,osm+geonames,49.88424,11.50496,1500,2932393,Eichen,P.PPL,DE,02,Q98012739,node/4707934203,0.95,,
Dießling,1,,no_match,,,,,,,,,,,,0.00,not geocoded yet (no Nominatim cache entry),
Katzinger Höhe,1,,no_match,,,,,,,,,,,,0.00,no gazetteer entry,
Brettmühl,1,,review,osm,50.41696,12.76137,500,,,,,,,node/553466345,0.55,265 km from the entries' other places (0% within 80 km),
Stockenmühle,1,,review,osm,47.75409,9.05627,300,,,,,,,node/2507163399,0.55,240 km from the entries' other places (0% within 80 km),
Schanz,1,,linked,osm+geonames,47.41667,11.21667,1500,2782547,An der Schanze,P.PPL,AT,07,Q124745270,node/5932640468,0.95,entry context 12 km (100% of the entries),
Gaistal,1,,linked,osm+geonames,47.36667,11.06667,5000,2778719,Geistal,T.VAL,AT,07,Q874420,way/925622578,0.95,entry context 12 km (100% of the entries),
Mieminger Platte,1,,no_match,,,,,,,,,,,,0.00,not geocoded yet (no Nominatim cache entry),
Dornig,1,,review,osm+geonames,50.06239,11.03460,500,2935671,Dornig,T.HLL,DE,02,Q30796351,node/7941672762,0.65,160 km from the entries' other places (0% within 80 km),
Ronbach,1,,no_match,,,,,,,,,,,,0.00,no gazetteer entry,
Frohnhausen,1,,review,osm+geonames,50.78366,8.61848,1500,2924276,Frohnhausen,P.PPL,DE,05,Q1469638,relation/14296811,0.65,189 km from the entries' other places (0% within 80 km),
Pettnau,1,,linked,osm+geonames,47.29204,11.15962,2000,2769836,Pettnau,P.PPLA3,AT,07,Q676069,relation/942618,0.95,entry context 6 km (100% of the entries),
Zirl,1,,linked,osm+geonames,47.27410,11.23961,2000,2760523,Zirl,P.PPLA3,AT,07,Q206000,relation/120835,0.95,entry context 6 km (100% of the entries),
Schönbrunn-Auen,1,locality,no_match,,,,,,,,,,,,0.00,no gazetteer entry,
Stauwehr der mittleren Isar,1,,no_match,,,,,,,,,,,,0.00,not geocoded yet (no Nominatim cache entry),
See hinter am See,1,,no_match,,,,,,,,,,,,0.00,no gazetteer entry,
Forsthaus im Park,1,,no_match,,,,,,,,,,,,0.00,no gazetteer entry,
Ilka-Höhe,1,,no_match,,,,,,,,,,,,0.00,not geocoded yet (no Nominatim cache entry),
Stauwehr der Mittlere,1,,no_match,,,,,,,,,,,,0.00,no gazetteer entry,
Föhren Brücke,1,,no_match,,,,,,,,,,,,0.00,no gazetteer entry,
Einmündung des Kanals,1,,no_match,,,,,,,,,,,,0.00,no gazetteer entry,
Schaftlund,1,,no_match,,,,,,,,,,,,0.00,no gazetteer entry,
Filzhöck,1,,no_match,,,,,,,,,,,,0.00,no gazetteer entry,
Hünengräber,1,,no_match,osm,47.88353,8.97873,1500,,,,,,,node/10698093134,0.30,OSM historic/archaeological_site named after the place; 172 km from the entries' other places (0% within 80 km),
Amperdampfschiffhafen,1,,no_match,,,,,,,,,,,,0.00,no gazetteer entry,
Aying am Moos,1,,no_match,,,,,,,,,,,,0.00,no gazetteer entry,
Sunning,1,,review,osm,54.15098,-0.54054,5000,,,,,,,way/1524903593,0.55,1055 km from the entries' other places (0% within 80 km),
Hausstatt-Alm,1,,no_match,,,,,,,,,,,,0.00,no gazetteer entry,
Glasstatt-Alm-Boden,1,,no_match,,,,,,,,,,,,0.00,no gazetteer entry,
Westgrat,1,,review,osm,47.10800,12.33157,1500,,,,,,,way/828103621,0.70,"far from most of the entries' other places (0% within 80 km, nearest 87 km)",
Achala-Alm,1,,no_match,,,,,,,,,,,,0.00,no gazetteer entry,
Bernhofen,1,,linked,osm+geonames,47.78333,9.56667,1500,2950007,Bernhofen,P.PPL,DE,01,,node/2140205914,0.80,"far from most of the entries' other places (0% within 80 km, nearest 132 km)",
Nordwest-Ufer,1,,no_match,,,,,,,,,,,,0.00,no gazetteer entry,
Schwingmoos,1,,no_match,,,,,,,,,,,,0.00,no gazetteer entry,
Buchen-Wäldchen,1,,no_match,,,,,,,,,,,,0.00,no gazetteer entry,
Fichten-Gruppe,1,,no_match,,,,,,,,,,,,0.00,no gazetteer entry,
Hirschhügel,1,,review,osm,51.37784,12.07459,300,,,,,,,node/254986046,0.55,343 km from the entries' other places (0% within 80 km),
Dickwisch-Weiher,1,,no_match,,,,,,,,,,,,0.00,not geocoded yet (no Nominatim cache entry),
Restaurant Zur Halde,1,,no_match,,,,,,,,,,,,0.00,no gazetteer entry,
Bürs,1,,linked,osm+geonames,47.14972,9.80000,2000,2781161,Bürs,P.PPLA3,AT,08,Q700948,relation/76715,0.95,entry context 2 km (100% of the entries),
Douglasshütte,1,,review,geonames,47.05958,9.75454,100,2780727,Douglasshütte,S.HTL,AT,08,,,0.70,GeoNames primary name match (AT); entry context 1 km (100% of the entries),
Schatten-Lagant-Alpe,1,,no_match,,,,,,,,,,,,0.00,no gazetteer entry,
Böser Tritt,1,,linked,osm,47.14694,10.08157,500,,,,,,,way/222479974,0.90,OSM highway/path named after the place; entry context 20 km (100% of the entries),
Seekopf,1,,linked,osm+geonames,47.05000,10.26667,300,2765252,Seekopf,T.PK,AT,07,Q21878701,node/3655882520,0.95,entry context 36 km (100% of the entries),
Aniglar-Hütte,1,,no_match,,,,,,,,,,,,0.00,no gazetteer entry,
Kotejöchel,1,,no_match,,,,,,,,,,,,0.00,no gazetteer entry,
Diepbach-Hütte,1,,no_match,,,,,,,,,,,,0.00,no gazetteer entry,
Gaisntal,1,,no_match,,,,,,,,,,,,0.00,not geocoded yet (no Nominatim cache entry),
Anigler-Hütte,1,,no_match,,,,,,,,,,,,0.00,not geocoded yet (no Nominatim cache entry),
Forjöchel,1,,no_match,,,,,,,,,,,,0.00,no gazetteer entry,
Douglashütte,1,,no_match,osm,48.54756,8.55016,1500,,,,,,,node/8753786867,0.30,OSM amenity/shelter named after the place; 191 km from the entries' other places (0% within 80 km),
Torajöchl,1,,no_match,,,,,,,,,,,,0.00,no gazetteer entry,
Gampen,1,,linked,osm,47.13714,10.25015,500,,,,,,,node/13326495378,0.95,entry context 20 km (100% of the entries),
Lindauer Hütte,1,,linked,osm+geonames,47.03437,9.83559,100,2772437,Lindauer Hütte,S.HTL,AT,08,Q1825932,way/178691836,0.90,OSM tourism/alpine_hut named after the place; entry context 3 km (100% of the entries),
Montafon,1,,linked,osm+geonames,47.04931,9.94228,10000,7279903,Montafon,L.AREA,AT,08,Q698628,way/584737457,0.95,entry context 4 km (100% of the entries),
Groß-Vermunt-Tal,1,,review,geonames,46.91667,10.05000,5000,2777558,Großvermunt,T.VAL,AT,08,,,0.70,GeoNames alternate name match (AT); entry context 9 km (100% of the entries),
Kleines Vermunt-Tal,1,,no_match,,,,,,,,,,,,0.00,no gazetteer entry,
Großer Vermunt-See,1,,no_match,,,,,,,,,,,,0.00,no gazetteer entry,
Kleiner Vermunt-See,1,,no_match,,,,,,,,,,,,0.00,no gazetteer entry,
Wirl,1,,linked,osm+geonames,46.96667,10.15000,1500,2760991,Wirl,P.PPL,AT,07,,node/61076249,0.95,entry context 3 km (100% of the entries),
Pians,1,,linked,osm+geonames,47.13486,10.51237,2000,2768902,Pians,P.PPLA3,AT,07,Q693947,relation/77310,0.95,entry context 4 km (100% of the entries),
See von Ismaning,1,,no_match,,,,,,,,,,,,0.00,no gazetteer entry,
Höhenzug,1,,review,osm,52.05476,10.36709,2000,,,,,,Q595694,way/1463251347,0.55,456 km from the entries' other places (0% within 80 km),
Bernried Park,1,,no_match,,,,,,,,,,,,0.00,not geocoded yet (no Nominatim cache entry),
Himbeer-Schwaige,1,,no_match,,,,,,,,,,,,0.00,no gazetteer entry,
Alttal,1,,review,osm,50.82948,10.48361,1500,,,,,,,way/367422157,0.55,314 km from the entries' other places (0% within 80 km),
Mairinger Au,1,,no_match,,,,,,,,,,,,0.00,not geocoded yet (no Nominatim cache entry),
Jägerbrunner Zipfel,1,,no_match,,,,,,,,,,,,0.00,no gazetteer entry,
Südende des Maisinger Sees,1,,no_match,,,,,,,,,,,,0.00,no gazetteer entry,
Tannen,1,,linked,osm+geonames,47.72420,10.36199,1500,2824192,Tannen,P.PPL,DE,02,Q15427497,node/2452648577,0.95,,
Einfluß des Baches,1,,no_match,,,,,,,,,,,,0.00,no gazetteer entry,
Südteil,1,,review,osm,48.16208,11.60088,1500,,,,,,,node/925177380,0.45,"OSM information/map named after the place; far from most of the entries' other places (0% within 80 km, nearest 129 km)",
Worms,1,,linked,osm+geonames,49.63278,8.35916,2000,2806142,Worms,P.PPLA3,DE,08,Q3852,relation/62453,0.95,entry context 18 km (100% of the entries),
Coblenz,1,,linked,geonames,50.35357,7.57883,2000,2886946,Koblenz,P.PPLA3,DE,08,Q3104,,0.95,GeoNames alternate name match (DE); entry context 35 km (100% of the entries),
Koenigswinter,1,,linked,geonames,50.67734,7.19245,1500,2885734,Königswinter,P.PPL,DE,07,Q33453943,,0.90,GeoNames primary name match (DE); entry context 9 km (100% of the entries),
Düsseldorf,1,,linked,osm+geonames,51.22319,6.77927,5000,2934246,Düsseldorf,P.PPLA,DE,07,Q1718,relation/62539,0.95,entry context 34 km (100% of the entries),
Wesel,1,,linked,osm+geonames,51.66690,6.62037,2000,2810678,Wesel,P.PPLA3,DE,07,Q4011,relation/58590,0.95,entry context 32 km (100% of the entries),
Emmerich,1,,linked,osm+geonames,51.83933,6.24792,1500,2930509,Emmerich,P.PPL,DE,07,Q57006,relation/167945,0.95,entry context 7 km (100% of the entries),
Elten,1,,linked,osm+geonames,51.87179,6.16018,1500,2930665,Elten,P.PPL,DE,07,Q895714,node/320271085,0.95,entry context 7 km (100% of the entries),
Arnheim,1,,linked,osm+geonames,51.98000,5.91111,5000,2759661,Arnhem,P.PPLA,NL,03,Q1310,relation/418700,0.95,entry context 21 km (100% of the entries),
Kolonial-Institut,1,,no_match,,,,,,,,,,,,0.00,no gazetteer entry,
Alt-Amsterdam,1,,review,osm,53.09913,4.76262,1500,,,,,,,node/1917163339,0.45,"OSM amenity/bar named after the place; far from most of the entries' other places (0% within 80 km, nearest 81 km)",
Haarlem,1,,linked,osm+geonames,52.38084,4.63683,5000,2755003,Haarlem,P.PPLA,NL,07,Q9920,relation/47534,0.95,entry context 17 km (100% of the entries),
Rotterdam,1,,linked,osm+geonames,51.92250,4.47917,1500,2747891,Rotterdam,P.PPL,NL,11,Q34370,relation/1411101,0.95,entry context 18 km (100% of the entries),
Dordrecht,1,,linked,osm+geonames,51.81000,4.67361,1500,2756669,Dordrecht,P.PPL,NL,11,Q26421,relation/309478,0.95,entry context 18 km (100% of the entries),
Antwerpen,1,,linked,osm+geonames,51.22047,4.40026,1500,2803138,Antwerp,P.PPL,BE,VLG,Q12892,relation/59518,0.95,entry context 35 km (100% of the entries),
Bois de Boulogne,1,,linked,osm+geonames,48.86267,2.24882,800,3032063,Bois de Boulogne,L.PRK,FR,11,Q209626,relation/16731685,0.95,entry context 7 km (100% of the entries),
Nancy,1,,linked,osm+geonames,48.68439,6.18496,3000,2990999,Nancy,P.PPLA2,FR,44,Q40898,relation/52399,0.95,,
Strasbourg,1,,review,geonames,48.58392,7.74553,5000,2973783,Strasbourg,P.PPLA,FR,44,,,0.50,GeoNames primary name match (FR),
Bahn,1,,review,osm,47.73937,13.26618,1500,,,,,,,node/8927957099,0.70,"far from most of the entries' other places (0% within 80 km, nearest 134 km)",
Kielweite,1,,no_match,,,,,,,,,,,,0.00,no gazetteer entry,
Eiche am Damm,1,,no_match,,,,,,,,,,,,0.00,no gazetteer entry,
Nordufer,1,,no_match,,,,,,,,,,,,0.00,not geocoded yet (no Nominatim cache entry),
Torfwerke,1,,no_match,,,,,,,,,,,,0.00,no gazetteer entry,
Dröching,1,,no_match,,,,,,,,,,,,0.00,no gazetteer entry,
Karrn,1,,no_match,,,,,,,,,,,,0.00,no gazetteer entry,
Koppenberg,1,,linked,osm+geonames,47.73732,11.28883,500,2885575,Koppenberg,T.HLL,DE,02,Q31332742,node/1805182049,0.95,entry context 14 km (100% of the entries),
Norddamm des Speichersees,1,,no_match,,,,,,,,,,,,0.00,no gazetteer entry,
Ost-Ende,1,,no_match,,,,,,,,,,,,0.00,no gazetteer entry,
Eicheich-Weiher,1,,no_match,,,,,,,,,,,,0.00,no gazetteer entry,
Maingraben,1,,review,osm,52.66532,13.55000,1500,,,,,,,way/33906780,0.55,545 km from the entries' other places (0% within 80 km),
Geistenau,1,,no_match,,,,,,,,,,,,0.00,no gazetteer entry,
Ascheringer Sumpfgelände,1,,no_match,,,,,,,,,,,,0.00,no gazetteer entry,
Prag,1,settlement,linked,osm+geonames,50.08804,14.42076,5000,3067696,Prague,P.PPLC,CZ,52,Q1085,relation/435514,0.95,,
Warthebruch,1,region,review,geonames,52.63333,15.00000,1000,3082629,Błota Warciańskie,H.MRSH,PL,76,,,0.40,GeoNames alternate name match (PL),
Wanzleben,1,settlement,linked,osm+geonames,52.06087,11.44080,1500,2814181,Wanzleben,P.PPL,DE,14,Q706249,node/32944009,0.95,,
Kistere,1,,no_match,,,,,,,,,,,,0.00,no gazetteer entry,
Amtswiesgraben,1,,no_match,,,,,,,,,,,,0.00,no gazetteer entry,
Hochmit,1,,no_match,,,,,,,,,,,,0.00,no gazetteer entry,
Ortzipfel,1,,no_match,,,,,,,,,,,,0.00,no gazetteer entry,
Jägerhäuschen,1,,review,osm,49.86781,9.10291,1500,,,,,,,way/126812159,0.60,OSM building/yes named after the place,
Jaising,1,,no_match,osm,28.57209,77.23657,1500,,,,,,,node/14087574961,0.30,OSM shop/clothes named after the place; 5944 km from the entries' other places (0% within 80 km),
Kalt,1,,review,osm+geonames,50.26729,7.39466,2000,2893693,Kalt,P.PPLA4,DE,08,Q565822,relation/543122,0.65,364 km from the entries' other places (0% within 80 km),
Exing,1,,linked,osm+geonames,48.63712,12.78187,1500,2928288,Exing,P.PPL,DE,02,Q1383822,node/602299376,0.95,,
Langwies,1,,linked,osm,48.06008,10.37928,500,,,,,,,node/4187536790,0.85,,
Jägerbrünnen,1,,no_match,,,,,,,,,,,,0.00,not geocoded yet (no Nominatim cache entry),
Wörting,1,,review,osm+geonames,51.26447,-1.13656,1500,2633515,Worting,P.PPL,GB,ENG,Q8037279,node/308856879,0.65,965 km from the entries' other places (0% within 80 km),
Maiing,1,,no_match,,,,,,,,,,,,0.00,not geocoded yet (no Nominatim cache entry),
Westen,1,,linked,osm+geonames,48.76375,12.23517,1500,2810551,Westen,P.PPL,DE,02,Q28023103,node/772829742,0.95,,
Ankening,1,,no_match,,,,,,,,,,,,0.00,no gazetteer entry,
Breitbrunn,1,,linked,osm+geonames,48.24274,14.16739,1500,2781496,Breitbrunn,P.PPL,AT,04,,node/240122205,0.95,,
Grein,1,,linked,osm+geonames,48.22862,14.85884,1500,2778039,Grein,P.PPL,AT,04,Q389363,relation/909439,0.80,"far from most of the entries' other places (0% within 80 km, nearest 116 km)",
Höllental-Bach,1,,no_match,,,,,,,,,,,,0.00,no gazetteer entry,
Eingangs-Hütte der Höllental-Klamm,1,,no_match,,,,,,,,,,,,0.00,no gazetteer entry,
Waininger See,1,,no_match,,,,,,,,,,,,0.00,no gazetteer entry,
Groß-Lappen,1,,no_match,,,,,,,,,,,,0.00,not geocoded yet (no Nominatim cache entry),
See-Ufer,1,,no_match,,,,,,,,,,,,0.00,not geocoded yet (no Nominatim cache entry),
Stadtmauer,1,,no_match,osm,50.09773,8.54725,1500,,,,,,,way/174153076,0.30,OSM historic/citywalls named after the place; 289 km from the entries' other places (0% within 80 km),
Hirschbräu,1,,no_match,osm,49.47434,9.49977,1500,,,,,,,node/6572396087,0.30,OSM craft/brewery named after the place; 195 km from the entries' other places (0% within 80 km),
Süddamm des Speicher-Sees,1,,no_match,,,,,,,,,,,,0.00,no gazetteer entry,
Bad Eilsen,1,settlement,linked,osm+geonames,52.24215,9.09822,2000,2953516,Bad Eilsen,P.PPLA4,DE,06,Q630151,relation/1182505,0.95,,
Irren,1,,no_match,,,,,,,,,,,,0.00,no gazetteer entry,
Korten,1,,no_match,geonames,58.57110,8.88767,1500,9200843,Korten,H.MOOR,NO,42,,,0.20,GeoNames primary name match (NO); 761 km from the entries' other places (0% within 80 km),
Blütenhütte,1,,no_match,,,,,,,,,,,,0.00,no gazetteer entry,
Kinkeln,1,,no_match,,,,,,,,,,,,0.00,no gazetteer entry,
Kessel-Alm,1,,no_match,,,,,,,,,,,,0.00,not geocoded yet (no Nominatim cache entry),
Kendalm,1,,no_match,,,,,,,,,,,,0.00,no gazetteer entry,
Gröden,1,region,linked,osm+geonames,51.40000,13.56667,2000,2917194,Gröden,P.PPLA4,DE,11,Q551445,relation/1303788,0.95,,
Kairinger Au,1,,no_match,,,,,,,,,,,,0.00,no gazetteer entry,
Archerung,1,,no_match,,,,,,,,,,,,0.00,no gazetteer entry,
Einlaufgegend,1,,no_match,,,,,,,,,,,,0.00,no gazetteer entry,
Meereswäldchen,1,,no_match,,,,,,,,,,,,0.00,no gazetteer entry,
Altwasser am rechten Isarufer,1,,no_match,,,,,,,,,,,,0.00,no gazetteer entry,
Wörthig,1,,no_match,,,,,,,,,,,,0.00,no gazetteer entry,
Kaltwasser,1,,linked,osm+geonames,48.75529,13.68464,800,2893479,Kaltwasser,P.PPLL,DE,02,Q37700059,node/1846714867,0.95,,
Scharte,1,,linked,osm+geonames,47.45000,13.28333,300,2605541,Scharte,T.PK,AT,05,Q21862128,node/1965608650,0.95,,
Loch-Kar,1,,no_match,,,,,,,,,,,,0.00,no gazetteer entry,
Esterberg-Alm-Boden,1,,no_match,,,,,,,,,,,,0.00,no gazetteer entry,
Sumpfwiese,1,,review,osm,50.58768,12.67146,1000,,,,,,,way/421580043,0.55,309 km from the entries' other places (0% within 80 km),
Göring,1,settlement,linked,geonames,49.64160,11.32281,1500,2919018,Göring,P.PPL,DE,02,,,0.80,GeoNames primary name match (DE); unique in Bavaria,
Isar-Teiche,1,,no_match,,,,,,,,,,,,0.00,no gazetteer entry,
St. Emmeram,1,,no_match,,,,,,,,,,,,0.00,not geocoded yet (no Nominatim cache entry),
Höllweiher,1,,linked,osm,48.16938,10.45877,1000,,,,,,,way/42445770,0.95,entry context 34 km (100% of the entries),
Höllenranger Tal,1,,no_match,,,,,,,,,,,,0.00,no gazetteer entry,
Höllweiherbach,1,,no_match,,,,,,,,,,,,0.00,no gazetteer entry,
Sägmühle,1,,review,geonames,48.37788,12.53689,1500,2842391,Sägmühle,P.PPL,DE,02,,,0.40,GeoNames primary name match (DE); 152 km from the entries' other places (0% within 80 km),
Florau,1,,no_match,,,,,,,,,,,,0.00,no gazetteer entry,
Wertach-Ufer,1,,no_match,,,,,,,,,,,,0.00,not geocoded yet (no Nominatim cache entry),
Konfirmation,1,,no_match,,,,,,,,,,,,0.00,no gazetteer entry,
Hofstätt,1,,linked,osm+geonames,47.82393,11.43067,1500,2902400,Hofstätt,P.PPL,DE,02,Q77259497,node/3102450700,0.95,entry context 2 km (100% of the entries),
Brandl,1,,linked,osm,48.13269,12.48505,500,,,,,,,node/1249742483,0.95,entry context 40 km (100% of the entries),
Tristeln,1,,no_match,,,,,,,,,,,,0.00,no gazetteer entry,
Steinbauhofen,1,,no_match,,,,,,,,,,,,0.00,no gazetteer entry,
Schantropf,1,,no_match,,,,,,,,,,,,0.00,no gazetteer entry,
Grafenloch,1,,linked,osm,47.64099,12.16463,1500,,,,,,Q15115380,node/765095324,0.95,entry context 1 km (100% of the entries),
Kieferbach,1,,linked,osm,47.59625,12.08651,3000,,,,,,Q872062,relation/10712694,0.95,entry context 6 km (100% of the entries),
Fischzuchtanstalt,1,,review,osm,49.66967,9.66160,300,,,,,,Q56054728,node/4791636691,0.55,193 km from the entries' other places (0% within 80 km),
Mönchengladbach,1,,linked,osm+geonames,51.18539,6.44172,2000,2869894,Mönchengladbach,P.PPLA3,DE,07,Q2758,relation/62410,0.95,entry context 8 km (100% of the entries),
Viersen,1,,linked,osm+geonames,51.25435,6.39441,2000,2817311,Viersen,P.PPLA3,DE,07,Q3902,relation/88531,0.95,entry context 8 km (100% of the entries),
Kaldenkirchen,1,,linked,osm+geonames,51.32035,6.19830,1500,2893874,Kaldenkirchen,P.PPL,DE,07,Q179699,node/1672485403,0.95,entry context 6 km (100% of the entries),
Venlo,1,,linked,osm+geonames,51.37000,6.16806,3000,2745641,Venlo,P.PPLA2,NL,05,Q9777,relation/405106,0.95,entry context 6 km (100% of the entries),
Boxtel,1,,linked,osm+geonames,51.59083,5.32917,1500,2758460,Boxtel,P.PPL,NL,06,Q9821,relation/299989,0.95,entry context 20 km (100% of the entries),
Thames,1,,linked,geonames,51.46117,-0.93083,10000,7116407,Thames Valley,L.AREA,GB,ENG,Q1772582,,0.85,GeoNames contains name match (GB); entry context 39 km (100% of the entries),
Tring,1,,linked,osm+geonames,51.79471,-0.65824,1500,2635459,Tring,P.PPL,GB,ENG,Q10999,relation/3666516,0.95,entry context 11 km (100% of the entries),
Regents Park,1,,linked,osm+geonames,50.91707,-1.44120,1000,13264830,Regents Park,P.PPLX,GB,ENG,Q7308131,node/10161849254,0.80,"far from most of the entries' other places (0% within 80 km, nearest 113 km)",
Piccadilly,1,,review,geonames,50.72046,-1.86849,100,10238655,Piccadilly,S.HTL,GB,ENG,,,0.60,GeoNames primary name match (GB); entry context 37 km (100% of the entries),
Newgate,1,,review,osm+geonames,52.94540,1.04776,1000,13275366,Newgate,P.PPLX,GB,ENG,,node/2737041858,0.65,179 km from the entries' other places (0% within 80 km),
High Holborn,1,,no_match,,,,,,,,,,,,0.00,no gazetteer entry,
London Zoo,1,,linked,osm,51.53481,-0.15481,500,,,,,,Q270263,relation/231792,0.95,entry context 3 km (100% of the entries),
British Museum,1,,review,geonames,51.51945,-0.12708,100,6697862,British Museum,S.MUS,GB,ENG,,,0.60,GeoNames primary name match (GB); entry context 1 km (100% of the entries),
Gutsauen,1,,no_match,,,,,,,,,,,,0.00,no gazetteer entry,
Moos im Norden,1,,no_match,,,,,,,,,,,,0.00,no gazetteer entry,
Seebuch,1,,no_match,,,,,,,,,,,,0.00,not geocoded yet (no Nominatim cache entry),
Kotalpe,1,,linked,osm,47.56052,11.06990,500,,,,,,,node/703831941,0.85,,
Kirchalpe,1,,no_match,,,,,,,,,,,,0.00,no gazetteer entry,
Höhenrain,1,,linked,osm+geonames,47.93089,11.39402,1500,2901555,Höhenrain,P.PPL,DE,02,Q19963291,node/259973938,0.95,entry context 8 km (100% of the entries),
Isaralpen,1,,no_match,,,,,,,,,,,,0.00,no gazetteer entry,
Peking,1,settlement,review,geonames,52.08791,11.12571,1000,2855016,Peking,P.PPLX,DE,14,,,0.60,GeoNames primary name match (DE),
Teichweite,1,,no_match,,,,,,,,,,,,0.00,no gazetteer entry,
Flachstand,1,,no_match,,,,,,,,,,,,0.00,no gazetteer entry,
Thieringer See,1,,no_match,,,,,,,,,,,,0.00,no gazetteer entry,
Königshofen,1,settlement,linked,geonames,50.30082,10.46887,1500,2885829,Bad Königshofen im Grabfeld,P.PPL,DE,02,Q118131635,,0.85,GeoNames contains name match (DE); entry context 40 km (100% of the entries),
Siegstorf,1,settlement,no_match,,,,,,,,,,,,0.00,no gazetteer entry,
Bärnau,1,settlement,linked,osm+geonames,49.81079,12.43318,1500,2952527,Bärnau,P.PPL,DE,02,Q112615,relation/968892,0.95,,
Zell an der Donau,1,settlement,no_match,,,,,,,,,,,,0.00,no gazetteer entry,
Wagenburg,1,,linked,osm,48.08168,9.04155,200,,,,,,Q2175350,node/799269393,0.85,,
Haberberg,1,,no_match,geonames,47.41667,12.41667,1500,2777143,Haberberg,P.PPL,AT,07,,,0.30,GeoNames primary name match (AT); 275 km from the entries' other places (0% within 80 km),
Sturmswald,1,,no_match,,,,,,,,,,,,0.00,no gazetteer entry,
Josephinum,1,,no_match,,,,,,,,,,,,0.00,not geocoded yet (no Nominatim cache entry),
Fichten,1,,linked,osm,48.39051,13.01355,500,,,,,,,node/877453694,0.95,entry context 22 km (100% of the entries),
Ostufer bis zum Einlauf,1,,no_match,,,,,,,,,,,,0.00,no gazetteer entry,
Pöckinger Viehbahn,1,,no_match,,,,,,,,,,,,0.00,no gazetteer entry,
Isaralm,1,,no_match,,,,,,,,,,,,0.00,no gazetteer entry,
Poiking,1,settlement,no_match,,,,,,,,,,,,0.00,no gazetteer entry,
Sichereit am See Damm,1,,no_match,,,,,,,,,,,,0.00,no gazetteer entry,
Sichereite,1,,no_match,,,,,,,,,,,,0.00,no gazetteer entry,
Sicheritz,1,,review,osm+geonames,50.09753,13.27378,1500,3077441,Čichořice,P.PPL,CZ,81,,node/1599050534,0.65,218 km from the entries' other places (0% within 80 km),
Hairinger See,1,,no_match,,,,,,,,,,,,0.00,no gazetteer entry,
Törbing,1,settlement,no_match,,,,,,,,,,,,0.00,no gazetteer entry,
Unterpöcking,1,,no_match,,,,,,,,,,,,0.00,no gazetteer entry,
Wald-Café,1,,review,osm,47.16383,11.86485,100,,,,,,Q105988135,node/2453510991,0.60,OSM amenity/restaurant named after the place,
Türking,1,settlement,no_match,,,,,,,,,,,,0.00,no gazetteer entry,
Görbing,1,settlement,no_match,,,,,,,,,,,,0.00,not geocoded yet (no Nominatim cache entry),
Wald auf dem Westufer,1,,no_match,,,,,,,,,,,,0.00,no gazetteer entry,
Seewiese,1,,linked,osm,48.82724,12.93456,500,,,,,,,node/10236312293,0.85,,
Eichenlohe,1,,no_match,,,,,,,,,,,,0.00,no gazetteer entry,
Anshofen,1,,no_match,,,,,,,,,,,,0.00,no gazetteer entry,
Gasthaus Post,1,,review,osm,47.65599,9.98938,100,,,,,,Q41234561,node/8932556473,0.45,"OSM amenity/restaurant named after the place; far from most of the entries' other places (0% within 80 km, nearest 103 km)",
Söckwiese,1,,no_match,osm,50.69517,10.61966,1500,,,,,,,node/1312190787,0.30,OSM tourism/picnic_site named after the place; 306 km from the entries' other places (0% within 80 km),
Pichlalpe,1,,no_match,,,,,,,,,,,,0.00,no gazetteer entry,
Hirschberg-Alm,1,,review,osm,47.90741,11.18616,300,,,,,,,node/1724649390,0.55,167 km from the entries' other places (0% within 80 km),
Wärterhäuschen,1,,review,osm,46.89870,11.20119,1500,,,,,,,way/942735284,0.45,"OSM building/ruins named after the place; far from most of the entries' other places (0% within 80 km, nearest 120 km)",
Untering,1,,no_match,,,,,,,,,,,,0.00,no gazetteer entry,
St. Martin,1,,review,osm,47.98589,10.17906,1500,,,,,,Q2321161,way/414715343,0.45,"OSM amenity/place_of_worship named after the place; far from most of the entries' other places (0% within 80 km, nearest 82 km)",
Seekreuzer,1,,no_match,,,,,,,,,,,,0.00,no gazetteer entry,
Sommerlager,1,,no_match,,,,,,,,,,,,0.00,no gazetteer entry,
Göckin,1,,no_match,,,,,,,,,,,,0.00,not geocoded yet (no Nominatim cache entry),
Lütertälti,1,,no_match,,,,,,,,,,,,0.00,no gazetteer entry,
Trastal,1,,review,osm,47.43147,15.07674,500,,,,,,,node/7416782275,0.55,265 km from the entries' other places (0% within 80 km),
Herrenhäuser Gärten,1,,linked,osm,52.38448,9.70717,1500,,,,,,,node/373456954,0.90,OSM information/map named after the place; entry context 2 km (100% of the entries),
Hirschbachtal,1,,linked,osm,47.66425,11.64176,1500,,,,,,Q59643846,way/1429727250,0.95,entry context 5 km (100% of the entries),
Schmidau,1,,no_match,,,,,,,,,,,,0.00,no gazetteer entry,
Marnbach,1,,linked,osm+geonames,47.82325,11.19075,1500,2873242,Marnbach,P.PPL,DE,02,Q56677067,node/4219722289,0.95,entry context 3 km (100% of the entries),
Moor im Naturschutzgebiet,1,,review,osm,50.39181,11.59661,1500,,,,,,Q59393859,way/987103154,0.55,409 km from the entries' other places (0% within 80 km),
Erfisch,1,,no_match,,,,,,,,,,,,0.00,no gazetteer entry,
Wasserturm des Speichersee-Geländes,1,,no_match,,,,,,,,,,,,0.00,no gazetteer entry,
Jühlinger Kanal,1,,no_match,,,,,,,,,,,,0.00,no gazetteer entry,
Sparchen,1,,linked,osm+geonames,47.60000,12.18333,1000,2764850,Sparchen,P.PPLX,AT,07,,node/55484275,0.95,entry context 2 km (100% of the entries),
Krimmltal,1,,no_match,,,,,,,,,,,,0.00,no gazetteer entry,
Bürgerbräukeller,1,,no_match,,,,,,,,,,,,0.00,no gazetteer entry,
Frühlingswald,1,,review,osm,50.79973,8.80839,1500,,,,,,,node/771257672,0.55,356 km from the entries' other places (0% within 80 km),
Bonsecours,1,,linked,osm+geonames,49.42734,1.12722,1500,3032198,Bonsecours,P.PPL,FR,28,Q1113442,relation/113994,0.95,entry context 3 km (100% of the entries),
La Corniche de Rouen,1,,no_match,,,,,,,,,,,,0.00,no gazetteer entry,
Schloß von Jean Delacour,1,,no_match,,,,,,,,,,,,0.00,no gazetteer entry,
Raum,1,locality,linked,osm+geonames,50.65876,12.70320,1500,2849934,Raum,P.PPL,DE,13,,node/1012439719,0.95,,
Saint-Wandrille,1,,linked,geonames,49.52658,0.76497,1500,2976558,Saint-Wandrille-Rançon,P.PPL,FR,28,Q334243,,0.85,GeoNames contains name match (FR); entry context 3 km (100% of the entries),
St. Wandrille,1,,no_match,,,,,,,,,,,,0.00,no gazetteer entry,
Lorettoköpfle,1,,no_match,,,,,,,,,,,,0.00,no gazetteer entry,
Sammenheimer See,1,,no_match,,,,,,,,,,,,0.00,no gazetteer entry,
Markt Berolzheim,1,,linked,osm+geonames,49.00955,10.84473,1500,2873309,Markt Berolzheim,P.PPL,DE,02,Q539787,relation/1015119,0.95,entry context 26 km (100% of the entries),
Fischweiher,1,,linked,osm,48.59140,13.45402,1000,,,,,,,way/222903502,0.95,entry context 36 km (100% of the entries),
Wassergraben,1,,linked,osm,50.51051,10.75078,1500,,,,,,,way/36812682,0.95,entry context 24 km (100% of the entries),
Überlaufrohr,1,,no_match,,,,,,,,,,,,0.00,no gazetteer entry,
Anchkheim,1,,no_match,,,,,,,,,,,,0.00,no gazetteer entry,
Blaiken,1,,linked,osm,47.52092,12.24464,500,,,,,,,node/240109356,0.95,entry context 1 km (100% of the entries),
Gasthaus Widauer,1,,linked,osm,47.51271,12.29947,100,,,,,,,node/1935384630,0.90,OSM amenity/restaurant named after the place; entry context 4 km (100% of the entries),
Kaiser-Hochalm,1,,linked,osm,47.55497,12.26180,500,,,,,,,node/773886270,0.95,entry context 2 km (100% of the entries),
Tuxeck,1,,linked,osm,47.55237,12.28933,300,,,,,,Q970398,node/272442691,0.95,entry context 1 km (100% of the entries),
Treffauer,1,,linked,osm+geonames,47.55000,12.28333,500,2763394,Treffauer,T.MT,AT,07,Q431070,node/256042829,0.95,entry context 3 km (100% of the entries),
Kaiser,1,,linked,osm,47.52844,12.25070,3000,,,,,,Q701149,relation/1016898,0.95,entry context 0 km (100% of the entries),
Stauder,1,,review,osm,46.67641,11.36544,1500,,,,,,,node/11920363439,0.70,"far from most of the entries' other places (0% within 80 km, nearest 116 km)",
Gaiskopf,1,,no_match,osm,47.57206,10.14763,1500,,,,,,,way/161845032,0.30,OSM building/cabin named after the place; 155 km from the entries' other places (0% within 80 km),
Tinkla-Alm,1,,no_match,,,,,,,,,,,,0.00,no gazetteer entry,
Nordufer des Sees,1,,no_match,,,,,,,,,,,,0.00,no gazetteer entry,
Steinerne Rinne,1,,linked,osm,47.57060,12.31999,1500,,,,,,,way/909790292,0.95,entry context 8 km (100% of the entries),
Steinere Stiege,1,,no_match,,,,,,,,,,,,0.00,not geocoded yet (no Nominatim cache entry),
Münstersteinach,1,,no_match,,,,,,,,,,,,0.00,no gazetteer entry,
Gärtnerende,1,,no_match,,,,,,,,,,,,0.00,no gazetteer entry,
Einfahrt,1,,no_match,osm,48.74685,9.65490,300,,,,,,,way/759403098,0.30,OSM highway/footway named after the place; 160 km from the entries' other places (0% within 80 km),
Moos-Hütte,1,,no_match,,,,,,,,,,,,0.00,no gazetteer entry,
Räterweiler,1,,no_match,,,,,,,,,,,,0.00,no gazetteer entry,
Unering,1,,linked,osm+geonames,48.02954,11.25249,1500,2820145,Unering,P.PPL,DE,02,Q1312241,node/38126467,0.95,entry context 4 km (100% of the entries),
Frieting,1,,no_match,,,,,,,,,,,,0.00,no gazetteer entry,
Römerthurm,1,,no_match,osm,47.18827,14.12833,1500,,,,,,,way/261656181,0.30,OSM tourism/chalet named after the place; 274 km from the entries' other places (0% within 80 km),
Engelsbrand,1,,linked,osm+geonames,48.83333,8.65000,2000,2930248,Engelsbrand,P.PPLA4,DE,01,Q80505,relation/57996,0.95,entry context 7 km (100% of the entries),
Grafrather Hochholz,1,,no_match,,,,,,,,,,,,0.00,no gazetteer entry,
Forsthaus Zum letzten Heller,1,,no_match,,,,,,,,,,,,0.00,no gazetteer entry,
H. G. Stein,1,,no_match,,,,,,,,,,,,0.00,no gazetteer entry,
Wald beim Glashaus,1,,no_match,,,,,,,,,,,,0.00,no gazetteer entry,
Fruchtland,1,,no_match,osm,50.50784,12.39989,1500,,,,,,,node/3364762177,0.30,OSM shop/greengrocer named after the place; 200 km from the entries' other places (0% within 80 km),
Amersbung,1,,no_match,,,,,,,,,,,,0.00,no gazetteer entry,
Immendingen,1,,linked,osm+geonames,47.93333,8.73333,2000,2896288,Immendingen,P.PPLA4,DE,01,Q520808,relation/1231971,0.95,entry context 21 km (100% of the entries),
Titisee,1,,linked,osm+geonames,47.90196,8.14996,1000,2822084,Titisee,P.PPLX,DE,01,Q47520112,relation/18072218,0.95,entry context 25 km (100% of the entries),
Güntherstal,1,,no_match,,,,,,,,,,,,0.00,not geocoded yet (no Nominatim cache entry),
Weingärten,1,,linked,geonames,47.99644,7.81162,1500,11608785,Weingarten,P.PPL,DE,01,,,0.90,GeoNames primary name match (DE); entry context 3 km (100% of the entries),
St. Valentin,1,,review,geonames,48.16973,14.53569,8000,7872825,St. Valentin,A.ADM3,AT,03,,,0.50,GeoNames primary name match (AT),
Büracker,1,,review,osm,48.65492,7.38014,500,,,,,,,node/6306274520,0.70,"far from most of the entries' other places (0% within 80 km, nearest 81 km)",
Lützelhöhe,1,,review,osm,-28.24605,18.74568,1500,,,,,,,way/310368230,0.55,8547 km from the entries' other places (0% within 80 km),
Goblacker,1,,no_match,,,,,,,,,,,,0.00,no gazetteer entry,
Milchholen,1,,no_match,,,,,,,,,,,,0.00,no gazetteer entry,
Furtwangen,1,,linked,osm+geonames,48.05156,8.20715,1500,2923521,Furtwangen,P.PPL,DE,01,Q82717,relation/1240885,0.95,entry context 24 km (100% of the entries),
Furt,1,,linked,osm,48.28360,12.16077,500,,,,,,,node/3495125968,0.85,,
Damenstorf,1,settlement,no_match,,,,,,,,,,,,0.00,no gazetteer entry,
Prinzregenten-Theater,1,,no_match,osm,49.48933,8.43815,1500,,,,,,Q2110807,node/925348298,0.30,OSM amenity/theatre named after the place; 275 km from the entries' other places (0% within 80 km),
Abführung,1,,no_match,,,,,,,,,,,,0.00,no gazetteer entry,
Mertzwiller,1,,no_match,geonames,48.86558,7.68136,1500,2994307,Mertzwiller,P.PPL,FR,44,,,0.20,GeoNames primary name match (FR); 236 km from the entries' other places (0% within 80 km),
Woltingen,1,,no_match,,,,,,,,,,,,0.00,no gazetteer entry,
Arnsburg,1,,review,osm+geonames,50.49388,8.79147,1500,2955466,Arnsburg,P.PPL,DE,05,Q882370,relation/13765212,0.65,226 km from the entries' other places (0% within 80 km),
Schloss Kirchberg,1,,linked,osm+geonames,47.66758,9.33876,200,2890650,Schloß Kirchberg,S.CSTL,DE,01,Q15392048,way/274188926,0.90,OSM building/yes named after the place; entry context 2 km (100% of the entries),
Seisendorf,1,,no_match,,,,,,,,,,,,0.00,no gazetteer entry,
Daisendorf,1,,linked,osm+geonames,47.71265,9.26783,2000,2939345,Daisendorf,P.PPLA4,DE,01,Q505483,relation/2806597,0.95,entry context 2 km (100% of the entries),
Kippenhausen,1,,linked,osm+geonames,47.67173,9.35004,1500,2890796,Kippenhausen,P.PPL,DE,01,Q47501736,node/289491024,0.95,entry context 1 km (100% of the entries),
Schloß Hersberg,1,,linked,osm+geonames,47.66667,9.35000,200,2905600,Schloß Hersberg,S.CSTL,DE,01,Q17354035,relation/1732335,0.90,OSM building/castle named after the place; entry context 1 km (100% of the entries),
Merschwiller,1,,no_match,,,,,,,,,,,,0.00,no gazetteer entry,
Haguenauer Wald,1,,no_match,,,,,,,,,,,,0.00,not geocoded yet (no Nominatim cache entry),
Bischwiller Wäldchen,1,,no_match,,,,,,,,,,,,0.00,no gazetteer entry,
Stetten-Baitenhausen,1,,no_match,,,,,,,,,,,,0.00,no gazetteer entry,
Birkenlanger Wäldchen,1,,no_match,,,,,,,,,,,,0.00,no gazetteer entry,
Rüppurrer Schloss,1,,no_match,,,,,,,,,,,,0.00,no gazetteer entry,
Thanning,1,,linked,osm+geonames,47.92140,11.53513,1500,2822950,Thanning,P.PPL,DE,02,Q20681455,node/64632770,0.95,entry context 2 km (100% of the entries),
Soila-Alm,1,,linked,osm,47.59016,11.11572,100,,,,,,,way/38024453,0.90,OSM amenity/restaurant named after the place; entry context 4 km (100% of the entries),
Ettaler Mandl,1,,no_match,,,,,,,,,,,,0.00,no gazetteer entry,
Gunnarungtal,1,region,no_match,,,,,,,,,,,,0.00,no gazetteer entry,
Egil Kallen,1,,no_match,,,,,,,,,,,,0.00,no gazetteer entry,
Pulver-Moos,1,,review,geonames,47.61122,11.03458,1000,2851703,Pulvermoos,H.MRSH,DE,02,,,0.70,GeoNames alternate name match (DE); entry context 1 km (100% of the entries),
Ostrachbrücke,1,,review,osm,47.90291,9.41071,1500,,,,,,,node/9163439249,0.60,OSM information/guidepost named after the place,
Sonnenhöhe-Alm,1,,no_match,,,,,,,,,,,,0.00,no gazetteer entry,
Ungerer-Bad,1,,no_match,,,,,,,,,,,,0.00,not geocoded yet (no Nominatim cache entry),
Arlberg,1,region,linked,osm+geonames,47.13056,10.21021,2000,2782431,Arlbergpass,T.PASS,AT,08,Q17189229,node/1523832721,0.95,,
Kipfenberg,1,settlement,linked,osm+geonames,48.95256,11.39745,1500,2890808,Kipfenberg,P.PPL,DE,02,Q507258,relation/943545,0.95,,
Nachtwache,1,,no_match,osm,49.03479,8.71361,1500,,,,,,,way/378930984,0.30,OSM building/yes named after the place; 233 km from the entries' other places (0% within 80 km),
Kampfpause,1,,no_match,,,,,,,,,,,,0.00,no gazetteer entry,
Heiner,1,,review,osm,48.83115,9.09745,300,,,,,,Q885014,node/35715769,0.55,152 km from the entries' other places (0% within 80 km),
Werthauer Steige,1,,no_match,,,,,,,,,,,,0.00,no gazetteer entry,
Waldschänke,1,,no_match,,,,,,,,,,,,0.00,not geocoded yet (no Nominatim cache entry),
Ettaler Mühle,1,,linked,osm,47.56965,11.07460,500,,,,,,Q66027156,node/12234765338,0.95,entry context 3 km (100% of the entries),
Altenau,1,,linked,osm+geonames,47.65035,11.01353,1500,2957882,Altenau,P.PPL,DE,02,Q14552513,node/344291383,0.95,entry context 2 km (100% of the entries),
Gut Schildschwaig,1,,no_match,,,,,,,,,,,,0.00,no gazetteer entry,
Echelsbacher-Brücke,1,,linked,osm,47.71057,10.97659,1500,,,,,,Q1280290,way/397472727,0.90,OSM man_made/bridge named after the place; entry context 2 km (100% of the entries),
Bayersoien,1,,linked,osm+geonames,47.69189,10.99365,1500,2951834,Bad Bayersoien,P.PPL,DE,02,Q505817,relation/937778,0.95,entry context 4 km (100% of the entries),
Kohlgrub,1,,linked,osm+geonames,47.76360,12.22093,1500,2886626,Kohlgrub,P.PPL,DE,02,,node/549753583,0.80,"far from most of the entries' other places (0% within 80 km, nearest 88 km)",
Forst an der Warnow,1,,no_match,,,,,,,,,,,,0.00,no gazetteer entry,
Hohe Düne,1,,linked,osm+geonames,54.17673,12.10505,1000,2902143,Hohe Düne,P.PPLX,DE,12,Q1484905,relation/288464,0.95,entry context 1 km (100% of the entries),
Kämme,1,,review,osm,63.98088,20.10084,500,,,,,,,node/6944566293,0.55,1841 km from the entries' other places (0% within 80 km),
Ammerwald,1,,linked,geonames,47.52806,10.86694,1500,3334071,Ammerwald,V.FRST,AT,07,Q21876564,,0.90,GeoNames primary name match (AT); entry context 27 km (100% of the entries),
Appenborn-Forsthaus,1,,no_match,,,,,,,,,,,,0.00,no gazetteer entry,
Volkmannsdorfer Au,1,,no_match,,,,,,,,,,,,0.00,not geocoded yet (no Nominatim cache entry),
Kunstbaumer,1,,no_match,,,,,,,,,,,,0.00,no gazetteer entry,
Ausweiher,1,,no_match,,,,,,,,,,,,0.00,no gazetteer entry,
Eingang – See,1,,no_match,osm,41.94024,123.63567,1500,,,,,,,node/4895108726,0.30,OSM tourism/attraction named after the place; 7861 km from the entries' other places (0% within 80 km),
Mornau,1,,review,osm,41.38078,2.18005,200,,,,,,Q20898622,relation/9225548,0.55,899 km from the entries' other places (0% within 80 km),
Obstgärten hinter Haynau,1,,no_match,,,,,,,,,,,,0.00,no gazetteer entry,
Sippenbeuren,1,,no_match,,,,,,,,,,,,0.00,no gazetteer entry,
Fuchsberg,1,,linked,osm,50.40314,12.66530,300,,,,,,,node/3734604838,0.95,entry context 26 km (100% of the entries),
Wäldchenhöhe,1,,no_match,,,,,,,,,,,,0.00,no gazetteer entry,
Rebgärten,1,,review,osm,47.25646,8.85942,500,,,,,,,node/9731116800,0.55,246 km from the entries' other places (0% within 80 km),
Ruderberg,1,,no_match,,,,,,,,,,,,0.00,no gazetteer entry,
Kagami,1,,no_match,osm,35.64945,139.59677,1500,,,,,,,node/4948835037,0.30,OSM shop/alcohol named after the place; 9606 km from the entries' other places (0% within 80 km),
Uhldingen,1,,linked,osm,47.73489,9.24003,3000,,,,,,Q527642,relation/2784654,0.95,entry context 1 km (100% of the entries),
St. Leonhard,1,,review,geonames,47.72587,13.04577,1500,2766602,Sankt Leonhard,P.PPL,AT,05,,,0.70,GeoNames alternate name match (AT); entry context 39 km (100% of the entries),
Auen rechts der Isar,1,,no_match,,,,,,,,,,,,0.00,no gazetteer entry,
Holzried,1,,linked,osm+geonames,48.53388,11.45635,1500,2899579,Holzried,P.PPL,DE,02,Q135041001,node/3752811612,0.95,,
Schratweiher,1,,no_match,,,,,,,,,,,,0.00,no gazetteer entry,
Weiher Schmithen,1,,no_match,,,,,,,,,,,,0.00,no gazetteer entry,
Junkernsee,1,,no_match,,,,,,,,,,,,0.00,no gazetteer entry,
Hubachmühle,1,,no_match,,,,,,,,,,,,0.00,no gazetteer entry,
Haarsee,1,,linked,osm+geonames,47.81065,11.22166,1000,2913096,Haarsee,H.LK,DE,02,Q1566616,way/24721935,0.95,entry context 2 km (100% of the entries),
Bergknapp,1,,linked,osm,47.85261,11.24064,500,,,,,,,node/1098669738,0.95,entry context 2 km (100% of the entries),
Huber Gallepitz,1,,no_match,,,,,,,,,,,,0.00,no gazetteer entry,
Schargenweiher,1,,no_match,,,,,,,,,,,,0.00,not geocoded yet (no Nominatim cache entry),
Hapfing,1,,no_match,,,,,,,,,,,,0.00,no gazetteer entry,
See-Weiher,1,,no_match,,,,,,,,,,,,0.00,no gazetteer entry,
Sülz-Wust,1,,no_match,,,,,,,,,,,,0.00,no gazetteer entry,
Eixen,1,,review,osm+geonames,54.16143,12.72384,1500,2931333,Eixen,P.PPL,DE,12,Q667690,relation/372349,0.65,341 km from the entries' other places (0% within 80 km),
Schmitten,1,,review,osm+geonames,50.57479,9.10498,1500,2837705,Schmitten,P.PPL,DE,05,,node/1552805471,0.65,421 km from the entries' other places (0% within 80 km),
Beruniether Weiher,1,,no_match,,,,,,,,,,,,0.00,no gazetteer entry,
Nussberger Weiher,1,,linked,geonames,47.84158,11.25909,1000,2861606,Nußberger Weiher,H.LK,DE,02,,,0.95,GeoNames primary name match (DE); entry context 1 km (100% of the entries),
Sennhaüpt,1,,no_match,,,,,,,,,,,,0.00,no gazetteer entry,
St. Altach,1,,no_match,,,,,,,,,,,,0.00,no gazetteer entry,
Kirnberg,1,,linked,osm+geonames,47.76795,11.34964,1500,2890296,Kirnberg,P.PPL,DE,02,Q63066419,node/3241609466,0.95,entry context 7 km (100% of the entries),
Tengberg,1,,no_match,,,,,,,,,,,,0.00,no gazetteer entry,
Birk,1,,linked,osm+geonames,50.07686,11.92439,1500,2948711,Birk,P.PPL,DE,02,Q865446,node/1652729501,0.95,,
Gennbach,1,,no_match,,,,,,,,,,,,0.00,not geocoded yet (no Nominatim cache entry),
Sachenau,1,,no_match,,,,,,,,,,,,0.00,no gazetteer entry,
Antdorf,1,,linked,osm+geonames,47.75133,11.30845,2000,2955914,Antdorf,P.PPLA4,DE,02,Q532016,relation/936943,0.95,entry context 2 km (100% of the entries),
Kapberg,1,,linked,osm+geonames,46.69179,7.22905,300,6936293,Kapberg,T.PK,CH,FR,Q22533540,node/2907701162,0.95,,
Neu-Weiher,1,,review,geonames,49.64111,11.05057,500,2863882,Neu Weiher,H.PND,DE,02,,,0.40,GeoNames primary name match (DE); 433 km from the entries' other places (0% within 80 km),
Schönsonnig,1,settlement,no_match,,,,,,,,,,,,0.00,no gazetteer entry,
Jünelgasteig,1,,no_match,,,,,,,,,,,,0.00,no gazetteer entry,
Theresienbad,1,,linked,osm,48.06768,11.08554,500,,,,,,,way/27335347,0.90,OSM highway/track named after the place; entry context 0 km (100% of the entries),
Beuern,1,,linked,osm+geonames,48.08743,11.07851,1500,2949610,Beuern,P.PPL,DE,02,Q61037855,node/287103027,0.95,entry context 2 km (100% of the entries),
Küste von Albanien,1,region,no_match,,,,,,,,,,,,0.00,no gazetteer entry,
Radbrücke,1,,no_match,,,,,,,,,,,,0.00,no gazetteer entry,
Jägerkanal,1,,no_match,,,,,,,,,,,,0.00,no gazetteer entry,
Buchenhainer Wäldchen,1,,no_match,,,,,,,,,,,,0.00,no gazetteer entry,
Auwäldchen,1,,linked,osm,48.58284,11.15692,1500,,,,,,,way/22788610,0.85,,
Heiterbein Kopfenwinkel,1,,no_match,,,,,,,,,,,,0.00,no gazetteer entry,
Lautersee,1,,linked,osm+geonames,47.43805,11.23220,1500,2879878,Lautersee,P.PPL,DE,02,Q871535,relation/2557199,0.95,entry context 1 km (100% of the entries),
Geißauer Horn,1,,no_match,,,,,,,,,,,,0.00,no gazetteer entry,
Gabert,1,,review,osm,48.08033,11.60108,500,,,,,,,way/4446652,0.60,OSM highway/path named after the place,
Sägel,1,,linked,osm+geonames,47.42458,8.79909,800,6294157,Sägel,P.PPLL,CH,ZH,,node/1478252546,0.80,"far from most of the entries' other places (0% within 80 km, nearest 145 km)",
Vermunt-Tal,1,,no_match,,,,,,,,,,,,0.00,no gazetteer entry,
Türk,1,,review,osm,47.71932,11.78011,300,,,,,,,node/4020633195,0.70,"far from most of the entries' other places (0% within 80 km, nearest 88 km)",
Gaberl,1,,linked,osm,47.34285,11.67682,1500,,,,,,,node/2295866225,0.85,,
Speiden,1,,linked,osm+geonames,47.61056,10.61275,1500,2830666,Speiden,P.PPL,DE,02,Q58005062,node/1684572968,0.95,entry context 2 km (100% of the entries),
Maria Hilf,1,,no_match,,,,,,,,,,,,0.00,not geocoded yet (no Nominatim cache entry),
Unterreithen,1,,linked,osm+geonames,47.65727,10.84604,1500,2818876,Unterreithen,P.PPL,DE,02,Q119060462,node/628823595,0.95,entry context 14 km (100% of the entries),
Wiedmar,1,,linked,osm+geonames,47.58001,10.60922,1500,2809552,Wiedmar,P.PPL,DE,02,Q126027328,node/2026706867,0.95,entry context 1 km (100% of the entries),
Beuchen,1,,review,osm+geonames,49.59972,9.23116,1500,2949632,Beuchen,P.PPL,DE,02,,node/289013212,0.65,217 km from the entries' other places (0% within 80 km),
Gipfelruine,1,,no_match,,,,,,,,,,,,0.00,no gazetteer entry,
Einerkopf,1,,linked,osm+geonames,47.56806,10.60056,300,6939954,Einerkopf,T.PK,DE,02,Q31556875,node/277585473,0.95,entry context 0 km (100% of the entries),
Zwölferkopf,1,,linked,osm+geonames,47.48807,10.35056,500,2803484,Zwölferkopf,T.MT,DE,02,Q124611516,node/1124177898,0.95,entry context 10 km (100% of the entries),
Zirmgrat,1,,linked,osm+geonames,47.56750,10.60333,2000,3334058,Zirmgrat,T.SPUR,AT,00,Q130752827,way/1329988564,0.95,entry context 0 km (100% of the entries),
Salober-Alm,1,,linked,osm,47.25278,10.11819,1500,,,,,,,way/465955554,0.90,OSM historic/ruins named after the place; entry context 20 km (100% of the entries),
Anzeler-Park,1,,no_match,,,,,,,,,,,,0.00,not geocoded yet (no Nominatim cache entry),
Isar- und Unterführung,1,,no_match,,,,,,,,,,,,0.00,no gazetteer entry,
Westdamm vom Speichersee,1,,no_match,,,,,,,,,,,,0.00,no gazetteer entry,
Schloß Hohenburg,1,,no_match,,,,,,,,,,,,0.00,not geocoded yet (no Nominatim cache entry),
Grüne Heide,1,,review,osm+geonames,51.48731,13.30330,1500,2914287,Grüne Heide,V.FRST,DE,11,,relation/1472152,0.65,380 km from the entries' other places (0% within 80 km),
Föhringer Brücke,1,,no_match,,,,,,,,,,,,0.00,no gazetteer entry,
Aumüller,1,,linked,osm,48.12841,11.60120,1500,,,,,,,node/1300470545,0.90,OSM shop/bakery named after the place; entry context 2 km (100% of the entries),
Giesigasteig,1,,no_match,,,,,,,,,,,,0.00,no gazetteer entry,
Frauenmünsterre,1,,no_match,,,,,,,,,,,,0.00,no gazetteer entry,
Pfungen,1,,review,osm+geonames,47.51394,8.64230,1500,2659212,Pfungen,P.PPL,CH,ZH,Q65119,relation/1682188,0.65,152 km from the entries' other places (0% within 80 km),
Amtswiese,1,,review,osm,51.76486,10.77258,1500,,,,,,,way/890104203,0.55,407 km from the entries' other places (0% within 80 km),
Geisenbrunn,1,,linked,osm+geonames,48.10591,11.32756,1500,2921716,Geisenbrunn,P.PPL,DE,02,Q1498883,node/35801534,0.95,entry context 5 km (100% of the entries),
Heilig-Gasteig,1,,no_match,,,,,,,,,,,,0.00,no gazetteer entry,
Brückenwirt-Gasteig,1,,no_match,,,,,,,,,,,,0.00,no gazetteer entry,
Himbeer-Schlag,1,,no_match,,,,,,,,,,,,0.00,not geocoded yet (no Nominatim cache entry),
Mühlberg,1,,linked,osm+geonames,47.78333,11.60000,1500,2868545,Mühlberg,P.PPL,DE,02,Q57776267,node/2460278176,0.95,entry context 39 km (100% of the entries),
Bruckfischer Tal,1,,no_match,,,,,,,,,,,,0.00,no gazetteer entry,
Steinbernhang,1,,no_match,,,,,,,,,,,,0.00,no gazetteer entry,
Holler- und Holzhofm.,1,,no_match,,,,,,,,,,,,0.00,no gazetteer entry,
Isarbernholz,1,,no_match,,,,,,,,,,,,0.00,no gazetteer entry,
Stempeln,1,,no_match,,,,,,,,,,,,0.00,no gazetteer entry,
Giesinger Forsthaus,1,,no_match,,,,,,,,,,,,0.00,not geocoded yet (no Nominatim cache entry),
Harlachinger Brücke,1,,no_match,,,,,,,,,,,,0.00,no gazetteer entry,
Haimatshang,1,,no_match,,,,,,,,,,,,0.00,no gazetteer entry,
Föhrenheide,1,,no_match,,,,,,,,,,,,0.00,no gazetteer entry,
Forsthaus Wörnbrunn,1,,linked,osm,48.03934,11.54922,100,,,,,,,node/3725336933,0.90,OSM amenity/restaurant named after the place; entry context 1 km (100% of the entries),
Schwaneger-rücken,1,,no_match,,,,,,,,,,,,0.00,no gazetteer entry,
Auen an den Isarfällen,1,,no_match,,,,,,,,,,,,0.00,no gazetteer entry,
Innerer Stein,1,,no_match,,,,,,,,,,,,0.00,no gazetteer entry,
Biburg,1,,linked,osm+geonames,48.15248,11.25931,1500,2949355,Biburg,P.PPL,DE,02,Q27036759,node/104651268,0.95,entry context 3 km (100% of the entries),
Brunnstube,1,,review,osm,47.52721,9.04451,500,,,,,,,node/11868836421,0.70,"far from most of the entries' other places (0% within 80 km, nearest 122 km)",
Moosmatic,1,,no_match,,,,,,,,,,,,0.00,no gazetteer entry,
Birkenhofgelände,1,,no_match,,,,,,,,,,,,0.00,no gazetteer entry,
Braunauer-Eisenbahnbrücke,1,,linked,osm,48.11841,11.56154,1500,,,,,,,way/360823809,0.90,OSM man_made/bridge named after the place; entry context 2 km (100% of the entries),
Perlach-Grünwalder Forst,1,,no_match,,,,,,,,,,,,0.00,no gazetteer entry,
Gleißental,1,,linked,osm+geonames,48.00000,11.56667,5000,2919958,Gleißental,T.VAL,DE,02,Q35470836,way/31753830,0.90,OSM highway/track named after the place; entry context 15 km (100% of the entries),
Hermannspark,1,,no_match,,,,,,,,,,,,0.00,no gazetteer entry,
Laim-Gern,1,,no_match,,,,,,,,,,,,0.00,no gazetteer entry,
Eden-Erbbaurecht,1,,no_match,,,,,,,,,,,,0.00,no gazetteer entry,
Bromberg,1,,linked,osm,47.93563,11.24814,300,,,,,,,node/13124079413,0.95,entry context 13 km (100% of the entries),
Ackermündung,1,locality,no_match,,,,,,,,,,,,0.00,no gazetteer entry,
Fromberg,1,settlement,linked,osm+geonames,48.73333,15.08333,1500,2779197,Fromberg,P.PPL,AT,03,Q63349702,node/240060184,0.95,,
Bernau am Chiemsee,1,settlement,linked,osm+geonames,47.81167,12.37566,1500,2950095,Bernau am Chiemsee,P.PPL,DE,02,Q126960,relation/2186914,0.95,,
Ackermannstein,1,locality,no_match,,,,,,,,,,,,0.00,no gazetteer entry,
Teich an der Saalbrückenkolonie,1,,no_match,,,,,,,,,,,,0.00,no gazetteer entry,
Bergkramer,1,,linked,osm+geonames,47.90714,11.40020,1500,2950333,Bergkramer,P.PPL,DE,02,Q20180302,node/6484466909,0.95,entry context 2 km (100% of the entries),
Höhenried,1,,linked,osm+geonames,47.87683,11.28528,1500,2901536,Höhenried,P.PPL,DE,02,,node/6484472203,0.95,entry context 2 km (100% of the entries),
Spitzberg,1,,review,geonames,47.57143,11.45840,500,2830307,Spitzberg,T.MT,DE,02,,,0.70,GeoNames primary name match (DE),
Hammer-Mayer,1,,no_match,,,,,,,,,,,,0.00,no gazetteer entry,
Ski-Hütte,1,,review,osm,48.15467,8.70189,1500,,,,,,,way/217299757,0.45,"OSM club/sport named after the place; far from most of the entries' other places (0% within 80 km, nearest 129 km)",
Hammer-Oberbeurer Hütten,1,,no_match,,,,,,,,,,,,0.00,no gazetteer entry,
Brandeln,1,,linked,osm,47.87284,10.56674,500,,,,,,,node/336211774,0.95,entry context 2 km (100% of the entries),
Spruchkammer,1,,no_match,,,,,,,,,,,,0.00,no gazetteer entry,
Botanisches Institut in Nymphenburg,1,,no_match,,,,,,,,,,,,0.00,no gazetteer entry,
Bürgerheim,1,,review,osm,48.85307,10.48684,1500,,,,,,,way/84865381,0.45,"OSM amenity/social_facility named after the place; far from most of the entries' other places (0% within 80 km, nearest 113 km)",
Fischertratten,1,,linked,osm+geonames,46.93550,13.52280,1500,11903658,Fischertratten,P.PPL,AT,02,,node/31239123,0.95,,
Eisenfälle,1,,no_match,,,,,,,,,,,,0.00,no gazetteer entry,
Furtacher Forst,1,,no_match,,,,,,,,,,,,0.00,no gazetteer entry,
Laufzonner Flur,1,,no_match,,,,,,,,,,,,0.00,no gazetteer entry,
Langwieder Flur,1,,no_match,,,,,,,,,,,,0.00,no gazetteer entry,
Weinbauern,1,,review,osm,48.74015,11.14413,1500,,,,,,,way/1213091553,0.60,OSM building/yes named after the place,
Grasbrunnloh,1,,no_match,,,,,,,,,,,,0.00,no gazetteer entry,
Saatbau-Kolonie,1,,no_match,,,,,,,,,,,,0.00,no gazetteer entry,
Neubaurun,1,settlement,no_match,,,,,,,,,,,,0.00,no gazetteer entry,
Sauteräuen-Kolonie,1,,no_match,,,,,,,,,,,,0.00,no gazetteer entry,
Straßlach-Laufzorn,1,,no_match,,,,,,,,,,,,0.00,no gazetteer entry,
Gieringer Waldhain,1,,no_match,,,,,,,,,,,,0.00,no gazetteer entry,
Giesinger Waldheim,1,,no_match,,,,,,,,,,,,0.00,no gazetteer entry,
Groß-...,1,,review,geonames,48.82481,12.42784,1500,2917068,Groß,P.PPL,DE,02,,,0.70,GeoNames primary name match (DE),
Dorfen,1,,linked,osm+geonames,48.27037,12.16056,1500,2936103,Dorfen,P.PPL,DE,02,Q264395,relation/934750,0.95,,
Bad Wiessee,1,,linked,osm+geonames,47.71667,11.71667,2000,2953318,Bad Wiessee,P.PPLA4,DE,02,Q502921,relation/935946,0.95,entry context 3 km (100% of the entries),
Finsterbach,1,,linked,geonames,50.10070,10.65470,3000,2926690,Finsterbach,H.STM,DE,02,Q32752278,,0.95,GeoNames primary name match (DE); entry context 16 km (100% of the entries),
Reichsautobahn,1,,linked,osm,47.80477,12.28056,1500,,,,,,,node/8516230948,0.90,OSM information/board named after the place; entry context 33 km (100% of the entries),
Auen bei den Isarfällen,1,,no_match,,,,,,,,,,,,0.00,no gazetteer entry,
Zentnerberg,1,,no_match,,,,,,,,,,,,0.00,no gazetteer entry,
München Stadt,1,,linked,osm,48.17575,11.75622,2000,,,,,,Q504880,node/18164984,0.95,entry context 14 km (100% of the entries),
Lauggern,1,,no_match,,,,,,,,,,,,0.00,no gazetteer entry,
Museum,1,,review,osm,47.23832,10.74173,1500,,,,,,Q1954713,way/211417304,0.45,"OSM tourism/museum named after the place; far from most of the entries' other places (0% within 80 km, nearest 118 km)",
Fagstein-Gipfel,1,locality,no_match,,,,,,,,,,,,0.00,no gazetteer entry,
Hoher Göll,1,locality,linked,osm+geonames,47.59417,13.06694,500,2901244,Hoher Göll,T.MT,DE,02,Q549503,node/3186071317,0.95,,
Grünwald-Großhesselohe,1,,no_match,,,,,,,,,,,,0.00,no gazetteer entry,
Gmundgau,1,,no_match,,,,,,,,,,,,0.00,no gazetteer entry,
Reitham,1,,linked,osm+geonames,47.81615,11.71949,1500,2848396,Reitham,P.PPL,DE,02,Q124654303,node/391313366,0.95,entry context 2 km (100% of the entries),
St. Quirin,1,,linked,osm,48.15721,11.41485,1500,,,,,,Q2322949,way/29553428,0.90,OSM amenity/place_of_worship named after the place; entry context 12 km (100% of the entries),
Auenbach,1,,linked,geonames,47.52611,10.70111,3000,3333980,Auenbach,H.STM,AT,07,Q21876618,,0.90,GeoNames primary name match (AT); entry context 32 km (100% of the entries),
Haugraben,1,,review,osm,47.83583,8.87845,1500,,,,,,,way/755704030,0.55,203 km from the entries' other places (0% within 80 km),
Röthenbach-Heimenkirch,1,,no_match,,,,,,,,,,,,0.00,no gazetteer entry,
Markelfinger Winkel,1,,linked,osm+geonames,47.73940,8.99101,2000,2873418,Markelfinger Winkel,H.COVE,DE,01,Q1246131,relation/1722834,0.95,entry context 2 km (100% of the entries),
Ederhofen,1,settlement,no_match,,,,,,,,,,,,0.00,no gazetteer entry,
Ebenfälle,1,locality,no_match,,,,,,,,,,,,0.00,not geocoded yet (no Nominatim cache entry),
Laimgrube,1,locality,linked,osm+geonames,48.20043,16.36268,1000,12358577,Laimgrube,P.PPLX,AT,09,Q1800722,node/2179868437,0.95,,
Großhesselohe-Hainbuche,1,,no_match,,,,,,,,,,,,0.00,no gazetteer entry,
Lich,1,,review,osm+geonames,50.52085,8.81567,1500,2878166,Lich,P.PPL,DE,05,Q632282,relation/418622,0.65,332 km from the entries' other places (0% within 80 km),
Finkauke,1,,no_match,,,,,,,,,,,,0.00,no gazetteer entry,
Gierdamme,1,,no_match,,,,,,,,,,,,0.00,not geocoded yet (no Nominatim cache entry),
Vorklärbecken,1,,linked,osm,48.20583,11.62652,1500,,,,,,,way/34730346,0.95,entry context 5 km (100% of the entries),
Dükerzukanal,1,,no_match,,,,,,,,,,,,0.00,no gazetteer entry,
Winterleite,1,,review,geonames,49.77051,11.96720,2000,2807741,Winterleite,T.RDGE,DE,02,,,0.40,GeoNames primary name match (DE); 172 km from the entries' other places (0% within 80 km),
Hamersee,1,,no_match,,,,,,,,,,,,0.00,no gazetteer entry,
Mutter-Grabmal,1,,no_match,osm,50.68497,7.14970,1500,,,,,,,node/1409460759,0.30,OSM historic/memorial named after the place; 427 km from the entries' other places (0% within 80 km),
Felberer,1,,review,osm,47.48187,12.11513,1500,,,,,,,way/1168147672,0.70,"far from most of the entries' other places (0% within 80 km, nearest 83 km)",
Frauenfrieden,1,,no_match,osm,50.12862,8.64524,1500,,,,,,,way/24154624,0.30,OSM building/yes named after the place; 283 km from the entries' other places (0% within 80 km),
Frauenberg,1,,linked,osm+geonames,48.22859,11.23309,1500,2925416,Frauenberg,P.PPL,DE,02,Q55103402,node/262292104,0.95,entry context 27 km (100% of the entries),
Speicherturm-Werkbecken,1,,no_match,,,,,,,,,,,,0.00,no gazetteer entry,
Südpark,1,,linked,osm,48.06948,11.96425,1000,,,,,,,relation/8507082,0.95,entry context 30 km (100% of the entries),
Saatkultur-Instanz,1,,no_match,,,,,,,,,,,,0.00,no gazetteer entry,
Hebebrücke Unterföhring - Ismaning,1,,no_match,,,,,,,,,,,,0.00,no gazetteer entry,
Stichwehr im Westbecken,1,,no_match,,,,,,,,,,,,0.00,no gazetteer entry,
Speichersee Gelände,1,,no_match,,,,,,,,,,,,0.00,not geocoded yet (no Nominatim cache entry),
Hohen-Schäftlarn,1,,no_match,,,,,,,,,,,,0.00,not geocoded yet (no Nominatim cache entry),
Kassel,1,,linked,osm+geonames,51.31667,9.50000,3000,2892518,Kassel,P.PPLA2,DE,05,Q2865,relation/62598,0.95,entry context 38 km (100% of the entries),
Altona,1,,linked,osm+geonames,53.57358,9.84241,2000,11669484,Altona,A.ADM5,DE,04,Q1630,relation/30223,0.95,entry context 10 km (100% of the entries),
Neumünster,1,,linked,osm+geonames,48.44305,10.56306,1500,2864477,Neumünster,P.PPL,DE,02,Q1601532,node/342281481,0.95,entry context 26 km (100% of the entries),
Rendsburg,1,,linked,osm+geonames,54.30182,9.67175,2000,2848245,Rendsburg,P.PPLA3,DE,10,Q490457,relation/548570,0.95,entry context 25 km (100% of the entries),
Schleswig,1,,linked,osm+geonames,54.52021,9.56829,2000,2838634,Schleswig,P.PPLA3,DE,10,Q501661,relation/904512,0.95,entry context 25 km (100% of the entries),
Kolding,1,,linked,osm+geonames,55.49040,9.47216,3000,2618528,Kolding,P.PPLA2,DK,21,Q27119,node/26559170,0.95,entry context 20 km (100% of the entries),
Fredericia,1,,linked,osm+geonames,55.56568,9.75257,3000,2621951,Fredericia,P.PPLA2,DK,21,Q21181,node/26559058,0.95,entry context 20 km (100% of the entries),
Odense,1,,linked,osm+geonames,55.39594,10.38831,3000,2615876,Odense,P.PPLA2,DK,21,Q25331,node/26559274,0.95,entry context 27 km (100% of the entries),
Slagelse,1,,linked,osm+geonames,55.40276,11.35459,3000,2613460,Slagelse,P.PPLA2,DK,20,Q3414556,node/27536827,0.95,entry context 16 km (100% of the entries),
Roskilde,1,,linked,osm+geonames,55.64152,12.08035,3000,2614481,Roskilde,P.PPLA2,DK,20,Q26563,node/21040334,0.95,entry context 31 km (100% of the entries),
Lund,1,,linked,osm+geonames,55.70584,13.19321,3000,2693678,Lund,P.PPLA2,SE,27,Q2167,relation/2468628,0.95,entry context 16 km (100% of the entries),
Eslöv,1,,linked,osm+geonames,55.83928,13.30393,3000,2715946,Eslöv,P.PPLA2,SE,27,Q79237,node/122697276,0.95,entry context 16 km (100% of the entries),
Norrköping,1,,linked,osm+geonames,58.59419,16.18260,3000,2688368,Norrköping,P.PPLA2,SE,16,Q25724,node/27431648,0.95,entry context 38 km (100% of the entries),
Nyköping,1,,linked,osm+geonames,58.75300,17.00788,5000,2687700,Nyköping,P.PPLA,SE,18,Q54356,node/11094836,0.95,,
Kongressbüro,1,,no_match,,,,,,,,,,,,0.00,no gazetteer entry,
Kathedrale,1,,review,osm,47.17580,11.86001,500,,,,,,,node/7765548538,0.55,1460 km from the entries' other places (0% within 80 km),
Rimbo,1,,linked,osm+geonames,59.75000,18.36667,1500,2682570,Rimbo,P.PPL,SE,26,Q131882,node/249163982,0.95,entry context 19 km (100% of the entries),
Schären-Inselwelt,1,,no_match,,,,,,,,,,,,0.00,no gazetteer entry,
Kathedrale Uppsala,1,,no_match,,,,,,,,,,,,0.00,no gazetteer entry,
Waldregion nördlich von Uppsala,1,,no_match,,,,,,,,,,,,0.00,no gazetteer entry,
Dannemora,1,,linked,osm+geonames,60.18333,17.81667,1500,2717974,Dannemora,P.PPL,SE,21,Q2197561,node/335672695,0.95,entry context 37 km (100% of the entries),
Dannemora-Hotel,1,,no_match,,,,,,,,,,,,0.00,no gazetteer entry,
Kungs-Anlagen,1,,no_match,,,,,,,,,,,,0.00,no gazetteer entry,
Karolinengeräum,1,,no_match,,,,,,,,,,,,0.00,no gazetteer entry,
Kraftwerk-Baustelle,1,,no_match,,,,,,,,,,,,0.00,no gazetteer entry,
Westwehr,1,,no_match,,,,,,,,,,,,0.00,no gazetteer entry,
Wimlerteiche,1,,no_match,,,,,,,,,,,,0.00,no gazetteer entry,
Furthofen,1,,no_match,,,,,,,,,,,,0.00,no gazetteer entry,
Augsburg-Stadtbergen,1,settlement,no_match,,,,,,,,,,,,0.00,no gazetteer entry,
Roos,1,,linked,osm,48.54151,8.15915,300,,,,,,,node/3588272415,0.95,entry context 34 km (100% of the entries),
Thal,1,,linked,osm+geonames,48.25023,11.29854,1500,2823180,Thal,P.PPL,DE,02,Q55128989,node/1700472242,0.95,entry context 24 km (100% of the entries),
Römerbrunn,1,,no_match,,,,,,,,,,,,0.00,no gazetteer entry,
Beuernhofen,1,,no_match,,,,,,,,,,,,0.00,no gazetteer entry,
Kronig-Aura-Seillacher Flur,1,,no_match,,,,,,,,,,,,0.00,no gazetteer entry,
Pschorr Park,1,,no_match,,,,,,,,,,,,0.00,no gazetteer entry,
Engelsried,1,,linked,osm,47.77982,11.98023,500,,,,,,,node/3251422162,0.85,,
Steinhofersäule,1,,no_match,,,,,,,,,,,,0.00,no gazetteer entry,
Isarflöße,1,,no_match,,,,,,,,,,,,0.00,no gazetteer entry,
Brenz,1,,linked,osm+geonames,48.56215,10.29518,1500,2944238,Brenz,P.PPL,DE,01,Q820228,relation/537963,0.95,entry context 8 km (100% of the entries),
Isarspitze,1,,no_match,,,,,,,,,,,,0.00,no gazetteer entry,
Rückwehr,1,,no_match,,,,,,,,,,,,0.00,no gazetteer entry,
Dienststelle,1,,review,osm,50.79969,14.03805,300,,,,,,,node/3465318581,0.55,345 km from the entries' other places (0% within 80 km),
München-Ost,1,settlement,review,osm+geonames,48.12747,11.60496,300,2867693,Bahnhof München Ost,S.RSTN,DE,02,Q801228,node/2465304880,0.75,OSM railway/station named after the place; entry context 4 km (100% of the entries),
Tierparkwiese,1,,no_match,,,,,,,,,,,,0.00,no gazetteer entry,
Anthal,1,,review,osm,47.99117,12.79974,300,,,,,,,node/5485265946,0.70,"far from most of the entries' other places (0% within 80 km, nearest 102 km)",
Salmannsang,1,,no_match,,,,,,,,,,,,0.00,no gazetteer entry,
Neuglinger Forst,1,,no_match,,,,,,,,,,,,0.00,no gazetteer entry,
Teichgut-Gelände,1,,no_match,,,,,,,,,,,,0.00,no gazetteer entry,
Zuleitungskanal,1,,no_match,,,,,,,,,,,,0.00,no gazetteer entry,
Erlenbachforst,1,,no_match,,,,,,,,,,,,0.00,no gazetteer entry,
Loh,1,,linked,osm+geonames,48.82528,12.76905,1500,2876421,Loh,P.PPL,DE,02,Q1868124,node/320614943,0.95,,
Moosweiher,1,,linked,osm+geonames,49.53333,11.93333,1000,2869318,Moosweiher,H.LK,DE,02,Q32142371,way/28980593,0.95,,
Mayerndorf,1,,no_match,,,,,,,,,,,,0.00,no gazetteer entry,
Maierwald,1,,linked,osm+geonames,47.81563,11.38493,1500,2874289,Maierwald,P.PPL,DE,02,Q77259202,node/1700566999,0.95,entry context 34 km (100% of the entries),
Putzlehen,1,,linked,osm,47.81759,11.39888,500,,,,,,,node/1313454699,0.95,entry context 1 km (100% of the entries),
Nantwein,1,,linked,osm+geonames,47.91433,11.43497,1500,2867099,Nantwein,P.PPL,DE,02,Q1964778,node/2012559068,0.95,entry context 1 km (100% of the entries),
Brückenfischer,1,,no_match,,,,,,,,,,,,0.00,not geocoded yet (no Nominatim cache entry),
Isinger Waldsaum,1,,no_match,,,,,,,,,,,,0.00,no gazetteer entry,
Forst im Müllergeräumt,1,,no_match,,,,,,,,,,,,0.00,not geocoded yet (no Nominatim cache entry),
Forst am Müllergeräumt,1,,no_match,,,,,,,,,,,,0.00,no gazetteer entry,
Giesinger Waldau,1,,no_match,,,,,,,,,,,,0.00,no gazetteer entry,
Leitzachmühle,1,,linked,osm,47.78201,11.87505,1500,,,,,,,node/12811267615,0.90,OSM craft/grinding_mill named after the place; entry context 9 km (100% of the entries),
Zehling,1,,review,osm,51.73304,11.21496,1500,,,,,,,way/257332571,0.55,405 km from the entries' other places (0% within 80 km),
Großenbrode,1,,linked,osm+geonames,54.35523,11.08170,1000,2916654,Großenbrode-Kai,P.PPLX,DE,10,Q541681,relation/382418,0.95,entry context 10 km (100% of the entries),
Gremersdorf,1,,linked,osm+geonames,54.33242,10.93486,2000,2917724,Gremersdorf,P.PPLA4,DE,10,Q523819,relation/382420,0.95,entry context 10 km (100% of the entries),
Rishel,1,,no_match,,,,,,,,,,,,0.00,not geocoded yet (no Nominatim cache entry),
Kanalberg,1,,review,osm,54.25835,9.61683,500,,,,,,,way/26705606,0.45,"OSM highway/track named after the place; far from most of the entries' other places (0% within 80 km, nearest 86 km)",
Secherbach,1,,no_match,,,,,,,,,,,,0.00,no gazetteer entry,
Steiner,1,,review,osm,47.65991,13.08917,1500,,,,,,,node/8675603073,0.70,"far from most of the entries' other places (0% within 80 km, nearest 85 km)",
Stroder Alm,1,,no_match,,,,,,,,,,,,0.00,no gazetteer entry,
Einsiedler-Gasthaus,1,,no_match,,,,,,,,,,,,0.00,no gazetteer entry,
Stadernach,1,,no_match,,,,,,,,,,,,0.00,no gazetteer entry,
Lainl-Alm,1,,no_match,,,,,,,,,,,,0.00,no gazetteer entry,
Bairwies,1,,no_match,,,,,,,,,,,,0.00,not geocoded yet (no Nominatim cache entry),
Irschenberg,1,,linked,osm+geonames,47.83333,11.91667,2000,2895751,Irschenberg,P.PPLA4,DE,02,Q165036,relation/935957,0.95,entry context 18 km (100% of the entries),
Märzenriet,1,,no_match,,,,,,,,,,,,0.00,not geocoded yet (no Nominatim cache entry),
Arbeit,1,,no_match,,,,,,,,,,,,0.00,no gazetteer entry,
Norddamm am Ismaninger Speichersee,1,,no_match,,,,,,,,,,,,0.00,no gazetteer entry,
Süddamm am Speichersee,1,,no_match,,,,,,,,,,,,0.00,no gazetteer entry,
Hallerbach,1,,linked,osm,48.54092,11.58125,1500,,,,,,,way/42860111,0.95,entry context 35 km (100% of the entries),
Fegelfang,1,,no_match,,,,,,,,,,,,0.00,no gazetteer entry,
Finkbrücke Ismaning,1,,no_match,,,,,,,,,,,,0.00,no gazetteer entry,
Nebelfrei,1,,no_match,,,,,,,,,,,,0.00,no gazetteer entry,
Berkheim,1,,linked,osm+geonames,48.71897,9.31765,1500,2950186,Berkheim,P.PPL,DE,01,Q820903,relation/5732220,0.95,entry context 7 km (100% of the entries),
Wendlingen,1,,linked,osm+geonames,48.67124,9.37632,1500,2811204,Wendlingen am Neckar,P.PPL,DE,01,Q32753707,relation/5393289,0.95,entry context 6 km (100% of the entries),
Mauerbrück,1,,no_match,,,,,,,,,,,,0.00,not geocoded yet (no Nominatim cache entry),
G-Becken,1,,no_match,,,,,,,,,,,,0.00,no gazetteer entry,
G-Damm,1,,no_match,,,,,,,,,,,,0.00,no gazetteer entry,
Finsinger Au,1,,no_match,,,,,,,,,,,,0.00,no gazetteer entry,
Isarkiesweiher,1,,no_match,,,,,,,,,,,,0.00,no gazetteer entry,
Einlaß,1,,review,osm,47.98752,10.18104,1500,,,,,,,way/34247434,0.45,"OSM historic/city_gate named after the place; far from most of the entries' other places (0% within 80 km, nearest 115 km)",
Isarheide,1,,no_match,,,,,,,,,,,,0.00,no gazetteer entry,
Süddamm am Westbecken,1,,no_match,,,,,,,,,,,,0.00,no gazetteer entry,
St. Margrethen,1,,linked,geonames,47.45321,9.63825,300,11963409,St. Margrethen,S.RSTN,CH,SG,,,0.85,GeoNames primary name match (CH); entry context 10 km (100% of the entries),
Gossau,1,,linked,osm+geonames,47.41551,9.25482,1500,2660549,Gossau,P.PPL,CH,SG,Q69777,relation/1683889,0.95,entry context 9 km (100% of the entries),
Wil,1,,linked,osm+geonames,47.46152,9.04552,1500,2657996,Wil,P.PPL,CH,SG,Q64077,relation/1683965,0.95,entry context 17 km (100% of the entries),
Zunfthaus zur Saffran,1,,linked,osm,47.37151,8.54311,1500,,,,,,Q9392138,way/75732007,0.90,OSM building/yes named after the place; entry context 1 km (100% of the entries),
Isar-Brücke,1,,no_match,,,,,,,,,,,,0.00,not geocoded yet (no Nominatim cache entry),
Isar-Abzweige,1,,no_match,,,,,,,,,,,,0.00,no gazetteer entry,
Isarau-Tor,1,,no_match,,,,,,,,,,,,0.00,no gazetteer entry,
Kleinhesseloherbrücke,1,,no_match,,,,,,,,,,,,0.00,no gazetteer entry,
Forst im Mitteltagessaum,1,,no_match,,,,,,,,,,,,0.00,no gazetteer entry,
Wittelsbacherpark,1,,review,osm,48.35848,10.88712,1500,,,,,,,way/203252614,0.60,OSM building/civic named after the place,
Einöde,1,,review,geonames,47.75973,10.40531,1500,2931714,Einöde,P.PPL,DE,02,,,0.55,"GeoNames primary name match (DE); far from most of the entries' other places (0% within 80 km, nearest 97 km)",
Gürtnerin,1,,no_match,,,,,,,,,,,,0.00,no gazetteer entry,
Gräberchen,1,,no_match,,,,,,,,,,,,0.00,no gazetteer entry,
Jüterdamm,1,,no_match,,,,,,,,,,,,0.00,no gazetteer entry,
Posthüter,1,,no_match,,,,,,,,,,,,0.00,no gazetteer entry,
Postläuteich,1,,no_match,,,,,,,,,,,,0.00,no gazetteer entry,
Eberhard,1,,linked,osm,50.13616,8.67334,800,,,,,,,way/14993425,0.85,,
Feringer Kanal,1,,no_match,,,,,,,,,,,,0.00,no gazetteer entry,
Gänsewasser,1,,no_match,,,,,,,,,,,,0.00,no gazetteer entry,
Dingharting,1,,linked,osm+geonames,47.96667,11.51667,2000,2936922,Dingharting,A.ADMD,DE,02,Q503326,relation/929726,0.95,entry context 4 km (100% of the entries),
Hornbrunn,1,,no_match,,,,,,,,,,,,0.00,no gazetteer entry,
Deininger Filz,1,,linked,geonames,47.95000,11.51667,1500,2938438,Deininger Filz,H.MOOR,DE,02,Q31949293,,0.95,GeoNames primary name match (DE); entry context 2 km (100% of the entries),
Beining,1,,no_match,,,,,,,,,,,,0.00,no gazetteer entry,
Kleindingharting,1,,linked,osm+geonames,47.96930,11.51505,1500,2889614,Kleindingharting,P.PPL,DE,02,Q27918434,node/94681966,0.95,entry context 1 km (100% of the entries),
Stadtdamm,1,,no_match,osm,48.02802,7.81967,500,,,,,,,way/4413580,0.30,OSM highway/track named after the place; 250 km from the entries' other places (0% within 80 km),
Bräubach,1,,review,osm,48.94954,13.26156,1500,,,,,,,way/43102840,0.70,"far from most of the entries' other places (0% within 80 km, nearest 95 km)",
Hirtendamm,1,,no_match,,,,,,,,,,,,0.00,no gazetteer entry,
Waldboden,1,,review,osm,47.78222,14.71811,300,,,,,,,node/4104421660,0.70,"far from most of the entries' other places (0% within 80 km, nearest 90 km)",
Postklinker,1,,no_match,,,,,,,,,,,,0.00,no gazetteer entry,
Postklärteich,1,,no_match,,,,,,,,,,,,0.00,no gazetteer entry,
Parkteich,1,,review,osm,50.31303,12.37263,1500,,,,,,,way/475073593,0.55,390 km from the entries' other places (0% within 80 km),
Ettbacken,1,,no_match,,,,,,,,,,,,0.00,no gazetteer entry,
Gieretamm,1,,no_match,,,,,,,,,,,,0.00,no gazetteer entry,
Karlbecken,1,,no_match,,,,,,,,,,,,0.00,no gazetteer entry,
Rinderdamm,1,,no_match,,,,,,,,,,,,0.00,no gazetteer entry,
Limmern,1,settlement,linked,osm,47.52928,7.60666,500,,,,,,,node/8023037539,0.85,,
Meinersdorf,1,settlement,review,osm+geonames,50.65766,11.99750,1500,2872246,Meinersdorf,P.PPL,DE,15,,node/319892345,0.65,371 km from the entries' other places (0% within 80 km),
Schönberg,1,,linked,geonames,48.32406,7.97553,1500,2837007,Schönberg,P.PPL,DE,01,,,0.90,GeoNames primary name match (DE); entry context 38 km (100% of the entries),
Lutterbach,1,,review,osm+geonames,47.75976,7.28032,1500,2997010,Lutterbach,P.PPL,FR,44,Q124172,relation/38292,0.65,371 km from the entries' other places (0% within 80 km),
Torflauf,1,,no_match,,,,,,,,,,,,0.00,no gazetteer entry,
Kastagneräumt,1,,no_match,,,,,,,,,,,,0.00,no gazetteer entry,
Forklärteich,1,,no_match,,,,,,,,,,,,0.00,no gazetteer entry,
Speicherdamm,1,,no_match,,,,,,,,,,,,0.00,no gazetteer entry,
Südwenne,1,,no_match,,,,,,,,,,,,0.00,no gazetteer entry,
Station Eibringer Kanal,1,,no_match,,,,,,,,,,,,0.00,no gazetteer entry,
Bitbecken,1,,no_match,,,,,,,,,,,,0.00,no gazetteer entry,
Rotklärteich,1,,no_match,,,,,,,,,,,,0.00,no gazetteer entry,
Rückdamm,1,,no_match,,,,,,,,,,,,0.00,no gazetteer entry,
Kanaltürme,1,,no_match,,,,,,,,,,,,0.00,no gazetteer entry,
Flutgraben,1,,linked,osm,48.38878,12.28414,1500,,,,,,,way/1378649964,0.85,,
Station Zubringerkanal,1,,no_match,,,,,,,,,,,,0.00,no gazetteer entry,
Vorfluter-Teich,1,,no_match,,,,,,,,,,,,0.00,no gazetteer entry,
Wb-Süddamm,1,,no_match,,,,,,,,,,,,0.00,no gazetteer entry,
Isarfallen,1,,no_match,,,,,,,,,,,,0.00,not geocoded yet (no Nominatim cache entry),
Flaucherauen,1,,no_match,,,,,,,,,,,,0.00,not geocoded yet (no Nominatim cache entry),
Statteicken,1,,no_match,,,,,,,,,,,,0.00,no gazetteer entry,
Erklärteich,1,,no_match,,,,,,,,,,,,0.00,no gazetteer entry,
Südostdamm,1,,no_match,,,,,,,,,,,,0.00,no gazetteer entry,
Penzberg,1,,linked,osm+geonames,47.75293,11.37700,1500,2854923,Penzberg,P.PPL,DE,02,Q254271,relation/936920,0.95,entry context 5 km (100% of the entries),
Schreierbach,1,,review,osm+geonames,49.82394,12.01435,3000,2836130,Schreierbach,H.STM,DE,02,,way/129290483,0.65,414 km from the entries' other places (0% within 80 km),
Haingraben,1,,review,osm,47.52641,12.19490,1500,,,,,,,way/183564780,0.55,270 km from the entries' other places (0% within 80 km),
Sonnenbach,1,,linked,osm+geonames,48.95000,10.23333,3000,2831235,Sonnenbach,H.STM,DE,01,Q2179423,way/88551454,0.80,"far from most of the entries' other places (0% within 80 km, nearest 134 km)",
Schönberg im Alptal,1,,no_match,,,,,,,,,,,,0.00,no gazetteer entry,
Alt-Horgrain,1,,no_match,,,,,,,,,,,,0.00,no gazetteer entry,
Güterhafen,1,,no_match,,,,,,,,,,,,0.00,no gazetteer entry,
Westhafen,1,,review,osm,49.01841,12.12844,500,,,,,,,node/618823149,0.70,"far from most of the entries' other places (0% within 80 km, nearest 93 km)",
Hallerwirt,1,,review,osm,47.41789,12.43329,100,,,,,,Q38075999,way/197533266,0.45,"OSM amenity/restaurant named after the place; far from most of the entries' other places (0% within 80 km, nearest 107 km)",
Jetta-Arm,1,,no_match,,,,,,,,,,,,0.00,no gazetteer entry,
Diensthütten-Wiese,1,,no_match,,,,,,,,,,,,0.00,no gazetteer entry,
Forst im Mittlergewand,1,,no_match,,,,,,,,,,,,0.00,no gazetteer entry,
Mittersäumel,1,,no_match,,,,,,,,,,,,0.00,no gazetteer entry,
Ruinen-Hüne,1,,no_match,,,,,,,,,,,,0.00,no gazetteer entry,
Werkdamm,1,,no_match,,,,,,,,,,,,0.00,no gazetteer entry,
Floßgraben,1,,linked,osm,50.06426,12.73606,1500,,,,,,Q11812561,relation/16368727,0.85,,
Pirkheide,1,,no_match,,,,,,,,,,,,0.00,no gazetteer entry,
Hoehenwarth,1,,review,geonames,47.99236,13.39371,1500,11609700,Höhenwarth,P.PPL,AT,04,,,0.45,"GeoNames primary name match (AT); far from most of the entries' other places (0% within 80 km, nearest 130 km)",
Häustamm,1,,no_match,,,,,,,,,,,,0.00,no gazetteer entry,
Walbecken,1,,no_match,,,,,,,,,,,,0.00,not geocoded yet (no Nominatim cache entry),
Parklärteich,1,,no_match,,,,,,,,,,,,0.00,no gazetteer entry,
Fort-Wald,1,,no_match,,,,,,,,,,,,0.00,no gazetteer entry,
Fort am See,1,,no_match,,,,,,,,,,,,0.00,no gazetteer entry,
Park hinter dem Gymnasium,1,,no_match,,,,,,,,,,,,0.00,no gazetteer entry,
Falking,1,,no_match,,,,,,,,,,,,0.00,no gazetteer entry,
Hartmann der Bayernwerke A.-G.,1,,no_match,,,,,,,,,,,,0.00,no gazetteer entry,
Kupferstich,1,,review,osm,49.41686,8.70637,1500,,,,,,,node/3423406920,0.60,OSM tourism/artwork named after the place,
Parkteiche,1,,no_match,,,,,,,,,,,,0.00,not geocoded yet (no Nominatim cache entry),
Stadtkirchen,1,,no_match,,,,,,,,,,,,0.00,not geocoded yet (no Nominatim cache entry),
Quartierarm,1,,no_match,,,,,,,,,,,,0.00,no gazetteer entry,
Volkspark,1,,review,osm,50.76063,12.71006,800,,,,,,,way/580133334,0.55,568 km from the entries' other places (0% within 80 km),
Finkbrücke,1,,no_match,,,,,,,,,,,,0.00,no gazetteer entry,
Fuhringer Kanal,1,,no_match,,,,,,,,,,,,0.00,no gazetteer entry,
Station Pöringer Kanal,1,,no_match,,,,,,,,,,,,0.00,not geocoded yet (no Nominatim cache entry),
Korthäu-Teich,1,,no_match,,,,,,,,,,,,0.00,no gazetteer entry,
Pürniger Kanal,1,,no_match,,,,,,,,,,,,0.00,no gazetteer entry,
Dükerbau,1,,no_match,,,,,,,,,,,,0.00,no gazetteer entry,
Forklär-Teich,1,,no_match,,,,,,,,,,,,0.00,not geocoded yet (no Nominatim cache entry),
Station Fininger kanal,1,,no_match,,,,,,,,,,,,0.00,no gazetteer entry,
Norddamm des W.G.,1,,no_match,,,,,,,,,,,,0.00,no gazetteer entry,
Jürstenpass,1,,no_match,,,,,,,,,,,,0.00,no gazetteer entry,
Landskrone,1,,no_match,geonames,50.55119,7.17233,500,2881482,Landskrone,T.HLL,DE,08,,,0.30,GeoNames primary name match (DE); 417 km from the entries' other places (0% within 80 km),
Neureiberg,1,,no_match,,,,,,,,,,,,0.00,no gazetteer entry,
Ismaningerkanal,1,,no_match,,,,,,,,,,,,0.00,not geocoded yet (no Nominatim cache entry),
Hammerrot,1,,no_match,,,,,,,,,,,,0.00,no gazetteer entry,
Angelhofe,1,,no_match,,,,,,,,,,,,0.00,no gazetteer entry,
Westdamm am Isarbecken,1,,no_match,,,,,,,,,,,,0.00,no gazetteer entry,
Gedl-Kirche,1,,no_match,,,,,,,,,,,,0.00,no gazetteer entry,
Glong Isarwehr,1,,no_match,,,,,,,,,,,,0.00,no gazetteer entry,
Saalbrücken-Kolonie,1,,no_match,,,,,,,,,,,,0.00,no gazetteer entry,
Sternwarte München,1,,no_match,,,,,,,,,,,,0.00,no gazetteer entry,
Isarhütten,1,,no_match,,,,,,,,,,,,0.00,no gazetteer entry,
Nußpiering,1,,no_match,,,,,,,,,,,,0.00,no gazetteer entry,
Forkläitsch,1,,no_match,,,,,,,,,,,,0.00,no gazetteer entry,
Riedleiche,1,,no_match,,,,,,,,,,,,0.00,no gazetteer entry,
Pfettrach - Kanal,1,,no_match,,,,,,,,,,,,0.00,no gazetteer entry,
Forst im Kulturrevier,1,,no_match,,,,,,,,,,,,0.00,no gazetteer entry,
Gärten bei der Mende,1,,no_match,,,,,,,,,,,,0.00,no gazetteer entry,
Sudamm,1,,no_match,,,,,,,,,,,,0.00,no gazetteer entry,
Isarhaide,1,,no_match,,,,,,,,,,,,0.00,no gazetteer entry,
Freinberg,1,,linked,osm+geonames,48.16663,13.80514,1500,11694639,Freinberg,P.PPL,AT,04,,node/240055755,0.95,entry context 37 km (100% of the entries),
Zaubertal,1,,linked,osm+geonames,48.30398,14.25433,1500,3321861,Zaubertal,P.PPL,AT,04,Q21043666,node/240065226,0.95,entry context 2 km (100% of the entries),
Genaues,1,,no_match,,,,,,,,,,,,0.00,no gazetteer entry,
Bundeskapelle,1,,review,osm,46.99417,8.60521,1500,,,,,,Q29881596,way/115193455,0.45,"OSM amenity/place_of_worship named after the place; far from most of the entries' other places (0% within 80 km, nearest 100 km)",
Genf,1,,linked,osm+geonames,46.20222,6.14569,5000,2660646,Geneva,P.PPLA,CH,GE,Q71,relation/1685488,0.95,,
La Chaux-de-Fonds,1,,linked,osm+geonames,47.09993,6.82586,3000,2660076,La Chaux-de-Fonds,P.PPLA2,CH,NE,Q68124,relation/1685495,0.95,entry context 4 km (100% of the entries),
Belmont,1,,linked,osm+geonames,47.22010,6.36611,1500,3033584,Belmont,P.PPL,FR,27,Q816097,relation/1223655,0.95,entry context 37 km (100% of the entries),
Vue des Alpes,1,,linked,osm+geonames,47.07316,6.86954,2000,8436233,Vue des Alpes,T.PASS,CH,NE,Q678448,node/282843029,0.95,entry context 4 km (100% of the entries),
Hartenthal,1,,linked,osm+geonames,47.98136,10.55898,1500,2910165,Hartenthal,P.PPL,DE,02,Q1305862,node/2330758637,0.95,entry context 4 km (100% of the entries),
Hammermühle,1,,linked,osm+geonames,47.59118,9.93045,1500,2911105,Hammermühle,P.PPL,DE,02,Q111043032,node/3223122550,0.95,,
Waching,1,,linked,osm,47.72550,12.08956,300,,,,,,,node/11541193965,0.95,entry context 2 km (100% of the entries),
Mitteralm,1,,linked,osm,47.70810,12.03862,1500,,,,,,Q1940532,way/70463565,0.90,OSM tourism/alpine_hut named after the place; entry context 5 km (100% of the entries),
Gütan,1,,review,osm+geonames,57.68222,16.59500,1500,3329025,Gutan,P.PPL,SE,09,,node/3259128541,0.65,993 km from the entries' other places (0% within 80 km),
Westwand,1,,linked,osm,47.73346,11.44718,1500,,,,,,,way/438301505,0.95,entry context 25 km (100% of the entries),
Brünn,1,,linked,osm+geonames,49.19522,16.60796,5000,3078610,Brno,P.PPLA,CZ,78,Q14960,relation/438171,0.95,,
Wendelstein-Bahn,1,,no_match,,,,,,,,,,,,0.00,no gazetteer entry,
Altaken,1,,no_match,,,,,,,,,,,,0.00,no gazetteer entry,
Feuerturm,1,,review,osm+geonames,50.48333,13.00000,500,2927005,Feuerturm,T.MT,DE,13,Q29564164,node/1296626713,0.65,378 km from the entries' other places (0% within 80 km),
Neuhaken,1,,no_match,,,,,,,,,,,,0.00,no gazetteer entry,
Postleitzahl,1,,no_match,,,,,,,,,,,,0.00,no gazetteer entry,
Südstadt,1,,review,geonames,48.09528,16.30646,1000,2601293,Südstadt,P.PPLX,AT,03,,,0.60,GeoNames primary name match (AT),
Petringer Kanal,1,,no_match,,,,,,,,,,,,0.00,no gazetteer entry,
Schlammflächen des westlichen Wb.,1,,no_match,,,,,,,,,,,,0.00,no gazetteer entry,
Schlammflächen,1,,no_match,,,,,,,,,,,,0.00,no gazetteer entry,
Schlitz,1,,review,osm+geonames,50.67416,9.56102,1500,2838459,Schlitz,P.PPL,DE,05,Q552477,relation/418329,0.65,318 km from the entries' other places (0% within 80 km),
Kalterteich,1,,no_match,,,,,,,,,,,,0.00,no gazetteer entry,
Eisbrücke,1,,review,osm,47.20276,11.22005,1500,,,,,,,way/919650130,0.45,"OSM amenity/parking named after the place; far from most of the entries' other places (0% within 80 km, nearest 120 km)",
Steine E. W.,1,,no_match,,,,,,,,,,,,0.00,no gazetteer entry,
Damm am Netzbecken,1,,no_match,,,,,,,,,,,,0.00,no gazetteer entry,
Bültensee Süddamm,1,,no_match,,,,,,,,,,,,0.00,no gazetteer entry,
Gürtelsaum,1,,no_match,,,,,,,,,,,,0.00,no gazetteer entry,
Nordostsee Süddamm,1,,no_match,,,,,,,,,,,,0.00,no gazetteer entry,
Südsteg,1,,review,osm,47.84807,12.37187,1500,,,,,,,way/24972326,0.60,OSM man_made/pier named after the place,
Nordostsee,1,,review,osm,53.95570,10.86375,1500,,,,,,,way/168110454,0.55,641 km from the entries' other places (0% within 80 km),
Station Fähre,1,,no_match,,,,,,,,,,,,0.00,no gazetteer entry,
Innermerting,1,settlement,no_match,,,,,,,,,,,,0.00,no gazetteer entry,
Heidefläche,1,,review,osm,51.53833,9.43546,1500,,,,,,,way/504418243,0.55,419 km from the entries' other places (0% within 80 km),
Postleitrich,1,,no_match,,,,,,,,,,,,0.00,no gazetteer entry,
Station Pering-Lokal,1,,no_match,,,,,,,,,,,,0.00,no gazetteer entry,
Süddamm des Ismaninger Speichersees,1,,no_match,,,,,,,,,,,,0.00,no gazetteer entry,
Wald-Grünwald,1,,no_match,,,,,,,,,,,,0.00,no gazetteer entry,
Nürblingen,1,,no_match,,,,,,,,,,,,0.00,no gazetteer entry,
Altes Bahnholz,1,,no_match,,,,,,,,,,,,0.00,no gazetteer entry,
Damm am Abflußkanal,1,,no_match,,,,,,,,,,,,0.00,no gazetteer entry,
Damm am Westbecken,1,,no_match,,,,,,,,,,,,0.00,no gazetteer entry,
Fischerhäusl,1,,linked,osm,48.22076,12.51336,300,,,,,,,node/2370236736,0.85,,
Landshamer Sperre,1,,no_match,,,,,,,,,,,,0.00,no gazetteer entry,
Klavierbrücke,1,,no_match,osm,51.94052,13.89434,500,,,,,,,way/324082985,0.30,OSM highway/path named after the place; 454 km from the entries' other places (0% within 80 km),
Nordseite der Ft.,1,,no_match,,,,,,,,,,,,0.00,no gazetteer entry,
Erlöserkirche,1,,linked,osm,48.16474,11.58783,1500,,,,,,Q1355772,way/31358710,0.90,OSM amenity/place_of_worship named after the place; entry context 3 km (100% of the entries),
Damm am Westufer,1,,no_match,,,,,,,,,,,,0.00,no gazetteer entry,
V.K.,1,,review,osm,26.16114,94.39007,3000,,,,,,Q123268695,relation/10073055,0.55,7302 km from the entries' other places (0% within 80 km),
Nizza,1,,review,geonames,43.70313,7.26608,3000,2990440,Nice,P.PPLA2,FR,93,,,0.65,GeoNames alternate name match (FR),
Forst im Geräumt VI,1,,no_match,,,,,,,,,,,,0.00,not geocoded yet (no Nominatim cache entry),
Grauraut IV,1,,no_match,,,,,,,,,,,,0.00,no gazetteer entry,
Gernviertel VI,1,,no_match,,,,,,,,,,,,0.00,no gazetteer entry,
Mühlfeld,1,,linked,osm+geonames,47.98954,11.17073,1500,2868068,Mühlfeld,P.PPL,DE,02,Q1727356,node/1700548682,0.95,entry context 2 km (100% of the entries),
Pähl,1,,linked,osm+geonames,47.90000,11.18333,2000,2855707,Pähl,P.PPLA4,DE,02,Q529409,relation/936870,0.95,entry context 7 km (100% of the entries),
Forst im Geviert VI,1,,no_match,,,,,,,,,,,,0.00,no gazetteer entry,
Graumel V,1,,no_match,,,,,,,,,,,,0.00,no gazetteer entry,
Mürren,1,settlement,linked,osm+geonames,46.55880,7.89290,1500,2659530,Mürren,P.PPL,CH,BE,Q675392,node/240056378,0.95,,
Süddamm am Isarkanal,1,,no_match,,,,,,,,,,,,0.00,no gazetteer entry,
Zündamm,1,,no_match,,,,,,,,,,,,0.00,no gazetteer entry,
Pötringer Kanal,1,,no_match,,,,,,,,,,,,0.00,no gazetteer entry,
Ausbecken,1,,no_match,,,,,,,,,,,,0.00,no gazetteer entry,
Finklriede,1,,no_match,,,,,,,,,,,,0.00,no gazetteer entry,
Süddamm am Ostbecken,1,,no_match,,,,,,,,,,,,0.00,not geocoded yet (no Nominatim cache entry),
Hellerbächl,1,,no_match,,,,,,,,,,,,0.00,no gazetteer entry,
Forst im Planquadrat VI,1,,no_match,,,,,,,,,,,,0.00,no gazetteer entry,
Forstamt VI,1,,no_match,,,,,,,,,,,,0.00,no gazetteer entry,
Forst im Geräumt Fr.,1,,no_match,,,,,,,,,,,,0.00,not geocoded yet (no Nominatim cache entry),
Langenau,1,,linked,osm+geonames,50.43137,9.53063,1500,2881257,Langenau,P.PPL,DE,05,,node/465240825,0.95,,
Gmainat,1,,no_match,,,,,,,,,,,,0.00,no gazetteer entry,
Park von V,1,,no_match,,,,,,,,,,,,0.00,no gazetteer entry,
Märzschau,1,settlement,no_match,,,,,,,,,,,,0.00,no gazetteer entry,
Kornbrunn,1,,no_match,,,,,,,,,,,,0.00,no gazetteer entry,
Dückerbrücke,1,,no_match,,,,,,,,,,,,0.00,no gazetteer entry,
Asch.Brücke,1,,no_match,,,,,,,,,,,,0.00,no gazetteer entry,
Obersee Nord,1,,no_match,,,,,,,,,,,,0.00,no gazetteer entry,
Spittal an der Drau,1,,linked,osm+geonames,46.80000,13.50000,2000,2764786,Spittal an der Drau,P.PPLA3,AT,02,Q487500,relation/108847,0.95,entry context 6 km (100% of the entries),
Millstatt,1,,linked,osm+geonames,46.80417,13.58056,2000,2760380,Millstatt,P.PPLA3,AT,02,Q668044,relation/416328,0.95,entry context 6 km (100% of the entries),
Morau,1,,linked,osm,48.62263,14.04352,500,,,,,,,node/240031598,0.85,,
Tha,1,,review,geonames,51.39400,-1.24300,300,6953710,Thatcham Railway Station,S.RSTN,GB,ENG,,,0.50,GeoNames contains name match (GB),
Tuliševica,1,,linked,osm+geonames,45.27944,14.25472,1500,3188655,Tuliševica,P.PPL,HR,12,Q3541965,relation/18783256,0.95,entry context 2 km (100% of the entries),
Macchia,1,,linked,osm+geonames,42.66844,13.25678,1500,8969843,Macchia,P.PPL,IT,07,Q18454154,node/1263997558,0.95,,
Iha,1,,review,osm,-3.39099,127.98089,1000,,,,,,,node/1308638896,0.55,12489 km from the entries' other places (0% within 80 km),
Bled,1,,linked,osm+geonames,46.36859,14.11652,5000,3203925,Bled,P.PPLA,SI,03,Q202852,node/862116228,0.95,,
Winterhafen,1,,review,osm,48.31920,14.31429,1500,,,,,,,way/137884542,0.55,195 km from the entries' other places (0% within 80 km),
Insel im Ostbecken,1,,no_match,,,,,,,,,,,,0.00,no gazetteer entry,
Wüst's,1,,no_match,,,,,,,,,,,,0.00,no gazetteer entry,
Schellenberger,1,,review,osm,47.71311,13.00364,1500,,,,,,Q1684173,node/4383662721,0.70,"far from most of the entries' other places (0% within 80 km, nearest 116 km)",
Norddamm des Wb,1,,no_match,,,,,,,,,,,,0.00,no gazetteer entry,
Miendorf,1,settlement,no_match,,,,,,,,,,,,0.00,no gazetteer entry,
Mündorf,1,settlement,no_match,osm,50.69575,7.24618,1500,,,,,,,way/157767836,0.15,OSM amenity/fuel named after the place; 422 km from the entries' other places (0% within 80 km),
Revier VI,1,,no_match,,,,,,,,,,,,0.00,no gazetteer entry,
Holzteich,1,,review,osm+geonames,51.50000,12.91667,500,2899559,Holzteich,H.PND,DE,13,,way/35552182,0.65,386 km from the entries' other places (0% within 80 km),
Innwanne,1,,no_match,,,,,,,,,,,,0.00,no gazetteer entry,
Krautäcker,1,,no_match,geonames,48.21135,16.66017,2000,2598915,Krautäcker,L.FLD,AT,03,,,0.30,GeoNames primary name match (AT); 285 km from the entries' other places (0% within 80 km),
Grünwalder Perlacher Forst,1,,no_match,,,,,,,,,,,,0.00,not geocoded yet (no Nominatim cache entry),
Süden,1,,no_match,osm,50.12813,8.71018,1500,,,,,,,node/1129426919,0.30,OSM amenity/cafe named after the place; 304 km from the entries' other places (0% within 80 km),
Pratten,1,,review,osm,-28.09118,151.75866,3000,,,,,,Q24189950,relation/11678022,0.55,15738 km from the entries' other places (0% within 80 km),
Tröhran,1,,no_match,,,,,,,,,,,,0.00,no gazetteer entry,
Rotendorf,1,,review,osm,50.28298,15.49026,1000,,,,,,,node/307077008,0.55,394 km from the entries' other places (0% within 80 km),
Sessellift-Station,1,,no_match,,,,,,,,,,,,0.00,no gazetteer entry,
Pyramidenkogel,1,,linked,geonames,46.60806,14.14528,500,2768189,Pyramidenkogel,T.MT,AT,02,Q511822,,0.90,GeoNames primary name match (AT); entry context 2 km (100% of the entries),
Keutschacher See,1,,linked,osm+geonames,46.58556,14.16028,1000,2774481,Keutschacher See,H.LK,AT,02,Q876691,way/817340119,0.95,entry context 3 km (100% of the entries),
Lenterberg,1,,no_match,,,,,,,,,,,,0.00,no gazetteer entry,
Badenberg,1,,no_match,geonames,53.72224,12.51697,500,2953503,Badenberg,T.HLL,DE,12,,,0.30,GeoNames primary name match (DE); 390 km from the entries' other places (0% within 80 km),
Peterlwand,1,,no_match,,,,,,,,,,,,0.00,not geocoded yet (no Nominatim cache entry),
Mövensee,1,locality,linked,osm,53.25132,13.12344,1000,,,,,,,way/88815983,0.85,,
Kanal in der Aue,1,,no_match,,,,,,,,,,,,0.00,no gazetteer entry,
Forst am Grabmal II,1,,no_match,,,,,,,,,,,,0.00,no gazetteer entry,
Isar-u. Grasmul-T.,1,,no_match,,,,,,,,,,,,0.00,no gazetteer entry,
Gestalten,1,,linked,osm,49.86233,8.67999,1500,,,,,,,node/7001077009,0.90,OSM office/educational_institution named after the place; entry context 15 km (100% of the entries),
Röder,1,,review,osm,50.37874,11.13980,500,,,,,,,node/4303483687,0.55,183 km from the entries' other places (0% within 80 km),
Kuckuckstein,1,,linked,osm,50.89167,13.99231,300,,,,,,,node/1947644909,0.95,entry context 12 km (100% of the entries),
Blockhaus,1,,review,osm,49.40126,8.71317,500,,,,,,,node/1906679178,0.70,"far from most of the entries' other places (0% within 80 km, nearest 138 km)",
Wälder,1,,review,osm,47.19554,8.67808,300,,,,,,,way/36220171,0.55,358 km from the entries' other places (0% within 80 km),
Kelganblick,1,,no_match,,,,,,,,,,,,0.00,no gazetteer entry,
Hohn,1,,review,osm+geonames,50.33878,11.05586,1500,2900905,Höhn,P.PPL,DE,02,Q18287550,node/310513594,0.65,228 km from the entries' other places (0% within 80 km),
Schopis,1,,no_match,,,,,,,,,,,,0.00,no gazetteer entry,
Älpeli,1,,review,osm+geonames,46.95791,8.87856,2000,11719322,Alpeli,L.LCTY,CH,SZ,,node/3126313091,0.65,403 km from the entries' other places (0% within 80 km),
Gerach-Hütte,1,,no_match,,,,,,,,,,,,0.00,no gazetteer entry,
Burnerberg,1,,no_match,,,,,,,,,,,,0.00,no gazetteer entry,
Schulhaus,1,,linked,osm,47.54198,9.02790,500,,,,,,,node/11164637244,0.85,,
Bazil,1,,review,osm,45.21639,-0.09270,300,,,,,,,node/13440253175,0.55,718 km from the entries' other places (0% within 80 km),
Platte,1,,linked,geonames,47.27689,8.81398,1500,6291936,Platte,P.PPL,CH,ZH,,,0.90,GeoNames primary name match (CH); entry context 36 km (100% of the entries),
St. Gallenkirch,1,,linked,osm+geonames,47.02102,9.97335,2000,2766724,Sankt Gallenkirch,P.PPLA3,AT,08,Q700614,relation/76673,0.95,entry context 6 km (100% of the entries),
Heinnau,1,,no_match,,,,,,,,,,,,0.00,no gazetteer entry,
Forststenfelder bei Gaimert,1,,no_match,,,,,,,,,,,,0.00,no gazetteer entry,
Eraum,1,,no_match,,,,,,,,,,,,0.00,no gazetteer entry,
Almhütte,1,,review,osm,47.85731,12.03346,100,,,,,,,way/1456237263,0.60,OSM amenity/restaurant named after the place,
Schaftlach,1,,linked,osm+geonames,47.79535,11.68279,1500,2840635,Schaftlach,P.PPL,DE,02,Q15127353,node/32434432,0.95,entry context 9 km (100% of the entries),
Wiess,1,,review,osm,49.00342,7.94420,500,,,,,,,node/6049550363,0.70,"far from most of the entries' other places (0% within 80 km, nearest 98 km)",
Kreuth,1,,linked,osm+geonames,47.64085,11.74485,2000,2884280,Kreuth,P.PPLA4,DE,02,Q503352,relation/935952,0.95,entry context 10 km (100% of the entries),
Glashütte,1,,linked,osm+geonames,47.61276,11.65171,1500,2920114,Glashütte,P.PPL,DE,02,Q15812392,node/5410927681,0.95,entry context 5 km (100% of the entries),
Seespitz,1,,linked,osm,47.31142,12.79558,500,,,,,,,node/2513206266,0.85,,
Pertisau,1,,linked,osm+geonames,47.44060,11.69230,1500,2769057,Pertisau,P.PPL,AT,07,Q356247,node/1614593188,0.95,entry context 5 km (100% of the entries),
Wiesing,1,,linked,osm+geonames,47.40486,11.79708,2000,2761278,Wiesing,P.PPLA3,AT,07,Q690781,relation/80228,0.95,entry context 4 km (100% of the entries),
Brixlegg,1,,linked,osm+geonames,47.42942,11.87794,2000,2781391,Brixlegg,P.PPLA3,AT,07,Q252197,relation/554952,0.95,entry context 7 km (100% of the entries),
Rundling,1,,review,osm,50.54861,15.18764,300,,,,,,,node/3553751862,0.55,292 km from the entries' other places (0% within 80 km),
Utting am Ammersee,1,,linked,osm+geonames,48.02608,11.08612,1500,2818014,Utting am Ammersee,P.PPL,DE,02,Q167673,relation/933877,0.80,"far from most of the entries' other places (0% within 80 km, nearest 99 km)",
Puitbrunn,1,,no_match,,,,,,,,,,,,0.00,no gazetteer entry,
Langbürglen,1,,no_match,,,,,,,,,,,,0.00,no gazetteer entry,
St. Johann,1,,review,osm,48.73176,11.81109,1000,,,,,,Q121990563,node/265612957,0.70,"far from most of the entries' other places (0% within 80 km, nearest 112 km)",
Preven,1,,no_match,osm,48.53464,-1.56398,1500,,,,,,,node/12609762936,0.30,OSM amenity/driving_school named after the place; 945 km from the entries' other places (0% within 80 km),
Ratten,1,,linked,osm+geonames,47.48333,15.71667,2000,2767904,Ratten,P.PPLA3,AT,06,Q580618,relation/52124,0.95,,
Unterwölch,1,,no_match,,,,,,,,,,,,0.00,no gazetteer entry,
Oberwölch,1,,no_match,,,,,,,,,,,,0.00,no gazetteer entry,
Silberknöpfenalm,1,,no_match,,,,,,,,,,,,0.00,no gazetteer entry,
Darwa - Kitzing,1,,no_match,,,,,,,,,,,,0.00,no gazetteer entry,
Pratwies,1,,no_match,,,,,,,,,,,,0.00,no gazetteer entry,
Pratbrunn,1,,no_match,,,,,,,,,,,,0.00,no gazetteer entry,
Krautinsel,1,,linked,osm+geonames,47.86880,12.41695,2000,2884619,Krautinsel,T.ISL,DE,02,Q279273,way/29411558,0.95,entry context 1 km (100% of the entries),
Lanzburgen,1,,no_match,,,,,,,,,,,,0.00,no gazetteer entry,
Vachendorf,1,,linked,osm+geonames,47.82815,12.32041,1500,2817966,Vachendorf,P.PPL,DE,02,Q266638,node/81877428,0.95,entry context 4 km (100% of the entries),
Gradt,1,,no_match,,,,,,,,,,,,0.00,no gazetteer entry,
Badbrunn,1,,no_match,,,,,,,,,,,,0.00,no gazetteer entry,
Unterkitzing,1,,linked,osm,47.89989,12.38733,500,,,,,,,node/5435384838,0.95,entry context 4 km (100% of the entries),
Freirenchen,1,,no_match,,,,,,,,,,,,0.00,no gazetteer entry,
Perlachinger Forst,1,,no_match,,,,,,,,,,,,0.00,not geocoded yet (no Nominatim cache entry),
Fußpfad nach Ingenried,1,,no_match,,,,,,,,,,,,0.00,no gazetteer entry,
Guter Tag,1,,no_match,,,,,,,,,,,,0.00,no gazetteer entry,
Neugrünwald,1,,linked,geonames,48.05032,11.53333,1500,6544522,Neugrünwald,P.PPL,DE,02,,,0.95,GeoNames primary name match (DE); entry context 10 km (100% of the entries),
Wörnbrunn,1,,linked,osm+geonames,48.03941,11.54921,1500,2806133,Wörnbrunn,P.PPL,DE,02,Q108905865,node/366595571,0.95,entry context 1 km (100% of the entries),
Hochsteinlohe,1,,no_match,,,,,,,,,,,,0.00,no gazetteer entry,
Süddamm am Obersee,1,,no_match,,,,,,,,,,,,0.00,no gazetteer entry,
Großes Schüttgut,1,,no_match,,,,,,,,,,,,0.00,no gazetteer entry,
Karlinger Allee,1,,no_match,,,,,,,,,,,,0.00,not geocoded yet (no Nominatim cache entry),
Baumwiese,1,,review,osm,50.03689,6.83656,1500,,,,,,,way/1268451417,0.55,404 km from the entries' other places (0% within 80 km),
Kleine Brücke,1,,no_match,osm,49.72301,12.28377,300,,,,,,,way/37439142,0.30,OSM highway/footway named after the place; 184 km from the entries' other places (0% within 80 km),
Kalthenberg,1,,no_match,,,,,,,,,,,,0.00,no gazetteer entry,
Bauerpieper,1,,no_match,,,,,,,,,,,,0.00,no gazetteer entry,
Haldendorf,1,,no_match,,,,,,,,,,,,0.00,no gazetteer entry,
Schweizer Mahnmal,1,,no_match,,,,,,,,,,,,0.00,no gazetteer entry,
Alter Turm,1,,linked,osm+geonames,50.47840,9.69063,500,2957294,Alter Turm,T.HLL,DE,05,Q30596517,node/8044584995,0.80,"far from most of the entries' other places (0% within 80 km, nearest 130 km)",
Bartenhausen,1,,review,osm,50.84829,8.92571,500,,,,,,Q125902233,node/2940305713,0.55,250 km from the entries' other places (0% within 80 km),
Wester-Ulsingen,1,,no_match,,,,,,,,,,,,0.00,no gazetteer entry,
Behlder,1,,no_match,,,,,,,,,,,,0.00,no gazetteer entry,
Steinmenhausen,1,,no_match,,,,,,,,,,,,0.00,no gazetteer entry,
Salau,1,,review,osm+geonames,48.18900,15.53500,1500,2766870,Salau,P.PPL,AT,03,,node/240090944,0.65,352 km from the entries' other places (0% within 80 km),
Kringspacht,1,,no_match,,,,,,,,,,,,0.00,no gazetteer entry,
Kreuzstein,1,,linked,geonames,47.79915,13.42280,1500,11609403,Kreuzstein,P.PPL,AT,05,,,0.90,GeoNames primary name match (AT); entry context 2 km (100% of the entries),
Scharfling,1,,linked,osm+geonames,47.79843,13.39568,1500,2766148,Scharfling,P.PPL,AT,04,,node/1732214074,0.95,entry context 4 km (100% of the entries),
Mooswaldhöfe,1,,no_match,,,,,,,,,,,,0.00,no gazetteer entry,
Pichl,1,,linked,osm+geonames,47.60000,13.30000,1500,2768879,Pichl,P.PPL,AT,05,,node/240073781,0.95,entry context 27 km (100% of the entries),
Moorwiesen,1,,review,osm,52.29670,14.06032,500,,,,,,,node/8366984424,0.55,492 km from the entries' other places (0% within 80 km),
Bachwälder,1,,no_match,,,,,,,,,,,,0.00,no gazetteer entry,
Karten,1,,review,osm,47.27340,11.39766,1500,,,,,,Q1780794,node/2426404002,0.45,"OSM office/company named after the place; far from most of the entries' other places (0% within 80 km, nearest 106 km)",
Kastin,1,,no_match,,,,,,,,,,,,0.00,no gazetteer entry,
See-Ende,1,,no_match,,,,,,,,,,,,0.00,not geocoded yet (no Nominatim cache entry),
Flöml-Berg,1,,no_match,,,,,,,,,,,,0.00,no gazetteer entry,
Seeende,1,,no_match,,,,,,,,,,,,0.00,no gazetteer entry,
Bärnbrunn,1,,no_match,,,,,,,,,,,,0.00,no gazetteer entry,
Gröbenlohe,1,locality,no_match,,,,,,,,,,,,0.00,no gazetteer entry,
Gärten,1,,linked,osm,48.16486,11.60640,800,,,,,,Q260223,way/159075298,0.95,entry context 4 km (100% of the entries),
See unter Forst,1,,no_match,,,,,,,,,,,,0.00,no gazetteer entry,
Harmating,1,,linked,osm+geonames,47.88815,11.54268,1500,2910415,Harmating,P.PPL,DE,02,Q20670639,node/260627526,0.95,entry context 5 km (100% of the entries),
Langenhaus,1,,review,osm+geonames,51.21237,7.18894,1500,2881038,Langenhaus,P.PPL,DE,07,Q1661376,node/446298358,0.65,271 km from the entries' other places (0% within 80 km),
Sankt Kosmas,1,,no_match,geonames,46.87169,14.42230,1500,2766617,Sankt Kosmas,P.PPL,AT,02,,,0.30,GeoNames primary name match (AT); 307 km from the entries' other places (0% within 80 km),
Schloß Berg,1,,linked,geonames,47.97005,11.35154,200,12122401,Schloss Berg,S.CSTL,DE,02,,,0.95,GeoNames primary name match (DE); entry context 2 km (100% of the entries),
Wagenried,1,,linked,osm+geonames,48.40086,11.31392,1500,2815499,Wagenried,P.PPL,DE,02,Q1230063,node/275388863,0.95,,
Isar-Bett hinter der Roseninsel,1,,no_match,,,,,,,,,,,,0.00,no gazetteer entry,
Unterhachinger-Allee,1,,no_match,,,,,,,,,,,,0.00,no gazetteer entry,
Bludesch,1,,linked,osm+geonames,47.20000,9.73306,2000,2781678,Bludesch,P.PPLA3,AT,08,Q701012,relation/76685,0.95,entry context 4 km (100% of the entries),
Felder und Wiesen,1,,no_match,,,,,,,,,,,,0.00,no gazetteer entry,
Schmilkaer Berg,1,,no_match,,,,,,,,,,,,0.00,no gazetteer entry,
Berghang,1,,no_match,,,,,,,,,,,,0.00,no gazetteer entry,
Kirnitzschtal,1,,linked,geonames,50.94330,14.24670,2000,6548695,Kirnitzschtal,A.ADM4H,DE,13,Q554664,,0.80,GeoNames primary name match (DE); entry context 7 km (100% of the entries),
Heimfahrt,1,,no_match,,,,,,,,,,,,0.00,no gazetteer entry,
Montiola-Wald,1,,no_match,,,,,,,,,,,,0.00,no gazetteer entry,
Postelwitz,1,,linked,osm+geonames,50.91461,14.17013,1500,2852501,Postelwitz,P.PPL,DE,13,Q27479038,relation/20429521,0.95,entry context 1 km (100% of the entries),
Thürmsdorf,1,,linked,osm+geonames,50.93279,14.04568,1500,2822527,Thürmsdorf,P.PPL,DE,13,Q12355895,node/324790833,0.95,entry context 8 km (100% of the entries),
Aussichtspünktlein,1,,no_match,,,,,,,,,,,,0.00,no gazetteer entry,
Stein-Sattelmayer,1,,no_match,,,,,,,,,,,,0.00,no gazetteer entry,
Würmtal,1,region,linked,osm,48.03319,11.36432,1500,,,,,,Q59643641,relation/20303672,0.85,,
Wagenerts,1,,no_match,,,,,,,,,,,,0.00,no gazetteer entry,
Sacher,1,,linked,osm,47.70051,11.95142,300,,,,,,,node/2091259395,0.85,,
Bahn nach Garatshausen,1,,no_match,,,,,,,,,,,,0.00,no gazetteer entry,
Bratwurstmaxe,1,,no_match,,,,,,,,,,,,0.00,no gazetteer entry,
Abort,1,,review,osm,49.37202,10.17851,1500,,,,,,,way/1305250066,0.45,"OSM building/yes named after the place; far from most of the entries' other places (0% within 80 km, nearest 125 km)",
Würmhimmel,1,,no_match,,,,,,,,,,,,0.00,no gazetteer entry,
Kaisersteig,1,,linked,osm,49.08557,13.17422,500,,,,,,,way/294959342,0.90,OSM highway/track named after the place; entry context 28 km (100% of the entries),
Wartau,1,,linked,osm+geonames,47.09087,9.47708,800,12324186,Wartau,P.PPLF,CH,SG,Q66788,relation/1683961,0.95,,
Higgi,1,,linked,osm,47.41529,8.71814,1500,,,,,,,way/121706521,0.90,OSM building/yes named after the place; entry context 4 km (100% of the entries),
Marling,1,,linked,osm+geonames,46.65262,11.14546,2000,3173903,Marlengo,P.PPLA3,IT,17,Q427354,relation/47291,0.95,,
Moorsburg,1,,no_match,,,,,,,,,,,,0.00,not geocoded yet (no Nominatim cache entry),
Eriskirch,1,,linked,osm+geonames,47.62479,9.54197,2000,2929626,Eriskirch,P.PPLA4,DE,01,Q515372,relation/2783822,0.95,entry context 3 km (100% of the entries),
Immenstädterried,1,,no_match,,,,,,,,,,,,0.00,no gazetteer entry,
Say,1,,review,geonames,43.31822,11.33064,3000,3166548,Siena,P.PPLA2,IT,16,,,0.65,GeoNames alternate name match (IT),
Siebel,1,,linked,osm,48.45254,7.69323,500,,,,,,,node/828135593,0.85,,
Hagenwil,1,,review,osm,47.45466,9.40850,500,,,,,,,node/11178217307,0.70,"far from most of the entries' other places (0% within 80 km, nearest 149 km)",
Parkhaus am See,1,,no_match,,,,,,,,,,,,0.00,no gazetteer entry,
Geratschaum,1,,no_match,,,,,,,,,,,,0.00,no gazetteer entry,
Eller,1,,linked,osm,50.60051,8.96244,1500,,,,,,,way/131688378,0.85,,
Riedelshütter See,1,,no_match,,,,,,,,,,,,0.00,no gazetteer entry,
Johannishöhe,1,,no_match,,,,,,,,,,,,0.00,not geocoded yet (no Nominatim cache entry),
Auspinnerey,1,,no_match,,,,,,,,,,,,0.00,no gazetteer entry,
Strandbad Tutzing,1,,no_match,,,,,,,,,,,,0.00,no gazetteer entry,
Freibad,1,,linked,osm,48.10918,10.38896,1000,,,,,,,way/96793939,0.85,,
"Felder, Wälder und Wiesen",1,,no_match,,,,,,,,,,,,0.00,no gazetteer entry,
Perlachwald,1,,no_match,,,,,,,,,,,,0.00,no gazetteer entry,
Forstenrieder Wald,1,,no_match,,,,,,,,,,,,0.00,no gazetteer entry,
Kißlegg,1,,linked,osm+geonames,47.78894,9.88383,2000,2890199,Kißlegg,P.PPLA4,DE,01,Q705800,relation/2806740,0.95,entry context 31 km (100% of the entries),
Merzburg,1,,no_match,,,,,,,,,,,,0.00,no gazetteer entry,
Muntermühle,1,,no_match,,,,,,,,,,,,0.00,no gazetteer entry,
Stauwerk,1,,no_match,osm,48.18988,12.37476,100,,,,,,,way/329052063,0.30,OSM amenity/restaurant named after the place; 238 km from the entries' other places (0% within 80 km),
Brahmberg,1,,review,osm+geonames,53.17981,9.41339,500,2945563,Brahmberg,T.HLL,DE,06,,node/12444546368,0.65,186 km from the entries' other places (0% within 80 km),
Bratsee-Promenaden,1,,no_match,,,,,,,,,,,,0.00,no gazetteer entry,
Badbad,1,,review,osm,13.19028,123.41276,1000,,,,,,,node/3926556825,0.55,10494 km from the entries' other places (0% within 80 km),
Gleicher-Park,1,,no_match,,,,,,,,,,,,0.00,no gazetteer entry,
Nordend,1,,no_match,geonames,52.59141,13.39537,1000,2862111,Nordend,P.PPLX,DE,16,,,0.30,GeoNames primary name match (DE); 506 km from the entries' other places (0% within 80 km),
Oberfentzing,1,,no_match,,,,,,,,,,,,0.00,no gazetteer entry,
Gommershofen,1,,no_match,,,,,,,,,,,,0.00,not geocoded yet (no Nominatim cache entry),
Johannisbichl,1,,no_match,,,,,,,,,,,,0.00,no gazetteer entry,
Sargans,1,,linked,osm+geonames,47.04896,9.44103,3000,2658793,Sargans,P.PPLA2,CH,SG,Q64571,relation/1683931,0.95,,
Bayerische Staatsbibliothek,1,,linked,osm,48.14740,11.58061,1500,,,,,,Q256507,relation/52412,0.90,OSM amenity/library named after the place; entry context 1 km (100% of the entries),
Staatsbibliothek,1,,linked,osm,48.14740,11.58061,1500,,,,,,Q256507,relation/52412,0.90,OSM amenity/library named after the place; entry context 1 km (100% of the entries),
Buchhandlung von Dunlay,1,,no_match,,,,,,,,,,,,0.00,no gazetteer entry,
Wolmirstedt,1,settlement,review,osm+geonames,52.24856,11.62945,1500,2806342,Wolmirstedt,P.PPL,DE,14,Q653962,relation/79789,0.65,650 km from the entries' other places (0% within 80 km),
Tierpark Berlin,1,,linked,osm,52.50155,13.53127,500,,,,,,Q702771,way/356446013,0.95,entry context 2 km (100% of the entries),
Grieswald,1,,no_match,,,,,,,,,,,,0.00,no gazetteer entry,
Pratner-Promenade,1,,no_match,,,,,,,,,,,,0.00,no gazetteer entry,
Zierpögeln,1,,no_match,,,,,,,,,,,,0.00,no gazetteer entry,
Teiche,1,,no_match,,,,,,,,,,,,0.00,not geocoded yet (no Nominatim cache entry),
Brahms Promenade,1,,no_match,,,,,,,,,,,,0.00,not geocoded yet (no Nominatim cache entry),
Nordbad Tutzing,1,,no_match,,,,,,,,,,,,0.00,no gazetteer entry,
Bratenswiesmauer,1,,no_match,,,,,,,,,,,,0.00,no gazetteer entry,
Dorfbad,1,,review,osm,47.82518,11.84232,1000,,,,,,,way/78452898,0.55,238 km from the entries' other places (0% within 80 km),
Trauberg,1,,linked,osm+geonames,49.75408,10.42597,500,2821535,Trauberg,T.HLL,DE,02,Q31297414,node/11247724854,0.95,,
