action,volume,page_id,region_id,line,date_iso,date_end_iso,date_inferred,location,kind,confidence,source,note
start,1,900847d2-aabe-4b16-b0e6-203b103bd1e1_0050_L,r05,20. <u>Dezember 1917. München.</u>,1917-12-20,,,München,field-day,high,auto-markup,day header with underline markup inside the date (missed by the detector)
start,1,900847d2-aabe-4b16-b0e6-203b103bd1e1_0050_R,r03,26. <u>December 1917.</u> <u>München.</u>,1917-12-26,,,München,field-day,high,auto-markup,day header with underline markup inside the date (missed by the detector)
start,1,900847d2-aabe-4b16-b0e6-203b103bd1e1_0077_L,r02,Zur Avifauna des Gebietes um den Maisinger See sei,,,,Maisinger See,retrospective,low,review,Undated addendum (Nachtrag) to the 1916 Maisinger See paper; observation from summer 1916. Could also be left in the covering entry.
stop,1,900847d2-aabe-4b16-b0e6-203b103bd1e1_0078_L,r02,"<u>Wintergoldhähnchen</u>: 140,",,,,,register,,review,Species index with page numbers at end of volume I.
stop,1,900847d2-aabe-4b16-b0e6-203b103bd1e1_0078_R,r02,<u>dunkler Wasserläufer</u>: 122;,,,,,register,,review,Species index with page numbers at end of volume I.
stop,1,900847d2-aabe-4b16-b0e6-203b103bd1e1_0079_L,r02,<u>Kuhmbraunelle</u>: 121;,,,,,register,,review,Species index with page numbers at end of volume I.
stop,1,900847d2-aabe-4b16-b0e6-203b103bd1e1_0079_R,r02,<u>Heringsmöve</u>: 115;,,,,,register,,review,Species index with page numbers at end of volume I.
stop,1,900847d2-aabe-4b16-b0e6-203b103bd1e1_0080_L,r02,<u>Zwergenhaube</u>: 114;,,,,,register,,review,Species index with page numbers at end of volume I.
stop,1,900847d2-aabe-4b16-b0e6-203b103bd1e1_0080_R,r02,<u>Bürgermeister</u>: 114;,,,,,register,,review,Species index with page numbers at end of volume I.
stop,1,900847d2-aabe-4b16-b0e6-203b103bd1e1_0081_L,r02,<u>Steinadler</u>: 113; 119;,,,,,register,,review,Species index with page numbers at end of volume I.
stop,1,900847d2-aabe-4b16-b0e6-203b103bd1e1_0081_R,r02,<u>Saatkrähe</u>: 111; 120;,,,,,register,,review,Species index with page numbers at end of volume I.
stop,1,900847d2-aabe-4b16-b0e6-203b103bd1e1_0082_L,r02,<u>Kleiner Alpenstrandläufer</u>: 101;,,,,,register,,review,Species index with page numbers at end of volume I.
stop,1,900847d2-aabe-4b16-b0e6-203b103bd1e1_0082_R,r02,<u>Zwergtrappe</u>: 45; 115; 121;,,,,,register,,review,Species index with page numbers at end of volume I.
stop,1,900847d2-aabe-4b16-b0e6-203b103bd1e1_0083_L,r02,<u>Ohrensteißfuß</u>: 44; 128;,,,,,register,,review,Species index with page numbers at end of volume I.
stop,1,900847d2-aabe-4b16-b0e6-203b103bd1e1_0083_R,r02,<u>Wespenbussard</u>: 42; 50; 119;,,,,,register,,review,Species index with page numbers at end of volume I.
stop,1,900847d2-aabe-4b16-b0e6-203b103bd1e1_0084_L,r02,<u>Zwergfalke</u>: 40; 112; 126; 131; 136;,,,,,register,,review,Species index with page numbers at end of volume I.
stop,1,900847d2-aabe-4b16-b0e6-203b103bd1e1_0084_R,r02,<u>Alpenringamsel</u>: 38; 112;,,,,,register,,review,Species index with page numbers at end of volume I.
stop,1,900847d2-aabe-4b16-b0e6-203b103bd1e1_0085_L,r02,"<u>Heidelerche</u>: 36, 71; 121;",,,,,register,,review,Species index with page numbers at end of volume I.
stop,1,900847d2-aabe-4b16-b0e6-203b103bd1e1_0085_R,r02,<u>Fichtenmadel-Tannenhäher</u>: 33; 110; 111;,,,,,register,,review,Species index with page numbers at end of volume I.
stop,1,900847d2-aabe-4b16-b0e6-203b103bd1e1_0086_L,r02,<u>Schwarzmeise</u>: 26; 126;,,,,,register,,review,Species index with page numbers at end of volume I.
stop,1,900847d2-aabe-4b16-b0e6-203b103bd1e1_0086_R,r02,<u>Wachtel</u>: 15; 17; 27; 29; 46; 99; 116; 121;,,,,,register,,review,Species index with page numbers at end of volume I.
stop,1,900847d2-aabe-4b16-b0e6-203b103bd1e1_0087_L,r02,<u>Feldrossdrossel</u>: 10;,,,,,register,,review,Species index with page numbers at end of volume I.
stop,1,900847d2-aabe-4b16-b0e6-203b103bd1e1_0087_R,r02,<u>Bluthänfling</u>: 8; 13; 16; 71;,,,,,register,,review,Species index with page numbers at end of volume I.
stop,1,900847d2-aabe-4b16-b0e6-203b103bd1e1_0088_L,r02,<u>Kuckuck</u>: 7; 9; 12; 14; 17; 18; 24; 26; 28; 32; 50; 52; 55; 56; 57;,,,,,register,,review,Species index with page numbers at end of volume I.
stop,1,900847d2-aabe-4b16-b0e6-203b103bd1e1_0088_R,r02,<u>Waldlaubsänger</u>: 5; 6; 10; 121; 143;,,,,,register,,review,Species index with page numbers at end of volume I.
stop,1,900847d2-aabe-4b16-b0e6-203b103bd1e1_0089_L,r02,<u>Hausammer</u>: 4; 8; 18; 19; 28; 49; 56; 64; 66; 75; 81; 87; 97;,,,,,register,,review,Species index with page numbers at end of volume I.
stop,1,900847d2-aabe-4b16-b0e6-203b103bd1e1_0089_R,r02,<u>Wendehals</u>: 2; 38; 112;,,,,,register,,review,Species index with page numbers at end of volume I.
stop,1,900847d2-aabe-4b16-b0e6-203b103bd1e1_0090_L,r02,<u>Lachmöwen</u>: 1; 2; 3; 5; 20; 45; 55; 78; 79; 80; 84; 100; 117; 118;,,,,,register,,review,Species index with page numbers at end of volume I.
start,2,eacb54e7-a869-4ff1-8f05-51c63da838e1_0022_R,r02,22. <u>Juli 1918</u>. <u>München</u>.,1918-07-22,,,München,field-day,high,auto-markup,day header with underline markup inside the date (missed by the detector)
start,2,eacb54e7-a869-4ff1-8f05-51c63da838e1_0032_L,r05,5. <u>Oktober 1918. München.</u>,1918-10-05,,,München,field-day,high,auto-markup,day header with underline markup inside the date (missed by the detector)
start,2,eacb54e7-a869-4ff1-8f05-51c63da838e1_0037_R,r04,15. <u>Januar</u> 1919. <u>München</u>.,1919-01-15,,,München,field-day,high,auto-markup,day header with underline markup inside the date (missed by the detector)
stop,2,eacb54e7-a869-4ff1-8f05-51c63da838e1_0085_R,r04,<u>Wanderfalke</u>: 152;,,,,,register,,auto-register,register begins on the page of the volume's last entry (before the reviewed register pages)
stop,2,eacb54e7-a869-4ff1-8f05-51c63da838e1_0086_L,r02,<u>Alpenbraunelle</u>: 135;,,,,,register,,review,Species index with page numbers at end of volume II.
stop,2,eacb54e7-a869-4ff1-8f05-51c63da838e1_0086_R,r02,<u>Rohrdommel</u>: 108;,,,,,register,,review,Species index with page numbers at end of volume II.
stop,2,eacb54e7-a869-4ff1-8f05-51c63da838e1_0087_L,r02,<u>Heckenbraunelle</u>: 97; 102; 104; 132; 134; 135;,,,,,register,,review,Species index with page numbers at end of volume II.
stop,2,eacb54e7-a869-4ff1-8f05-51c63da838e1_0087_R,r02,<u>Waldbaumläufer</u>: 74; 76; 77; 80; 119; 132; 135; 154;,,,,,register,,review,Species index with page numbers at end of volume II.
stop,2,eacb54e7-a869-4ff1-8f05-51c63da838e1_0088_L,r02,<u>Dickschnabel Tannenmeise</u>: 68; 132,,,,,register,,review,Species index with page numbers at end of volume II.
stop,2,eacb54e7-a869-4ff1-8f05-51c63da838e1_0088_R,r02,<u>Raubwürger</u>: 34; 120;,,,,,register,,review,Species index with page numbers at end of volume II.
stop,2,eacb54e7-a869-4ff1-8f05-51c63da838e1_0089_L,r02,<u>Großer Brachvogel</u>: 24; 69; 123; 128; 150; 152;,,,,,register,,review,Species index with page numbers at end of volume II.
stop,2,eacb54e7-a869-4ff1-8f05-51c63da838e1_0089_R,r02,<u>Uferschwalbe</u>: 14; 21; 32; 33; 43; 49; 113; 115; 121; 128; 129;,,,,,register,,review,Species index with page numbers at end of volume II.
stop,2,eacb54e7-a869-4ff1-8f05-51c63da838e1_0090_L,r02,<u>Feldsperling</u>: 12; 31; 35; 49; 52; 59; 78; 80; 95; 138; 152;,,,,,register,,review,Species index with page numbers at end of volume II.
stop,2,eacb54e7-a869-4ff1-8f05-51c63da838e1_0090_R,r02,<u>Mäusebussard</u>: 10; 27; 34; 45; 50; 52; 53; 60; 93; 98; 108; 111;,,,,,register,,review,Species index with page numbers at end of volume II.
stop,2,eacb54e7-a869-4ff1-8f05-51c63da838e1_0091_L,r02,<u>Mehlschwalbe</u>: 9; 12; 17; 26; 27; 29; 30; 32; 45; 48; 111; 113;,,,,,register,,review,Species index with page numbers at end of volume II.
stop,2,eacb54e7-a869-4ff1-8f05-51c63da838e1_0091_R,r02,<u>Rotkehlchen</u>: 7; 22; 39; 44; 46; 47; 52; 54; 60; 64; 66; 74; 75; 78; 80;,,,,,register,,review,Species index with page numbers at end of volume II.
stop,2,eacb54e7-a869-4ff1-8f05-51c63da838e1_0092_L,r02,<u>Anngrasmücke</u>: 4; 8; 9; 20; 26; 106; 111; 112; 127; 151;,,,,,register,,review,Species index with page numbers at end of volume II.
stop,2,eacb54e7-a869-4ff1-8f05-51c63da838e1_0092_R,r02,"<u>Lachmöve</u>: 3. 6; 22.-23; 48; 55; 56; 58; 61; 63, 65; 72; 84; 88;",,,,,register,,review,Species index with page numbers at end of volume II.
stop,2,eacb54e7-a869-4ff1-8f05-51c63da838e1_0093_L,r02,<u>Fitislaubvogel</u>: 1; 3; 8; 14; 19; 27; 29; 40; 42; 43; 45; 102; 111;,,,,,register,,review,Species index with page numbers at end of volume II.
start,3,0ed30b8b-6194-418e-998b-092352aa1ed5_0015_R,r03,November 1919. <u>Raußbeuren</u>.,1919-11-05,,y,Raußbeuren,field-day,high,review,"Day number missing (OCR/cut); falls between detected 4. Nov (L03-e0027) and 8. Nov 1919 (L03-e0028), first of three consecutive headers. Raußbeuren = Kaufbeuren."
start,3,0ed30b8b-6194-418e-998b-092352aa1ed5_0015_R,r04,November 1919. Kaufbeuren.,1919-11-06,,y,Kaufbeuren,field-day,high,review,Day number missing; second of three headers between 4. and 8. Nov 1919.
start,3,0ed30b8b-6194-418e-998b-092352aa1ed5_0015_R,r05,November 1919. <u>Kaufbeuren</u>.,1919-11-07,,y,Kaufbeuren,field-day,high,review,Day number missing; third of three headers between 4. and 8. Nov 1919.
start,3,0ed30b8b-6194-418e-998b-092352aa1ed5_0027_R,r05,5. <u>Februar 1920.</u> <u>München.</u>,1920-02-05,,,München,field-day,high,auto-markup,day header with underline markup inside the date (missed by the detector)
start,3,0ed30b8b-6194-418e-998b-092352aa1ed5_0115_L,r03,24. <u>III</u>. 1922. <u>Kaufbeuren</u>.,1922-03-24,,,Kaufbeuren,field-day,high,auto-markup,day header with underline markup inside the date (missed by the detector)
stop,3,0ed30b8b-6194-418e-998b-092352aa1ed5_0153_R,r03,<u>Berglaubsänger</u>: 263;,,,,,register,,auto-register,register begins on the page of the volume's last entry (before the reviewed register pages)
stop,3,0ed30b8b-6194-418e-998b-092352aa1ed5_0154_L,r02,<u>Star</u>: 227; 229; 245; 249; 250; 251; 253; 256; 261;,,,,,register,,review,Species index with page numbers at end of volume III.
stop,3,0ed30b8b-6194-418e-998b-092352aa1ed5_0154_R,r02,"<u>Bergfink</u>: 192, 195, 209, 210, 211, 244,",,,,,register,,review,Species index with page numbers at end of volume III.
stop,3,0ed30b8b-6194-418e-998b-092352aa1ed5_0155_L,r02,<u>Mantelmöve</u>: 178.,,,,,register,,review,Species index with page numbers at end of volume III.
stop,3,0ed30b8b-6194-418e-998b-092352aa1ed5_0155_R,r02,<u>Kormoran</u>: 177; 178;,,,,,register,,review,Species index with page numbers at end of volume III.
stop,3,0ed30b8b-6194-418e-998b-092352aa1ed5_0156_L,r02,<u>Rauhfusskauz</u>: 177;,,,,,register,,review,Species index with page numbers at end of volume III.
stop,3,0ed30b8b-6194-418e-998b-092352aa1ed5_0156_R,r02,<u>Alpensegler</u>: 117;,,,,,register,,review,Species index with page numbers at end of volume III.
stop,3,0ed30b8b-6194-418e-998b-092352aa1ed5_0157_L,r02,<u>Trauerente</u>: 98; 100; 133; 134; 178; 194;,,,,,register,,review,Species index with page numbers at end of volume III.
stop,3,0ed30b8b-6194-418e-998b-092352aa1ed5_0157_R,r02,<u>Storch</u>: 83; 91; 92; 96; 102; 193; 222;,,,,,register,,review,Species index with page numbers at end of volume III.
stop,3,0ed30b8b-6194-418e-998b-092352aa1ed5_0158_L,r02,<u>Grauspecht</u>: 41; 70; 72; 75; 88; 101; 162; 163; 214; 254; 259;,,,,,register,,review,Species index with page numbers at end of volume III.
stop,3,0ed30b8b-6194-418e-998b-092352aa1ed5_0158_R,r02,<u>Sperlingskauz</u>: 38; 177;,,,,,register,,review,Species index with page numbers at end of volume III.
stop,3,0ed30b8b-6194-418e-998b-092352aa1ed5_0159_L,r02,"<u>Schwarzkehliger Wiesenschmätzer</u>: 36, 114;",,,,,register,,review,Species index with page numbers at end of volume III.
stop,3,0ed30b8b-6194-418e-998b-092352aa1ed5_0159_R,r02,<u>Schafstelze</u>: 34; 191.,,,,,register,,review,Species index with page numbers at end of volume III.
stop,3,0ed30b8b-6194-418e-998b-092352aa1ed5_0160_L,r02,<u>Kornweihe</u>: 30;,,,,,register,,review,Species index with page numbers at end of volume III.
stop,3,0ed30b8b-6194-418e-998b-092352aa1ed5_0160_R,r02,<u>Alpenbirkenzeisig</u>: 16; 192?,,,,,register,,review,Species index with page numbers at end of volume III.
stop,3,0ed30b8b-6194-418e-998b-092352aa1ed5_0161_full,r02,"<u>Bläßhuhn</u>: 10, 19, 40, 76, 90, 95, 96, 113, 116, 120, 124, 130,",,,,,register,,review,Species index with page numbers at end of volume III.
stop,3,0ed30b8b-6194-418e-998b-092352aa1ed5_0162_full,r02,<u>Sperber</u>: 5; 16; 19; 20; 21; 26; 30; 39; 102; 113; 169; 190;,,,,,register,,review,Species index with page numbers at end of volume III.
stop,3,0ed30b8b-6194-418e-998b-092352aa1ed5_0163_full,r02,"<u>Halter7mann</u>: 3. 9. 35; 68. 77. 78. 82, 85, 92, 95, 98. 102, 104;",,,,,register,,review,Species index with page numbers at end of volume III.
stop,3,0ed30b8b-6194-418e-998b-092352aa1ed5_0164_full,r02,<u>Buchfink</u>. 1; 9; 11; 13; 19; 27; 34; 46; 53; 56; 57; 59; 60; 62; 63; 66;,,,,,register,,review,Species index with page numbers at end of volume III.
start,4,52b78822-8d1b-4cb0-968b-072d61b066df_0075,r02,ich vorher sicher gefunden,1925-06-29,,y,,correspondence,low,review,"Pasted correspondence card(s): letter of G. Traunberger signed ""Altach 29.6.25"" (Purpurreiher, Zwergrohrdommel, Rohrdommel), plus fragment of a card of 4. VI. 25. r02 is a partial duplicate of r04; the letter begins mid-sentence (start probably on previous page / garbled copy). Not part of the 10 Ju"
start,4,52b78822-8d1b-4cb0-968b-072d61b066df_0088_L,r02,"Ich fahre früh 4,30 h auf dem gewöhnlichen Weg über",1925-07-28,,y,,field-day,medium,review,"New day: excursion to the Bannwald-/Sameister Weiher. Preceding page ends the short 27. Juli entry (Girlitze mittags). The dated caption ""28. Juli 1925. Sannister See"" of the sketch map was detected separately (L04-e0262/e0263); this narrative has no header line of its own."
stop,4,52b78822-8d1b-4cb0-968b-072d61b066df_0094_L,r03,<u>Waldwasserläufer</u>: 130;,,,,,register,,auto-register,register begins on the page of the volume's last entry (before the reviewed register pages)
stop,4,52b78822-8d1b-4cb0-968b-072d61b066df_0094_R,r02,<u>Beutelmeise</u>: 115;,,,,,register,,auto-register,register begins on the page of the volume's last entry (before the reviewed register pages)
stop,4,52b78822-8d1b-4cb0-968b-072d61b066df_0095_L,r02,<u>Rotkopfwürger</u>: 100;,,,,,register,,review,Species index with page numbers at end of volume IV.
stop,4,52b78822-8d1b-4cb0-968b-072d61b066df_0095_R,r02,<u>Rennvogel</u>: 73;,,,,,register,,review,Species index with page numbers at end of volume IV.
stop,4,52b78822-8d1b-4cb0-968b-072d61b066df_0096_L,r02,"<u>Schneefink</u>: 59, 107;",,,,,register,,review,Species index with page numbers at end of volume IV.
stop,4,52b78822-8d1b-4cb0-968b-072d61b066df_0096_R,r02,"<u>Waldohreule</u>: 40, 59, 76, 81, 92, 96, 101, 103,",,,,,register,,review,Species index with page numbers at end of volume IV.
stop,4,52b78822-8d1b-4cb0-968b-072d61b066df_0097_L,r02,"<u>Waldlaubvogel</u>: 37, 38, 41, 46, 83, 85, 99, 101;",,,,,register,,review,Species index with page numbers at end of volume IV.
stop,4,52b78822-8d1b-4cb0-968b-072d61b066df_0097_R,r02,"<u>Feldlerche</u>: 29, 30, 32, 33, 34, 61, 74, 76, 79, 80, 100;",,,,,register,,review,Species index with page numbers at end of volume IV.
stop,4,52b78822-8d1b-4cb0-968b-072d61b066df_0098_L,r02,"<u>Zwergsäger</u>: 26,",,,,,register,,review,Species index with page numbers at end of volume IV.
stop,4,52b78822-8d1b-4cb0-968b-072d61b066df_0098_R,r02,"<u>Nachtigallrohrl</u>: 22, 39, 128,",,,,,register,,review,Species index with page numbers at end of volume IV.
stop,4,52b78822-8d1b-4cb0-968b-072d61b066df_0099_L,r02,<u>Sperber</u>: 18; 21; 76; 81; 102;,,,,,register,,review,Species index with page numbers at end of volume IV.
stop,4,52b78822-8d1b-4cb0-968b-072d61b066df_0099_R,r02,"<u>Blaumeise</u>: 13, 21, 22, 23, 28, 34, 44, 59, 71, 78, 79, 81, 100,",,,,,register,,review,Species index with page numbers at end of volume IV.
stop,4,52b78822-8d1b-4cb0-968b-072d61b066df_0100_L,r02,"<u>Steinadler</u>: 10, 15, 16, 17, 18, 21, 25, 59, 60, 64, 65, 66, 67, 69, 74, 95,",,,,,register,,review,Species index with page numbers at end of volume IV.
stop,4,52b78822-8d1b-4cb0-968b-072d61b066df_0100_R,r02,"<u>Alpendohle</u>: 7, 50, 59, 107, 109;",,,,,register,,review,Species index with page numbers at end of volume IV.
stop,4,52b78822-8d1b-4cb0-968b-072d61b066df_0101_L,r02,"<u>Buchfink</u>: 4, 8, 11, 29, 30, 31, 34, 44, 47, 49, 58, 59, 62, 70, 74, 75, 76,",,,,,register,,review,Species index with page numbers at end of volume IV.
stop,4,52b78822-8d1b-4cb0-968b-072d61b066df_0101_R,r02,"<u>Gebirgsstelze</u>: 2, 64; 114;",,,,,register,,review,Species index with page numbers at end of volume IV.
stop,4,52b78822-8d1b-4cb0-968b-072d61b066df_0102_L,r02,<u>Storch</u>: 1; 15; 16; 29; 32; 36; 44; 47; 49; 54; 64; 65; 67; 79; 82; 83; 96; 98;,,,,,register,,review,Species index with page numbers at end of volume IV.
stop,5,9e6d0f52-4715-4042-a17f-2b0ffe8cf2d6_0090_L,r02,[illegible],,,,,register,,auto-junk,1 region(s) of [illegible]/[?] placeholders directly before the register
stop,5,9e6d0f52-4715-4042-a17f-2b0ffe8cf2d6_0090_R,r02,<u>Nachtigall</u>: 143;,,,,,register,,review,First page of the species index of volume V (hint said cont).
stop,5,9e6d0f52-4715-4042-a17f-2b0ffe8cf2d6_0091_L,r02,"<u>Baumfalke</u>: 110, 111;",,,,,register,,review,Species index with page numbers at end of volume V.
stop,5,9e6d0f52-4715-4042-a17f-2b0ffe8cf2d6_0091_R,r02,<u>Storch</u>: 75; 87; 97; 99; 100; 101; 102; 107; 122; 137; 140;,,,,,register,,review,Species index with page numbers at end of volume V.
stop,5,9e6d0f52-4715-4042-a17f-2b0ffe8cf2d6_0092_L,r02,<u>Schwarzspecht</u>: 66; 71; 73; 122; 139;,,,,,register,,review,Species index with page numbers at end of volume V.
stop,5,9e6d0f52-4715-4042-a17f-2b0ffe8cf2d6_0092_R,r02,"<u>Gartammer</u>: 63, 66, 67, 69, 70, 71, 85, 97, 98, 99, 101, 111,",,,,,register,,review,Species index with page numbers at end of volume V.
stop,5,9e6d0f52-4715-4042-a17f-2b0ffe8cf2d6_0093_L,r02,<u>Lachmöve</u>: 51; 58; 60; 64; 79; 82; 83; 85; 86; 87; 88; 109; 112;,,,,,register,,review,Species index with page numbers at end of volume V.
stop,5,9e6d0f52-4715-4042-a17f-2b0ffe8cf2d6_0093_R,r02,<u>Reiherente</u>: 47;,,,,,register,,review,Species index with page numbers at end of volume V.
stop,5,9e6d0f52-4715-4042-a17f-2b0ffe8cf2d6_0094_L,r02,"<u>Gartengrasmücke</u>: 44, 78, 85, 141, 143;",,,,,register,,review,Species index with page numbers at end of volume V.
stop,5,9e6d0f52-4715-4042-a17f-2b0ffe8cf2d6_0094_R,r02,<u>Krähenbeere</u>: 31; 33;,,,,,register,,review,Species index with page numbers at end of volume V.
stop,5,9e6d0f52-4715-4042-a17f-2b0ffe8cf2d6_0095_L,r02,<u>Trauerfliegenschnäpper</u>: 21; 22; 36; 85;,,,,,register,,review,Species index with page numbers at end of volume V.
stop,5,9e6d0f52-4715-4042-a17f-2b0ffe8cf2d6_0095_R,r02,<u>Mittelmeersteinschmätzer</u>: 12; 14; 15; 19; 24; 32; 36;,,,,,register,,review,Species index with page numbers at end of volume V.
stop,5,9e6d0f52-4715-4042-a17f-2b0ffe8cf2d6_0096_L,r02,<u>Schafstelze</u>: 8; 18; 20; 22; 40; 85;,,,,,register,,review,Species index with page numbers at end of volume V.
stop,5,9e6d0f52-4715-4042-a17f-2b0ffe8cf2d6_0096_R,r02,<u>Rauchschwalbe</u>: 4; 6; 9; 11; 12; 16; 18; 20; 23; 30; 41; 45; 50; 71; 73;,,,,,register,,review,Species index with page numbers at end of volume V.
stop,5,9e6d0f52-4715-4042-a17f-2b0ffe8cf2d6_0097_L,r02,<u>Gartenammer</u>: 1;,,,,,register,,review,Species index with page numbers at end of volume V.
stop,6,1949bf9d-92aa-4170-b4df-dd04c79bf039_0076_L,r04,"<u>Gänsegier</u>: 125, 127, 128,",,,,,register,,review,r02 is the end of the 29 Sep 1928 entry (Bartgeier note); species index of volume VI starts in r04.
stop,6,1949bf9d-92aa-4170-b4df-dd04c79bf039_0076_R,r02,<u>Schilfrohrsänger</u>: 110; 111; 116; 117; 120; 122; 123; 124;,,,,,register,,review,Species index with page numbers at end of volume VI.
stop,6,1949bf9d-92aa-4170-b4df-dd04c79bf039_0077_L,r02,"<u>Knäckente</u>: 44, 67, 93;",,,,,register,,review,Species index with page numbers at end of volume VI.
stop,6,1949bf9d-92aa-4170-b4df-dd04c79bf039_0077_R,r02,"<u>Drosselrohrsänger</u>: 40, 63, 80, 94, 106, 117;",,,,,register,,review,Species index with page numbers at end of volume VI.
stop,6,1949bf9d-92aa-4170-b4df-dd04c79bf039_0078_L,r02,<u>Reiherente</u>: 30; 38;,,,,,register,,review,Species index with page numbers at end of volume VI.
stop,6,1949bf9d-92aa-4170-b4df-dd04c79bf039_0078_R,r02,<u>Uferschwalbe</u>: 18; 23; 57; 82;,,,,,register,,review,Species index with page numbers at end of volume VI.
stop,6,1949bf9d-92aa-4170-b4df-dd04c79bf039_0079_L,r02,"<u>Blaukehlchen</u>: 9, 41; 57; 110; 111; 113, 118;",,,,,register,,review,Species index with page numbers at end of volume VI.
stop,6,1949bf9d-92aa-4170-b4df-dd04c79bf039_0079_R,r02,"<u>Grauspecht</u>: 8, 41, 56, 93, 120,",,,,,register,,review,Species index with page numbers at end of volume VI.
stop,6,1949bf9d-92aa-4170-b4df-dd04c79bf039_0080_L,r02,<u>Halsbandfliegenschnäpper</u>: 7; 9; 40; 80;,,,,,register,,review,Species index with page numbers at end of volume VI.
stop,6,1949bf9d-92aa-4170-b4df-dd04c79bf039_0080_R,r02,<u>Waldbaumläufer</u>: 6;,,,,,register,,review,Species index with page numbers at end of volume VI.
stop,6,1949bf9d-92aa-4170-b4df-dd04c79bf039_0081_L,r02,"<u>Kernbeißer</u>: 5, 91;",,,,,register,,review,Species index with page numbers at end of volume VI.
stop,6,1949bf9d-92aa-4170-b4df-dd04c79bf039_0081_R,r02,"<u>Großer Brachvogel</u>: 3, 10, 13, 23, 26, 46, 71, 108, 119,",,,,,register,,review,Species index with page numbers at end of volume VI.
stop,6,1949bf9d-92aa-4170-b4df-dd04c79bf039_0082_L,r02,<u>Hausrotschwanz</u>: 2; 7; 16; 19; 20; 26; 56; 57; 65; 71; 92; 101;,,,,,register,,review,Species index with page numbers at end of volume VI.
stop,6,1949bf9d-92aa-4170-b4df-dd04c79bf039_0082_R,r02,"<u>Kohlmeise</u>: 2, 6, 27, 32, 45, 51, 56, 63, 92, 99, 108, 116, 120,",,,,,register,,review,Species index with page numbers at end of volume VI.
stop,6,1949bf9d-92aa-4170-b4df-dd04c79bf039_0083_L,r02,<u>Rabenkrähe</u>: 1; 5; 20; 31; 45; 47; 48; 55; 60; 71; 98; 99; 102; 104,,,,,register,,review,Species index with page numbers at end of volume VI.
start,7,5adcdacc-d4e4-4cc9-b4fb-cb164a265227_0020_R,r02,"Nachträge aus Hünling's Aufzeichnungen,",,,,,species-digest,medium,review,"Numbered per-species supplement from Hünling's records (1926-1928), appended after the Oct 1928 tour; undated."
start,7,5adcdacc-d4e4-4cc9-b4fb-cb164a265227_0072_L,r03,"Ausschnitt aus der ""Münchner Neuesten""; No 227",,,,,other,medium,review,"Introduces pasted newspaper clippings (MNN No 227, Aug 1929) on the starling roosts in Munich; not part of the Ismaning field day. Exact date not given."
stop,7,5adcdacc-d4e4-4cc9-b4fb-cb164a265227_0111_L,r02,<u>Kornweihe</u>: 161;,,,,,register,,review,Start of the volume-7 species register (species: page numbers); preceding 3 Nov 1929 entry ended on previous page.
stop,7,5adcdacc-d4e4-4cc9-b4fb-cb164a265227_0111_R,r02,"<u>Flußuferläufer</u>: 109, 121;",,,,,register,,review,"Volume-7 species register (species: page numbers, ordered by first page of occurrence, written from the back)."
stop,7,5adcdacc-d4e4-4cc9-b4fb-cb164a265227_0112_L,r02,"<u>Knäkente</u>: 93, 113, 114, 117, 118, 162;",,,,,register,,review,"Volume-7 species register (species: page numbers, ordered by first page of occurrence, written from the back)."
stop,7,5adcdacc-d4e4-4cc9-b4fb-cb164a265227_0112_R,r02,<u>Drosselrohrsänger</u>: 61; 62; 63; 71; 81; 88; 106; 113;,,,,,register,,review,"Volume-7 species register (species: page numbers, ordered by first page of occurrence, written from the back)."
stop,7,5adcdacc-d4e4-4cc9-b4fb-cb164a265227_0113_L,r02,<u>Kuckuck</u>: 55; 58; 61; 73; 86; 107;,,,,,register,,review,"Volume-7 species register (species: page numbers, ordered by first page of occurrence, written from the back)."
stop,7,5adcdacc-d4e4-4cc9-b4fb-cb164a265227_0113_R,r02,"<u>Grauspecht</u>: 45, 73, 83, 84,",,,,,register,,review,"Volume-7 species register (species: page numbers, ordered by first page of occurrence, written from the back)."
stop,7,5adcdacc-d4e4-4cc9-b4fb-cb164a265227_0114_L,r02,<u>Waldbaumläufer</u>: 37; 82; 83; 100; 101; 132; 135; 154;,,,,,register,,review,"Volume-7 species register (species: page numbers, ordered by first page of occurrence, written from the back)."
stop,7,5adcdacc-d4e4-4cc9-b4fb-cb164a265227_0114_R,r02,<u>Ohrenfischfuß</u>: 28.,,,,,register,,review,"Volume-7 species register (species: page numbers, ordered by first page of occurrence, written from the back)."
stop,7,5adcdacc-d4e4-4cc9-b4fb-cb164a265227_0115_L,r02,"<u>Sturmmöve</u>: 23, 165;",,,,,register,,review,"Volume-7 species register (species: page numbers, ordered by first page of occurrence, written from the back)."
stop,7,5adcdacc-d4e4-4cc9-b4fb-cb164a265227_0115_R,r02,<u>Tafelente</u>: 20; 23; 27; 43; 50; 61; 62; 86; 91; 92; 94; 103; 106; 107;,,,,,register,,review,"Volume-7 species register (species: page numbers, ordered by first page of occurrence, written from the back)."
stop,7,5adcdacc-d4e4-4cc9-b4fb-cb164a265227_0116_L,r02,"<u>Schneehuhn</u>: 16, 137, 139, 154, 156,",,,,,register,,review,"Volume-7 species register (species: page numbers, ordered by first page of occurrence, written from the back)."
stop,7,5adcdacc-d4e4-4cc9-b4fb-cb164a265227_0116_R,r02,<u>Gartenbaumläufer</u>: 10; 14; 28; 38; 43; 44; 50; 52; 56; 72;,,,,,register,,review,"Volume-7 species register (species: page numbers, ordered by first page of occurrence, written from the back)."
stop,7,5adcdacc-d4e4-4cc9-b4fb-cb164a265227_0117_L,r02,<u>Schwarzspecht</u>: 6; 7; 9; 14; 45; 55; 83; 101; 113;,,,,,register,,review,"Volume-7 species register (species: page numbers, ordered by first page of occurrence, written from the back)."
stop,7,5adcdacc-d4e4-4cc9-b4fb-cb164a265227_0117_R,r03,"<u>Heidelerche</u>: 3, 5, 6, 7, 8, 9, 11, 13, 14, 16, 98, 99, 100, 142,",,,,,register,,review,"Volume-7 species register (species: page numbers, ordered by first page of occurrence, written from the back)."
stop,7,5adcdacc-d4e4-4cc9-b4fb-cb164a265227_0118_full,r02,<u>Heidelaulvogel</u>: 1; 5; 9; 14; 43; 44; 50; 54; 55; 57; 60; 72;,,,,,register,,review,"Volume-7 species register (species: page numbers, ordered by first page of occurrence, written from the back)."
start,8,f27fdaf5-89b6-461f-948c-4c32a63e750e_0042_L,r04,26.<u>IV</u>. 1930. <u>Pöcking</u>.,1930-04-26,,,Pöcking,field-day,high,auto-markup,day header with underline markup inside the date (missed by the detector)
stop,8,f27fdaf5-89b6-461f-948c-4c32a63e750e_0116_L,r02,<u>Sumpfrohrsänger</u>: 157;,,,,,register,,review,"Start of the volume-8 species register (species: page numbers); the 22 Sep 1930 text on the previous page ends mid-word (""be-""), its end may be elsewhere."
stop,8,f27fdaf5-89b6-461f-948c-4c32a63e750e_0116_R,r02,<u>Fichtenkreuzschnabel</u>:,,,,,register,,review,Volume-8 species register (species: page numbers).
stop,8,f27fdaf5-89b6-461f-948c-4c32a63e750e_0117_L,r02,<u>Brandseeschwalbe</u>: 91; 101;,,,,,register,,review,Volume-8 species register (species: page numbers).
stop,8,f27fdaf5-89b6-461f-948c-4c32a63e750e_0117_R,r02,<u>Moorente</u>: 80; 125; 170;,,,,,register,,review,Volume-8 species register (species: page numbers).
stop,8,f27fdaf5-89b6-461f-948c-4c32a63e750e_0118_L,r02,"<u>Wiedehopf</u>: 68, 166;",,,,,register,,review,Volume-8 species register (species: page numbers).
stop,8,f27fdaf5-89b6-461f-948c-4c32a63e750e_0118_R,r02,"<u>Waldlaubvogel</u>: 53, 54, 65, 75;",,,,,register,,review,Volume-8 species register (species: page numbers).
stop,8,f27fdaf5-89b6-461f-948c-4c32a63e750e_0119_L,r02,"<u>Rohrweihe</u>: 45, 47, 51, 52, 53, 55, 57, 59, 64, 65, 74, 75, 79, 108,",,,,,register,,review,Volume-8 species register (species: page numbers).
stop,8,f27fdaf5-89b6-461f-948c-4c32a63e750e_0119_R,r02,"<u>Felsenschwalbe</u>: 40, 42,",,,,,register,,review,Volume-8 species register (species: page numbers).
stop,8,f27fdaf5-89b6-461f-948c-4c32a63e750e_0120_L,r02,<u>Berglaubsänger</u>: 34.,,,,,register,,review,Volume-8 species register (species: page numbers).
stop,8,f27fdaf5-89b6-461f-948c-4c32a63e750e_0120_R,r02,<u>Feldlerche</u>: 30; 32; 36; 49; 61; 101; 112; 133; 152; 168;,,,,,register,,review,Volume-8 species register (species: page numbers).
stop,8,f27fdaf5-89b6-461f-948c-4c32a63e750e_0121_L,r02,"<u>Schellente</u>: 22, 33, 63;",,,,,register,,review,Volume-8 species register (species: page numbers).
stop,8,f27fdaf5-89b6-461f-948c-4c32a63e750e_0121_R,r02,<u>Haussperling</u>: 14; 48; 61; 101; 112; 156; 168;,,,,,register,,review,Volume-8 species register (species: page numbers).
stop,8,f27fdaf5-89b6-461f-948c-4c32a63e750e_0122_L,r02,"<u>Sumpfohreule</u>: 8, 10, 11, 29, 32, 35, 37, 54, 68, 80, 91, 101,",,,,,register,,review,Volume-8 species register (species: page numbers).
stop,8,f27fdaf5-89b6-461f-948c-4c32a63e750e_0122_R,r02,<u>Knäckente</u>: p. 31; 32; 37; 39; 43; 47; 51; 53; 54; 55; 64; 75; 76;,,,,,register,,review,Volume-8 species register (species: page numbers).
stop,8,f27fdaf5-89b6-461f-948c-4c32a63e750e_0123_L,r02,<u>Zwergtaucher</u>: 6. 12; 13; 24; 28; 31; 33; 38; 39; 46; 48; 51; 52;,,,,,register,,review,Volume-8 species register (species: page numbers).
stop,8,f27fdaf5-89b6-461f-948c-4c32a63e750e_0123_R,r02,"<sup>53</sup> <u>Distelfink</u>: 4, 57, 61, 68, 124, 126, 133, 157, 167,",,,,,register,,review,Volume-8 species register (species: page numbers).
stop,8,f27fdaf5-89b6-461f-948c-4c32a63e750e_0124_full,r02,"<u>Waldente</u>: 1, 4, 5, 12, 13, 18, 19, 20, 22, 24, 28, 31, 32, 37, 45, 47, 51,",,,,,register,,review,Volume-8 species register (species: page numbers).
start,9,9ede15e2-4f17-4eeb-865e-8b60fb8811aa_0012_L,r04,4. <u>Dezember 1930.</u> <u>München.</u>,1930-12-04,,,München,field-day,high,review,Header missed because of <u> markup between day and month. Entry reports the Ismaning visit of the previous day (Wed 3 Dec 1930) with Dr. Wüst.
start,9,9ede15e2-4f17-4eeb-865e-8b60fb8811aa_0013_R,r04,14. <u>Januar</u> 1930. <u>München</u>.,1930-01-14,,,München,field-day,high,auto-markup,day header with underline markup inside the date (missed by the detector)
start,9,9ede15e2-4f17-4eeb-865e-8b60fb8811aa_0057_L,r05,Im Nachfolgenden gebe ich eine Übersicht der im,,,,,species-digest,medium,review,"Start of an overview of all Schwirl (Locustella) observations in the Maisinger See area with evaluation, compiled from earlier pages (p. 63-90); written right after the 4 Jun 1931 notes, no own date."
stop,9,9ede15e2-4f17-4eeb-865e-8b60fb8811aa_0088_R,r02,<u>Grauer Fliegenschnäpper</u>: 144;,,,,,register,,review,Start of the volume-9 species register (species: page numbers) on this half-page; the 23 Aug 1931 entry ends on the facing page.
stop,9,9ede15e2-4f17-4eeb-865e-8b60fb8811aa_0089_L,r02,<u>Kuckucke</u>: 108;,,,,,register,,review,"Volume-9 species register (species: page numbers, many HTR-garbled names)."
stop,9,9ede15e2-4f17-4eeb-865e-8b60fb8811aa_0089_R,r02,"<u>Halsbandfliegenschnäpper</u>: 82, 90;",,,,,register,,review,"Volume-9 species register (species: page numbers, many HTR-garbled names)."
stop,9,9ede15e2-4f17-4eeb-865e-8b60fb8811aa_0090_L,r02,"<u>Nachtigallrohrsänger</u>: 71, 72, 73, 85, 90, 92, 96, 99, 102, 104, 108",,,,,register,,review,"Volume-9 species register (species: page numbers, many HTR-garbled names)."
stop,9,9ede15e2-4f17-4eeb-865e-8b60fb8811aa_0090_R,r02,<u>Heller Wasserläufer</u>: 62; 67; 70; 150; 151; 152;,,,,,register,,review,"Volume-9 species register (species: page numbers, many HTR-garbled names)."
stop,9,9ede15e2-4f17-4eeb-865e-8b60fb8811aa_0091_L,r02,"<u>Waldlaubsänger</u>: 60, 62, 65, 67, 68, 69, 130,",,,,,register,,review,"Volume-9 species register (species: page numbers, many HTR-garbled names)."
stop,9,9ede15e2-4f17-4eeb-865e-8b60fb8811aa_0091_R,r02,"<u>Schafstelze</u>: 53, 76;",,,,,register,,review,"Volume-9 species register (species: page numbers, many HTR-garbled names)."
stop,9,9ede15e2-4f17-4eeb-865e-8b60fb8811aa_0092_L,r02,<u>Spießente</u>: 38.,,,,,register,,review,"Volume-9 species register (species: page numbers, many HTR-garbled names)."
stop,9,9ede15e2-4f17-4eeb-865e-8b60fb8811aa_0092_R,r02,"<u>Raubwürger</u>: 34, 76, 126, 128, 134, 145, 147, 149, 150, 152;",,,,,register,,review,"Volume-9 species register (species: page numbers, many HTR-garbled names)."
stop,9,9ede15e2-4f17-4eeb-865e-8b60fb8811aa_0093_L,r02,"<u>Kranich</u>: 27, 107,",,,,,register,,review,"Volume-9 species register (species: page numbers, many HTR-garbled names)."
stop,9,9ede15e2-4f17-4eeb-865e-8b60fb8811aa_0093_R,r02,"<u>Weiherte</u>: 24, 30, 33;",,,,,register,,review,"Volume-9 species register (species: page numbers, many HTR-garbled names)."
stop,9,9ede15e2-4f17-4eeb-865e-8b60fb8811aa_0094_L,r02,<u>Rebhühner</u>: 19; 22; 25; 30; 34;,,,,,register,,review,"Volume-9 species register (species: page numbers, many HTR-garbled names)."
stop,9,9ede15e2-4f17-4eeb-865e-8b60fb8811aa_0094_R,r02,"<u>Silbermöve</u>: 16, 107;",,,,,register,,review,"Volume-9 species register (species: page numbers, many HTR-garbled names)."
stop,9,9ede15e2-4f17-4eeb-865e-8b60fb8811aa_0095_L,r02,"<u>Birkenzeisig</u>: 11, 22,",,,,,register,,review,"Volume-9 species register (species: page numbers, many HTR-garbled names)."
stop,9,9ede15e2-4f17-4eeb-865e-8b60fb8811aa_0095_R,r02,<u>Rotkopfmürger</u>: 8.,,,,,register,,review,"Volume-9 species register (species: page numbers, many HTR-garbled names)."
stop,9,9ede15e2-4f17-4eeb-865e-8b60fb8811aa_0096_L,r02,"<u>Eisreiter</u>: 5, 7, 8, 11, 18, 22, 24, 30, 32, 52, 66, 70, 146, 148,",,,,,register,,review,"Volume-9 species register (species: page numbers, many HTR-garbled names)."
stop,9,9ede15e2-4f17-4eeb-865e-8b60fb8811aa_0096_R,r02,"<u>Schnatterente</u>: 1, 2, 3, 8, 10, 18, 19, 32, 74, 108;",,,,,register,,review,"Volume-9 species register (species: page numbers, many HTR-garbled names)."
stop,9,9ede15e2-4f17-4eeb-865e-8b60fb8811aa_0097_L,r02,<u>Blaukehlchen</u>: 1; 38; 47; 48; 49; 51; 53; 56; 61; 63; 111; 113,,,,,register,,review,"Volume-9 species register (species: page numbers, many HTR-garbled names)."
stop,9,9ede15e2-4f17-4eeb-865e-8b60fb8811aa_0098_L,r02,<u>Blaumeischen</u>: 1; 38; 47; 48; 49; 51; 53; 56; 61; 63; 111; 11,,,,,register,,review,Volume-9 species register; near-duplicate transcription of the register page 0097_L.
stop,9,9ede15e2-4f17-4eeb-865e-8b60fb8811aa_0099_L,r01,[illegible],,,,,register,,review,End matter after the volume-9 register: page text is only [illegible] tokens (1365 lines); must not be glued to the 23 Aug 1931 entry.
start,10,c5861532-d7c2-43d7-b501-4ccd0d7499fd_0019_L,r05,15. <u>Dezember 1931.</u> <u>München.</u>,1931-12-15,,,München,field-day,high,auto-markup,day header with underline markup inside the date (missed by the detector)
start,10,c5861532-d7c2-43d7-b501-4ccd0d7499fd_0020_R,r02,22. <u>Dezember 1931.</u> <u>München.</u>,1931-12-22,,,München,field-day,high,auto-markup,day header with underline markup inside the date (missed by the detector)
start,10,c5861532-d7c2-43d7-b501-4ccd0d7499fd_0051_R,r01,<u>Blaumeisen</u> 10. Mai 1932. <u>München</u>.,1932-05-10,,,München,field-day,high,review,"page 75 opens with the 10 May 1932 header (older transcription: ""10. Mai 1932. München""); the species word ""Blaumeisen"" was merged onto the line by the transcription; rest of page is newspaper clippings. No other 10 May header exists in the volume."
stop,10,c5861532-d7c2-43d7-b501-4ccd0d7499fd_0106_R,r04,<u>Alpenmauerläufer</u>: 162;,,,,,register,,auto-register,register begins on the page of the volume's last entry (before the reviewed register pages)
stop,10,c5861532-d7c2-43d7-b501-4ccd0d7499fd_0107_L,r02,"<u>Gebirgsbachstelze</u>: 156, 157,",,,,,register,,review,"species index with page numbers. NB: the index actually starts earlier, on 0106_R (a page with the detected 31 Oct 1932 header, not in this batch), region r04, line ""<u>Alpenmauerläufer</u>: 162;"" - a stop is needed there too"
stop,10,c5861532-d7c2-43d7-b501-4ccd0d7499fd_0107_R,r02,<u>Sperbergrasmücke</u>: 131; 158;,,,,,register,,review,"species index with page numbers (index starts on 0106_R r04 ""<u>Alpenmauerläufer</u>: 162;"")"
stop,10,c5861532-d7c2-43d7-b501-4ccd0d7499fd_0108_L,r02,<u>Schnatterente</u>: 96; 135; 159;,,,,,register,,review,"species index with page numbers (index starts on 0106_R r04 ""<u>Alpenmauerläufer</u>: 162;"")"
stop,10,c5861532-d7c2-43d7-b501-4ccd0d7499fd_0108_R,r02,"<u>Teichrohrsänger</u>: 84, 85, 87, 88, 89, 90, 91, 95;",,,,,register,,review,"species index with page numbers (index starts on 0106_R r04 ""<u>Alpenmauerläufer</u>: 162;"")"
stop,10,c5861532-d7c2-43d7-b501-4ccd0d7499fd_0109_L,r02,"<u>Zaunkönig</u>: 63, 68, 81, 90, 118;",,,,,register,,review,"species index with page numbers (index starts on 0106_R r04 ""<u>Alpenmauerläufer</u>: 162;"")"
stop,10,c5861532-d7c2-43d7-b501-4ccd0d7499fd_0109_R,r02,<u>Kampfläufer</u>: 57; 74; 123; 124; 136; 145;,,,,,register,,review,"species index with page numbers (index starts on 0106_R r04 ""<u>Alpenmauerläufer</u>: 162;"")"
stop,10,c5861532-d7c2-43d7-b501-4ccd0d7499fd_0110_L,r02,"<u>Feldlerche</u>: 54, 64, 67, 79, 80, 132, 143;",,,,,register,,review,"species index with page numbers (index starts on 0106_R r04 ""<u>Alpenmauerläufer</u>: 162;"")"
stop,10,c5861532-d7c2-43d7-b501-4ccd0d7499fd_0110_R,r02,<u>Kiebitzregenpfeifer</u>: 50;,,,,,register,,review,"species index with page numbers (index starts on 0106_R r04 ""<u>Alpenmauerläufer</u>: 162;"")"
stop,10,c5861532-d7c2-43d7-b501-4ccd0d7499fd_0111_L,r02,"<u>Schwarzhalstaucher</u>: 45, 74, 84, 96, 136, 142, 145,",,,,,register,,review,"species index with page numbers (index starts on 0106_R r04 ""<u>Alpenmauerläufer</u>: 162;"")"
stop,10,c5861532-d7c2-43d7-b501-4ccd0d7499fd_0111_R,r02,"<u>Rotkehlchen</u>: 43, 137;",,,,,register,,review,"species index with page numbers (index starts on 0106_R r04 ""<u>Alpenmauerläufer</u>: 162;"")"
stop,10,c5861532-d7c2-43d7-b501-4ccd0d7499fd_0112_L,r02,<u>Schwanengans</u>: 31; 53; 55; 81; 90; 99,,,,,register,,review,"species index with page numbers (index starts on 0106_R r04 ""<u>Alpenmauerläufer</u>: 162;"")"
stop,10,c5861532-d7c2-43d7-b501-4ccd0d7499fd_0112_R,r02,"<u>Lachmöve</u>: 22, 28, 31, 33, 43, 64, 65, 68, 72, 76, 79, 82, 9",,,,,register,,review,"species index with page numbers (index starts on 0106_R r04 ""<u>Alpenmauerläufer</u>: 162;"")"
stop,10,c5861532-d7c2-43d7-b501-4ccd0d7499fd_0113_L,r02,"<u>Wildente</u>: 18, 28, 31, 33, 42, 65, 66, 68, 82, 90, 101, 107, 112,",,,,,register,,review,"species index with page numbers (index starts on 0106_R r04 ""<u>Alpenmauerläufer</u>: 162;"")"
stop,10,c5861532-d7c2-43d7-b501-4ccd0d7499fd_0113_R,r02,<u>Elster</u>: 17; 31; 38; 63; 67; 107; 130; 132; 150;,,,,,register,,review,"species index with page numbers (index starts on 0106_R r04 ""<u>Alpenmauerläufer</u>: 162;"")"
stop,10,c5861532-d7c2-43d7-b501-4ccd0d7499fd_0114_L,r02,"<u>Wanderfalke</u>: 11; 18, 24, 45, 50, 133, 157;",,,,,register,,review,"species index with page numbers (index starts on 0106_R r04 ""<u>Alpenmauerläufer</u>: 162;"")"
stop,10,c5861532-d7c2-43d7-b501-4ccd0d7499fd_0114_R,r02,"<u>Mittelmeerralle</u>: 8, 9, 14, 59, 65, 68, 82, 90, 133,",,,,,register,,review,"species index with page numbers (index starts on 0106_R r04 ""<u>Alpenmauerläufer</u>: 162;"")"
stop,10,c5861532-d7c2-43d7-b501-4ccd0d7499fd_0115_L,r02,"<u>Weidenlaubsänger</u>: 6, 11, 51, 55, 59, 64, 68, 81, 90, 156,",,,,,register,,review,"species index with page numbers (index starts on 0106_R r04 ""<u>Alpenmauerläufer</u>: 162;"")"
stop,10,c5861532-d7c2-43d7-b501-4ccd0d7499fd_0115_R,r02,<u>Blaumeise</u>: 3. 55; 81; 90; 125; 141; 153;,,,,,register,,review,"species index with page numbers (index starts on 0106_R r04 ""<u>Alpenmauerläufer</u>: 162;"")"
stop,10,c5861532-d7c2-43d7-b501-4ccd0d7499fd_0116_L,r02,<u>Schreiadler</u>: 1; 2; 4;,,,,,register,,review,"species index with page numbers (index starts on 0106_R r04 ""<u>Alpenmauerläufer</u>: 162;"")"
stop,11,9891dcba-6f8a-4918-8e79-1c63da52a69b_0118_L,r02,<u>Bergfink</u>: 166;,,,,,register,,review,start of the volume XI species index (page numbers); ends the 10 Oct 1933 entry
stop,11,9891dcba-6f8a-4918-8e79-1c63da52a69b_0118_R,r02,<u>Citronenfink</u>: 156;,,,,,register,,review,species index with page numbers (begins on 0118_L)
stop,11,9891dcba-6f8a-4918-8e79-1c63da52a69b_0119_L,r02,"<u>Raubwürger</u>: 113, 121, 144, 145, 147;",,,,,register,,review,species index with page numbers (begins on 0118_L)
stop,11,9891dcba-6f8a-4918-8e79-1c63da52a69b_0119_R,r02,<u>Roter Milan</u>: 79; 128;,,,,,register,,review,species index with page numbers (begins on 0118_L)
stop,11,9891dcba-6f8a-4918-8e79-1c63da52a69b_0120_L,r02,<u>Küstenseeschwalbe</u>: 65; 124; 166;,,,,,register,,review,species index with page numbers (begins on 0118_L)
stop,11,9891dcba-6f8a-4918-8e79-1c63da52a69b_0120_R,r02,<u>Nachtigallrohrsänger</u>: 62; 76; 91; 101; 106; 108; 110; 111;,,,,,register,,review,species index with page numbers (begins on 0118_L)
stop,11,9891dcba-6f8a-4918-8e79-1c63da52a69b_0121_L,r02,<u>Schlangenadler</u>: 60;,,,,,register,,review,species index with page numbers (begins on 0118_L)
stop,11,9891dcba-6f8a-4918-8e79-1c63da52a69b_0121_R,r02,<u>Sil. Tannenhäher</u>: 57;,,,,,register,,review,species index with page numbers (begins on 0118_L)
stop,11,9891dcba-6f8a-4918-8e79-1c63da52a69b_0122_L,r02,<u>Gimpel</u>: 52; 73; 105; 107; 131; 137; 140; 142; 144;,,,,,register,,review,species index with page numbers (begins on 0118_L)
stop,11,9891dcba-6f8a-4918-8e79-1c63da52a69b_0122_R,r01,"<u>Hausrotschwanz</u>: 47, 49, 53, 55, 59, 66, 75, 137, 140,<sup>179,</sup>",,,,,register,,review,species index with page numbers (begins on 0118_L)
stop,11,9891dcba-6f8a-4918-8e79-1c63da52a69b_0123_L,r02,"<u>Hausperling</u>: 44, 49, 52, 65, 67;",,,,,register,,review,species index with page numbers (begins on 0118_L)
stop,11,9891dcba-6f8a-4918-8e79-1c63da52a69b_0123_R,r02,"<u>Blaumeise</u>: 27, 35, 36, 44, 49, 53, 65, 73, 103, 113, 12",,,,,register,,review,species index with page numbers (begins on 0118_L)
stop,11,9891dcba-6f8a-4918-8e79-1c63da52a69b_0124_L,r02,"<u>Ringelgans</u>: 17,",,,,,register,,review,species index with page numbers (begins on 0118_L)
stop,11,9891dcba-6f8a-4918-8e79-1c63da52a69b_0124_R,r02,<u>Schmutzfink</u>: 17;,,,,,register,,review,species index with page numbers (begins on 0118_L)
stop,11,9891dcba-6f8a-4918-8e79-1c63da52a69b_0125_L,r02,<u>Schneehühn</u>: 11; 25; 58; 142; 145;,,,,,register,,review,species index with page numbers (begins on 0118_L)
stop,11,9891dcba-6f8a-4918-8e79-1c63da52a69b_0125_R,r02,"<u>Raubfußbussard</u>: 10, 30, 41, 45;",,,,,register,,review,species index with page numbers (begins on 0118_L)
stop,11,9891dcba-6f8a-4918-8e79-1c63da52a69b_0126_L,r02,"<u>Tafelente</u>: 7, 40, 43, 64, 69, 76, 93, 141, 162, 168,",,,,,register,,review,species index with page numbers (begins on 0118_L)
stop,11,9891dcba-6f8a-4918-8e79-1c63da52a69b_0126_R,r02,"<u>Weiße Bachstelze</u>: p. 41; 46, 52; 55; 67; 73, 109; 159; 168;",,,,,register,,review,species index with page numbers (begins on 0118_L)
stop,11,9891dcba-6f8a-4918-8e79-1c63da52a69b_0127_L,r02,<u>Rabenkrähe</u>: 5; 40; 44; 46; 52; 65; 67; 73; 103; 141; 159.,,,,,register,,review,species index with page numbers (begins on 0118_L)
stop,11,9891dcba-6f8a-4918-8e79-1c63da52a69b_0127_R,r02,"<u>Habicht</u>: 2, 45, 79, 105;",,,,,register,,review,species index with page numbers (begins on 0118_L)
stop,11,9891dcba-6f8a-4918-8e79-1c63da52a69b_0128_L,r02,<u>Samtente</u>: 1;,,,,,register,,review,species index with page numbers (begins on 0118_L)
start,12,d63486a8-af98-462e-93f3-639bec77dcf7_0013_R,r03,4. <u>November 1933.</u> <u>München.</u>,1933-11-04,,,München,field-day,high,auto-markup,day header with underline markup inside the date (missed by the detector)
start,12,d63486a8-af98-462e-93f3-639bec77dcf7_0017_L,r03,26. <u>Dezember</u> 1933. <u>München</u>.,1933-12-26,,,München,field-day,high,auto-markup,day header with underline markup inside the date (missed by the detector)
stop,12,d63486a8-af98-462e-93f3-639bec77dcf7_0116_L,r02,[illegible],,,,,register,,review,"end matter: page 164 contains only ~1500 [illegible] placeholders (probably blank page); it lies between the last diary entry (29 Sep 1934, ends p. 163 ""vergl. p. 154, 155, 160"") and the species index starting p. 165 (0116_R). Stopping here keeps the placeholders out of the 29 Sep entry; medium conf"
stop,12,d63486a8-af98-462e-93f3-639bec77dcf7_0116_R,r02,<u>Fölpel</u>: 102;,,,,,register,,review,start of the volume XII species index (p. 165)
stop,12,d63486a8-af98-462e-93f3-639bec77dcf7_0117_L,r02,"<u>Bunter Bartmänn</u>: 153,",,,,,register,,review,species index with page numbers (begins on 0116_R)
stop,12,d63486a8-af98-462e-93f3-639bec77dcf7_0117_R,r02,<u>Schneeammer</u>: 150;,,,,,register,,review,species index with page numbers (begins on 0116_R)
stop,12,d63486a8-af98-462e-93f3-639bec77dcf7_0118_L,r02,"<u>Alpenbirkenfink</u>: 107, 148, 149;",,,,,register,,review,species index with page numbers (begins on 0116_R)
stop,12,d63486a8-af98-462e-93f3-639bec77dcf7_0118_R,r02,<u>Weißflügel-Dunkelreiter</u>: 91; 95; 152;,,,,,register,,review,species index with page numbers (begins on 0116_R)
stop,12,d63486a8-af98-462e-93f3-639bec77dcf7_0119_L,r02,"<u>Teichrohrsänger</u>: 73, 76, 115, 120, 122, 124, 127, 130,",,,,,register,,review,species index with page numbers (begins on 0116_R)
stop,12,d63486a8-af98-462e-93f3-639bec77dcf7_0119_R,r02,<u>Zaungrasmücke</u>: 67; 72; 77; 151;,,,,,register,,review,species index with page numbers (begins on 0116_R)
stop,12,d63486a8-af98-462e-93f3-639bec77dcf7_0120_L,r02,"<u>Hausrotschwanz</u>: 58, 64, 67, 77, 85, 130, 151;",,,,,register,,review,species index with page numbers (begins on 0116_R)
stop,12,d63486a8-af98-462e-93f3-639bec77dcf7_0120_R,r02,<u>Neuntöter</u>: 51; 56; 63; 76; 151;,,,,,register,,review,species index with page numbers (begins on 0116_R)
stop,12,d63486a8-af98-462e-93f3-639bec77dcf7_0121_L,r02,"<u>Ringeltaube</u>: 41; 43, 44, 51; 54, 56, 57; 64, 107, 111, 115,",,,,,register,,review,species index with page numbers (begins on 0116_R)
stop,12,d63486a8-af98-462e-93f3-639bec77dcf7_0121_R,r02,"<u>Blaukehlchen</u>: 35, 47, 48, 51, 57, 58, 59, 67, 75, 83,",,,,,register,,review,species index with page numbers (begins on 0116_R)
stop,12,d63486a8-af98-462e-93f3-639bec77dcf7_0122_L,r02,"<u>Singdrossel</u>: 32, 33, 43, 51, 57, 64, 67, 77, 107, 151;",,,,,register,,review,species index with page numbers (begins on 0116_R)
stop,12,d63486a8-af98-462e-93f3-639bec77dcf7_0122_R,r02,"<u>Birkhuhn</u>: 26, 43, 70, 150, 153, 162;",,,,,register,,review,species index with page numbers (begins on 0116_R)
stop,12,d63486a8-af98-462e-93f3-639bec77dcf7_0123_L,r02,"<u>Schwan</u>: 22, 24;",,,,,register,,review,species index with page numbers (begins on 0116_R)
stop,12,d63486a8-af98-462e-93f3-639bec77dcf7_0123_R,r02,"<u>Brandente</u>: 16, 152;",,,,,register,,review,species index with page numbers (begins on 0116_R)
stop,12,d63486a8-af98-462e-93f3-639bec77dcf7_0124_L,r02,<u>Teichhuhn</u>: 14; 43; 70; 115; 118; 120; 122; 123; 124; 125; 127;,,,,,register,,review,species index with page numbers (begins on 0116_R)
stop,12,d63486a8-af98-462e-93f3-639bec77dcf7_0124_R,r02,<u>Eisenteiler</u>: 13. 15. 16. 17; 29; 31; 32. 35. 37; 47; 55. 57;,,,,,register,,review,species index with page numbers (begins on 0116_R)
stop,12,d63486a8-af98-462e-93f3-639bec77dcf7_0125_L,r02,"<u>Lachmöwe</u>: 11, 14, 20, 21, 33, 38, 51, 53, 55, 56, 57, 58,",,,,,register,,review,species index with page numbers (begins on 0116_R)
stop,12,d63486a8-af98-462e-93f3-639bec77dcf7_0125_R,r02,<u>Buchfink</u>: 6; 19; 31; 29; 37; 41; 51; 56; 63; 66; 76; 82; 107;,,,,,register,,review,species index with page numbers (begins on 0116_R)
stop,12,d63486a8-af98-462e-93f3-639bec77dcf7_0126_L,r02,"<u>Waldschnepfe</u>: 3, 43, 152,",,,,,register,,review,species index with page numbers (begins on 0116_R)
stop,12,d63486a8-af98-462e-93f3-639bec77dcf7_0126_R,r02,"<u>Mauersegler</u>: 2, 60, 67, 72, 73, 79, 82, 90, 96, 105, 114",,,,,register,,review,species index with page numbers (begins on 0116_R)
stop,12,d63486a8-af98-462e-93f3-639bec77dcf7_0127_L,r02,"<u>Beutelmeise</u>: 1, 3, 7, 16, 59, 88, 92, 97, 98, 151;",,,,,register,,review,species index with page numbers (begins on 0116_R)
start,13,2d651ff5-a447-4791-a1b3-5f41525971bd_0011_L,r03,28. <u>Oktober</u> 1934. <u>München</u>.,1934-10-28,,,München,field-day,high,auto-markup,day header with underline markup inside the date (missed by the detector)
start,13,2d651ff5-a447-4791-a1b3-5f41525971bd_0017_R,r05,27. <u>Dezember</u> 1934. <u>München</u>.,1934-12-27,,,München,field-day,high,auto-markup,day header with underline markup inside the date (missed by the detector)
stop,13,2d651ff5-a447-4791-a1b3-5f41525971bd_0118_L,r02,"<u>Sperbermücke</u>: 146, 160;",,,,,register,,review,start of the volume XIII species index (page numbers); ends the 30 Mar 1936 entry (last diary entry of the volume)
stop,13,2d651ff5-a447-4791-a1b3-5f41525971bd_0118_R,r02,"<u>Teichwasserläufer</u>: 43, 49, 50;",,,,,register,,review,species index with page numbers (begins on 0118_L)
stop,13,2d651ff5-a447-4791-a1b3-5f41525971bd_0119_L,r02,<u>Bartgeier</u>: 17.,,,,,register,,review,species index with page numbers (begins on 0118_L)
stop,13,2d651ff5-a447-4791-a1b3-5f41525971bd_0119_R,r02,<u>Ringelgans</u>: 3;,,,,,register,,review,species index with page numbers (begins on 0118_L)
stop,13,2d651ff5-a447-4791-a1b3-5f41525971bd_0120_L,r02,"<u>Rebhuhn</u>: 137, 152, 153, 165;",,,,,register,,review,species index with page numbers (begins on 0118_L)
stop,13,2d651ff5-a447-4791-a1b3-5f41525971bd_0120_R,r02,<u>Raubseeschwalbe</u>: 33;,,,,,register,,review,species index with page numbers (begins on 0118_L)
stop,13,2d651ff5-a447-4791-a1b3-5f41525971bd_0121_L,r02,<u>Rostrale Schwenkung:</u>,,,,,register,,review,species index with page numbers (begins on 0118_L)
stop,13,2d651ff5-a447-4791-a1b3-5f41525971bd_0121_R,r02,"<u>Sanderling</u>: 68, 73, 122, 123,",,,,,register,,review,species index with page numbers (begins on 0118_L)
stop,13,2d651ff5-a447-4791-a1b3-5f41525971bd_0122_L,r02,"<u>Zwergtaucher</u>: 12, 13, 40, 41, 60, 84, 87, 88, 93, 10",,,,,register,,review,species index with page numbers (begins on 0118_L)
stop,13,2d651ff5-a447-4791-a1b3-5f41525971bd_0122_R,r02,<u>Bergente</u>: 17;,,,,,register,,review,species index with page numbers (begins on 0118_L)
stop,13,2d651ff5-a447-4791-a1b3-5f41525971bd_0123_L,r02,<u>Bläßgans</u>:,,,,,register,,review,species index with page numbers (begins on 0118_L)
stop,13,2d651ff5-a447-4791-a1b3-5f41525971bd_0123_R,r02,"<u>Wespenbussard</u>: 57, 59, 60, 67, 83, 87, 89, 91, 92;",,,,,register,,review,species index with page numbers (begins on 0118_L)
stop,13,2d651ff5-a447-4791-a1b3-5f41525971bd_0124_L,r02,"<u>Steinadler</u>: 19, 28, 73, 80, 85, 98, 99, 100, 122, 140,",,,,,register,,review,species index with page numbers (begins on 0118_L)
stop,13,2d651ff5-a447-4791-a1b3-5f41525971bd_0124_R,r02,"<u>Wendehals</u>: 33, 34,",,,,,register,,review,species index with page numbers (begins on 0118_L)
stop,13,2d651ff5-a447-4791-a1b3-5f41525971bd_0125_L,r02,<u>Wiedehopf</u>: 127;,,,,,register,,review,species index with page numbers (begins on 0118_L)
stop,13,2d651ff5-a447-4791-a1b3-5f41525971bd_0125_R,r02,"<u>Rotkehlchen</u>: 32, 36, 56, 67, 74;",,,,,register,,review,species index with page numbers (begins on 0118_L)
stop,13,2d651ff5-a447-4791-a1b3-5f41525971bd_0126_L,r02,"<u>Misteldrossel</u>: 38, 39, 56, 67, 161;",,,,,register,,review,species index with page numbers (begins on 0118_L)
stop,13,2d651ff5-a447-4791-a1b3-5f41525971bd_0126_R,r02,<u>Nachtigallenviertel</u>: 54; 79; 86; 88; 92; 111;,,,,,register,,review,species index with page numbers (begins on 0118_L)
stop,13,2d651ff5-a447-4791-a1b3-5f41525971bd_0127_L,r02,"<u>Raubwürger</u>: 46, 50, 56, 86;",,,,,register,,review,species index with page numbers (begins on 0118_L)
stop,13,2d651ff5-a447-4791-a1b3-5f41525971bd_0127_R,r02,"<u>Rothkehlchen</u>: 35, 56, 59, 67, 135,",,,,,register,,review,species index with page numbers (begins on 0118_L)
stop,13,2d651ff5-a447-4791-a1b3-5f41525971bd_0128_L,r02,"<u>Feldlerche</u>: 38, 74, 135, 148, 152, 158, 163,",,,,,register,,review,species index with page numbers (begins on 0118_L)
stop,13,2d651ff5-a447-4791-a1b3-5f41525971bd_0128_R,r02,"<u>Fichtenkreuzschnabel</u>: 83, 86, 88, 91, 94, 117, 118,",,,,,register,,review,species index with page numbers (begins on 0118_L)
stop,13,2d651ff5-a447-4791-a1b3-5f41525971bd_0129_L,r02,<u>Pirol</u>: 126;,,,,,register,,review,species index with page numbers (begins on 0118_L)
stop,14,5c5374bc-f8be-4914-a42e-871f43c6ee2d_0019_R,r03,den Zustand beobachteten Vogelarten:,,,,,register,,auto-register,register begins on the page of the volume's last entry (before the reviewed register pages)
stop,14,5c5374bc-f8be-4914-a42e-871f43c6ee2d_0020_L,r02,15.) <u>Distelfink</u>,,,,,register,,review,"numbered life list of species with Tgb. cross-references (15.)-49.)), inserted between entries; refers to later volumes"
stop,14,5c5374bc-f8be-4914-a42e-871f43c6ee2d_0020_R,r02,50.) <u>Bachstelze</u>,,,,,register,,review,life list 50.)-84.) with cross-references
stop,14,5c5374bc-f8be-4914-a42e-871f43c6ee2d_0021_L,r02,85.) <u>Misteldrossel</u>,,,,,register,,review,life list 85.)-119.)
stop,14,5c5374bc-f8be-4914-a42e-871f43c6ee2d_0021_R,r02,120.) <u>Singbussard</u>,,,,,register,,review,life list 120.)-155.)
stop,14,5c5374bc-f8be-4914-a42e-871f43c6ee2d_0022_L,r02,156.) <u>Höckerschwan</u>,,,,,register,,review,life list 156.)-190.)
stop,14,5c5374bc-f8be-4914-a42e-871f43c6ee2d_0022_R,r02,"191.) <u>Kiebitzregenpfeifer</u>: Tgb. <u>X</u>, 145.",,,,,register,,review,life list 191.)-225.)
stop,14,5c5374bc-f8be-4914-a42e-871f43c6ee2d_0024_L,r02,226.) <u>Heringsmöve</u>,,,,,register,,review,"life list 226.)-275.) (refs up to Tgb. 28, later addition). CAUTION: this page interrupts the 26 May 1936 entry, whose narrative resumes on 0025_L - the stop must not swallow 0025_L"
start,14,5c5374bc-f8be-4914-a42e-871f43c6ee2d_0025_L,r02,der Windach wenig und zwar wieder zurück,1936-05-26,,y,Ampermoos,field-day,medium,review-resumption,"resumes the 26 May 1936 entry after the interleaved life list (register stop on 0024_L); place of the interrupted entry (header ""26. Mai 1936. Ampermoos."")"
stop,14,5c5374bc-f8be-4914-a42e-871f43c6ee2d_0113_L,r02,<u>Zwergseeschwalbe</u>: 31;,,,,,register,,review,end-of-volume species index with page numbers
stop,14,5c5374bc-f8be-4914-a42e-871f43c6ee2d_0113_R,r02,"<u>Rötelbrustke</u>: 28,",,,,,register,,review,end-of-volume species index with page numbers
stop,14,5c5374bc-f8be-4914-a42e-871f43c6ee2d_0114_L,r02,<u>Langschwanz-Raubmöve</u>: 19;,,,,,register,,review,end-of-volume species index with page numbers
stop,14,5c5374bc-f8be-4914-a42e-871f43c6ee2d_0114_R,r02,<u>Stein huhn</u>: 32;,,,,,register,,review,end-of-volume species index with page numbers
stop,14,5c5374bc-f8be-4914-a42e-871f43c6ee2d_0115_L,r02,"<u>Tafelente</u>: 32, 51, 60, 68, 69, 76, 80, 84, 88,",,,,,register,,review,end-of-volume species index with page numbers
stop,14,5c5374bc-f8be-4914-a42e-871f43c6ee2d_0115_R,r02,<u>Kleine Bekassine</u>: 31; 94; 111; 158;,,,,,register,,review,end-of-volume species index with page numbers
stop,14,5c5374bc-f8be-4914-a42e-871f43c6ee2d_0116_L,r02,<u>Teichwasserläufer</u>: 21; 24;,,,,,register,,review,end-of-volume species index with page numbers
stop,14,5c5374bc-f8be-4914-a42e-871f43c6ee2d_0116_R,r02,<u>Zwergpfeifer</u>:,,,,,register,,review,end-of-volume species index with page numbers
stop,14,5c5374bc-f8be-4914-a42e-871f43c6ee2d_0117_L,r02,"<u>Kormoran</u>: 1, 5, 15, 30, 64, 82, 84, 103, 104, 105, 107,",,,,,register,,review,end-of-volume species index with page numbers
stop,14,5c5374bc-f8be-4914-a42e-871f43c6ee2d_0117_R,r02,"<u>Spießente</u>: 5, 30, 131;",,,,,register,,review,end-of-volume species index with page numbers
stop,14,5c5374bc-f8be-4914-a42e-871f43c6ee2d_0118_L,r02,<u>Rohrdommel</u>: 1. 2. 29. 100. 129. 141. 161;,,,,,register,,review,end-of-volume species index with page numbers
stop,14,5c5374bc-f8be-4914-a42e-871f43c6ee2d_0118_R,r02,<u>Roter Milan</u>: 123;,,,,,register,,review,end-of-volume species index with page numbers
stop,14,5c5374bc-f8be-4914-a42e-871f43c6ee2d_0119_L,r02,<u>Merlinfalke</u>: 100; 104; 107;,,,,,register,,review,end-of-volume species index with page numbers
stop,14,5c5374bc-f8be-4914-a42e-871f43c6ee2d_0119_R,r02,<u>Schwarzspecht</u>: 29;,,,,,register,,review,end-of-volume species index with page numbers
stop,14,5c5374bc-f8be-4914-a42e-871f43c6ee2d_0120_L,r02,"- <u>Nachtschwalbe</u>: 28, 97, 98, 100;",,,,,register,,review,end-of-volume species index with page numbers
stop,14,5c5374bc-f8be-4914-a42e-871f43c6ee2d_0120_R,r02,"- <u>Blaukehlchen</u>: 1, 2, 17, 19, 28, 41, 48, 75, 77, 90, 109, 111, 136, 148, 149, 150, 161;",,,,,register,,review,end-of-volume species index with page numbers
stop,14,5c5374bc-f8be-4914-a42e-871f43c6ee2d_0121_L,r02,<u>Wachholderdrossel</u>: 9; 27; 36; 56; 60; 75; 100; 119; 121;,,,,,register,,review,end-of-volume species index with page numbers
stop,14,5c5374bc-f8be-4914-a42e-871f43c6ee2d_0121_R,r02,"<u>Mauersegler</u>: 27, 87;",,,,,register,,review,end-of-volume species index with page numbers
stop,14,5c5374bc-f8be-4914-a42e-871f43c6ee2d_0122_L,r02,<u>Rotkopfwürger</u>: 17; 27; 40; 45; 48; 102;,,,,,register,,review,end-of-volume species index with page numbers
stop,14,5c5374bc-f8be-4914-a42e-871f43c6ee2d_0122_R,r02,"<u>Kleiber</u>: 8, 26, 35, 53, 81, 140;",,,,,register,,review,end-of-volume species index with page numbers
stop,14,5c5374bc-f8be-4914-a42e-871f43c6ee2d_0123_L,r02,<u>Heidelerche</u>: 26; 97; 102; 152;,,,,,register,,review,end-of-volume species index with page numbers
stop,14,5c5374bc-f8be-4914-a42e-871f43c6ee2d_0123_R,r02,"<u>Fichtenkreuzschnabel</u>: 26, 67, 136,",,,,,register,,review,end-of-volume species index with page numbers
stop,14,5c5374bc-f8be-4914-a42e-871f43c6ee2d_0124_L,r02,<u>Pirol</u>: 21; 25; 41; 154; 157;,,,,,register,,review,end-of-volume species index with page numbers
start,15,a407c4d3-a505-44d6-97e4-a257b468f81c_0009_L,r02,14. <u>VI</u>. 1937. <u>Hannover</u>.,1937-06-14,,,Hannover,field-day,high,auto-markup,day header with underline markup inside the date (missed by the detector)
start,15,a407c4d3-a505-44d6-97e4-a257b468f81c_0010_R,r04,- 6. <u>Juli 1937</u>. <u>München</u>.,1937-07-06,,,München,field-day,high,auto-markup,day header with underline markup inside the date (missed by the detector)
start,15,a407c4d3-a505-44d6-97e4-a257b468f81c_0048_R,r03,10. <u>Dezember 1937</u>. <u>München</u>.,1937-12-10,,,München,field-day,high,auto-markup,day header with underline markup inside the date (missed by the detector)
start,15,a407c4d3-a505-44d6-97e4-a257b468f81c_0098,r02,13. Aug. 24. u. konnte dieser an der Salzach,1924-08-13,,,,field-day,high,auto-dropped-copy,"header read cleanly on the dedup-dropped copy L15:a407c4d3-a505-44d6-97e4-a257b468f81c_0097_L (""13. Aug. 24. V. konnte dieser an der Salzach""); kept copy line matched 0.98"
start,15,a407c4d3-a505-44d6-97e4-a257b468f81c_0121_R,r02,Ich gebe nun noch eine Zusammen-,1938-07-31,,y,,species-digest,medium,review,"end of the last day of the Hintersteiner See stay, then a numbered compilation of all species of the whole stay (refers back to 22. VI., p. 137); spans many days, not a day list. Date = day of compilation (covering entry)"
start,15,a407c4d3-a505-44d6-97e4-a257b468f81c_0141,r01,Herrn Professor,1938-09-30,,,Starnberg,correspondence,medium,review,"pasted letter ""Starnberg, 30. September 1938 / Lieber Laubmann!"" from Walter (Wüst); split at the address block that precedes the dated line ""Starnberg, 30. September 1938"""
stop,15,a407c4d3-a505-44d6-97e4-a257b468f81c_0143_L,r02,<u>Adlerbussard</u>: 148;,,,,,register,,review,START of the end-of-volume species index (page numbers); the preceding page is a pasted letter
stop,15,a407c4d3-a505-44d6-97e4-a257b468f81c_0143_R,r02,"<u>Alpenkrähe</u>: 32, 152;",,,,,register,,review,end-of-volume species index with page numbers
stop,15,a407c4d3-a505-44d6-97e4-a257b468f81c_0144_L,r02,<u>Turteltaube</u>: 9; 11; 116;,,,,,register,,review,end-of-volume species index with page numbers
stop,15,a407c4d3-a505-44d6-97e4-a257b468f81c_0144_R,r02,<u>Sturmmöve</u>: 70; 74; 77; 81; 105;,,,,,register,,review,end-of-volume species index with page numbers
stop,15,a407c4d3-a505-44d6-97e4-a257b468f81c_0145_L,r02,"<u>Regenbrachvogel</u>: 6, 95, 115, 150;",,,,,register,,review,end-of-volume species index with page numbers
stop,15,a407c4d3-a505-44d6-97e4-a257b468f81c_0145_R,r02,<u>Temminckstrandläufer</u>: 6; 42; 115; 153;,,,,,register,,review,end-of-volume species index with page numbers
stop,15,a407c4d3-a505-44d6-97e4-a257b468f81c_0146_L,r02,- <u>Eisv.</u>: 107;,,,,,register,,review,end-of-volume species index with page numbers
stop,15,a407c4d3-a505-44d6-97e4-a257b468f81c_0146_R,r02,- <u>Samtente</u>:,,,,,register,,review,end-of-volume species index with page numbers
stop,15,a407c4d3-a505-44d6-97e4-a257b468f81c_0147_L,r03,<u>Schnatterente</u>: 41; 53; 57; 76; 122; 128; 157;,,,,,register,,review,end-of-volume species index with page numbers
stop,15,a407c4d3-a505-44d6-97e4-a257b468f81c_0147_R,r02,<u>Löffelreiher</u>:,,,,,register,,review,end-of-volume species index with page numbers
stop,15,a407c4d3-a505-44d6-97e4-a257b468f81c_0148_L,r02,<u>Steppenweihe</u>: 61; 65;,,,,,register,,review,end-of-volume species index with page numbers
stop,15,a407c4d3-a505-44d6-97e4-a257b468f81c_0148_R,r02,<u>Sperlingskauz</u>: 122;,,,,,register,,review,end-of-volume species index with page numbers
stop,15,a407c4d3-a505-44d6-97e4-a257b468f81c_0149_L,r02,<u>Weißrückenspecht</u>: 30; 44; 74; 80; 148; 155;,,,,,register,,review,end-of-volume species index with page numbers
stop,15,a407c4d3-a505-44d6-97e4-a257b468f81c_0149_R,r02,<u>Mittelmeerschwalbe</u>: 17; 18; 29; 35; 89; 97;,,,,,register,,review,end-of-volume species index with page numbers
stop,15,a407c4d3-a505-44d6-97e4-a257b468f81c_0150_L,r03,<u>Steinwälzer</u>: 91; 93; 96; 109;,,,,,register,,review,end-of-volume species index with page numbers
stop,15,a407c4d3-a505-44d6-97e4-a257b468f81c_0150_R,r02,<u>Schilfrohrsänger</u>: 5; 8; 28; 29; 35; 48; 88; 131; 151;,,,,,register,,review,end-of-volume species index with page numbers
stop,15,a407c4d3-a505-44d6-97e4-a257b468f81c_0151_L,r02,"<u>Frauenfliegenklappen</u>: 54, 96, 121, 154;",,,,,register,,review,end-of-volume species index with page numbers
stop,15,a407c4d3-a505-44d6-97e4-a257b468f81c_0151_R,r02,"<u>Haubenmeise</u>: 15, 26, 27, 29, 113, 135, 145;",,,,,register,,review,end-of-volume species index with page numbers
stop,15,a407c4d3-a505-44d6-97e4-a257b468f81c_0152_L,r02,<u>Wiesenpieper</u>: 27; 29; 40; 52; 87; 109; 124; 151; 157;,,,,,register,,review,end-of-volume species index with page numbers
stop,15,a407c4d3-a505-44d6-97e4-a257b468f81c_0152_R,r02,<u>Bergfink</u>: 49; 71; 73; 77; 78;,,,,,register,,review,end-of-volume species index with page numbers
stop,15,a407c4d3-a505-44d6-97e4-a257b468f81c_0153_L,r02,<u>Kernbeisser</u>: 73;,,,,,register,,review,end-of-volume species index with page numbers
stop,15,a407c4d3-a505-44d6-97e4-a257b468f81c_0154_L,r01,[illegible] transport.,,,,,register,,review,"end matter after the species index: two illegible fragments (back cover / pasted slip), no diary text"
start,16,6bd9f0f9-328c-4b8c-a9f1-4e5b0994c50c_0009_R,r04,4. <u>Dezember</u> 1938. <u>München</u>.,1938-12-04,,,München,field-day,high,auto-markup,day header with underline markup inside the date (missed by the detector)
start,16,6bd9f0f9-328c-4b8c-a9f1-4e5b0994c50c_0014_full,r02,27. <u>December 1938.</u> <u>Kaufbeuren.</u>,1938-12-27,,,Kaufbeuren,field-day,high,review,
start,16,6bd9f0f9-328c-4b8c-a9f1-4e5b0994c50c_0014_full,r02,28. <u>December 1938.</u> <u>Kaufbeuren.</u>,1938-12-28,,,Kaufbeuren,field-day,high,review,
start,16,6bd9f0f9-328c-4b8c-a9f1-4e5b0994c50c_0014_full,r02,29. <u>December 1938.</u> <u>Kaufbeuren.</u>,1938-12-29,,,Kaufbeuren,field-day,high,review,
start,16,6bd9f0f9-328c-4b8c-a9f1-4e5b0994c50c_0014_full,r02,30. <u>December 1938.</u> <u>Kaufbeuren.</u>,1938-12-30,,,Kaufbeuren,field-day,high,review,
start,16,6bd9f0f9-328c-4b8c-a9f1-4e5b0994c50c_0014_full,r02,31. <u>December 1938.</u> <u>Kaufbeuren.</u>,1938-12-31,,,Kaufbeuren,field-day,high,review,
start,16,6bd9f0f9-328c-4b8c-a9f1-4e5b0994c50c_0014_full,r02,1. <u>Januar 1939.</u> <u>Kaufbeuren.</u>,1939-01-01,,,Kaufbeuren,field-day,high,review,
start,16,6bd9f0f9-328c-4b8c-a9f1-4e5b0994c50c_0014_full,r02,2. <u>Januar 1939.</u> <u>Kaufbeuren-München.</u>,1939-01-02,,,Kaufbeuren-München,field-day,high,review,
start,16,6bd9f0f9-328c-4b8c-a9f1-4e5b0994c50c_0014_full,r02,3. <u>Januar 1939.</u> <u>München.</u>,1939-01-03,,,München,field-day,high,review,"entry continues in r04/r05 with the letter enclosure of H. Stock (Uhu report) and the r07 note ""Am 14. IX. 38 ..."""
start,16,6bd9f0f9-328c-4b8c-a9f1-4e5b0994c50c_0079_L,r03,1.) <u>Rabenkrähe</u>: überall häufig.,1939-06-29,,y,,species-digest,medium,review,"stay-wide overview list of all species seen during the Freiburg holiday, compared with Schalcher 1914; its title sentence (""Als Abschluss der schönen Freiburger Urlaubstage gebe ich hier noch eine Übersichtsliste ..."") is on the previous page (outside this batch) - if possible move the split up to t"
start,16,6bd9f0f9-328c-4b8c-a9f1-4e5b0994c50c_0088_full,r02,Herrn Professor,1939-08-02,,,Den Burg (Texel),correspondence,low,review,"pasted postcard of P. Steinbacher, ""den Burg (Texel), 2. 8. 1939."", reporting Griend/Terschelling seabird observations; split at the address block. Not referenced by the covering 21 Aug 1939 München entry"
start,16,6bd9f0f9-328c-4b8c-a9f1-4e5b0994c50c_0103_R,r04,27. <u>Februar 1939.</u> <u>München.</u>,1939-02-27,,,München,field-day,high,auto-markup,day header with underline markup inside the date (missed by the detector)
start,16,6bd9f0f9-328c-4b8c-a9f1-4e5b0994c50c_0131_L,r02,Ich gebe hier eine Zusammenstellung aller,1940-07-17,,y,,species-digest,high,review,numbered list of all species seen around Hagnau in 1939 and 1940 (later annotated with 1942); multi-year compilation. Date = position after the 17 Jul 1940 Hagnau entry
stop,16,6bd9f0f9-328c-4b8c-a9f1-4e5b0994c50c_0150_L,r02,<u>Mauersegler</u>: 162;,,,,,register,,review,"START of the end-of-volume index (first a list of notable species with page refs, then place and species index); the diary text on the previous page ends mid-sentence (""Außerdem noch eine einzelne Zwergmöve"")"
stop,16,6bd9f0f9-328c-4b8c-a9f1-4e5b0994c50c_0150_R,r02,<u>Schonwik</u>: 38;,,,,,register,,review,end-of-volume index (place names with page numbers)
stop,16,6bd9f0f9-328c-4b8c-a9f1-4e5b0994c50c_0151_L,r02,"<u>Purpurreiher</u>: 1, 3, 135;",,,,,register,,review,end-of-volume species index with page numbers
stop,16,6bd9f0f9-328c-4b8c-a9f1-4e5b0994c50c_0151_R,r02,<u>Steinmöve</u>: 11; 23; 123; 129;,,,,,register,,review,end-of-volume species index with page numbers
stop,16,6bd9f0f9-328c-4b8c-a9f1-4e5b0994c50c_0152_L,r02,<u>Regenbrachvogel</u>: 36; 53; 55; 61; 62; 112; 126; 127,,,,,register,,review,end-of-volume species index with page numbers
stop,16,6bd9f0f9-328c-4b8c-a9f1-4e5b0994c50c_0152_R,r02,<u>Temminckstrandläufer</u>: 61; 62; 162; 167;,,,,,register,,review,end-of-volume species index with page numbers
stop,16,6bd9f0f9-328c-4b8c-a9f1-4e5b0994c50c_0153_L,r02,<u>Teil:</u>,,,,,register,,review,end-of-volume species index with page numbers
stop,16,6bd9f0f9-328c-4b8c-a9f1-4e5b0994c50c_0153_R,r02,<u>Sandente</u>: 7; 10; 11; 13; 123;,,,,,register,,review,end-of-volume species index with page numbers
stop,16,6bd9f0f9-328c-4b8c-a9f1-4e5b0994c50c_0154_L,r02,"<u>Schnatterente</u>: 13, 34, 113, 121;",,,,,register,,review,end-of-volume species index with page numbers
stop,16,6bd9f0f9-328c-4b8c-a9f1-4e5b0994c50c_0154_R,r02,<u>Löffelreiher</u>:,,,,,register,,review,end-of-volume species index with page numbers
stop,16,6bd9f0f9-328c-4b8c-a9f1-4e5b0994c50c_0155_L,r02,<u>Steppenweihe</u>:,,,,,register,,review,end-of-volume species index with page numbers
stop,16,6bd9f0f9-328c-4b8c-a9f1-4e5b0994c50c_0155_R,r02,<u>Sperlingskauz</u>: 2;,,,,,register,,review,end-of-volume species index with page numbers
stop,16,6bd9f0f9-328c-4b8c-a9f1-4e5b0994c50c_0156_L,r02,<u>Weißrückenspecht</u>: 25;,,,,,register,,review,end-of-volume species index with page numbers
stop,16,6bd9f0f9-328c-4b8c-a9f1-4e5b0994c50c_0156_R,r02,<u>Mehlschwalbe</u>: 25. 50. 53; 55; 58; 63; 74; 79; 87; 121;,,,,,register,,review,end-of-volume species index with page numbers
stop,16,6bd9f0f9-328c-4b8c-a9f1-4e5b0994c50c_0157_L,r02,<u>Blaumeise</u>: 7; 25; 154; 159;,,,,,register,,review,end-of-volume species index with page numbers
stop,16,6bd9f0f9-328c-4b8c-a9f1-4e5b0994c50c_0157_R,r02,<u>Schilfrohrsänger</u>: 7; 107;,,,,,register,,review,end-of-volume species index with page numbers
stop,16,6bd9f0f9-328c-4b8c-a9f1-4e5b0994c50c_0158_L,r02,<u>Trauerschnäpper</u>: 24; 64; 73; 78; 137; 139;,,,,,register,,review,end-of-volume species index with page numbers
stop,16,6bd9f0f9-328c-4b8c-a9f1-4e5b0994c50c_0158_R,r02,<u>Hausmaus</u>: 49; 85; 87; 157;,,,,,register,,review,end-of-volume species index with page numbers
stop,16,6bd9f0f9-328c-4b8c-a9f1-4e5b0994c50c_0159_L,r02,<u>Wiesenpieper</u>: 4. 7. 11. 15. 36. 39. 111. 112. 115. 121.,,,,,register,,review,end-of-volume species index with page numbers
stop,16,6bd9f0f9-328c-4b8c-a9f1-4e5b0994c50c_0159_R,r02,<u>Bergfink</u>: 8; 11; 29; 108;,,,,,register,,review,end-of-volume species index with page numbers
stop,16,6bd9f0f9-328c-4b8c-a9f1-4e5b0994c50c_0160_L,r02,"<u>Kernbeißer</u>: 39, 51, 56, 132, 135, 153;",,,,,register,,review,end-of-volume species index with page numbers
start,17,6fed7034-959e-4f62-84fc-6d0ad540c4a8_0073,r02,Beobachtungen von S e i d e n s c h w ä n z e n (<u>Bombycilla</u>,1942-02-27,,y,,species-digest,medium,review,"inserted typescript ""Beobachtungen von Seidenschwänzen in Bayern, zusammengestellt von A. Laubmann"": chronological compilation of Waxwing reports from Nov 1941 to 23.II.1942; date = covering entry (compiled end of Feb 1942)"
start,17,6fed7034-959e-4f62-84fc-6d0ad540c4a8_0083,r02,"<u>Ismaninger Teichgebiet</u>, 22. März 1942.",1942-03-22,,,Ismaninger Teichgebiet,correspondence,medium,review,"inserted typed field report of a correspondent (species list for the Ismaning ponds on 22 Mar 1942, closing ""Mit herzlichen Grüßen ... das Original schicke ich an Müller""); place-first dated header"
stop,17,6fed7034-959e-4f62-84fc-6d0ad540c4a8_0128_R,r04,<u>Kupferententeich</u>: 161;,,,,,register,,auto-register,register begins on the page of the volume's last entry (before the reviewed register pages)
stop,17,6fed7034-959e-4f62-84fc-6d0ad540c4a8_0129_L,r02,<u>Sperbergrasmücke</u>: 33;,,,,,register,,review,end-of-volume species index with page numbers (index starts on an earlier page)
stop,17,6fed7034-959e-4f62-84fc-6d0ad540c4a8_0129_R,r02,<u>Papageitaucher</u>: 12;,,,,,register,,review,end-of-volume species index with page numbers (index starts on an earlier page)
stop,17,6fed7034-959e-4f62-84fc-6d0ad540c4a8_0130_L,r02,"<u>Raben</u>: 9, 41, 44;",,,,,register,,review,end-of-volume species index with page numbers (index starts on an earlier page)
stop,17,6fed7034-959e-4f62-84fc-6d0ad540c4a8_0130_R,r02,<u>Silbermöve</u>: 119;,,,,,register,,review,end-of-volume species index with page numbers (index starts on an earlier page)
stop,17,6fed7034-959e-4f62-84fc-6d0ad540c4a8_0131_L,r02,<u>Bekassine</u>: 9; 47; 74; 78; 80; 106; 141; 150;,,,,,register,,review,end-of-volume species index with page numbers (index starts on an earlier page)
stop,17,6fed7034-959e-4f62-84fc-6d0ad540c4a8_0131_R,r02,<u>Bogenschnabel-Strandläufer</u>: 69; 78; 87;,,,,,register,,review,end-of-volume species index with page numbers (index starts on an earlier page)
stop,17,6fed7034-959e-4f62-84fc-6d0ad540c4a8_0132_L,r02,<u>Landungszeichen</u>: 1; 3; 42; 102; 141; 152;,,,,,register,,review,end-of-volume species index with page numbers (index starts on an earlier page)
stop,17,6fed7034-959e-4f62-84fc-6d0ad540c4a8_0132_R,r02,"<u>Gänsesäger</u>: 2, 3, 15, 37, 77, 89, 97, 102, 132,",,,,,register,,review,end-of-volume species index with page numbers (index starts on an earlier page)
stop,17,6fed7034-959e-4f62-84fc-6d0ad540c4a8_0133_L,r02,<u>Krickente</u>: 8; 40; 74; 76; 102; 129; 141; 158;,,,,,register,,review,end-of-volume species index with page numbers (index starts on an earlier page)
stop,17,6fed7034-959e-4f62-84fc-6d0ad540c4a8_0133_R,r02,<u>Eisreiher</u>: 1; 4; 8; 11; 15; 21; 35; 37; 40; 44; 74;,,,,,register,,review,end-of-volume species index with page numbers (index starts on an earlier page)
stop,17,6fed7034-959e-4f62-84fc-6d0ad540c4a8_0134_L,r02,"<u>Habicht</u>: 3, 8, 20, 22, 33, 44, 55, 76, 79, 80, 96, 105,",,,,,register,,review,end-of-volume species index with page numbers (index starts on an earlier page)
stop,17,6fed7034-959e-4f62-84fc-6d0ad540c4a8_0134_R,r02,<u>Schleiereule</u>: 73;,,,,,register,,review,end-of-volume species index with page numbers (index starts on an earlier page)
stop,17,6fed7034-959e-4f62-84fc-6d0ad540c4a8_0135_L,r02,<u>Zwergspecht</u>: 85; 89; 101; 133; 141; 158; 159;,,,,,register,,review,end-of-volume species index with page numbers (index starts on an earlier page)
stop,17,6fed7034-959e-4f62-84fc-6d0ad540c4a8_0135_R,r02,<u>Schornsteinwalbe</u>: 8; 76; 108; 122; 143; 145;,,,,,register,,review,end-of-volume species index with page numbers (index starts on an earlier page)
stop,17,6fed7034-959e-4f62-84fc-6d0ad540c4a8_0136_L,r02,<u>Braunkehlchen</u>: 7; 32; 39; 57; 61; 108; 111; 125; 135;,,,,,register,,review,end-of-volume species index with page numbers (index starts on an earlier page)
stop,17,6fed7034-959e-4f62-84fc-6d0ad540c4a8_0136_R,r02,<u>Binnrohrsänger</u>: 75; 157;,,,,,register,,review,end-of-volume species index with page numbers (index starts on an earlier page)
stop,17,6fed7034-959e-4f62-84fc-6d0ad540c4a8_0137_L,r02,<u>Halsbandfliegenfänger</u>: 34; 44; 45; 75; 109;,,,,,register,,review,end-of-volume species index with page numbers (index starts on an earlier page)
stop,17,6fed7034-959e-4f62-84fc-6d0ad540c4a8_0137_R,r02,<u>Sumpfmeise</u>: 7; 43; 110; 118; 126; 140;,,,,,register,,review,end-of-volume species index with page numbers (index starts on an earlier page)
stop,17,6fed7034-959e-4f62-84fc-6d0ad540c4a8_0138_L,r02,"<u>Hauspieper</u>: 2, 6, 65, 75, 80, 102, 147, 162;",,,,,register,,review,end-of-volume species index with page numbers (index starts on an earlier page)
stop,17,6fed7034-959e-4f62-84fc-6d0ad540c4a8_0138_R,r02,"<u>Schneefink</u>: 2, 15, 162;",,,,,register,,review,end-of-volume species index with page numbers (index starts on an earlier page)
stop,17,6fed7034-959e-4f62-84fc-6d0ad540c4a8_0139_L,r02,"<u>Grünspecht</u>: 6, 39, 43, 103, 110, 113, 123, 139;",,,,,register,,review,end-of-volume species index with page numbers (index starts on an earlier page)
start,18,d2b08619-52be-4938-8fbd-f73f92be22fb_0037_L,r03,11. <u>Juni</u> 1943. <u>München</u>.,1943-06-11,,,München,field-day,high,auto-markup,day header with underline markup inside the date (missed by the detector)
start,18,d2b08619-52be-4938-8fbd-f73f92be22fb_0045_L,r04,28. <u>Juli</u> 1943. <u>München</u>.,1943-07-28,,,München,field-day,high,auto-markup,day header with underline markup inside the date (missed by the detector)
start,18,d2b08619-52be-4938-8fbd-f73f92be22fb_0045_L,r04,29. <u>Juli</u> 1943. <u>München</u>.,1943-07-29,,,München,field-day,high,auto-markup,day header with underline markup inside the date (missed by the detector)
start,18,d2b08619-52be-4938-8fbd-f73f92be22fb_0045_L,r04,30. <u>Juli</u> 1943. <u>München</u>.,1943-07-30,,,München,field-day,high,auto-markup,day header with underline markup inside the date (missed by the detector)
start,18,d2b08619-52be-4938-8fbd-f73f92be22fb_0050_R,r03,5. <u>Oktober</u> 1943. <u>München</u>.,1943-10-05,,,München,field-day,high,auto-markup,day header with underline markup inside the date (missed by the detector)
start,18,d2b08619-52be-4938-8fbd-f73f92be22fb_0050_R,r05,6. <u>Oktober 1943.</u> <u>Märzenbecher.</u>,1943-10-06,,,Märzenbecher,field-day,high,auto-markup,day header with underline markup inside the date (missed by the detector)
start,18,d2b08619-52be-4938-8fbd-f73f92be22fb_0067_R,r04,24. <u>März 1944.</u> <u>München.</u>,1944-03-24,,,München,field-day,high,auto-markup,day header with underline markup inside the date (missed by the detector)
start,18,d2b08619-52be-4938-8fbd-f73f92be22fb_0077_R,r02,18. Mai 1944. <u>Lenggries</u>.,1944-05-18,,,Lenggries,field-day,high,auto-markup,day header with underline markup inside the date (missed by the detector)
stop,18,d2b08619-52be-4938-8fbd-f73f92be22fb_0096_L,r02,"<u>Brachschwalbe</u>: 129, 130;",,,,,register,,review,"START of the end-of-volume index (list of notable species with page refs, then species index); previous page is diary text"
stop,18,d2b08619-52be-4938-8fbd-f73f92be22fb_0096_R,r02,"<u>Weißbindenkreuzschnabel</u>: 19, 148;",,,,,register,,review,end-of-volume species index with page numbers
stop,18,d2b08619-52be-4938-8fbd-f73f92be22fb_0097_L,r02,<u>Fasan</u>: 29; 113;,,,,,register,,review,end-of-volume species index with page numbers
stop,18,d2b08619-52be-4938-8fbd-f73f92be22fb_0097_R,r02,<u>Silbermöve</u>:,,,,,register,,review,end-of-volume species index with page numbers
stop,18,d2b08619-52be-4938-8fbd-f73f92be22fb_0098_L,r02,"<u>Bekassine</u>: 32, 37, 44, 47, 60, 81, 109;",,,,,register,,review,end-of-volume species index with page numbers
stop,18,d2b08619-52be-4938-8fbd-f73f92be22fb_0098_R,r02,<u>Bogenschabel-Strandläufer</u>:,,,,,register,,review,end-of-volume species index with page numbers
stop,18,d2b08619-52be-4938-8fbd-f73f92be22fb_0099_L,r02,"<u>Samtente</u>: 80, 81; 128.",,,,,register,,review,end-of-volume species index with page numbers
stop,18,d2b08619-52be-4938-8fbd-f73f92be22fb_0099_R,r02,<u>Gänsesäger</u>: 2; 4; 5; 136;,,,,,register,,review,end-of-volume species index with page numbers
stop,18,d2b08619-52be-4938-8fbd-f73f92be22fb_0100_L,r02,<u>Teichente</u>: 81; 98; 99;,,,,,register,,review,end-of-volume species index with page numbers
stop,18,d2b08619-52be-4938-8fbd-f73f92be22fb_0100_R,r02,<u>Fischreiher</u>: 4; 5; 22; 29; 36; 49; 54; 80; 81; 109; 112,,,,,register,,review,end-of-volume species index with page numbers
stop,18,d2b08619-52be-4938-8fbd-f73f92be22fb_0101_L,r02,<u>Habicht</u>: 8; 12; 57; 145;,,,,,register,,review,end-of-volume species index with page numbers
stop,18,d2b08619-52be-4938-8fbd-f73f92be22fb_0101_R,r02,<u>Schleiereule</u>:,,,,,register,,review,end-of-volume species index with page numbers
stop,18,d2b08619-52be-4938-8fbd-f73f92be22fb_0102_L,r02,<u>Anorgpunkt</u>: 29; 97; 149;,,,,,register,,review,end-of-volume species index with page numbers
stop,18,d2b08619-52be-4938-8fbd-f73f92be22fb_0102_R,r02,<u>Uferschwalbe</u>: 14; 80; 121; 134;,,,,,register,,review,end-of-volume species index with page numbers
stop,18,d2b08619-52be-4938-8fbd-f73f92be22fb_0103_L,r02,<u>Braunkehlchen</u>: 30; 36; 43; 53; 57; 79; 93; 113; 127;,,,,,register,,review,end-of-volume species index with page numbers
stop,18,d2b08619-52be-4938-8fbd-f73f92be22fb_0103_R,r02,<u>Binnensänger</u>:,,,,,register,,review,end-of-volume species index with page numbers
stop,18,d2b08619-52be-4938-8fbd-f73f92be22fb_0104_L,r02,"<u>Halsbandfliegenschnäpper</u>: 22, 26, 27, 28, 29, 32,",,,,,register,,review,end-of-volume species index with page numbers
stop,18,d2b08619-52be-4938-8fbd-f73f92be22fb_0104_R,r02,"<u>Sumpfmeise</u>: 20, 23, 28, 35, 42, 104, 120.",,,,,register,,review,end-of-volume species index with page numbers
stop,18,d2b08619-52be-4938-8fbd-f73f92be22fb_0105_L,r02,"<u>Tannenpieper</u>: 4, 5, 25, 62, 80, 81;",,,,,register,,review,end-of-volume species index with page numbers
stop,18,d2b08619-52be-4938-8fbd-f73f92be22fb_0105_R,r02,"<u>Stieglitz</u>: 8, 57, 67;",,,,,register,,review,end-of-volume species index with page numbers
stop,18,d2b08619-52be-4938-8fbd-f73f92be22fb_0106_full,r02,"<u>Gimpel</u>: 8, 20, 22, 23, 28, 35, 41, 50, 52, 104, 116, 118,",,,,,register,,review,end-of-volume species index with page numbers
start,19,3184f72c-a9bc-40ef-b5c6-bc0b05582cb8_0004_R,r02,2. <u>Oktober 1944.</u>                                     <u>München.</u>,1944-10-02,,,München,field-day,high,auto-markup,day header with underline markup inside the date (missed by the detector)
start,19,3184f72c-a9bc-40ef-b5c6-bc0b05582cb8_0016_L,r02,6. <u>Mai 1945:</u> <u>München.</u>,1945-05-06,,,München,field-day,high,auto-markup,day header with underline markup inside the date (missed by the detector)
start,19,3184f72c-a9bc-40ef-b5c6-bc0b05582cb8_0016_R,r05,15. <u>Mai</u> 1945. <u>München</u>.,1945-05-15,,,München,field-day,high,auto-markup,day header with underline markup inside the date (missed by the detector)
start,19,3184f72c-a9bc-40ef-b5c6-bc0b05582cb8_0048_R,r03,17. <u>Juni</u> 1946.                                     <u>München</u>.,1946-06-17,,,München,field-day,high,auto-markup,day header with underline markup inside the date (missed by the detector)
start,19,3184f72c-a9bc-40ef-b5c6-bc0b05582cb8_0052_L,r03,26. <u>Juli</u> 1946. <u>München</u>.,1946-07-26,,,München,field-day,high,auto-markup,day header with underline markup inside the date (missed by the detector)
stop,19,3184f72c-a9bc-40ef-b5c6-bc0b05582cb8_0065_R,r02,<u>Nordischer Schafstelze</u>: 84;,,,,,register,,auto-register,register begins on the page of the volume's last entry (before the reviewed register pages)
stop,19,3184f72c-a9bc-40ef-b5c6-bc0b05582cb8_0066_L,r02,<u>Fasan</u>: 70;,,,,,register,,review,end-of-volume species index with page numbers (index starts on an earlier page)
stop,19,3184f72c-a9bc-40ef-b5c6-bc0b05582cb8_0066_R,r02,<u>Silbermöve</u>: 86;,,,,,register,,review,end-of-volume species index with page numbers (index starts on an earlier page)
stop,19,3184f72c-a9bc-40ef-b5c6-bc0b05582cb8_0067_L,r02,"<u>Bekassine</u>: 33, 73;",,,,,register,,review,end-of-volume species index with page numbers (index starts on an earlier page)
stop,19,3184f72c-a9bc-40ef-b5c6-bc0b05582cb8_0067_R,r02,<u>Bogennabel-Strandläufer</u>: 98;,,,,,register,,review,end-of-volume species index with page numbers (index starts on an earlier page)
stop,19,3184f72c-a9bc-40ef-b5c6-bc0b05582cb8_0068_L,r02,<u>Prachttaucher</u>: 77; 85; 98;,,,,,register,,review,end-of-volume species index with page numbers (index starts on an earlier page)
stop,19,3184f72c-a9bc-40ef-b5c6-bc0b05582cb8_0068_R,r02,<u>Gänsesäger</u>: 33; 34; 36; 61; 73; 82; 112;,,,,,register,,review,end-of-volume species index with page numbers (index starts on an earlier page)
stop,19,3184f72c-a9bc-40ef-b5c6-bc0b05582cb8_0069_L,r02,<u>Krickente</u>: 85; 113;,,,,,register,,review,end-of-volume species index with page numbers (index starts on an earlier page)
stop,19,3184f72c-a9bc-40ef-b5c6-bc0b05582cb8_0069_R,r02,<u>Fischreiher</u>: 1; 2; 19; 32; 54; 65; 69; 74; 77; 85; 87; 98;,,,,,register,,review,end-of-volume species index with page numbers (index starts on an earlier page)
stop,19,3184f72c-a9bc-40ef-b5c6-bc0b05582cb8_0070_L,r02,<u>Habicht</u>: 54; 99; 113;,,,,,register,,review,end-of-volume species index with page numbers (index starts on an earlier page)
stop,19,3184f72c-a9bc-40ef-b5c6-bc0b05582cb8_0070_R,r02,<u>Schleiwinde</u>:,,,,,register,,review,end-of-volume species index with page numbers (index starts on an earlier page)
stop,19,3184f72c-a9bc-40ef-b5c6-bc0b05582cb8_0071_L,r02,<u>Zwergspecht</u>: 14; 16; 25; 36; 47; 58; 60; 63; 87;,,,,,register,,review,end-of-volume species index with page numbers (index starts on an earlier page)
stop,19,3184f72c-a9bc-40ef-b5c6-bc0b05582cb8_0071_R,r02,<u>Schwalbe</u>: 83;,,,,,register,,review,end-of-volume species index with page numbers (index starts on an earlier page)
stop,19,3184f72c-a9bc-40ef-b5c6-bc0b05582cb8_0072_L,r02,"<u>Braunkehlchen</u>: 32, 68, 74, 78, 80, 84, 95;",,,,,register,,review,end-of-volume species index with page numbers (index starts on an earlier page)
stop,19,3184f72c-a9bc-40ef-b5c6-bc0b05582cb8_0072_R,r02,<u>Binsenrohrsänger</u>:,,,,,register,,review,end-of-volume species index with page numbers (index starts on an earlier page)
stop,19,3184f72c-a9bc-40ef-b5c6-bc0b05582cb8_0073_L,r02,<u>Halsbandfliegenschnäpper</u>: 22; 23; 24; 25; 26; 27; 28; 37; 70;,,,,,register,,review,end-of-volume species index with page numbers (index starts on an earlier page)
stop,19,3184f72c-a9bc-40ef-b5c6-bc0b05582cb8_0073_R,r02,"<u>Sumpfmeise</u>: 6, 9, 12, 14, 17, 52, 60, 63, 105,",,,,,register,,review,end-of-volume species index with page numbers (index starts on an earlier page)
stop,19,3184f72c-a9bc-40ef-b5c6-bc0b05582cb8_0074_L,r02,<u>Baumpieper</u>: 15; 53; 55; 62; 79; 89;,,,,,register,,review,end-of-volume species index with page numbers (index starts on an earlier page)
stop,19,3184f72c-a9bc-40ef-b5c6-bc0b05582cb8_0074_R,r02,<u>Schneefink</u>: 89;,,,,,register,,review,end-of-volume species index with page numbers (index starts on an earlier page)
stop,19,3184f72c-a9bc-40ef-b5c6-bc0b05582cb8_0075_L,r02,<u>Grünfink</u>: 9; 14; 17; 24; 25; 28; 40; 46; 57; 60; 63; 67; 72; 84,,,,,register,,review,end-of-volume species index with page numbers (index starts on an earlier page)
stop,19,3184f72c-a9bc-40ef-b5c6-bc0b05582cb8_0075_R,r01,92 <u>Eichenh</u> 17/29 18/44,,,,,register,,review,"end matter: cross-reference list of species by volume/page (17/29, 18/44 ...) after the index"
stop,19,3184f72c-a9bc-40ef-b5c6-bc0b05582cb8_0076_full,r01,57 Hartmannstraße 18/43,,,,,register,,review,"end matter after the index: cross-reference list (numbers, names, vol/page refs 18/43 ...)"
stop,19,3184f72c-a9bc-40ef-b5c6-bc0b05582cb8_0077_full,r01,57 <sup>54</sup> Siegtafel 18/43,,,,,register,,review,end matter: cross-reference list with vol/page refs
stop,19,3184f72c-a9bc-40ef-b5c6-bc0b05582cb8_0078_full,r01,10.,,,,,register,,review,"end matter: numbered species cross-reference list (18/42, 17/40)"
stop,19,3184f72c-a9bc-40ef-b5c6-bc0b05582cb8_0079,r01,10.,,,,,register,,review,end matter: numbered species cross-reference list
stop,19,3184f72c-a9bc-40ef-b5c6-bc0b05582cb8_0080_full,r01,35 Schwarzmeier 18/135,,,,,register,,review,end matter: cross-reference list with vol/page refs
stop,19,3184f72c-a9bc-40ef-b5c6-bc0b05582cb8_0081,r01,"- <sup>711</sup>/<sub>2</sub> Kampfbecher 18/32, 33",,,,,register,,review,end matter: numbered cross-reference list (garbled species names) with vol/page refs
stop,19,3184f72c-a9bc-40ef-b5c6-bc0b05582cb8_0082,r01,<sup>114</sup>,,,,,register,,review,end matter: numbered species cross-reference list with vol/page refs
stop,19,3184f72c-a9bc-40ef-b5c6-bc0b05582cb8_0083_R,r01,[illegible],,,,,register,,review,end matter: illegible fragment after the index
stop,19,3184f72c-a9bc-40ef-b5c6-bc0b05582cb8_0084_full,r01,<sup>2</sup>,,,,,register,,review,"end matter: species cross-reference list (19/27, 17/153, 3/134 ...)"
stop,19,3184f72c-a9bc-40ef-b5c6-bc0b05582cb8_0085_full,r01,125,,,,,register,,review,end matter: numbered species cross-reference list
stop,19,3184f72c-a9bc-40ef-b5c6-bc0b05582cb8_0086,r02,"valuable collection of the Munich Museum, the material of which",,,,,register,,review,"end matter: loose insert - page of an English-language CV/statement by Laubmann (Munich museum, Ornithologische Gesellschaft) - not a diary entry"
stop,19,3184f72c-a9bc-40ef-b5c6-bc0b05582cb8_0087,r01,93 <u>Stockente</u> 17/29 18/44,,,,,register,,review,end matter: numbered species cross-reference list
stop,19,3184f72c-a9bc-40ef-b5c6-bc0b05582cb8_0088_full,r01,Görls Kampfnummer,,,,,register,,review,end matter: cross-reference fragments (vol/page lists)
stop,19,3184f72c-a9bc-40ef-b5c6-bc0b05582cb8_0089,r01,<u>Nochmaliger Hinweis !</u>,,,,,register,,review,"end matter: loose insert - printed NSDAP Ortsgruppe meeting notice (""31. Oktober"" is the meeting date, not a diary header)"
stop,19,3184f72c-a9bc-40ef-b5c6-bc0b05582cb8_0090,r01,28 <u>Gartenbaumläufer</u> 17/28 18/42,,,,,register,,review,end matter: numbered species cross-reference list
stop,19,3184f72c-a9bc-40ef-b5c6-bc0b05582cb8_0091,r01,30.V. [illegible],,,,,register,,review,"end matter: mostly illegible slip with a short date list (30.V.-2.VI., 1944); no readable diary text after the index"
start,20,dd88cd86-9bb9-4f84-a7f7-882fbe142313_0060_R,r05,19. <u>Oktober</u> 1947. <u>München</u>.,1947-10-19,,,München,field-day,high,auto-markup,day header with underline markup inside the date (missed by the detector)
start,20,dd88cd86-9bb9-4f84-a7f7-882fbe142313_0064_L,r02,5. <u>Dezember 1947.</u> <u>München.</u>,1947-12-05,,,München,field-day,high,auto-markup,day header with underline markup inside the date (missed by the detector)
start,20,dd88cd86-9bb9-4f84-a7f7-882fbe142313_0064_L,r03,7. <u>Dezember 1947.</u>                                    <u>München.</u>,1947-12-07,,,München,field-day,high,auto-markup,day header with underline markup inside the date (missed by the detector)
start,20,dd88cd86-9bb9-4f84-a7f7-882fbe142313_0065_L,r03,24. <u>Dezember 1947.</u> <u>München.</u>,1947-12-24,,,München,field-day,high,auto-markup,day header with underline markup inside the date (missed by the detector)
stop,20,dd88cd86-9bb9-4f84-a7f7-882fbe142313_0098_L,r03,<u>Kameraauszug</u>: 158; 160; 162;,,,,,register,,review,photo caption (end of diary part) then species index with page numbers starts
stop,20,dd88cd86-9bb9-4f84-a7f7-882fbe142313_0098_R,r02,"<u>Saatkrähe</u>: 141; 142, 144, 150, 151; 152, 154, 160, 165.",,,,,register,,review,species index
stop,20,dd88cd86-9bb9-4f84-a7f7-882fbe142313_0099_L,r01,121.,,,,,register,,review,species index (page number line first)
stop,20,dd88cd86-9bb9-4f84-a7f7-882fbe142313_0099_R,r02,<u>Kleines Sumpfhuhn</u>:,,,,,register,,review,species index
stop,20,dd88cd86-9bb9-4f84-a7f7-882fbe142313_0100_L,r02,<u>Lachmöve</u>: 46;,,,,,register,,review,species index
stop,20,dd88cd86-9bb9-4f84-a7f7-882fbe142313_0100_R,r02,<u>Dunkler Wasserläufer</u>: 24; 72; 79; 103; 166; 68;,,,,,register,,review,species index
stop,20,dd88cd86-9bb9-4f84-a7f7-882fbe142313_0101_L,r02,<u>Sanderling</u>:,,,,,register,,review,species index
stop,20,dd88cd86-9bb9-4f84-a7f7-882fbe142313_0101_R,r02,<u>Nordseetaucher</u>:,,,,,register,,review,species index
stop,20,dd88cd86-9bb9-4f84-a7f7-882fbe142313_0102_L,r02,<u>Eisente</u>: 47;,,,,,register,,review,species index
stop,20,dd88cd86-9bb9-4f84-a7f7-882fbe142313_0102_R,r02,<u>Untersuchungsergebnisse:</u>,,,,,register,,review,single heading line inside the end-of-volume species index
stop,20,dd88cd86-9bb9-4f84-a7f7-882fbe142313_0103_L,r02,"<u>Fischreiher</u>: 5, 6, 7; 23, 24, 32, 34, 35, 36, 47, 48, 50, 51; 71;",,,,,register,,review,species index
stop,20,dd88cd86-9bb9-4f84-a7f7-882fbe142313_0103_R,r02,"<u>Sperber</u>: 24, 48, 68;",,,,,register,,review,species index
stop,20,dd88cd86-9bb9-4f84-a7f7-882fbe142313_0104_L,r02,"<u>Baumfalke</u>: 42, 50, 52, 53, 89, 103, 142, 145, 167;",,,,,register,,review,species index
stop,20,dd88cd86-9bb9-4f84-a7f7-882fbe142313_0104_R,r02,"<u>Schwarzspecht</u>: 10, 45, 110, 132, 154,",,,,,register,,review,species index
stop,20,dd88cd86-9bb9-4f84-a7f7-882fbe142313_0105_L,r02,<u>Nachtschwalbe</u>:,,,,,register,,review,species index
stop,20,dd88cd86-9bb9-4f84-a7f7-882fbe142313_0105_R,r02,"<u>Blaukehlchen</u>: 9, 21, 24, 26, 27, 48, 50, 58, 144, 162, 167;",,,,,register,,review,species index
stop,20,dd88cd86-9bb9-4f84-a7f7-882fbe142313_0106_L,r02,"<u>Wachtelkönig</u>: 4, 20, 23, 40, 41, 57, 79, 142.",,,,,register,,review,species index
stop,20,dd88cd86-9bb9-4f84-a7f7-882fbe142313_0106_R,r02,<u>Flussschwirl</u>: 163;,,,,,register,,review,species index
stop,20,dd88cd86-9bb9-4f84-a7f7-882fbe142313_0107_L,r02,"<u>Rotrückenwürger</u>: 36, 40, 52, 56, 62, 71, 75, 79, 149, 165;",,,,,register,,review,species index
stop,20,dd88cd86-9bb9-4f84-a7f7-882fbe142313_0107_R,r02,"<u>Kohlmeise</u>: 4, 12, 16, 23, 25, 40, 44, 48, 68, 86, 91; 100, 104,",,,,,register,,review,species index
stop,20,dd88cd86-9bb9-4f84-a7f7-882fbe142313_0108_L,r02,"<u>Feldlerche</u>: 4, 6, 16, 20, 24, 25, 55, 56, 68, 70, 99, 100, 118,",,,,,register,,review,species index
stop,20,dd88cd86-9bb9-4f84-a7f7-882fbe142313_0108_R,r02,"<u>Buchfink</u>: 1, 4, 12, 16, 23, 25, 39, 43, 48, 52, 55, 62, 68, 86,",,,,,register,,review,species index
stop,20,dd88cd86-9bb9-4f84-a7f7-882fbe142313_0109_L,r02,"<u>Kernbeißer</u>: 8, 22, 26, 56, 105, 106, 68.",,,,,register,,review,species index (last page of vol. XX)
start,21,e3cf5b4e-67c4-413c-84c6-69644317a668_0026_R,r04,17. <u>Oktober</u> 1948. <u>München</u>.,1948-10-17,,,München,field-day,high,auto-markup,day header with underline markup inside the date (missed by the detector)
start,21,e3cf5b4e-67c4-413c-84c6-69644317a668_0064_L,r03,Fortsetzung der Beringungsergebnisse von,,,,,species-digest,medium,review,"interleaved ringing-recovery compilation (records 1933-41, continued from p. 105) inserted after the 20 Apr 1949 day notes; undated. Elsewhere day notes resume after such blocks (cf. 74R), so check that scan 65 starts with a new day"
start,21,e3cf5b4e-67c4-413c-84c6-69644317a668_0094_L,r05,6. <u>Juni</u> 1949. <u>München</u>.,1949-06-06,,,München,field-day,high,auto-markup,day header with underline markup inside the date (missed by the detector)
start,21,e3cf5b4e-67c4-413c-84c6-69644317a668_0094_R,r04,8. <u>Juni</u> 1949. <u>München</u>.,1949-06-08,,,München,field-day,high,auto-markup,day header with underline markup inside the date (missed by the detector)
stop,21,e3cf5b4e-67c4-413c-84c6-69644317a668_0102_L,r04,"<u>Wiederkäuermagen</u>: 159,",,,,,register,,review,"photo caption (end of diary part), then the species index starts in r04"
stop,21,e3cf5b4e-67c4-413c-84c6-69644317a668_0102_R,r02,<u>Brachpieper</u>: 113; 153;,,,,,register,,review,species index
stop,21,e3cf5b4e-67c4-413c-84c6-69644317a668_0103_L,r02,<u>Birkhuhn</u>: 108;,,,,,register,,review,species index
stop,21,e3cf5b4e-67c4-413c-84c6-69644317a668_0103_R,r02,<u>Kleine Säugethiere</u>:,,,,,register,,review,species index
stop,21,e3cf5b4e-67c4-413c-84c6-69644317a668_0104_L,r02,<u>Lachmöwenallee</u>:,,,,,register,,review,species index
stop,21,e3cf5b4e-67c4-413c-84c6-69644317a668_0104_R,r02,<u>Dunkler Wasserläufer</u>: 127; 146;,,,,,register,,review,species index
stop,21,e3cf5b4e-67c4-413c-84c6-69644317a668_0105_L,r02,<u>Sanderling</u>:,,,,,register,,review,species index
stop,21,e3cf5b4e-67c4-413c-84c6-69644317a668_0105_R,r02,<u>Nordseetaucher</u>:,,,,,register,,review,species index
stop,21,e3cf5b4e-67c4-413c-84c6-69644317a668_0106_L,r02,<u>Einerlei:</u>,,,,,register,,review,species index (duck names badly garbled by OCR)
stop,21,e3cf5b4e-67c4-413c-84c6-69644317a668_0106_R,r02,"<u>Schnatterente</u>: 127, 134, 148,",,,,,register,,review,species index
stop,21,e3cf5b4e-67c4-413c-84c6-69644317a668_0107_L,r02,"<u>Fischreiher</u>: 16, 22, 31, 74, 92, 96, 100, 118, 122, 127, 141,",,,,,register,,review,species index
stop,21,e3cf5b4e-67c4-413c-84c6-69644317a668_0107_R,r02,"<u>Sperber</u>: 35, 74, 96, 107, 127;",,,,,register,,review,species index
stop,21,e3cf5b4e-67c4-413c-84c6-69644317a668_0108_L,r02,"<u>Baumfalke</u>: 16, 96, 97, 148;",,,,,register,,review,species index
stop,21,e3cf5b4e-67c4-413c-84c6-69644317a668_0108_R,r02,"<u>Schwarzspecht</u>: 23, 33, 43, 79, 123;",,,,,register,,review,species index
stop,21,e3cf5b4e-67c4-413c-84c6-69644317a668_0109_L,r02,"<u>Nachtschwalbe</u>: 59, 148;",,,,,register,,review,species index
stop,21,e3cf5b4e-67c4-413c-84c6-69644317a668_0109_R,r02,"<u>Blaukehlchen</u>: 4, 7, 100, 109, 157, 163;",,,,,register,,review,species index
stop,21,e3cf5b4e-67c4-413c-84c6-69644317a668_0110_L,r02,"<u>Nachtigallrohrs.</u>: 5. 11. 12; 51; 58. 60, 62, 67; 78; 81; 106",,,,,register,,review,species index
stop,21,e3cf5b4e-67c4-413c-84c6-69644317a668_0110_R,r03,<u>Fliegenwürger</u>,,,,,register,,review,species index
stop,21,e3cf5b4e-67c4-413c-84c6-69644317a668_0111_L,r02,"<u>Rotrückenwürger</u>: 2, 5, 8, 13, 141, 145, 147, 150, 154;",,,,,register,,review,species index
stop,21,e3cf5b4e-67c4-413c-84c6-69644317a668_0111_R,r02,"<u>Kohlmeise</u>: 33, 41; 44, 106, 131; 133, 141; 145, 150;",,,,,register,,review,species index
stop,21,e3cf5b4e-67c4-413c-84c6-69644317a668_0112_L,r02,"<u>Feldlerche</u>: 1, 6, 8, 38, 42, 74, 75, 81, 86, 87, 89, 91, 95,",,,,,register,,review,species index
stop,21,e3cf5b4e-67c4-413c-84c6-69644317a668_0112_R,r02,<u>Buchfink</u>: 1. 8. 16. 17. 21. 33. 37. 39. 41. 44. 49. 60. 69.,,,,,register,,review,species index
stop,21,e3cf5b4e-67c4-413c-84c6-69644317a668_0113_L,r02,"<u>Kernbeißer</u> 1, 5, 50, 51, 54, 75, 87, 116, 135, 150,",,,,,register,,review,species index (last page of vol. XXI)
start,22,295b59c0-7525-4593-8422-aa70fb6e83b3_0050_L,r03,16. <u>Dezember 1949.</u> <u>München.</u>,1949-12-16,,,München,field-day,high,review,header missed because of <u> markup between day and month
start,22,295b59c0-7525-4593-8422-aa70fb6e83b3_0058,r03,2. <u>Februar 1950.</u>                                  <u>München</u>.,1950-02-02,,,München,field-day,high,auto-markup,day header with underline markup inside the date (missed by the detector)
start,22,295b59c0-7525-4593-8422-aa70fb6e83b3_0058,r04,Gröbenzell den 27. Jan. 1950,1950-01-27,,,Gröbenzell,correspondence,medium,review,pasted letter of Franz Deßloch (Gröbenzell) to Laubmann; continues on the next page and is answered in the following '2. Februar 1950' entry
start,22,295b59c0-7525-4593-8422-aa70fb6e83b3_0117_R,r02,17. - 19. Juni 1950. <u>Upsala</u> - <u>München</u>.,1950-06-17,1950-06-19,,Upsala - München,field-day,high,review,day-range header (last congress day and journey home)
stop,22,295b59c0-7525-4593-8422-aa70fb6e83b3_0125_L,r04,<u>Stelzenläufer</u>: 165;,,,,,register,,auto-register,register begins on the page of the volume's last entry (before the reviewed register pages)
stop,22,295b59c0-7525-4593-8422-aa70fb6e83b3_0125_R,r02,<u>Nordische Schafstelze</u>: 133;,,,,,register,,auto-register,register begins on the page of the volume's last entry (before the reviewed register pages)
stop,22,295b59c0-7525-4593-8422-aa70fb6e83b3_0126_L,r02,<u>Birkhuhn</u>: 1; 100; 132; 133; 151; 159;,,,,,register,,review,species index (vol. XXII); covering header '11. VI. 1950' without place is probably itself inside end matter
stop,22,295b59c0-7525-4593-8422-aa70fb6e83b3_0126_R,r02,<u>Kleines Sumpfhuhn</u>:,,,,,register,,review,species index
stop,22,295b59c0-7525-4593-8422-aa70fb6e83b3_0127_L,r02,<u>Lachseeschwalbe</u>:,,,,,register,,review,species index
stop,22,295b59c0-7525-4593-8422-aa70fb6e83b3_0127_R,r02,"<u>Dunkler Wasserläufer</u>: 16, 17, 20, 23, 40, 44, 51, 59,",,,,,register,,review,species index
stop,22,295b59c0-7525-4593-8422-aa70fb6e83b3_0128_L,r02,"<u>Sandregenpfeifer</u>: 23, 40;",,,,,register,,review,species index
stop,22,295b59c0-7525-4593-8422-aa70fb6e83b3_0128_R,r02,<u>Nordseetaucher</u>:,,,,,register,,review,species index
stop,22,295b59c0-7525-4593-8422-aa70fb6e83b3_0129_L,r02,<u>Eisente</u>:,,,,,register,,review,species index
stop,22,295b59c0-7525-4593-8422-aa70fb6e83b3_0129_R,r02,"<u>Gebirgsstelze</u>: 12, 16, 19, 23, 35, 39, 89, 97, 101, 107,",,,,,register,,review,species index
stop,22,295b59c0-7525-4593-8422-aa70fb6e83b3_0130_L,r02,"<u>Fischreiher</u>: 10, 12, 16, 19, 23, 35, 39, 42, 47, 51, 58,",,,,,register,,review,species index
stop,22,295b59c0-7525-4593-8422-aa70fb6e83b3_0130_R,r02,"<u>Sperber</u>: 16, 39, 42, 44, 51, 58, 80, 131, 151;",,,,,register,,review,species index
stop,22,295b59c0-7525-4593-8422-aa70fb6e83b3_0131_L,r02,"<u>Baumfalke</u>: 23, 39, 58, 78, 113, 132, 150;",,,,,register,,review,species index
stop,22,295b59c0-7525-4593-8422-aa70fb6e83b3_0131_R,r02,"<u>Schwarzspecht</u>: 24, 39, 50, 65, 78, 83, 110, 117, 129,",,,,,register,,review,species index
stop,22,295b59c0-7525-4593-8422-aa70fb6e83b3_0132_L,r02,<u>Nachtschwalbe</u>: 150;,,,,,register,,review,species index
stop,22,295b59c0-7525-4593-8422-aa70fb6e83b3_0132_R,r02,"<u>Blaukehlchen</u>: 20, 53, 104, 106, 113, 115, 118, 128,",,,,,register,,review,species index
stop,22,295b59c0-7525-4593-8422-aa70fb6e83b3_0133_L,r02,"<u>Wacholderdrossel</u>: 9, 19, 33, 38, 44, 53, 83, 98, 127, 14",,,,,register,,review,species index
stop,22,295b59c0-7525-4593-8422-aa70fb6e83b3_0133_R,r02,<u>Muscicapidae:</u>,,,,,register,,review,species index
stop,22,295b59c0-7525-4593-8422-aa70fb6e83b3_0134_L,r02,187.,,,,,register,,review,species index (page number line first)
stop,22,295b59c0-7525-4593-8422-aa70fb6e83b3_0134_R,r02,"<u>Rohrmeise</u>: 22, 29, 38, 41, 89, 101, 114, 121, 125,",,,,,register,,review,species index
stop,22,295b59c0-7525-4593-8422-aa70fb6e83b3_0135_L,r02,"<u>Feldlerche</u>: 3, 15, 38, 41, 56, 89, 92, 93, 94, 116, 121, 12",,,,,register,,review,species index
stop,22,295b59c0-7525-4593-8422-aa70fb6e83b3_0135_R,r02,"<u>Buchfink</u>: 2, 3, 4, 15, 22, 27, 28, 29, 41, 49, 56, 57, 81,",,,,,register,,review,species index
stop,22,295b59c0-7525-4593-8422-aa70fb6e83b3_0136_L,r02,"<u>Kornbeißer</u>: 14, 64, 71, 72, 74, 81, 83, 105, 117, 124;",,,,,register,,review,species index (last page of vol. XXII)
start,23,755c1169-3cff-4295-80f8-48abac677fff_0024_L,r04,4. <u>Oktober 1950.</u> <u>München.</u>,1950-10-04,,,München,field-day,high,auto-markup,day header with underline markup inside the date (missed by the detector)
start,23,755c1169-3cff-4295-80f8-48abac677fff_0025_R,r04,11. <u>Oktober 1950.</u>                                     <u>München.</u>,1950-10-11,,,München,field-day,high,auto-markup,day header with underline markup inside the date (missed by the detector)
start,23,755c1169-3cff-4295-80f8-48abac677fff_0026_L,r03,13. <u>Oktober 1950.</u> <u>München.</u>,1950-10-13,,,München,field-day,high,auto-markup,day header with underline markup inside the date (missed by the detector)
start,23,755c1169-3cff-4295-80f8-48abac677fff_0032_R,r04,19. <u>November 1950.</u> <u>München.</u>,1950-11-19,,,München,field-day,high,auto-markup,day header with underline markup inside the date (missed by the detector)
start,23,755c1169-3cff-4295-80f8-48abac677fff_0037_L,r05,4. <u>Dezember 1950.</u> <u>München.</u>,1950-12-04,,,München,field-day,high,auto-markup,day header with underline markup inside the date (missed by the detector)
start,23,755c1169-3cff-4295-80f8-48abac677fff_0038_L,r04,12. <u>Dezember 1950.</u> <u>München.</u>,1950-12-12,,,München,field-day,high,auto-markup,day header with underline markup inside the date (missed by the detector)
start,23,755c1169-3cff-4295-80f8-48abac677fff_0038_R,r05,14. <u>Dezember</u> 1950. <u>München.</u>,1950-12-14,,,München,field-day,high,auto-markup,day header with underline markup inside the date (missed by the detector)
start,23,755c1169-3cff-4295-80f8-48abac677fff_0038_R,r05,3. <u>Dezember</u> 1950. <u>München.</u>,1950-12-03,,,München,field-day,high,auto-markup,day header with underline markup inside the date (missed by the detector)
start,23,755c1169-3cff-4295-80f8-48abac677fff_0038_R,r05,18. <u>Dezember</u> 1950. <u>München.</u>,1950-12-18,,,München,field-day,high,auto-markup,day header with underline markup inside the date (missed by the detector)
start,23,755c1169-3cff-4295-80f8-48abac677fff_0092_R,r02,23. <u>Juni</u> 1951. <u>München</u>.,1951-06-23,,,München,field-day,high,auto-markup,day header with underline markup inside the date (missed by the detector)
start,23,755c1169-3cff-4295-80f8-48abac677fff_0092_R,r02,24. <u>Juni</u> 1951. <u>München</u>.,1951-06-24,,,München,field-day,high,auto-markup,day header with underline markup inside the date (missed by the detector)
stop,23,755c1169-3cff-4295-80f8-48abac677fff_0105_L,r03,<u>Hausrotschwanz</u>: 167; 168;,,,,,register,,review,"r02 = end of the last diary entry, r03 starts the species index of vol. XXIII"
stop,23,755c1169-3cff-4295-80f8-48abac677fff_0105_R,r02,<u>Sperbergrasmücke</u>: 131; 155;,,,,,register,,review,species index
stop,23,755c1169-3cff-4295-80f8-48abac677fff_0106_L,r02,"<u>Birkhuhn</u>: 66, 99;",,,,,register,,review,species index
stop,23,755c1169-3cff-4295-80f8-48abac677fff_0106_R,r02,<u>Kleines Sumpfhuhn</u>:,,,,,register,,review,species index
stop,23,755c1169-3cff-4295-80f8-48abac677fff_0107_L,r02,<u>Lachseeschwalbe</u>:,,,,,register,,review,species index
stop,23,755c1169-3cff-4295-80f8-48abac677fff_0107_R,r02,"<u>Dunkler Wasserläufer</u>: 12, 26, 28, 29, 33, 35, 106,",,,,,register,,review,species index
stop,23,755c1169-3cff-4295-80f8-48abac677fff_0108_L,r02,- <u>Sanderling</u>: 26;,,,,,register,,review,species index
stop,23,755c1169-3cff-4295-80f8-48abac677fff_0108_R,r02,- <u>Nordtaucher</u>:,,,,,register,,review,species index
stop,23,755c1169-3cff-4295-80f8-48abac677fff_0109_L,r02,<u>Eierente</u>: 88;,,,,,register,,review,species index
stop,23,755c1169-3cff-4295-80f8-48abac677fff_0109_R,r02,"<u>Stockente</u>: 11, 15, 28, 29, 35, 63, 73, 74, 83, 87,",,,,,register,,review,species index
stop,23,755c1169-3cff-4295-80f8-48abac677fff_0110_L,r02,"- <u>Fischreiher</u>: 6, 11, 13, 28, 29, 33, 35, 38, 48, 56, 58, 73, 74, 87, 91, 92, 94, 99, 103, 106, 109, 110, 119, 124, 125, 128, 132, 147, 148, 149, 152, 154,",,,,,register,,review,species index
stop,23,755c1169-3cff-4295-80f8-48abac677fff_0110_R,r02,"- <u>Sperber</u>: 4, 33, 42, 44, 48, 61, 74, 87, 103, 107, 109, 166;",,,,,register,,review,species index
stop,23,755c1169-3cff-4295-80f8-48abac677fff_0111_L,r02,<u>Baumfalke</u>: 35; 120; 147; 162;,,,,,register,,review,species index
stop,23,755c1169-3cff-4295-80f8-48abac677fff_0111_R,r02,"<u>Schwarzspecht</u>: 20, 25, 36, 96;",,,,,register,,review,species index
stop,23,755c1169-3cff-4295-80f8-48abac677fff_0112_L,r02,<u>Nachtigallen</u>:,,,,,register,,review,species index
stop,23,755c1169-3cff-4295-80f8-48abac677fff_0112_R,r02,"<u>Blaukehlchen</u>: 2, 94, 105, 114, 119, 142, 151, 153,",,,,,register,,review,species index
stop,23,755c1169-3cff-4295-80f8-48abac677fff_0113_L,r02,"<u>Wacholderdrossel</u>: 28, 48, 58, 130, 133, 141, 147, 157;",,,,,register,,review,species index
stop,23,755c1169-3cff-4295-80f8-48abac677fff_0113_R,r02,<u>Fliegenbeißer</u>: 121;,,,,,register,,review,species index
stop,23,755c1169-3cff-4295-80f8-48abac677fff_0114_L,r02,<u>Rotrückenwürger</u>: 1; 11; 110; 118; 121; 129; 131; 133;,,,,,register,,review,species index
stop,23,755c1169-3cff-4295-80f8-48abac677fff_0114_R,r02,"<u>Kohlenmeise</u>: 11; 25, 59, 61; 72, 75, 82, 92, 102, 110;",,,,,register,,review,species index
stop,23,755c1169-3cff-4295-80f8-48abac677fff_0115_L,r02,"<u>Feldlerche</u>: 25, 27, 32, 34, 70, 72, 73, 74, 86, 89, 93, 10[?]",,,,,register,,review,species index
stop,23,755c1169-3cff-4295-80f8-48abac677fff_0115_R,r03,"<u>Buchfink</u>: 10, 17, 22, 25, 31, 36, 57, 63, 67, 70,",,,,,register,,review,species index
stop,23,755c1169-3cff-4295-80f8-48abac677fff_0116_L,r02,"<u>Kernbeißer</u>: 48, 94;",,,,,register,,review,species index (last page of vol. XXIII)
start,24,75a0a317-0bd6-48f7-9b6d-ff2e589ac79e_0018_R,r03,26. <u>September 1951</u>.                     <u>München</u>.,1951-09-26,,,München,field-day,high,auto-markup,day header with underline markup inside the date (missed by the detector)
start,24,75a0a317-0bd6-48f7-9b6d-ff2e589ac79e_0019_R,r03,30. <u>September 1951.</u> <u>München.</u>,1951-09-30,,,München,field-day,high,auto-markup,day header with underline markup inside the date (missed by the detector)
start,24,75a0a317-0bd6-48f7-9b6d-ff2e589ac79e_0021_R,r02,6. <u>Oktober 1951</u>:                          <u>München</u>.,1951-10-06,,,München,field-day,high,auto-markup,day header with underline markup inside the date (missed by the detector)
start,24,75a0a317-0bd6-48f7-9b6d-ff2e589ac79e_0021_R,r05,9. <u>October 1901.</u> <u>München.</u>,1901-10-09,,,München,field-day,high,auto-markup,day header with underline markup inside the date (missed by the detector)
start,24,75a0a317-0bd6-48f7-9b6d-ff2e589ac79e_0022_L,r05,12. <u>Oktober 1951.</u> <u>München.</u>,1951-10-12,,,München,field-day,high,auto-markup,day header with underline markup inside the date (missed by the detector)
start,24,75a0a317-0bd6-48f7-9b6d-ff2e589ac79e_0022_R,r04,15. <u>Oktober 1951.</u> <u>München.</u>,1951-10-15,,,München,field-day,high,auto-markup,day header with underline markup inside the date (missed by the detector)
start,24,75a0a317-0bd6-48f7-9b6d-ff2e589ac79e_0023_R,r03,20. <u>Oktober</u> 1951.!!! <u>München.</u>,1951-10-20,,,,field-day,high,auto-markup,day header with underline markup inside the date (missed by the detector)
start,24,75a0a317-0bd6-48f7-9b6d-ff2e589ac79e_0023_R,r05,22. <u>Oktober 1951.</u> <u>München.</u>,1951-10-22,,,München,field-day,high,auto-markup,day header with underline markup inside the date (missed by the detector)
start,24,75a0a317-0bd6-48f7-9b6d-ff2e589ac79e_0025_L,r05,28. <u>Oktober 1951.</u>                      <u>München.</u>,1951-10-28,,,München,field-day,high,auto-markup,day header with underline markup inside the date (missed by the detector)
start,24,75a0a317-0bd6-48f7-9b6d-ff2e589ac79e_0025_R,r02,30. <u>Oktober 1951</u>.                      <u>München.</u>,1951-10-30,,,München,field-day,high,auto-markup,day header with underline markup inside the date (missed by the detector)
start,24,75a0a317-0bd6-48f7-9b6d-ff2e589ac79e_0032_R,r05,2. <u>Dezember 1951</u>.                <u>München</u>.,1951-12-02,,,München,field-day,high,auto-markup,day header with underline markup inside the date (missed by the detector)
start,24,75a0a317-0bd6-48f7-9b6d-ff2e589ac79e_0033_L,r02,3. <u>Dezember</u> 1951. <u>München</u>.,1951-12-03,,,München,field-day,high,auto-markup,day header with underline markup inside the date (missed by the detector)
start,24,75a0a317-0bd6-48f7-9b6d-ff2e589ac79e_0033_L,r02,4. <u>Dezember</u> 1951. <u>München</u>.,1951-12-04,,,München,field-day,high,auto-markup,day header with underline markup inside the date (missed by the detector)
start,24,75a0a317-0bd6-48f7-9b6d-ff2e589ac79e_0033_R,r04,10. <u>Dezember</u> 1951. <u>München</u>.,1951-12-10,,,München,field-day,high,auto-markup,day header with underline markup inside the date (missed by the detector)
start,24,75a0a317-0bd6-48f7-9b6d-ff2e589ac79e_0034_L,r04,12. <u>Dezember 1951</u>.                             <u>München</u>.,1951-12-12,,,München,field-day,high,auto-markup,day header with underline markup inside the date (missed by the detector)
start,24,75a0a317-0bd6-48f7-9b6d-ff2e589ac79e_0046_L,r03,6. <u>März</u> 1952.              <u>München</u>.,1952-03-06,,,München,field-day,high,auto-markup,day header with underline markup inside the date (missed by the detector)
start,24,75a0a317-0bd6-48f7-9b6d-ff2e589ac79e_0082_L,r04,- 3. <u>Juni</u> 1952. <u>München</u>.,1952-06-03,,,München,field-day,high,auto-markup,day header with underline markup inside the date (missed by the detector)
start,24,75a0a317-0bd6-48f7-9b6d-ff2e589ac79e_0094,r02,"Ismaning,den 12.<u>VI</u>.1952: Wetter",1952-06-12,,,Ismaning,correspondence,medium,review,"typed inserted observation report (Bezzel style: Wb, Tfb, Vkl, Ft); r02 is a truncated duplicate of r03 ('Ismaning, den 12.VI.1952')"
start,24,75a0a317-0bd6-48f7-9b6d-ff2e589ac79e_0099_R,r04,28. <u>Juni 1952.</u>                     <u>Münster.</u>,1952-06-28,,,Münster.,field-day,high,auto-markup,day header with underline markup inside the date (missed by the detector)
start,24,75a0a317-0bd6-48f7-9b6d-ff2e589ac79e_0102,r03,"Ismaning, den 29.VI.1952:",1952-06-29,,,Ismaning,correspondence,medium,review,typed inserted observation report (Bezzel style) in the middle of Laubmann's 1 July list
stop,24,75a0a317-0bd6-48f7-9b6d-ff2e589ac79e_0105_R,r03,"- <u>Grauköpfige Schafstelze</u>: 89,",,,,,register,,auto-register,register begins on the page of the volume's last entry (before the reviewed register pages)
stop,24,75a0a317-0bd6-48f7-9b6d-ff2e589ac79e_0106_L,r02,"- <u>Amsel</u>: i62, i64, i67;",,,,,register,,review,species index with page numbers (started on an earlier page)
stop,24,75a0a317-0bd6-48f7-9b6d-ff2e589ac79e_0106_R,r02,"- <u>Star</u>: 136, 139, 142, 146, 150, 151, 153, 155, 157, 158, 162, 163, 167;",,,,,register,,review,species index with page numbers
stop,24,75a0a317-0bd6-48f7-9b6d-ff2e589ac79e_0107_L,r02,- <u>Birkhuhn:</u>,,,,,register,,review,species index with page numbers
stop,24,75a0a317-0bd6-48f7-9b6d-ff2e589ac79e_0107_R,r02,- <u>Kleines Sumpfhuhn</u>:,,,,,register,,review,species index with page numbers
stop,24,75a0a317-0bd6-48f7-9b6d-ff2e589ac79e_0108_L,r02,"- <u>Lachseeschwalbe</u>: 165,",,,,,register,,review,species index
stop,24,75a0a317-0bd6-48f7-9b6d-ff2e589ac79e_0108_R,r02,"- <u>Dunkler Wasserläufer</u>: 15, 28, 32, 34, 100, 106; 111, 115, <s>123</s>, 131, 162;",,,,,register,,review,species index
stop,24,75a0a317-0bd6-48f7-9b6d-ff2e589ac79e_0109_L,r02,- <u>Sandregenpfeifer:</u>,,,,,register,,review,species index
stop,24,75a0a317-0bd6-48f7-9b6d-ff2e589ac79e_0109_R,r02,"- <u>Haubentaucher</u>: 39, 41, 44;",,,,,register,,review,species index
stop,24,75a0a317-0bd6-48f7-9b6d-ff2e589ac79e_0110_L,r02,- <u>Eisente</u>:,,,,,register,,review,species index
stop,24,75a0a317-0bd6-48f7-9b6d-ff2e589ac79e_0110_R,r02,"- <u>Schnatterente</u>: 2, 15, 23, 29, 34, 39, 41, 46, 47, 50.",,,,,register,,review,species index
stop,24,75a0a317-0bd6-48f7-9b6d-ff2e589ac79e_0111_L,r02,"- <u>Fischreiher</u>: 28, 33, 39, 43, 46, 47, 49, 52, 53, 56, 59",,,,,register,,review,species index
stop,24,75a0a317-0bd6-48f7-9b6d-ff2e589ac79e_0111_R,r02,"- <u>Sperber</u>: 5, 16, 33, 53, 81;",,,,,register,,review,species index
stop,24,75a0a317-0bd6-48f7-9b6d-ff2e589ac79e_0112_L,r02,"- <u>Baumfalke</u>: 2, 3, 9, 12, 13, 14, 16, 94, 117, 155, 159;",,,,,register,,review,species index
stop,24,75a0a317-0bd6-48f7-9b6d-ff2e589ac79e_0112_R,r02,"- <u>Schwarzspecht</u>: 5, 7, 9, 12, 26, 151, 152, 154,",,,,,register,,review,species index
stop,24,75a0a317-0bd6-48f7-9b6d-ff2e589ac79e_0113_L,r02,- <u>Nachtschwalbe</u>:,,,,,register,,review,species index
stop,24,75a0a317-0bd6-48f7-9b6d-ff2e589ac79e_0113_R,r02,"- <u>Blaukehlchen</u>: 87, 91, 92, 99, 101, 107, 117, 129,",,,,,register,,review,species index
stop,24,75a0a317-0bd6-48f7-9b6d-ff2e589ac79e_0114_L,r02,"- <u>Kuckuckruf</u>: 13, 16, 38, 49, 56, 65, 67, 73, 81, 90, 92, 129, 133, 143, 147, 150, 151, 155, 157, 159, 162, 164, 166;",,,,,register,,review,species index
stop,24,75a0a317-0bd6-48f7-9b6d-ff2e589ac79e_0114_R,r03,- <u>Eichelhäher</u>: 117; 135; 144;,,,,,register,,review,species index
stop,24,75a0a317-0bd6-48f7-9b6d-ff2e589ac79e_0115_L,r02,"- <u>Rotrückenwürger</u>: 28, 31, 104, 105, 112, 118, 121, 126, 129, 132, 139, 147, 151, 153, 158, 161, 164, 168;",,,,,register,,review,species index
stop,24,75a0a317-0bd6-48f7-9b6d-ff2e589ac79e_0115_R,r02,"- <u>Kohlmeise</u>: 27, 38, 46, 49, 54, 61, 62, 63, 65, 66, 67, 72, 73, 81, 94, 104, 136, 139, 150, 151, 153, 155, 157, 163, 167;",,,,,register,,review,species index
stop,24,75a0a317-0bd6-48f7-9b6d-ff2e589ac79e_0116_L,r02,"- <u>Feldlerche</u>: 23, 25, 27, 53, 63, 75, 77, 79, 80, 81, 82,",,,,,register,,review,species index
stop,24,75a0a317-0bd6-48f7-9b6d-ff2e589ac79e_0116_R,r02,"- <u>Buchfink</u>: 27, 32, 38, 46, 49, 53, 56, 59, 62, 65, 67, 70, 71, 73, 74, 75, 76, 81, 82, 90, 93, 94, 99, 104, 120, 124, 125, 129, 132, 139, 142, 147, 150, 151, 153, 157, 158",,,,,register,,review,species index
stop,24,75a0a317-0bd6-48f7-9b6d-ff2e589ac79e_0117_L,r02,- <u>Kernbeißer</u>: 78;,,,,,register,,review,species index (Kernbeißer ... Hohlkrähe)
stop,24,75a0a317-0bd6-48f7-9b6d-ff2e589ac79e_0117_R,r01,<u>Ampermann</u> - <u>Beobach-</u>,,,,,register,,review,cross-reference list 'Ampermann-Beobachtungen' by volume (XX-XXIII) and page
stop,24,75a0a317-0bd6-48f7-9b6d-ff2e589ac79e_0118,r02,- <u>Kranbeeren</u>: 79;,,,,,register,,review,truncated index list (end matter)
stop,24,75a0a317-0bd6-48f7-9b6d-ff2e589ac79e_0119,r02,<u>Handelstag 28.</u>,,,,,register,,review,"end matter: printed calendar/form fragments ('Handelstag 28.', day numbers 18.-29., 'Hollabrunn 12. / V. 87.'), not diary text"
start,25,65e6387d-c1b4-49e0-80ad-5c8701ebe370_0006,r03,"<u>I s m a n i n g,den 12./13.VII</u>",1952-07-12,1952-07-13,y,Ismaning,correspondence,medium,review,"typed report by Einhart Bezzel, announced in the covering 14 July entry ('die nachfolgenden wichtigen Beobachtungen'); year inferred; place letter-spaced 'I s m a n i n g'"
start,25,65e6387d-c1b4-49e0-80ad-5c8701ebe370_0011_L,r02,26. <u>Juli</u> 1952.                                    <u>München</u>.,1952-07-26,,,München,field-day,high,auto-markup,day header with underline markup inside the date (missed by the detector)
start,25,65e6387d-c1b4-49e0-80ad-5c8701ebe370_0018,r01,"<u>I s m a n i n g</u>,den 9. VIII.<sup>1</sup>1952:",1952-08-09,,,Ismaning,correspondence,medium,review,"typed inserted excursion report (Bezzel style, 'nachmittags zusammen mit Herrn Dr. Wüst'), placed after the 11 Aug 1952 München entry; place letter-spaced"
start,25,65e6387d-c1b4-49e0-80ad-5c8701ebe370_0052,r04,Oktober 1952. <u>München</u>.,1932-10-16,,,München,field-day,medium,auto-dropped-copy,"header read cleanly on the dedup-dropped copy L25:65e6387d-c1b4-49e0-80ad-5c8701ebe370_0051 (""16. Oktober 1932. <u>München</u>.""); kept copy line matched 0.88"
start,25,65e6387d-c1b4-49e0-80ad-5c8701ebe370_0054_R,r03,23. <u>Oktober</u> 1952.                      <u>München</u>.,1952-10-23,,,München,field-day,high,review,regular day header; missed because the month name is underlined
start,25,65e6387d-c1b4-49e0-80ad-5c8701ebe370_0057,r03,"Ismaning,den 19.10.",1952-10-19,,y,Ismaning,correspondence,medium,review,"typed inserted excursion report (with Dr. Wüst), Bezzel style; year inferred 1952; referenced in the 23 Oct entry"
start,25,65e6387d-c1b4-49e0-80ad-5c8701ebe370_0062,r03,20. <u>Oktober</u> 1952. <u>München</u>.,1952-10-20,,,München,field-day,high,auto-markup,day header with underline markup inside the date (missed by the detector)
start,25,65e6387d-c1b4-49e0-80ad-5c8701ebe370_0067_L,r02,"I. Sonntag, den 14.",1952-11-16,,y,,correspondence,low,review,"heavily garbled inserted report announced by the covering entry ('Nachfolgend Bericht von E. Bezzel vom 16. XI. 52 aus Ismaning'); Bezzel's reports are announced by their excursion date (cf. 'Bericht ... vom 10. 5.', 'vom 15. IX.'), and 16 Nov 1952 was a Sunday, so 'Sonntag, den 14.' is read as OCR "
start,25,65e6387d-c1b4-49e0-80ad-5c8701ebe370_0071,r05,7. <u>Dezember</u> 1952. <u>München</u>.,1952-12-07,,,München,field-day,high,auto-markup,day header with underline markup inside the date (missed by the detector)
start,25,65e6387d-c1b4-49e0-80ad-5c8701ebe370_0084,r03,"<u>Ismaning,den 27.12.</u>",1952-12-27,,y,Ismaning,correspondence,medium,review,"typed excursion report of E. Bezzel (with Dr. Wüst), announced 'Bericht von E. Bezzel:' in the 12 Jan 1953 entry; year inferred 1952"
start,25,65e6387d-c1b4-49e0-80ad-5c8701ebe370_0088,r04,"Ismaning,den 18.1.1953",1953-01-18,,,Ismaning,correspondence,medium,review,typed excursion report of E. Bezzel ('Erinnerung-Bericht von E.B.' in r03 introduces it)
start,25,65e6387d-c1b4-49e0-80ad-5c8701ebe370_0090_L,r03,29. <u>Januar</u> 1953. <u>München.</u>,1953-01-29,,,München,field-day,high,auto-markup,day header with underline markup inside the date (missed by the detector)
start,25,65e6387d-c1b4-49e0-80ad-5c8701ebe370_0099,r03,"<u>Ismaning,den 22.2.53.</u>",1953-02-22,,,Ismaning,correspondence,medium,review,"typed excursion report of E. Bezzel with Dr. Wüst, announced at end of r02"
start,25,65e6387d-c1b4-49e0-80ad-5c8701ebe370_0103,r02,"<u>Ismaning, den 8.3.53</u>",1953-03-08,,,Ismaning,correspondence,medium,review,"typed excursion report (with Remold and Rathmayer), Bezzel style, inserted after the 15 March 1953 München text"
start,25,65e6387d-c1b4-49e0-80ad-5c8701ebe370_0106,r03,"Ismaning, den 15.3.58.",1953-03-15,,,Ismaning,correspondence,medium,review,"typed report announced in r02 ('E. Rappel meldet ... von 15. und 19. III.'); '58' is OCR for 53. Same sheet as scan 108 r03 (this capture's species list is a poorer, partly divergent transcription) - likely duplicate capture"
start,25,65e6387d-c1b4-49e0-80ad-5c8701ebe370_0106,r05,3.3.33:,1953-03-19,,y,,correspondence,low,review,"cut-off right-edge fragment of the 19.3.53 report (Remold, Rathmayer, Seibold), fully transcribed on scan 109; rest of region is mirrored bleed-through"
stop,25,65e6387d-c1b4-49e0-80ad-5c8701ebe370_0108,r03,"Ismaning,den 15.3.52.",1953-03-15,,,Ismaning,correspondence,medium,review-duplicate,"typed excursion report (Dr. Wüst, Remold, Bezzel; duck-count day); '52' is an OCR/typing slip for 53 (announced as 15. und 19. III. in r02); same sheet as scan 106 r03"
start,25,65e6387d-c1b4-49e0-80ad-5c8701ebe370_0109,r03,"<u>Ismaning</u>,den 19.3.53:",1953-03-19,,,Ismaning,correspondence,medium,review,"typed excursion report/letter (Remold, Rathmayer, Seibold), ends 'Mit den herzlichsten Grüßen'"
start,25,65e6387d-c1b4-49e0-80ad-5c8701ebe370_0112_R,r03,<u>1.</u> April 1953. <u>München.</u>,1953-04-01,,,München,field-day,high,auto-markup,day header with underline markup inside the date (missed by the detector)
start,25,65e6387d-c1b4-49e0-80ad-5c8701ebe370_0121,r02,"Ismaning, den 1.4.1953",1953-04-01,,,Ismaning,correspondence,medium,review,"typed excursion report (meets Heinz Remold), Bezzel style"
start,25,65e6387d-c1b4-49e0-80ad-5c8701ebe370_0122,r02,"<u>Ismaning, den 1.4.1953</u>",1953-04-01,,,Ismaning,correspondence,medium,review,same typed 1.4.1953 report as scan 121 r02 (this capture is the better transcription) - duplicate capture
start,25,65e6387d-c1b4-49e0-80ad-5c8701ebe370_0126_L,r02,4.1953:,1953-04-08,,y,,correspondence,low,review,"cut-off right half of the typed 8.4.1953 report ('... dann durch das Wb bis zum Querdamm', 'SO bis 4 (nachmittags ab-'); full text on scan 127 r02, another fragment on scan 129 r02 - duplicate capture"
start,25,65e6387d-c1b4-49e0-80ad-5c8701ebe370_0126_R,r02,.4.1953.,1953-04-12,,y,,correspondence,low,review,"cut-off right half of the typed 12.4.1953 report ('...GAUCKLER-Nürnberg, REMOLD und ich'); full text on scan 131 r03 (and 129 r04) - duplicate capture"
start,25,65e6387d-c1b4-49e0-80ad-5c8701ebe370_0127,r02,"Ismaning,den 8.4.1953:",1953-04-08,,,Ismaning,correspondence,medium,review,typed excursion report; species list from ~item 30 on looks unreliable/hallucinated compared with the fragments on scans 126_L/129
start,25,65e6387d-c1b4-49e0-80ad-5c8701ebe370_0127,r04,.4.195,1953-04-12,,y,,correspondence,low,review,narrow cut-off left-edge fragment of the 12.4.1953 report (full on scan 131)
stop,25,65e6387d-c1b4-49e0-80ad-5c8701ebe370_0129,r02,4.1923:,1953-04-08,,y,,correspondence,low,review-duplicate,cut-off right half of the 8.4.1953 report again ('1923' = OCR for 1953); duplicate of scan 126_L r02
start,25,65e6387d-c1b4-49e0-80ad-5c8701ebe370_0129,r04,"Ismaning, den 12.4.1953",1953-04-12,,,Ismaning,correspondence,medium,review,typed 12.4.1953 report; list after item ~32 is clearly hallucinated ('ca 100 im MP' repeated); good transcription on scan 131
start,25,65e6387d-c1b4-49e0-80ad-5c8701ebe370_0131,r03,"<u>Ismaning</u>,den 12.4.1953.",1953-04-12,,,Ismaning,correspondence,medium,review,"typed excursion report (Dr. Wüst, Kraus-Erlangen, Gauckler-Nürnberg, Remold, Bezzel) for the duck count; best transcription of this report"
stop,25,65e6387d-c1b4-49e0-80ad-5c8701ebe370_0143_L,r02,"<u>Lamenting, den 7. Mai</u>",1953-05-01,,y,Ismaning,correspondence,medium,review-duplicate,"cut-off typed report; 'Lamenting' = OCR for Ismaning and '7. Mai' = OCR for '1.Mai': the full transcription of the same sheet on scan 145 reads 'Ismaning,den 1.Mai 1953:' (Rathmayer, Remold, Rohrschwirl story)"
start,25,65e6387d-c1b4-49e0-80ad-5c8701ebe370_0145,r02,"- Ismaning,den 1.Mai 1953:",1953-05-01,,,Ismaning,correspondence,medium,review,"best transcription of the typed 1 May 1953 report (with W. Rathmayer, H. Remold); same sheet as scan 143_L - duplicate capture"
stop,25,65e6387d-c1b4-49e0-80ad-5c8701ebe370_0146_R,r02,- <u>Einkalpina</u>: 164;,,,,,register,,review,start of the end-of-volume species index (garbled species names with page numbers 153-165)
stop,25,65e6387d-c1b4-49e0-80ad-5c8701ebe370_0147_L,r02,"- <u>Grünfink</u>: 149, 162;",,,,,register,,review,species index with page numbers (end of volume XXV)
stop,25,65e6387d-c1b4-49e0-80ad-5c8701ebe370_0147_R,r02,"- <u>Mauersegler</u>: 133, 137, 138, 141, 143, 144, 145, 146, 150, 153, 162, 163, 164;",,,,,register,,review,species index with page numbers (end of volume XXV)
stop,25,65e6387d-c1b4-49e0-80ad-5c8701ebe370_0148_L,r02,"- <u>Haubentaucher</u>: 124, 125, 128, 137, 138, 143, 144, 145, 150, 153, 155, 163, 164;",,,,,register,,review,species index with page numbers (end of volume XXV)
stop,25,65e6387d-c1b4-49e0-80ad-5c8701ebe370_0148_R,r02,"- <u>Sturm[?]schwalbe</u>: 52, 55, 56;",,,,,register,,review,species index with page numbers (end of volume XXV)
stop,25,65e6387d-c1b4-49e0-80ad-5c8701ebe370_0149_L,r02,- <u>Birkhuhn</u>: 157;,,,,,register,,review,species index with page numbers (end of volume XXV)
stop,25,65e6387d-c1b4-49e0-80ad-5c8701ebe370_0149_R,r02,- <u>kleine Sumpfhu</u>[?]<u>hn</u>:,,,,,register,,review,species index with page numbers (end of volume XXV)
stop,25,65e6387d-c1b4-49e0-80ad-5c8701ebe370_0150_L,r02,- <u>Lachseeschwalbe:</u>,,,,,register,,review,species index with page numbers (end of volume XXV)
stop,25,65e6387d-c1b4-49e0-80ad-5c8701ebe370_0150_R,r02,"- <u>Dunkler Wasserläufer</u>: 15, 16, 25, 27, 28, 29, 40,",,,,,register,,review,species index with page numbers (end of volume XXV)
stop,25,65e6387d-c1b4-49e0-80ad-5c8701ebe370_0151_L,r02,"- <u>Sanderling</u>: 27, 66, 67,",,,,,register,,review,species index with page numbers (end of volume XXV)
stop,25,65e6387d-c1b4-49e0-80ad-5c8701ebe370_0151_R,r02,- <u>Birkenzeisig</u>: 91;,,,,,register,,review,species index with page numbers (end of volume XXV)
stop,25,65e6387d-c1b4-49e0-80ad-5c8701ebe370_0152_L,r02,- <u>Eisenke:</u>,,,,,register,,review,species index with page numbers (end of volume XXV)
stop,25,65e6387d-c1b4-49e0-80ad-5c8701ebe370_0152_R,r02,- <u>Schwanenente</u>: 1. 5. 13. 15. 16. 25. 28. 43. 44. 45. 46;,,,,,register,,review,species index with page numbers (end of volume XXV)
stop,25,65e6387d-c1b4-49e0-80ad-5c8701ebe370_0153_L,r02,"- <u>Graureiher</u>: 1, 5, 9, 13, 15, 16, 24, 25, 27, 43, 44,",,,,,register,,review,species index with page numbers (end of volume XXV)
stop,25,65e6387d-c1b4-49e0-80ad-5c8701ebe370_0153_R,r02,"- <u>Sperber</u>: 16, 25, 61, 67, 73, 80, 82, 87, 89, 99, 102, 108, 124, 125, 137, 139, 143, 145, 146, 163, 164;",,,,,register,,review,species index with page numbers (end of volume XXV)
stop,25,65e6387d-c1b4-49e0-80ad-5c8701ebe370_0154_L,r02,"- <u>Baumfalke</u>: 5, 52, 70, 143, 164;",,,,,register,,review,species index with page numbers (end of volume XXV)
stop,25,65e6387d-c1b4-49e0-80ad-5c8701ebe370_0154_R,r02,"- <u>Schwarzenquet</u>: 20, 107, 110, 136, 139, 160,",,,,,register,,review,species index with page numbers (end of volume XXV)
stop,25,65e6387d-c1b4-49e0-80ad-5c8701ebe370_0155_L,r02,- <u>Nachtschwalbe</u>:,,,,,register,,review,species index with page numbers (end of volume XXV)
stop,25,65e6387d-c1b4-49e0-80ad-5c8701ebe370_0155_R,r02,"- <u>Blaukehlchen:</u> 37; 110, 131; 137; 138; 143; 144; 145; 150; 153; 163; 164;",,,,,register,,review,species index with page numbers (end of volume XXV)
stop,25,65e6387d-c1b4-49e0-80ad-5c8701ebe370_0156_L,r02,"- <u>Wacholderdrossel</u>: 1, 3, 5, 6, 8, 13, 16, 25, 27, 28, 37, 42, 44, 49, 61, 67, 70, 73, 74, 79, 81, 82, 84, 86, 89, 100, 107, 137, 145, 156, 168.",,,,,register,,review,species index with page numbers (end of volume XXV)
stop,25,65e6387d-c1b4-49e0-80ad-5c8701ebe370_0156_R,r02,- <u>Kuckuck</u>: 35;,,,,,register,,review,species index with page numbers (end of volume XXV)
stop,25,65e6387d-c1b4-49e0-80ad-5c8701ebe370_0157_L,r02,"- <u>Rotrückenspinner</u>: 1, 15, 16, 34, 44, 160, 162, 165,",,,,,register,,review,species index with page numbers (end of volume XXV)
stop,25,65e6387d-c1b4-49e0-80ad-5c8701ebe370_0157_R,r02,"- <u>Rotkehlchen</u>: 1, 5, 8, 12, 16, 20, 25, 27, 33, 42, 44, 46",,,,,register,,review,species index with page numbers (end of volume XXV)
stop,25,65e6387d-c1b4-49e0-80ad-5c8701ebe370_0158_L,r02,"<u>Feldlerche</u>: 1. 5. 8. 14, 16. 25. 31; 42, 44. 48. 53. 56.",,,,,register,,review,species index with page numbers (end of volume XXV)
stop,25,65e6387d-c1b4-49e0-80ad-5c8701ebe370_0158_R,r02,"- <u>Buchfink</u>: 8, 12, 20, 31, 42, 44, 48, 53, 55, 61, 63,",,,,,register,,review,species index with page numbers (end of volume XXV)
stop,25,65e6387d-c1b4-49e0-80ad-5c8701ebe370_0159_L,r03,"- <u>Kornbeißer</u>: 30, 86, 105, 106, 109, 114, 118, 119,",,,,,register,,review,species index with page numbers (end of volume XXV)
start,26,55851137-ef99-4b8a-8ce9-c5c8728855f5_0010_R,r03,<u>und halten NW-W Windes einige Std. vor</u>,1953-05-10,,y,,correspondence,low,review,start of the inserted typed report announced in r02 ('Nachfolgend Bericht Bezzel's aus Ismaning vom 10. 5.:'); r03 is transcribed in reverse line order and badly garbled - its dateline appears mid-region as '2. 5. 1950: Schein E-Wind; bedeckter Him-'; split at region start
start,26,55851137-ef99-4b8a-8ce9-c5c8728855f5_0018,r03,"<u>Ismaning,den 17.5.53.</u>",1953-05-17,,,Ismaning,correspondence,medium,review,typed excursion report signed 'E. Bezzel' (nest search)
start,26,55851137-ef99-4b8a-8ce9-c5c8728855f5_0023,r02,"<u>Ismaning, den 24./25.5.53</u>",1953-05-24,1953-05-25,,Ismaning,correspondence,medium,review,"typed two-day excursion report signed 'E.Bezel' (Bezzel, with Bernecker), inserted after the 30 May Kaufbeuren header"
start,26,55851137-ef99-4b8a-8ce9-c5c8728855f5_0029,r06,Ismaning den 4. 53,1953-06-04,,y,Ismaning,correspondence,low,review,"typed report (with H. Remold, Rathmayer) - left half of the sheet whose right half is on scan 28_R r03; day/month partly lost ('4. 53', read as 4.6.53 = Corpus Christi 1953, placed in the 6 June entry); transcription is hallucinated/repetitive after line 4"
start,26,55851137-ef99-4b8a-8ce9-c5c8728855f5_0044,r03,"<u>Ismaning,den 5.7.53</u>",1953-07-05,,,Ismaning,correspondence,medium,review,"typed excursion report (Bezzel style), announced on scan 43 r02"
start,26,55851137-ef99-4b8a-8ce9-c5c8728855f5_0053_L,r02,15. <u>August</u> 1933. <u>München</u>.,1933-08-15,,,München,field-day,high,auto-markup,day header with underline markup inside the date (missed by the detector)
start,26,55851137-ef99-4b8a-8ce9-c5c8728855f5_0063_L,r02,"I, Johannes, Geb.",1953-09-15,,y,,correspondence,low,review,"typed report announced in r01 ('Bericht von E[inhard Bezzel] aus [Ismaning] vom 15. IX. 1953:'); this capture is completely hallucinated (endless 'RECHTS, RECHTS'); same sheet is properly transcribed on scan 65 r03 - duplicate capture. Split mainly to keep the garbage out of the 17 Sept entry"
stop,26,55851137-ef99-4b8a-8ce9-c5c8728855f5_0065,r03,"<u>Ismaning,den 15.9.53</u>:",1953-09-15,,,Ismaning,correspondence,medium,review-duplicate,typed excursion report signed 'E. Zettel' (= E. Bezzel); good transcription of the sheet also captured on scan 63_L
start,26,55851137-ef99-4b8a-8ce9-c5c8728855f5_0065,r08,19. September - 1953. <u>München.</u>,1953-09-19,,,München,field-day,high,review,"regular day header, missed because of the dash between month and year"
start,26,55851137-ef99-4b8a-8ce9-c5c8728855f5_0073,r03,"Ismaning,den 20.9.53",1953-09-20,,,Ismaning,correspondence,medium,review,"typed report of the waterfowl count excursion (Remold, Rathmayer), signed 'E. Berrel' (= Bezzel); best capture of this sheet (fragments on scans 71_L, 72_R, 74)"
start,26,55851137-ef99-4b8a-8ce9-c5c8728855f5_0075,r04,Nur für ein paar Stunden am Nachmittag durch die ersten Ft zum Stand und,,,y,,correspondence,low,review,"second typed Bezzel report (signed 'E. Bezzel'), dateline not captured; refers to 'Am 23.9. ... Am 24.9.' as earlier observations and is inserted in the 28 Sept entry, so the excursion day lies between 24 and 28 Sept 1953 (probably Sat 26 or Sun 27 Sept)"
start,26,55851137-ef99-4b8a-8ce9-c5c8728855f5_0079,r02,"Vom Vkl(7.30,Uhr",1953-10-01,,y,,correspondence,medium,review,"cut-off left-half duplicate capture of the typed report whose full capture follows in r04 ('Ismaning,den 1.10.53', signed 'E. Bersel' = Bezzel); split at r02 so both captures leave the 6 Oct entry. Alternative split line: r04 'Ismaning,den 1.10.53'"
start,26,55851137-ef99-4b8a-8ce9-c5c8728855f5_0080_R,r03,12. <u>Oktober</u> 1953. <u>München</u>.,1953-10-12,,,München,field-day,high,auto-markup,day header with underline markup inside the date (missed by the detector)
start,26,55851137-ef99-4b8a-8ce9-c5c8728855f5_0085_R,r03,24. <u>Oktober 1953</u>.                            <u>München</u>.,1953-10-24,,,München,field-day,high,auto-markup,day header with underline markup inside the date (missed by the detector)
start,26,55851137-ef99-4b8a-8ce9-c5c8728855f5_0085_R,r04,26. <u>Oktober</u> 1953. <u>München</u>.,1953-10-26,,,München,field-day,high,auto-markup,day header with underline markup inside the date (missed by the detector)
start,26,55851137-ef99-4b8a-8ce9-c5c8728855f5_0088_L,r03,29. <u>Oktober</u> 1953.  <u>München</u>.,1953-10-29,,,München,field-day,high,review,day entry mainly recording reports received from H. Remold (Reichertshofen/Ismaning)
start,26,55851137-ef99-4b8a-8ce9-c5c8728855f5_0089_L,r03,30. <u>Oktober 1953.</u> <u>München.</u>,1953-10-30,,,München,field-day,high,auto-markup,day header with underline markup inside the date (missed by the detector)
start,26,55851137-ef99-4b8a-8ce9-c5c8728855f5_0097_L,r02,3. <u>Dezember</u> 1950.                                      <u>München</u>.,1950-12-03,,,München,field-day,high,auto-markup,day header with underline markup inside the date (missed by the detector)
start,26,55851137-ef99-4b8a-8ce9-c5c8728855f5_0097_R,r04,8. <u>Dezember 1953</u>. [München],1953-12-08,,,,field-day,high,auto-markup,day header with underline markup inside the date (missed by the detector)
start,26,55851137-ef99-4b8a-8ce9-c5c8728855f5_0098,r08,5. <u>November</u> 1953.                       <u>München.</u>,1953-11-05,,,München,field-day,high,auto-markup,day header with underline markup inside the date (missed by the detector)
start,26,55851137-ef99-4b8a-8ce9-c5c8728855f5_0099_L,r02,20. <u>Dezember 1953.</u>          <u>München.</u>,1953-12-20,,,München.,field-day,high,auto-markup,day header with underline markup inside the date (missed by the detector)
start,26,55851137-ef99-4b8a-8ce9-c5c8728855f5_0099_L,r05,25. <u>Dezember</u> 1953. <u>München</u>.,1953-12-25,,,München,field-day,high,auto-markup,day header with underline markup inside the date (missed by the detector)
start,26,55851137-ef99-4b8a-8ce9-c5c8728855f5_0099_L,r05,26. <u>Dezember</u> 1953. <u>München</u>.,1953-12-26,,,München,field-day,high,auto-markup,day header with underline markup inside the date (missed by the detector)
start,26,55851137-ef99-4b8a-8ce9-c5c8728855f5_0101_L,r02,- <u>Büchfink</u>: 10.5. Ismaning (A. Müller),1954-01-07,,y,,species-digest,medium,review,"list ""Frühlingserwachen 1953"" (first-song/arrival dates per species, many observers); its real header ""7. Januar 1954. München."" + title sit in a TableRegion on 0100_R outside the unit regions, so the split must happen at this first list line"
stop,26,55851137-ef99-4b8a-8ce9-c5c8728855f5_0114_R,r02,- <u>perlemher</u>: 167;,,,,,register,,auto-register,register begins on the page of the volume's last entry (before the reviewed register pages)
stop,26,55851137-ef99-4b8a-8ce9-c5c8728855f5_0115_L,r02,"- <u>Wiedehopf</u>: 147, 154, 160, 163;",,,,,register,,review,"species index with page numbers; register already begins before this page (0114, not in batch)"
stop,26,55851137-ef99-4b8a-8ce9-c5c8728855f5_0115_R,r02,"- <u>Große Raubmöwe</u>: i02, i03;",,,,,register,,review,species index with page numbers
stop,26,55851137-ef99-4b8a-8ce9-c5c8728855f5_0116_L,r02,- <u>Birkhuhn</u>:,,,,,register,,review,species index with page numbers
stop,26,55851137-ef99-4b8a-8ce9-c5c8728855f5_0116_R,r02,- <u>Kleiner Sumpfhuhn:</u>,,,,,register,,review,species index with page numbers
stop,26,55851137-ef99-4b8a-8ce9-c5c8728855f5_0117_L,r02,- <u>Lachseeschwalbe</u>: 57. 71.,,,,,register,,review,species index with page numbers
stop,26,55851137-ef99-4b8a-8ce9-c5c8728855f5_0117_R,r02,"- <u>Dunkler Wasserläufer</u> 4, 44, 47, 75, 82, 84, 88, 89, 90, 98, 99, 101, 103, 104, 106, 113, 119, 121, 124, 125, 152;",,,,,register,,review,species index with page numbers
stop,26,55851137-ef99-4b8a-8ce9-c5c8728855f5_0118_L,r02,"- <u>Sanderling</u>: 88, 95, 98, ioi;",,,,,register,,review,species index with page numbers
stop,26,55851137-ef99-4b8a-8ce9-c5c8728855f5_0118_R,r03,- <u>Nordmztäucher</u>:,,,,,register,,review,species index with page numbers
stop,26,55851137-ef99-4b8a-8ce9-c5c8728855f5_0119_L,r02,- <u>Eisenh.</u>: 161; 164; 165; 167;,,,,,register,,review,species index with page numbers
stop,26,55851137-ef99-4b8a-8ce9-c5c8728855f5_0119_R,r02,"- <u>Schmallente</u>: 8, 9, 13, 18, 20, 25, 27, 35, 38, 43,",,,,,register,,review,species index with page numbers
stop,26,55851137-ef99-4b8a-8ce9-c5c8728855f5_0120_L,r02,- <u>Eisvogel</u>: 3. 9. 12. 13. 17. 19. 20. 24. 27. 35. 38. 41. 44. 47. 48. 54. 60. 66. 70. 74. 82. 87. 90. 94. 98. 99. 100. 119. 121. 123. 124. 128. 129. 133. 135. 136.,,,,,register,,review,species index with page numbers
stop,26,55851137-ef99-4b8a-8ce9-c5c8728855f5_0120_R,r02,"- <u>Sperber</u>: 20, 74, 84, 90, 98, 103, 118, 120, 121, 123, 124, 130, 133, 154, 160;",,,,,register,,review,species index with page numbers
stop,26,55851137-ef99-4b8a-8ce9-c5c8728855f5_0121_L,r02,"- <u>Baumfalke</u>: 12, 35, 44, 47, 48, 84, 88, 90, 91; 98, 102.",,,,,register,,review,species index with page numbers
stop,26,55851137-ef99-4b8a-8ce9-c5c8728855f5_0121_R,r02,"- <u>Schwarzspecht</u>: 12, 44, 78, 109, 114, 152, 164;",,,,,register,,review,species index with page numbers
stop,26,55851137-ef99-4b8a-8ce9-c5c8728855f5_0122_L,r02,- <u>Rauchschwalbe</u>:,,,,,register,,review,species index with page numbers
stop,26,55851137-ef99-4b8a-8ce9-c5c8728855f5_0122_R,r02,"- <u>Blaukehlchen</u>: 13, 27, 37, 42, 47, 150;",,,,,register,,review,species index with page numbers
stop,26,55851137-ef99-4b8a-8ce9-c5c8728855f5_0123_L,r02,"- <u>Wacholdertrossel</u>: 3. 17. 24. 27. 28. 34. 35. 37; 42. 44. 47, 54. 60. 65. 90. 98. 99. 109. 110. 118; 121; 122. 124, 133. 134. 135. 149. 154. 160. 163. 166.",,,,,register,,review,species index with page numbers
stop,26,55851137-ef99-4b8a-8ce9-c5c8728855f5_0123_R,r02,- <u>Eisenteil:</u>,,,,,register,,review,species index with page numbers
stop,26,55851137-ef99-4b8a-8ce9-c5c8728855f5_0124_L,r02,"- <u>Grünammer</u>: 8, 11, 16, 23, 34, 41, 47, 50, 53, 64, 67, 81, 86, 110, 147;",,,,,register,,review,species index with page numbers
stop,26,55851137-ef99-4b8a-8ce9-c5c8728855f5_0124_R,r02,"- <u>Kohlmeise</u>: 16. 23. 34. 35. 37; 41; 47. 54, 67. 73. 81: 86. 90. 93. 98. 99; 107. 112, 118, 128; 132; 146. 159. 163.",,,,,register,,review,species index with page numbers
stop,26,55851137-ef99-4b8a-8ce9-c5c8728855f5_0125_L,r02,"<u>Feldlerche</u>: 2, 8, 13, 16, 20, 25, 27, 35, 37, 41, 47, 48,",,,,,register,,review,species index with page numbers
stop,26,55851137-ef99-4b8a-8ce9-c5c8728855f5_0125_R,r02,"- <u>Buchfink</u>: 2, 7, 13, 16, 20, 23, 27, 34, 35, 36, 41, 47, 49, 54, 98, 98, 103, 105, 111, 117, 127, 132, 142, 144, 163, 166, 167, 168.",,,,,register,,review,species index with page numbers
stop,26,55851137-ef99-4b8a-8ce9-c5c8728855f5_0126_L,r02,- <u>Kernbeißer</u>: 47; 143; 162; 167; 168.,,,,,register,,review,species index with page numbers
stop,26,55851137-ef99-4b8a-8ce9-c5c8728855f5_0127_R,r01,Kaut - Bullinger u. Co.,,,,,register,,review,stationer/binder label on back cover (end matter)
start,27,df300659-7845-4de6-aa0e-a53bce4c69ff_0022,r03,"<u>Ismaning,den 14.4.54.</u>",1954-04-14,,,Ismaning,correspondence,high,review,"typed excursion report inserted in the diary, signed ""E. Berrel."" (= E. Bezzel); numeric date missed"
start,27,df300659-7845-4de6-aa0e-a53bce4c69ff_0023_L,r02,<u>Erneuerung:</u> 10. IV. 54: <u>Kläpping</u>,1954-04-10,,,,correspondence,low,review,"handwritten block of reported observations for 10.IV.54 in the Ismaning ponds (Ab., K 2/5, 1. Insel) following the typed Bezzel report; ""Erneuerung"" probably OCR for ""Ergänzung""/""Ismaning"""
start,27,df300659-7845-4de6-aa0e-a53bce4c69ff_0031,r02,Sonnenring - Beobachtungen von,1954-04-22,,y,Ismaning,correspondence,high,review,"handwritten title (OCR-garbled, = ""Ismaninger Beobachtungen von Herrn Einhard Bezzel vom 22. IV. 54"") over the typed report ""Ismaning,den 22.4.54"" (r03) signed E. Bezzel; date taken from next line / typed header"
stop,27,df300659-7845-4de6-aa0e-a53bce4c69ff_0035,r02,Beobachtungen aus dem Erdinger,1954-04-29,,y,Ismaning,correspondence,medium,review-duplicate,"title of inserted E. Bezzel report; typed date here OCR-read ""20. 6. 54"" but the duplicate capture 0036 reads ""29.4.54"""
start,27,df300659-7845-4de6-aa0e-a53bce4c69ff_0036,r02,Beobachtungen aus dem Entinger-,1954-04-29,,y,Ismaning,correspondence,high,review,"title (OCR-garbled ""Erdinger Moos (Gfällach) und von Ismaning"") of the typed E. Bezzel report ""Ismaning,den 29.4.54"" (r04)"
start,27,df300659-7845-4de6-aa0e-a53bce4c69ff_0038,r01,Beobachtungen aus dem <u>Eutinger</u>,1954-05-05,,y,Ismaning,correspondence,high,review,"handwritten title (same as on 0036, OCR-garbled) above the typed report ""<u>Ismaning,den 5.5.54.</u>"" (r03), presumably by E. Bezzel; date from r03"
start,27,df300659-7845-4de6-aa0e-a53bce4c69ff_0048,r03,"I s m a n i n g,den 9.Mai 1954.",1954-05-09,,,Ismaning,correspondence,high,review,"pasted typed report ""gez. Heinz Remold"", introduced in r02 (""Am 9. V. beobachtete Heinz Remold in Ismaning folgende Arten:"") inside the 16 May 1954 excursion account"
start,27,df300659-7845-4de6-aa0e-a53bce4c69ff_0049_L,r02,Nachmittags gehen wir dann den gleichen,1954-05-16,,y,,field-day,medium,review,NOT a new diary day: resumption of the 16 May 1954 Sonntagsausflug account after the inserted Remold report of 9.5.; split so the following narrative and species list are not dated 9 May
start,27,df300659-7845-4de6-aa0e-a53bce4c69ff_0053_L,r03,26. <u>Mai</u> 1954.                    <u>München.</u>,1954-05-26,,,München.,field-day,high,auto-markup,day header with underline markup inside the date (missed by the detector)
start,27,df300659-7845-4de6-aa0e-a53bce4c69ff_0068,r02,"I s m a n i n g,den 23.Mai 1954.",1954-05-23,,,Ismaning,correspondence,high,review,typed report (Remold-style layout) brought by E. Bezzel on 11 Jun 1954
start,27,df300659-7845-4de6-aa0e-a53bce4c69ff_0068,r03,"I s m a n i n g,den 27.Mai 1954.",1954-05-27,,,Ismaning,correspondence,high,review,second typed report on the same sheet
start,27,df300659-7845-4de6-aa0e-a53bce4c69ff_0069_L,r02,26.\27.März 1934:,1954-05-26,1954-05-27,y,Ismaning,correspondence,medium,review,"OCR-damaged header (= ""Ismaning,den 26./27. Mai 1954:"", left edge of sheet cut off); content (Gelbspötter, Uferschwalbe, night at the hut with Dr. Wüst) confirms May 1954"
start,27,df300659-7845-4de6-aa0e-a53bce4c69ff_0069_R,r02,30.2.,1954-05-30,,y,Ismaning,correspondence,low,review,"OCR-damaged header, = ""Ismaning, den 30.5."" (full report on 0073; Nistkastenkontrolle, Grünling am Vkl, Gelbspötter am Goldachsee)"
start,27,df300659-7845-4de6-aa0e-a53bce4c69ff_0071,r03,"<u>Ismaning,den 26./27. Mai 1954:</u>",1954-05-26,1954-05-27,,Ismaning,correspondence,high,review,full typed report of E. Bezzel (night at the hut with Dr. Wüst)
start,27,df300659-7845-4de6-aa0e-a53bce4c69ff_0073,r02,"<u>Ismaning</u>,den 30.5.",1954-05-30,,y,Ismaning,correspondence,high,review,"typed E. Bezzel report (signed ""Eitel Berrel.""), year implied (1954)"
start,27,df300659-7845-4de6-aa0e-a53bce4c69ff_0081,r03,"Ismaning,den 17.6.",1954-06-17,,y,Ismaning,correspondence,high,review,typed E. Bezzel report inserted in the 18 Jun 1954 day; year implied
start,27,df300659-7845-4de6-aa0e-a53bce4c69ff_0082,r03,Adolf Müller machte mir die nach-,1954-06-18,,y,München,correspondence,medium,review,"resumption of Laubmann's 18 Jun 1954 day after the inserted Bezzel report: introduces Adolf Müller's typed notes (Haubenlerche at tram terminus, 27.V., 30.V.); split here so these notes are not dated 17.6.; location taken from covering entry"
start,27,df300659-7845-4de6-aa0e-a53bce4c69ff_0093,r02,"Mit W. RATHMAYER, A. SCHNELL u. H.",1954-06-27,,y,Ismaning,correspondence,high,review,"r02 is a partial (right-cut) capture of the typed E. Bezzel report whose date line is cut off; the full version follows in r03 with header ""Ismaning,den 27.6.54"". Split at r02 so the duplicate stays with the 27.6. report"
start,27,df300659-7845-4de6-aa0e-a53bce4c69ff_0099_R,r03,11.7.54,1954-07-11,,,,correspondence,medium,review,"date line of a typed E. Bezzel report (""Ismaning,den 11.7.54"", left part cut off in this capture; Ismaning ponds: Vkl, Ft, Ki)"
start,27,df300659-7845-4de6-aa0e-a53bce4c69ff_0103_R,r03,22. <u>Juli 1954</u>.                                     <u>München</u>.,1954-07-22,,,München,field-day,high,review,header missed because the underline starts after the day number
start,27,df300659-7845-4de6-aa0e-a53bce4c69ff_0107,r03,"Ismaning,den 24./25.7.54.",1954-07-24,1954-07-25,,Ismaning,correspondence,high,review,typed E. Bezzel report (two-day count)
start,27,df300659-7845-4de6-aa0e-a53bce4c69ff_0108_R,r02,30. <u>Juli</u> 1954.         <u>München</u>.,1954-07-30,,,München,field-day,high,auto-markup,day header with underline markup inside the date (missed by the detector)
start,27,df300659-7845-4de6-aa0e-a53bce4c69ff_0113,r01,Ismaninger Teichgebiet,1954-08-02,,y,Ismaninger Teichgebiet,correspondence,high,review,"title line of a typed excursion report; date on the next line ""Mo. 2.VIII.1954, 6.40 - ca. 20 Uhr"" (report announced in the 10 Aug 1954 entry as ""Bericht ... vom 2. und 3. VIII."")"
start,27,df300659-7845-4de6-aa0e-a53bce4c69ff_0126,r02,- Ismaninger Teichgebiet - München,,,,Ismaninger Teichgebiet - München,correspondence,medium,review,"typed report page in Dr. W. Wüst's style (running head, ""g.g."", Hirschau/Unterföhring, weather paragraph r04), probably page 2 of a report; date not visible. The intro at the end of the previous page (""Bericht von Freund ... aus Ismaning vom 22.VIII."") most likely refers to the Bezzel report ""Ismani"
start,27,df300659-7845-4de6-aa0e-a53bce4c69ff_0129,r02,"<u>Ismaning,den 22.8.54</u>",1954-08-22,,,Ismaning,correspondence,high,review,"typed E. Bezzel report (signed ""Erhard Borrel.""), probably the report ""vom 22.VIII."" announced before 0126"
stop,27,df300659-7845-4de6-aa0e-a53bce4c69ff_0130_L,r02,"3. VIII. 1945, 8.30 – 20.45 UHR",1954-08-29,,y,,correspondence,low,review-duplicate,"OCR-garbled date line of a partial duplicate capture of the report ""Speichersee-Begehung So. 29.VIII.1954, 8.30 - 20.45 Uhr"" (full on 0131: Rathmayer, Unterberger, same times)"
start,27,df300659-7845-4de6-aa0e-a53bce4c69ff_0131,r03,"528.<u>Speichersee-Begehung</u> So. 29.VIII.1954, 8.30 - 20.45 Uhr",1954-08-29,,,Ismaninger Speichersee,correspondence,high,review,"typed excursion report (with W. Schnetter, by bicycle from Nymphenburg; same author as the 2.VIII.1954 report on 0113); ""528."" is a running number"
start,27,df300659-7845-4de6-aa0e-a53bce4c69ff_0137,r02,4. <u>September 1954</u>. <u>Sonnabend</u>,1954-09-04,,,,field-day,high,auto-markup,day header with underline markup inside the date (missed by the detector)
start,27,df300659-7845-4de6-aa0e-a53bce4c69ff_0138,r02,"<u>Ismaning, den 28./29.8.54:</u>",1954-08-28,1954-08-29,,Ismaning,correspondence,high,review,"typed E. Bezzel report (signed ""Richard Perret.""), inserted after the 4 Sep 1954 entry"
start,27,df300659-7845-4de6-aa0e-a53bce4c69ff_0144_L,r02,Bericht von Fräulein Ehrbart-Appel,1954-09-05,,y,Ismaning,correspondence,medium,review,"OCR-garbled title = ""Bericht von Freund Einhard Bezzel aus Ismaning vom 5. IX.:"" (date on next line); r03 = the typed report (partial capture, ""Lamaning"" = Ismaning)"
stop,27,df300659-7845-4de6-aa0e-a53bce4c69ff_0150,r01,September 1954.     <u>München.</u>,1954-09-18,,y,München,field-day,low,review-duplicate,"day number cut off; the page (p.155) lies between 16 Sep (p.151) and 19 Sep (p.156); covering entry is already 18 Sep, so this is either 17 or 18 Sep (possibly a second capture of the covering 18 Sep header). Text: ""Regen, Regen, Regen."" + intro of the Bezzel report"
start,27,df300659-7845-4de6-aa0e-a53bce4c69ff_0150,r03,"Ismaning, den 11./12.9.54",1954-09-11,1954-09-12,,Ismaning,correspondence,high,review,typed E. Bezzel report (night on the hut with Remold and Pinkernelle)
start,27,df300659-7845-4de6-aa0e-a53bce4c69ff_0151_R,r02,Lansinger Teichgebiet,1954-09-18,,y,Ismaninger Teichgebiet,correspondence,medium,review,"""Lansinger"" = Ismaninger; species-list tail (""24 Arten"") of Dr. W. Wüst's report ""531. Speichersee-Begehung Sa. 18.IX.1954"", whose start and the intro ""20. September 1954 ... Bericht von Dr. Wüst vom 18. IX."" are on diary p.156 (dropped scans 0151_L/0152_L); this p.157 precedes p.156 in scan order"
start,27,df300659-7845-4de6-aa0e-a53bce4c69ff_0164,r02,"Ismaning, den 26.9.54",1954-09-26,,,Ismaning,correspondence,high,review,typed E. Bezzel report inserted in the 1 Oct 1954 entry
stop,27,df300659-7845-4de6-aa0e-a53bce4c69ff_0166_L,r02,- <u>Teichhuhn</u>: 162;,,,,,register,,review,"species index with page numbers; the register already begins on the preceding page (0165, not in batch: ""... 162."" lines), so the stop should ideally be placed there"
stop,27,df300659-7845-4de6-aa0e-a53bce4c69ff_0166_R,r02,"- <u>Mauersegler</u>: 150, 153, 155, 156, 158, 160, 162;",,,,,register,,review,species index with page numbers
stop,27,df300659-7845-4de6-aa0e-a53bce4c69ff_0167_L,r02,"- <u>Blässhuhn</u>: 139, 143, 144, 147, 149, 150, 154, 155, 156, 161, 162;",,,,,register,,review,species index with page numbers
stop,27,df300659-7845-4de6-aa0e-a53bce4c69ff_0167_R,r02,"- <u>Ringeltaube</u>: 128, 132, 134, 137, 140, 142, 144, 150, 154, 155, 162;",,,,,register,,review,species index with page numbers
stop,27,df300659-7845-4de6-aa0e-a53bce4c69ff_0168_L,r02,<u>Birkhuhn</u>:,,,,,register,,review,species index with page numbers
stop,27,df300659-7845-4de6-aa0e-a53bce4c69ff_0168_R,r02,- <u>Kleinsumpfhuhn</u>:,,,,,register,,review,species index with page numbers
stop,27,df300659-7845-4de6-aa0e-a53bce4c69ff_0169_L,r02,- <u>Uferschwalbe</u>:,,,,,register,,review,species index with page numbers
stop,27,df300659-7845-4de6-aa0e-a53bce4c69ff_0169_R,r02,"<u>dunkler Wasserläufer</u>: 48, 49, 53, 58, 116, 131,",,,,,register,,review,species index with page numbers
stop,27,df300659-7845-4de6-aa0e-a53bce4c69ff_0170_L,r02,- <u>Sandregenpfeifer</u>: 144.,,,,,register,,review,species index with page numbers
stop,27,df300659-7845-4de6-aa0e-a53bce4c69ff_0170_R,r02,- <u>Vorderländer:</u>,,,,,register,,review,species index with page numbers
stop,27,df300659-7845-4de6-aa0e-a53bce4c69ff_0171_L,r02,- <u>Eisente</u>:,,,,,register,,review,species index with page numbers
stop,27,df300659-7845-4de6-aa0e-a53bce4c69ff_0171_R,r02,- <u>Schnatterente</u>: 3. 6. 8. 10. 13. 17. 20. 22. 28. 32.,,,,,register,,review,species index with page numbers
stop,27,df300659-7845-4de6-aa0e-a53bce4c69ff_0172_L,r02,"- <u>Fischweiher</u>: 1, 2, 3, 13, 17, 20, 29, 32, 34, 35, 36,",,,,,register,,review,species index with page numbers
stop,27,df300659-7845-4de6-aa0e-a53bce4c69ff_0172_R,r02,"- <u>Sperber</u>: 29, 35, 49, 61, 77, 124, 125, 142.",,,,,register,,review,species index with page numbers
stop,27,df300659-7845-4de6-aa0e-a53bce4c69ff_0173_L,r02,- <u>Baumfalke</u>: 53. 92.,,,,,register,,review,species index with page numbers
stop,27,df300659-7845-4de6-aa0e-a53bce4c69ff_0173_R,r02,"- <u>Schwerpunkt</u>: 31, 37, 45, 46, 52, 57, 62, 68, 77, 95, 100, 117, 138;",,,,,register,,review,"species index with page numbers (species names badly garbled: ""Schwerpunkt"" = Schwarzspecht etc.)"
stop,27,df300659-7845-4de6-aa0e-a53bce4c69ff_0174_L,r02,- <u>Nachtigallen</u>,,,,,register,,review,species index with page numbers
stop,27,df300659-7845-4de6-aa0e-a53bce4c69ff_0174_R,r02,- <u>Blaukehlchen</u>: 21. 25. 29. 30. 34. 35. 36. 40. 42. 47. 53. 55. 58. 61. 66. 84. 86. 89. 92. 93. 116.,,,,,register,,review,species index with page numbers
stop,27,df300659-7845-4de6-aa0e-a53bce4c69ff_0175_L,r02,- <u>Wacholderdrossel</u>: 1. 28. 32. 35. 48. 55. 58. 84. 85,,,,,register,,review,species index with page numbers
stop,27,df300659-7845-4de6-aa0e-a53bce4c69ff_0175_R,r02,- <u>Kuckuck:</u>,,,,,register,,review,species index with page numbers
stop,27,df300659-7845-4de6-aa0e-a53bce4c69ff_0176_L,r02,"- <u>Rotkehlchen</u>: 46. 49. 52. 53. 58. 58. 60. 64, 77, 106, 120, 128, 132, 133, 142, 144, 158.",,,,,register,,review,species index with page numbers
stop,27,df300659-7845-4de6-aa0e-a53bce4c69ff_0176_R,r02,"- <u>Kohlmeise</u>: 4, 12, 16, 20, 28, 32, 40, 42, 46,",,,,,register,,review,species index with page numbers
stop,27,df300659-7845-4de6-aa0e-a53bce4c69ff_0177_L,r02,"- <u>Feldlerche</u>: 4, 6, 12, 20, 28, 32, 34, 40, 42, 46, 48,",,,,,register,,review,species index with page numbers
stop,27,df300659-7845-4de6-aa0e-a53bce4c69ff_0177_R,r02,- <u>Buchfink</u>: i. 2. 3. 4. i2. i6. i9. 28. 32. 38. 40. 42.,,,,,register,,review,species index with page numbers
stop,27,df300659-7845-4de6-aa0e-a53bce4c69ff_0178_L,r02,"- <u>Kernbeisser</u>: 38, 77, 106, 133,",,,,,register,,review,species index with page numbers
stop,27,df300659-7845-4de6-aa0e-a53bce4c69ff_0178_R,r01,"KAUT-BULLINGER & CO., K.G.",,,,,register,,review,stationer/binder label on back cover (end matter)
start,28,733b37c0-686b-46c0-8cf8-59b030cee225_0008,r02,München. 4. X. 1954,1954-10-04,,,München,correspondence,high,review,"handwritten covering note ""Lieber Alfred! ... Dein Walter"" (Dr. W. Wüst) accompanying the report"
start,28,733b37c0-686b-46c0-8cf8-59b030cee225_0008,r03,533.Speichersee-Begehung,1954-10-03,,y,Ismaninger Speichersee,correspondence,high,review,"typed report ""Jubiläumsexkursion 25 Jahre Ismaninger Teichgebiet"", date on the 3rd line ""So. 3.X.1954, 6.50 - 19.15 Uhr"""
start,28,733b37c0-686b-46c0-8cf8-59b030cee225_0011,r02,Großer Brachvogel: Einige fliegen sehen und hören; nachmittags fiel ein,1954-10-03,,y,Ismaninger Teichgebiet,correspondence,medium,review,"page 2 (species list) of Dr. W. Wüst's ""533. Speichersee-Begehung"" of 3.X.1954 (page 1 on 0008); separated from page 1 by the detected 6/7 Oct 1954 headers, so it needs its own split to keep the 3.X date"
start,28,733b37c0-686b-46c0-8cf8-59b030cee225_0014,r05,<u>8.</u> <u>Oktober</u> <u>1907.</u> <u>München.</u>,1907-10-08,,,München.,field-day,high,auto-markup,day header with underline markup inside the date (missed by the detector)
start,28,733b37c0-686b-46c0-8cf8-59b030cee225_0015,r02,"<u>ning, den 3.10.54.</u>",1954-10-03,,,Ismaning,correspondence,high,review,"cut-off ""Ismaning, den 3.10.54."" - typed E. Bezzel report of the jubilee excursion (announced in the 7 Oct 1954 entry, letter of 5.X)"
start,28,733b37c0-686b-46c0-8cf8-59b030cee225_0016,r02,9. <u>Oktober 1954.</u>	<u>München.</u>,1954-10-09,,,München,field-day,high,review,missed because the underline starts after the day number
start,28,733b37c0-686b-46c0-8cf8-59b030cee225_0016,r02,10. <u>Oktober 1954.</u>	<u>München.</u>,1954-10-10,,,München,field-day,high,review,
start,28,733b37c0-686b-46c0-8cf8-59b030cee225_0016,r02,11. <u>Oktober 1954.</u>	<u>München.</u>,1954-10-11,,,München,field-day,high,review,"ends with ""W. Wüst schickt mir den nachfolgenden Bericht aus Ismaning vom 10. X."""
start,28,733b37c0-686b-46c0-8cf8-59b030cee225_0017,r01,"So. 10. <u>X</u>. 1954, 9<sup>05</sup> - 18<sup>10</sup> h. [illegible]",1954-10-10,,,,correspondence,high,review,"typed Dr. W. Wüst report ""534.Speichersee-Begehung"" (by car with Prof. Hamp and Amann)"
start,28,733b37c0-686b-46c0-8cf8-59b030cee225_0020,r02,"Krickente: Dutzende in kleinen Flügen in den Ft., im Sps. und umherflie-",1954-10-10,,y,Ismaninger Teichgebiet,correspondence,medium,review,"page 2 of Dr. W. Wüst's 534. Speichersee-Begehung 10.X.1954 (page 1 on 0017); separated from page 1 by the detected 12/13 Oct 1954 headers, so it needs its own split"
stop,28,733b37c0-686b-46c0-8cf8-59b030cee225_0021,r03,tober 1954. <u>München.</u>,1954-10-12,,y,München,field-day,low,review-duplicate,"cut-off day header (""..tober 1954""), partial duplicate capture of one of Laubmann's day pages (probably 12 Oct, detected on scan 0018); split only to keep it out of the Wüst report"
start,28,733b37c0-686b-46c0-8cf8-59b030cee225_0021,r04,<u>Feber 1954</u>. <u>München</u>.,1954-10-13,,y,München,field-day,low,review,"OCR-damaged header (""..ber 1954""), duplicate capture of the 13 Oct 1954 text (Rauhfrost; Rotkehlchen in Menzing - same as page tail before 0019)"
start,28,733b37c0-686b-46c0-8cf8-59b030cee225_0030,r02,ber 1954. <u>München.</u>,1954-10-19,,y,München,field-day,medium,review,cut-off header ('Oktober'); text is a second transcription of the 19 Oct 1954 entry at scan 28_R (duplicate photo of the same diary page)
start,28,733b37c0-686b-46c0-8cf8-59b030cee225_0030,r03,535.Speichersee-Begehung,1954-10-18,,,Speichersee,correspondence,medium,review,"typed Ismaning report by W. Wüst, 'Mo. 18.X.1954', announced in the diary text ('schickt mir nachfolgenden Brief ... vom 18. X.')"
start,28,733b37c0-686b-46c0-8cf8-59b030cee225_0033,r02,Ismaninger Teichgebiet,1954-10-18,,y,Ismaninger Teichgebiet,correspondence,low,review,"not a new report: continuation (Schnatterente ... Star) of typed report no. 535 of 18.X.1954 started on scan 30 r03; photographed after the 20 Oct page, so it is currently glued to 20 Oct"
start,28,733b37c0-686b-46c0-8cf8-59b030cee225_0034,r03,Oktober 1954.    <u>München.</u>,1954-10-20,,y,München,field-day,medium,review,day number cut off; text is a second transcription of the 20 Oct 1954 entry (scan 31 r05) = duplicate photo
start,28,733b37c0-686b-46c0-8cf8-59b030cee225_0037,r02,"<u>Ismaning, den 17.10.54</u>",1954-10-17,,,Ismaning,correspondence,high,review,"pasted typed Ismaning report of 17.10.54 (numbered species list 1-69, addendum by Remold/Rathmayer)"
start,28,733b37c0-686b-46c0-8cf8-59b030cee225_0038,r06,24. <u>Oktober 1954.</u>                        <u>München.</u>,1954-10-24,,,München,field-day,high,auto-markup,day header with underline markup inside the date (missed by the detector)
start,28,733b37c0-686b-46c0-8cf8-59b030cee225_0039,r02,<u>Oktober-1954</u>. <u>München</u>. 27.,1954-10-22,,y,München,field-day,medium,review,day number lost ('27.' is probably the page number); text = 22 Oct entry (Stare im Garten) = duplicate of scan 35_R r02 / scan 38 r05
start,28,733b37c0-686b-46c0-8cf8-59b030cee225_0039,r03,<u>Oktober 1934.</u>           <u>München.</u>,1954-10-24,,y,München,field-day,medium,review,"OCR year '1934', day lost; text = 24 Oct entry (Forst with Karl, Schwarzmilane) = duplicate of scan 35_R r03"
start,28,733b37c0-686b-46c0-8cf8-59b030cee225_0039,r04,<u>October 1954.</u>	<u>München.</u>,1954-10-27,,y,München,field-day,medium,review,"day lost; text = 27 Oct entry (Frost, Ismaning-Bericht von W. Wüst) = duplicate of scan 35_R r04"
start,28,733b37c0-686b-46c0-8cf8-59b030cee225_0039,r05,"So. 24.X.1954, 7 - 19.30 Uhr",1954-10-24,,,,correspondence,medium,review,"typed report no. 536 Speichersee-Begehung by W. Wüst, announced in the 27 Oct entry"
start,28,733b37c0-686b-46c0-8cf8-59b030cee225_0042,r02,Ismaninger Teichgebiet,1954-10-24,,y,Ismaninger Teichgebiet,correspondence,low,review,"not a new report: page 27 (Reiherente ... Teichrohrsänger) of typed report no. 536 of So. 24.X.1954 (Saatgans, BEZZEL/REMOLD, Meisen caught at K2/3), photographed after the 28 Oct page"
start,28,733b37c0-686b-46c0-8cf8-59b030cee225_0043,r03,<u>Feber 1954.</u> <u>München.</u>,1954-10-28,,y,München,field-day,medium,review,"OCR-damaged header ('Feber' for Oktober, day lost); text = 28 Oct entry (Regen, 15-20 Stare, Adolf's 26.X report) = duplicate of scan 40_R r03"
start,28,733b37c0-686b-46c0-8cf8-59b030cee225_0045,r03,"I s m a n i n g,den 24.X.1954.    An Arten kamen zur Beobachtung: <u>Dohle</u>,am",1954-10-24,,,Ismaning,correspondence,high,review,"pasted typed report signed 'gez. Heinz Remold', announced on 29 Oct ('Freund Heinz Remold sendet mir folgenden Bericht')"
start,28,733b37c0-686b-46c0-8cf8-59b030cee225_0048,r02,"<u>Ismaning, den 1.11.54:</u>",1954-11-01,,,Ismaning,correspondence,high,review,"pasted typed report with Heinz Remold, numbered species list 1-67, signed 'E. Bessel' (= Einhard Bezzel)"
start,28,733b37c0-686b-46c0-8cf8-59b030cee225_0050_R,r04,13. <u>November 1954</u>. <u>München</u>.,1954-11-13,,,München,field-day,high,auto-markup,day header with underline markup inside the date (missed by the detector)
start,28,733b37c0-686b-46c0-8cf8-59b030cee225_0051,r03,"1) Rabenkrähe; 2) Saatkrähe, auch tagsüber dauernd einige am Schinderdamm",1954-11-06,,y,,correspondence,low,review,"garbled second transcription of Bezzel's typed report 'Ismaning, den 6.11.54' (clean version scan 52); sheet top covered, so no title line"
stop,28,733b37c0-686b-46c0-8cf8-59b030cee225_0051,r05,10. November-1954. <u>München</u>.,1954-11-10,,,München,field-day,high,review-duplicate,"not detected because of the hyphen; duplicate photo of scan 50_R r02 (10 Nov, Oberföhringer Wehr)"
start,28,733b37c0-686b-46c0-8cf8-59b030cee225_0052,r03,"<u>Ismaning, den 6.11.54</u>",1954-11-06,,,Ismaning,correspondence,high,review,"pasted typed report signed Eckhard Bezzel (with A. Gauckler), species list 1-43"
start,28,733b37c0-686b-46c0-8cf8-59b030cee225_0053_R,r03,den 7. November 1924.,1954-11-07,,y,,correspondence,medium,review,"Remold report 'Ismaning, den 7. November 1954' (OCR year 1924; clean version scan 55 r07), signed 'gez. Heinz Remold'"
start,28,733b37c0-686b-46c0-8cf8-59b030cee225_0053_R,r03,den 14. November 1924.,1954-11-14,,y,,correspondence,medium,review,"second Remold report, 14 Nov 1954 (OCR year 1924)"
start,28,733b37c0-686b-46c0-8cf8-59b030cee225_0060,r03,"Ferner beobachtete ich, ebenfalls aus zu großer Entfernung, eine Möwe",,,,,correspondence,low,review,"not a new report: 2nd page of W. Wüst's typed report no. 537 Speichersee-Begehung (title garbled on scan 57 r03, announced 17 Nov); report date not preserved (after 6.XI., before 17.XI.1954; snow weather suggests c. 16.XI.)"
start,28,733b37c0-686b-46c0-8cf8-59b030cee225_0064,r02,ember 1954.    <u>Mauerhaus</u>.,1954-11-21,,y,Mauerhaus,field-day,medium,review,"cut-off header ('[Nov]ember'); text = 21 Nov entry (strahlend schön, Isar walk to Großhesseloher Brücke) = duplicate of scan 61_R r03; lines above it end the 19 Nov entry"
start,28,733b37c0-686b-46c0-8cf8-59b030cee225_0064,r03,"So. 21.XI.1954, 7 - 18 Uhr",1954-11-21,,,,correspondence,high,review,"typed report no. 538 Speicherseebegehung (W. Wüst with Remold, Bezzel, Rathmayer)"
start,28,733b37c0-686b-46c0-8cf8-59b030cee225_0067,r02,Ismaninger Teichgebiet,1954-11-21,,y,Ismaninger Teichgebiet,correspondence,low,review,"not a new report: page 2 (Fischreiher ... Rabenkrähe) of typed report 538 of So. 21.XI.1954, photographed after the 24 Nov page"
start,28,733b37c0-686b-46c0-8cf8-59b030cee225_0069,r02,Ismaninger Moos,,,,Ismaninger Moos,species-digest,low,review,typed compilation of migration counts for one species at the Ismaning ponds Aug 1930 - Jan 1931 (probably continues the Goldregenpfeifer note on scan 65 r02); date not determinable; OCR reliability doubtful
start,28,733b37c0-686b-46c0-8cf8-59b030cee225_0069,r04,Ismaninger Teichgebiet                                              34,1954-11-21,,y,Ismaninger Teichgebiet,correspondence,low,review,"not a new report: last page (34) of typed report 538 of So. 21.XI.1954 (Saatkrähe ... Feldsperling, weather, Anatiden total), photographed after the 24 Nov page"
start,28,733b37c0-686b-46c0-8cf8-59b030cee225_0071_L,r02,<u>Sonnenschein</u>: 20.III. Perl. Forst,,,,,species-digest,low,review,"continuation of the compiled list 'Frühlingseinwanderer 1954' (species: date, place, observer) whose title/start is on scan 70_L r03 (TableRegion) and 70_R r02 ('Erlenzeisig: 19. 5. ...'), which is outside this batch - ideally the split belongs at 70_R r02; species labels on this half are garbled by"
start,28,733b37c0-686b-46c0-8cf8-59b030cee225_0073,r02,[illegible] i 9 5 4.       <u>München.</u>,1954-12-02,,y,München,field-day,medium,review,"date illegible; text = 2 Dec 1954 entry (dichter Nebel, report announced) = duplicate photo of scan 72_R r02"
start,28,733b37c0-686b-46c0-8cf8-59b030cee225_0073,r03,"Mo. 29.XI.1954, 10.25 - 18 Uhr",1954-11-29,,,,correspondence,high,review,typed report no. 539 Speichersee-Begehung by W. Wüst
start,28,733b37c0-686b-46c0-8cf8-59b030cee225_0076,r01,Ismaninger Teichgebiet,1954-11-29,,y,Ismaninger Teichgebiet,correspondence,low,review,"not a new report: page 36 (Reiherente ... Bergfink) of typed report 539 of Mo. 29.XI.1954 (start on scan 73 r03), photographed after the 4 Dec page"
start,28,733b37c0-686b-46c0-8cf8-59b030cee225_0077,r03,[illegible] 1954.                     <u>München.</u>,1954-12-03,,y,München,field-day,medium,review,"day/month illegible; text = 3 Dec 1954 entry (Zwergtaucher on the canal, Bergstelze, Wasseramsel) = duplicate of scan 74_R r03"
start,28,733b37c0-686b-46c0-8cf8-59b030cee225_0077,r04,[illegible] 1954.                              München.,1954-12-04,,y,München,field-day,medium,review,"day/month illegible; text = 4 Dec 1954 entry ('Frühlingshaftes Wetter', Demmel's letter, report of 28. XI. announced) = duplicate of scan 74_R r04"
start,28,733b37c0-686b-46c0-8cf8-59b030cee225_0079,r02,"I s m a n i n g,den 28.XI.1954.",1954-11-28,,,Ismaning,correspondence,high,review,"pasted typed report 'gez. H. Remold gemeinsam mit Rathmayer', announced in the 4 Dec entry"
start,28,733b37c0-686b-46c0-8cf8-59b030cee225_0079,r03,Dezember 1954.                              <u>München</u>,1954-12-06,,y,München,field-day,medium,review,"day number lost; text = 6 Dec 1954 entry (Morgens alles weiß, Feldmochinger Baggerseen, Schellente/Samtente, 's. S. 53') = duplicate of scan 80 r02"
start,28,733b37c0-686b-46c0-8cf8-59b030cee225_0082,r03,"I s m a n i n g,den 9.XII.1954.     Vom Föhringer Kanal durch die Ft.zum",1954-12-09,,,Ismaning,correspondence,high,review,"pasted typed report signed 'gez. Adolf Müller' (announced in the 11 Dec entry, scan 81_R)"
start,28,733b37c0-686b-46c0-8cf8-59b030cee225_0082,r05,<u>ber 1954.</u>               <u>Abendsonne.</u>,1954-12-13,,y,Abendsonne,field-day,medium,review,"cut-off header ('[Dezem]ber'); text = 13 Dec 1954 entry (bedeckt, dann aufklärend, Kanal bei Nymphenburg) = duplicate of scan 81_R r05"
start,28,733b37c0-686b-46c0-8cf8-59b030cee225_0084,r02,16. <u>Dezember 1954</u>.    <u>München</u>.,1954-12-16,,,München,field-day,high,auto-markup,day header with underline markup inside the date (missed by the detector)
start,28,733b37c0-686b-46c0-8cf8-59b030cee225_0084,r02,18. <u>Dezember 1954</u>.    <u>München</u>.,1954-12-18,,,München,field-day,high,auto-markup,day header with underline markup inside the date (missed by the detector)
start,28,733b37c0-686b-46c0-8cf8-59b030cee225_0087,r03,"So. 19.XII.1954, 7.30 - 17.10 Uhr",1954-12-19,,,,correspondence,high,review,"typed report no. 540 Speichersee-Begehung (W. Wüst with Bezzel, Remold), announced in the 20/21 Dec entry"
start,28,733b37c0-686b-46c0-8cf8-59b030cee225_0091,r03,"<u>I s m a n i n g,den 12.December 1954.</u>    An Arten beobachtet:",1954-12-12,,,Ismaning,correspondence,high,review,"pasted typed report 'gez. H. Remold gemeinsam mit Rathmayer', announced in the 22 Dec entry"
start,28,733b37c0-686b-46c0-8cf8-59b030cee225_0091,r04,<u>November</u> 1954.    <u>München</u>.,1954-12-24,,y,München,field-day,medium,review,"month misread ('November'), day lost; text = 24 Dec 1954 entry (Sturm 160 km/h, Heiliger Abend, Karte vom 22. XII., Tannenhäher) = duplicate of scan 88_R r04"
start,28,733b37c0-686b-46c0-8cf8-59b030cee225_0094,r02,Ismaninger Teichgebiet,1954-12-29,,,Ismaninger Teichgebiet,correspondence,high,review,"typed report no. 541 Speichersee-Begehung 'Mi. 29.XII.1954' by W. Wüst (first Zwergschwäne), announced in the 30 Dec 1954 entry"
start,28,733b37c0-686b-46c0-8cf8-59b030cee225_0109,r02,"I s m a n i n g,den 5.I.1955.",1955-01-05,,,Ismaning,correspondence,high,review,pasted typed report by Heinz Remold (with Rathmayer and Krauß)
start,28,733b37c0-686b-46c0-8cf8-59b030cee225_0109,r03,"I s m a n i n g,den 8.I.1955.",1955-01-08,,,Ismaning,correspondence,high,review,"second pasted typed report, signed 'gez. Heinz Remold'"
start,28,733b37c0-686b-46c0-8cf8-59b030cee225_0123,r01,Ismaninger Teichgebiet                                              53,1955-02-02,,,Ismaninger Teichgebiet,correspondence,high,review,"typed report no. 543 Speichersee-Begehung 'Mi. 2.II.1955' by W. Wüst, announced in the 3 Feb entry"
start,28,733b37c0-686b-46c0-8cf8-59b030cee225_0123,r03,ar 1955. <u>München</u>.,1955-02-03,,y,München,field-day,medium,review,cut-off header ('[Febru]ar 1955'); text = 3 Feb 1955 entry ('Frühlings-Regentag. Bericht von Walter Wüst ...') = duplicate of scan 120_R r02 / 122 r05
start,28,733b37c0-686b-46c0-8cf8-59b030cee225_0126,r02,Ismaninger Teichgebiet                                              54,1955-02-02,,y,Ismaninger Teichgebiet,correspondence,low,review,"not a new report: page 54 (Beutelmeise end ... 43. Feldsperling, weather) of typed report 543 of Mi. 2.II.1955, photographed after the 7 Feb page"
start,28,733b37c0-686b-46c0-8cf8-59b030cee225_0128,r02,"I s m a n i n g,den 16.I.1955: <u>Rabenkrähe</u>,ca.50 in Unterföhring; <u>Saatkrähe</u>",1955-01-16,,,Ismaning,correspondence,high,review,first of '3 Sonntags-Berichte' by Heinz Remold announced in the 7 Feb entry
start,28,733b37c0-686b-46c0-8cf8-59b030cee225_0128,r03,"I s m a n i n g,den 23.I.1955: <u>Rabenkrähe</u>,einzeln; <u>Saatkrähe</u>,ca.2000 mit",1955-01-23,,,Ismaning,correspondence,high,review,second Remold report (line above it ends the 16.I report)
start,28,733b37c0-686b-46c0-8cf8-59b030cee225_0128,r04,"I s m a n i n g,den 30.I.1955: <u>Rabenkrähe</u>,einzeln; <u>Elster</u>,einzeln; <u>Ei-</u>",1955-01-30,,,Ismaning,correspondence,high,review,"third Remold report, signed 'gez. Heinz Remold'"
start,28,733b37c0-686b-46c0-8cf8-59b030cee225_0131,r03,"Ismaning, den 5.2.55.",1955-02-05,,,Ismaning,correspondence,high,review,"typed report signed E. Bezzel, announced by the r02 line ('Nachfolgend ein Ismaning-Bericht von Einhard Bezzel vom 5. II.', 8 Feb entry)"
start,28,733b37c0-686b-46c0-8cf8-59b030cee225_0136,r01,"So. 20.II.1955, 9 - 17.45 Uhr",1955-02-20,,,,correspondence,high,review,typed report no. 544 Speichersee-Begehung by W. Wüst (clean version; garbled copy on scan 135 r05)
start,28,733b37c0-686b-46c0-8cf8-59b030cee225_0136,r03,[?] 1955. <u>München</u>. <sup>89.</sup>,1955-02-20,,y,München,field-day,medium,review,"date lost ('89.' = page number); text = 20 Feb 1955 entry (Tiefer Winter, Isar bei der Klausenbrücke, 3 Wasserpieper) = duplicate of scan 132_R r02"
start,28,733b37c0-686b-46c0-8cf8-59b030cee225_0136,r04,"ruar 1955, <u>München.</u>",1955-02-21,,y,München,field-day,medium,review,"cut-off '[Feb]ruar 1955,'; text (Nachts Schneefall, 16 h first Buchfink singing at the Tierparkbrücke) fits the 21 Feb 1955 entry (header with comma on scan 132_R r03; body on 135 r05 garbled)"
start,28,733b37c0-686b-46c0-8cf8-59b030cee225_0136,r05,<sup>2</sup><u>ruar 1955.</u> <u>München.</u>,,,,München,field-day,low,review,"cut-off '[Feb]ruar 1955'; a later February day (Tiefer Winter, Buchfinken singing in gardens) with no detected header anywhere - between 22 and 28 Feb 1955 (superscript '2' may be the first digit of the day)"
start,28,733b37c0-686b-46c0-8cf8-59b030cee225_0138,r02,Ismaninger Teichgebiet                                                               59,1955-02-20,,y,Ismaninger Teichgebiet,correspondence,low,review,"not a new report: last page (59) of typed report 544 of So. 20.II.1955 (Kraftwerk Finsing, Tafelberg, 43 species, snow/weather), photographed after the 2 Mar page"
start,28,733b37c0-686b-46c0-8cf8-59b030cee225_0140,r02,"I s m a n i n g,den 6.II.1955: Wetter bedeckt,1-5 Grad über Null.<u>Rabenkrähe</u>,",1955-02-06,,,Ismaning,correspondence,high,review,typed Remold report; the handwritten lines above ('Nachträgliche Beobachtungs-Berichte von Heinz Remold vom 6. und 13. II.') are the diary's announcement
start,28,733b37c0-686b-46c0-8cf8-59b030cee225_0140,r02,"I s m a n i n g,den 13.II.1955: Wechsel von Schneeschauern mit heiterem Wet-",1955-02-13,,,Ismaning,correspondence,high,review,"second Remold report, signed 'gez. Heinz Remold'"
start,28,733b37c0-686b-46c0-8cf8-59b030cee225_0147,r04,19. März,1955-03-19,,y,,field-day,medium,review,"cut-off column, year missing; duplicate of the 19 Mar 1955 entry (scan 146_L r03)"
start,28,733b37c0-686b-46c0-8cf8-59b030cee225_0147,r04,21. März,1955-03-21,,y,,field-day,medium,review,"cut-off column, year missing; duplicate of the 21 Mar 1955 entry (scan 146_L r04, '... Bericht von H. Wüst:')"
start,28,733b37c0-686b-46c0-8cf8-59b030cee225_0147,r05,"<u>Gänsesäger, Mittelsäger</u>.",1955-03-16,,y,,correspondence,low,review,garbled fragment of W. Wüst's typed report 545 (Mi. 16.III.1955; clean start on scan 148)
start,28,733b37c0-686b-46c0-8cf8-59b030cee225_0148,r02,Ismaninger Teichgebiet,1955-03-16,,,Ismaninger Teichgebiet,correspondence,high,review,"typed report no. 545 Speicherseebegehung 'Mi. 16.III.1955' by W. Wüst (date line in r04), announced in the 21 Mar entry"
start,28,733b37c0-686b-46c0-8cf8-59b030cee225_0153,r02,"Ismaning, den 19.3.55",1955-03-19,,,Ismaning,correspondence,high,review,"typed report signed Bezzel (numbered species 1-51), announced in the 21 Mar entry"
start,28,733b37c0-686b-46c0-8cf8-59b030cee225_0156,r03,"So. 20.III.1955, 9 - 17.47 Uhr",1955-03-20,,,,correspondence,high,review,"typed report no. 546 Speichersee-Begehung by W. Wüst (with Remold, Rathmayer), announced in the 23 Mar entry ('Bericht von Wüst aus Ismaning vom 20. III.')"
start,28,733b37c0-686b-46c0-8cf8-59b030cee225_0159,r02,Ismaninger Teichgebiet,1955-03-20,,y,Ismaninger Teichgebiet,correspondence,low,review,"not a new report: last page of typed report 546 of So. 20.III.1955 (Saatgänse ... 49. Feldsperling, weather), photographed after the 24/25 Mar page"
start,28,733b37c0-686b-46c0-8cf8-59b030cee225_0160_L,r03,15.30 bis 17.00 Uhr,1955-03-23,,y,,correspondence,medium,review,"typed report no. 547 Speichersee-Begehung; date line cut off here, full line 'Mi. 23.III.1955, 15.30 bis 17.00 Uhr' on scan 161 r03"
start,28,733b37c0-686b-46c0-8cf8-59b030cee225_0161,r03,"Mi. 23.III.1955, 15.30 bis 17.00 Uhr",1955-03-23,,,,correspondence,high,review,clean first page of W. Wüst's report 547 (second photo of the sheet on scan 160_L)
start,28,733b37c0-686b-46c0-8cf8-59b030cee225_0173,r02,"Mi. 6.IV.1955, 7.15 bis 20 Uhr",1955-04-06,,,,correspondence,high,review,"typed report no. 548 Speichersee-Begehung by W. Wüst, announced in the 13 Apr entry ('nachfolgende Berichte aus Ismaning vom 6. und 8. IV.')"
start,28,733b37c0-686b-46c0-8cf8-59b030cee225_0178,r05,Do. 7.IV.1955,1955-04-07,,,München,correspondence,medium,review,"short dated addendum by W. Wüst at the end of report 548 (München: Türkentaube balzt, Amsel brütet; weather) - last line of r05, continues in r06"
start,28,733b37c0-686b-46c0-8cf8-59b030cee225_0179_L,r02,22 2. + 2 - 18.2 Uhr,1955-04-08,,y,,correspondence,medium,review,"garbled (mirrored) first page of W. Wüst's report 549 'Kar-Fr. 8.IV.1955, 6.45 - 18.15 Uhr' (Führung with Kurt Wagner / Christian Science group; clean version scan 181)"
stop,28,733b37c0-686b-46c0-8cf8-59b030cee225_0181,r03,Ismaninger Teichgebiet                                                         77,1955-04-08,,,Ismaninger Teichgebiet,correspondence,high,review-duplicate,"clean first page (77) of W. Wüst's report 549 'Kar-Fr. 8.IV.1955, 6.45 - 18.15 Uhr' (second photo of the sheet garbled on scan 179_L)"
start,28,733b37c0-686b-46c0-8cf8-59b030cee225_0186,r03,[illegible] 1955. <u>München.</u>,1955-04-16,,y,München,field-day,medium,review,"date illegible; text = 16 Apr 1955 entry ('Tiefer Winter, bis 15-20 cm Schnee') = duplicate of scan 183_R r03"
start,28,733b37c0-686b-46c0-8cf8-59b030cee225_0189,r03,"Ismaning,den 5.IV.1955:Begehung des Speichersee-Geländes nebst Umgebung:",1955-04-05,,,Ismaning,correspondence,high,review,"first of a set of typed Remold reports (5., 7., 8., 18. IV. 1955; signed on scan 190)"
start,28,733b37c0-686b-46c0-8cf8-59b030cee225_0190,r02,"Ismaning,den 7.April 1955. Vom Birkenhof zum Abfanggraben und an diesem ent-",1955-04-07,,,Ismaning,correspondence,high,review,"Remold report 7 Apr 1955 (Birkenhof, Aschheimer Wäldchen, Zengermoos)"
start,28,733b37c0-686b-46c0-8cf8-59b030cee225_0190,r02,"Ismaning,den 8.April 1955.Neben anderen Arten:Kolbenente,l M.,2 W.im Vkl.;",1955-04-08,,,Ismaning,correspondence,high,review,short Remold note for 8 Apr 1955 (+ Easter Waldschnepfen near Kufstein)
start,28,733b37c0-686b-46c0-8cf8-59b030cee225_0190,r02,Feldmochinger Baggersee am 18.April 1955. 3 Hänflinge;7 Schafstelzen;ca 15,1955-04-18,,,Feldmochinger Baggersee,correspondence,high,review,"Remold note 18 Apr 1955, signed 'Heinz Remold'"
start,28,733b37c0-686b-46c0-8cf8-59b030cee225_0190,r03,[illegible] 1955. <u>München.</u>,1955-04-22,,y,München,field-day,medium,review,"date illegible; text = 22 Apr 1955 entry (visit to Wüst, Fischreiher colony) = duplicate of scan 188_R r03"
start,28,733b37c0-686b-46c0-8cf8-59b030cee225_0195,r03,Beobachtungen in Eching und Moosburg.,1955-04-09,,y,Eching und Moosburg,correspondence,high,review,title of Rathmayer's typed April report; first section '9.IV.Eching und Moosburg.' follows directly (year from context 1955)
start,28,733b37c0-686b-46c0-8cf8-59b030cee225_0195,r03,11.IV.Eching und Moosburg.,1955-04-11,,y,Eching und Moosburg,correspondence,high,review,year-less dated section of the same report
start,28,733b37c0-686b-46c0-8cf8-59b030cee225_0195,r03,18.IV.Eching und Moosburg.,1955-04-18,,y,Eching und Moosburg,correspondence,high,review,"year-less dated section; the addenda (Seeadler 9.IV., Schwäne 24.IV.) stay with it"
start,28,733b37c0-686b-46c0-8cf8-59b030cee225_0195,r03,"An der Gfällach am 3.und 5.IV.: ca.5 Grauammern,5 Wiesenpieper,1 P.Rot",1955-04-03,1955-04-05,y,Gfällach,correspondence,medium,review,"two days (3. and 5. IV.), incl. Zengermoos 5.IV."
start,28,733b37c0-686b-46c0-8cf8-59b030cee225_0195,r03,17.IV.Am Kammermüller-Weiher in den Isarauen Freising Steinschmätzer,1955-04-17,,y,"Kammermüller-Weiher, Isarauen Freising",correspondence,medium,review,last dated section of the report
start,28,733b37c0-686b-46c0-8cf8-59b030cee225_0198,r02,"I s m a n i n g,den 24.April 1955: Speichersee-Wb.,Vkl.,K2/1 - K2/4:Raben-",1955-04-24,,,Ismaning,correspondence,high,review,pasted typed Remold report
start,28,733b37c0-686b-46c0-8cf8-59b030cee225_0198,r03,"1.Mai Wb.und Ft.:Rabenkrähe; Elster; Star; Stieglitz,1 Gr.Schilff.,6 Kies-",1955-05-01,,y,Wb. und Ft. (Ismaning),correspondence,high,review,"second Remold report, year implied, signed 'Heinz Remold'"
start,28,733b37c0-686b-46c0-8cf8-59b030cee225_0202,r01,"Fr. 29.IV.1955, 7.35 - 21 Uhr",1955-04-29,,,,correspondence,high,review,"typed report no. 551 Speichersee-Begehung by W. Wüst, announced in the 11 May entry ('Nachfolgend Berichte aus Ismaning von Walter Wüst'); garbled first copy on scan 201_R"
start,28,733b37c0-686b-46c0-8cf8-59b030cee225_0209,r03,8./9.V.1955,1955-05-08,1955-05-09,,,correspondence,medium,review,title line of W. Wüst's report 553 (So. 8.V. evening + Mo. 9.V.); the list below is a garbled/partly hallucinated transcription (clean version scans 210-213)
start,28,733b37c0-686b-46c0-8cf8-59b030cee225_0210,r04,"Mo. 9.V.1955, 4.30 bis 20.30 Uhr",1955-05-09,,,,correspondence,high,review,second (9 May) part of report 553; Wüst meets Laubmann and Ad. Kl. Müller
stop,28,733b37c0-686b-46c0-8cf8-59b030cee225_0211,r02,8./9.V.1955,1955-05-08,1955-05-09,,,correspondence,high,review-duplicate,"clean title of report 553 Speicherseebegehung 'So. 8.V.1955, 18.10 bis ca.21.45 Uhr' (overnight at the Tafelberg hut) - second photo of the sheet"
start,28,733b37c0-686b-46c0-8cf8-59b030cee225_0216,r03,Ismaninger Teichgebiet                                              97,1955-05-09,,y,Ismaninger Teichgebiet,correspondence,medium,review,"not a new report: last page (97) of W. Wüst's report 553 (9.V.1955 part): list continues scan 213 (Beutelmeise -> Wacholderdrossel), Trauerschnäpper ringed K 2484 (after K 2483 of 29.IV), weather mentions moonrise 'gestern abend' after the night at the hut; 75 Arten"
start,28,733b37c0-686b-46c0-8cf8-59b030cee225_0222,r03,"<u>Ismaning, den 19.5.55.</u>",1955-05-19,,,Ismaning,correspondence,high,review,"Bezzel's typed report (with Remold, Hantge), announced in the 25 May entry ('Berichte über seine Ismaning-Touren vom 19.V. und 21.V.')"
start,28,733b37c0-686b-46c0-8cf8-59b030cee225_0223,r03,"Ismaning, den 22.5.55.",1955-05-21,,y,Ismaning,correspondence,medium,review,"variant transcription of Bezzel's report 'Ismaning, den 21.5.55' (clean on scan 224 r03; diary announces 19.V. and 21.V.) - '22' is an OCR error"
start,28,733b37c0-686b-46c0-8cf8-59b030cee225_0224,r03,"<u>Ismaning, den 21.5.55</u>",1955-05-21,,,Ismaning,correspondence,high,review,"Bezzel's second report (with Winkler, Altner, Hantge), clean transcription"
start,28,733b37c0-686b-46c0-8cf8-59b030cee225_0228,r02,"<u>Ismaning, den 28.5.55.</u>",1955-05-28,,,Ismaning,correspondence,high,review,"typed Bezzel report (with Bernecker), species 1-57"
start,28,733b37c0-686b-46c0-8cf8-59b030cee225_0232,r02,"<u>Ismaning, den 2.6.55</u>",1955-06-02,,,Ismaning,correspondence,high,review,"Bezzel's report (with W. Kraus, Nachtigall, E. Winkler), announced in the 8 Jun entry ('2 schöne Ismaning-Berichte von Einhard Bezzel vom 2. und 5. VI.')"
start,28,733b37c0-686b-46c0-8cf8-59b030cee225_0233,r02,"<u>Ismaning, den 2.6.55!</u>",1955-06-02,,,Ismaning,correspondence,high,review,"clean transcription of Bezzel's report of 2.6.55 (second photo of the sheet), species 1-55"
start,28,733b37c0-686b-46c0-8cf8-59b030cee225_0235,r02,"<u>Ismaning, den 5.6.55</u>",1955-06-05,,,Ismaning,correspondence,high,review,"Bezzel's second report, species 1-42"
stop,28,733b37c0-686b-46c0-8cf8-59b030cee225_0237_L,r02,"- <u>Schwalbe</u>: 130, 161, 162, 164,",,,,,register,,review,"species register (index with page numbers) at the end of vol. 28; the register actually begins on scan 236_R r02 ('<u>Feldlerche:</u> 161, 162,'), outside this batch, right after the 9 Jun 1955 entry on 236_L - the stop should be placed there"
stop,28,733b37c0-686b-46c0-8cf8-59b030cee225_0237_R,r02,"- <u>Heckenbraunelle</u>: 109, 111, 112, 117, 119, 121, 124,",,,,,register,,review,species register (index with page numbers) at the end of vol. 28
stop,28,733b37c0-686b-46c0-8cf8-59b030cee225_0238_L,r02,"<u>Amsel</u>: 98, 99, 100, 102, 105, 107, 112, 114, 117, [?]",,,,,register,,review,species register (index with page numbers) at the end of vol. 28
stop,28,733b37c0-686b-46c0-8cf8-59b030cee225_0238_R,r02,"<u>Wasserpieper</u>: 87, 88, 89, 91, 93, 94, 98, 99, 102, 107,",,,,,register,,review,species register (index with page numbers) at the end of vol. 28
stop,28,733b37c0-686b-46c0-8cf8-59b030cee225_0239_L,r02,<u>Birkhühner</u> 9;,,,,,register,,review,"species register (index with page numbers) at the end of vol. 28; second, systematic part of the index (Birkhühner ... with 'p. 165' marginal numbers)"
stop,28,733b37c0-686b-46c0-8cf8-59b030cee225_0239_R,r02,<u>Kleiner Sumpfhuhn</u>:,,,,,register,,review,species register (index with page numbers) at the end of vol. 28
stop,28,733b37c0-686b-46c0-8cf8-59b030cee225_0240_L,r02,<u>Lachseeschwalbe:</u>,,,,,register,,review,species register (index with page numbers) at the end of vol. 28
stop,28,733b37c0-686b-46c0-8cf8-59b030cee225_0240_R,r02,"<u>Dunkler Wasserläufer</u>: 6, 8, 12, 21, 24, 26, 28",,,,,register,,review,species register (index with page numbers) at the end of vol. 28
stop,28,733b37c0-686b-46c0-8cf8-59b030cee225_0241,r02,<u>Sandperling</u>:,,,,,register,,review,"species register (index with page numbers) at the end of vol. 28; OCR garbles several species names (e.g. '-zucker' = '-taucher', '-be' = '-ente', '-punkt' = '-specht')"
stop,28,733b37c0-686b-46c0-8cf8-59b030cee225_0242,r02,<u>Eisenbe:</u>,,,,,register,,review,"species register (index with page numbers) at the end of vol. 28; OCR garbles several species names (e.g. '-zucker' = '-taucher', '-be' = '-ente', '-punkt' = '-specht')"
stop,28,733b37c0-686b-46c0-8cf8-59b030cee225_0243_L,r02,<u>Eishaeher</u>: 3. 5. 8. 9. 11. 14. 18. 22. 23. 26. 27. 30,,,,,register,,review,species register (index with page numbers) at the end of vol. 28
stop,28,733b37c0-686b-46c0-8cf8-59b030cee225_0243_R,r02,<u>Seeadler:</u> 5. 8. 9. 12. 22. 26. 28. 31. 33. 39. 52. 57. 58.,,,,,register,,review,species register (index with page numbers) at the end of vol. 28
stop,28,733b37c0-686b-46c0-8cf8-59b030cee225_0244,r02,"<u>Baumfalke</u>: 118, 133, 152, 164,",,,,,register,,review,"species register (index with page numbers) at the end of vol. 28; OCR garbles several species names (e.g. '-zucker' = '-taucher', '-be' = '-ente', '-punkt' = '-specht')"
stop,28,733b37c0-686b-46c0-8cf8-59b030cee225_0245_L,r02,<u>Nachtschwalbe</u>:,,,,,register,,review,species register (index with page numbers) at the end of vol. 28
stop,28,733b37c0-686b-46c0-8cf8-59b030cee225_0245_R,r02,"<u>Blaumehlchen</u>: 50, 107, 109, 117, 119, 124, 125,",,,,,register,,review,species register (index with page numbers) at the end of vol. 28
stop,28,733b37c0-686b-46c0-8cf8-59b030cee225_0246_L,r02,<u>Uferschwalbe</u>: 3. 6. 8. 9. 12. 21. 22. 26. 28. 31.,,,,,register,,review,species register (index with page numbers) at the end of vol. 28
stop,28,733b37c0-686b-46c0-8cf8-59b030cee225_0246_R,r02,<u>süßentwie</u>:,,,,,register,,review,species register (index with page numbers) at the end of vol. 28
stop,28,733b37c0-686b-46c0-8cf8-59b030cee225_0247_L,r02,"<u>Rotrückenwürger</u>: 6, 8, 48, 138, 142, 145, 146,",,,,,register,,review,species register (index with page numbers) at the end of vol. 28
stop,28,733b37c0-686b-46c0-8cf8-59b030cee225_0247_R,r02,<u>Kohlmeise:</u> 2. 6. 8. 12. 17. 22. 24. 26. 28. 31. 33.,,,,,register,,review,species register (index with page numbers) at the end of vol. 28
stop,28,733b37c0-686b-46c0-8cf8-59b030cee225_0248_L,r02,<u>Rotkehlchen</u>: 2. 6. 8. 9. 12. 16. 22. 24. 26. 28. 31. 37.,,,,,register,,review,species register (index with page numbers) at the end of vol. 28
stop,28,733b37c0-686b-46c0-8cf8-59b030cee225_0248_R,r02,"<u>Buchfink</u>: 7, 8, i6, 22, 25, 26, 29, 30, 3i, 33, 36,",,,,,register,,review,species register (index with page numbers) at the end of vol. 28
stop,28,733b37c0-686b-46c0-8cf8-59b030cee225_0249_L,r02,<u>Kernbeißer</u>: 19. 22. 74. 77. 83. 85. 88. 90. 9[?],,,,,register,,review,species register (index with page numbers) at the end of vol. 28
start,29,7896ddd3-74f8-4374-92f3-aba32dccf03b_0013_L,r02,"einige <u>Inselwatt</u>östlich von Tafelberg, steht",1955-06-16,1955-06-17,y,,correspondence,low,review,"garbled (column-mixed) first page of W. Wüst's report no. 555 'Speichersee-Begehung 16./17.VI.1955' (clean on scan 15), directly after the announcement at the end of the 19 Jun entry (scan 12_R, OCR '9. Juni'); title/date line lost"
start,29,7896ddd3-74f8-4374-92f3-aba32dccf03b_0015,r02,- Ismaninger Teichgebiet,1955-06-16,1955-06-17,,Ismaninger Teichgebiet,correspondence,high,review,"clean first page of W. Wüst's report '555.Speichersee-Begehung 16./17.VI.1955, Do. 16.VI.1955, 9 bis ca. 21 Uhr' (overnight at the Stationshütte)"
start,29,7896ddd3-74f8-4374-92f3-aba32dccf03b_0020,r04,"             Fr. 17.VI.1955, 4.50 bis 13.20 Uhr",1955-06-17,,,,correspondence,high,review,"second (17 Jun) part of W. Wüst's report 555: morning at the hut, Rallenreiher shown by Rathmayer/Remold/Hantge"
start,29,7896ddd3-74f8-4374-92f3-aba32dccf03b_0031,r03,"<u>Ismaning, den 17.6.55</u>",1955-06-17,,,Ismaning,correspondence,high,review,"Enclosed typed Ismaning report announced in the 28 June entry ('Berichte aus Ismaning vom 9. und 17. VI.'); r05 is Laubmann's own 28 June text (Richard's 19 VI obs., announcement of Walter's 25./26. VI report)."
start,29,7896ddd3-74f8-4374-92f3-aba32dccf03b_0034,r02,Sa./So. 25./26.VI.1955,1955-06-25,1955-06-26,,,correspondence,high,review,"Walter's report '557. Speichersee-Begehung' (Ismaninger Speichersee), announced at end of 28 June entry."
start,29,7896ddd3-74f8-4374-92f3-aba32dccf03b_0036,r03,"So. 26.Juni 1955, ca.",1955-06-26,,,,correspondence,medium,review,"Sunday section of Walter's two-day report no. 557 (Sa./So. 25./26.VI.1955): own narrative ('ALTNER und ich standen um 5.30 auf', continued in right-column region r07) and own species list. r02 = end of the Saturday list. If day sections inside one report should not be split, treat as continuation."
start,29,7896ddd3-74f8-4374-92f3-aba32dccf03b_0041,r03,Mi./Do. 29./30.VI.1955,1955-06-29,1955-06-30,,,correspondence,high,review,Walter's typed report '558.Speichersee-Begehung Mi.29.VI.1955' (Ismaninger Speichersee). r02 is the garbled end of W. Wüst's letter quoted in the 4 July entry.
start,29,7896ddd3-74f8-4374-92f3-aba32dccf03b_0044,r07,"Do. 30.VI.1955, 3.30 bis 19.30 h",1955-06-30,,,,correspondence,medium,review,Thursday section of Walter's two-day report no. 558 (Mi./Do. 29./30.VI.1955); narrative starts in r08. r04-r06 = end of the Wednesday list (54 species) + weather.
start,29,7896ddd3-74f8-4374-92f3-aba32dccf03b_0049,r03,"559. <u>Sps.-Begehung</u> Sa. 2.VII.1955, 4.30 - 10 h",1955-07-02,,,,correspondence,high,review,W. Wüst's typed report no. 559 (Ismaninger Teichgebiet). r02 = end of report 558 + signature 'gez. W. Wüst'. Clean duplicate transcription of scan 47 (same header garbled there).
start,29,7896ddd3-74f8-4374-92f3-aba32dccf03b_0058,r04,"<u>Ismaning, den 25.6.55</u>",1955-06-25,,,Ismaning,correspondence,high,review,"Typed Ismaning report handed over by E. Bezzel (announced in the 11 July entry, r02). r03/r06 are garbled fragments."
start,29,7896ddd3-74f8-4374-92f3-aba32dccf03b_0059,r03,"Ismaning, den 25.6.55",1955-06-25,,,Ismaning,correspondence,high,review,Clean duplicate of the report on scan 58; r02 = duplicate of the 11 July announcement.
start,29,7896ddd3-74f8-4374-92f3-aba32dccf03b_0061,r02,"<u>Ismaning, den 10.7.55</u>",1955-07-10,,,Ismaning,correspondence,high,review,"Typed Ismaning report (with REMOLD) handed over by E. Bezzel, announced in the 11 July entry."
start,29,7896ddd3-74f8-4374-92f3-aba32dccf03b_0066,r02,Arbeits bis ca. 23.30 Uhr,1955-07-23,1955-07-24,y,,correspondence,medium,review,"Column-cut HTR (right halves of lines) of the start of W. Wüst's report '560.Speichersee-Begehung 23.VII.1955, 15.45 bis ca. 23.30 Uhr' (clean on scan 68). Announced at end of the 28 July entry ('nachfolgenden Berichte ... vom 23./24. VII.'). r04 is a largely hallucinated species list."
start,29,7896ddd3-74f8-4374-92f3-aba32dccf03b_0068,r02,Sa./So. 23./24.VII.1955,1955-07-23,1955-07-24,,,correspondence,high,review,"W. Wüst's typed report '560.Speichersee-Begehung' (Ismaninger Speichersee), announced in the 28 July entry."
start,29,7896ddd3-74f8-4374-92f3-aba32dccf03b_0070,r05,"So. 24.VII.1955, 4.20 bis 20.10 Uhr",1955-07-24,,,,correspondence,medium,review,Sunday section of W. Wüst's two-day report no. 560 (Sa./So. 23./24.VII.1955) with own narrative (r06) and species list (r07); r03/r04 = end of Saturday list + weather. Treat as continuation if day sections inside one report should not be split.
start,29,7896ddd3-74f8-4374-92f3-aba32dccf03b_0078,r03,"Ismaning, den 30.8.55",1955-07-30,,y,Ismaning,correspondence,high,review,"E. Bezzel's typed Ismaning report ('Entenzählung'), announced 'Freund Bezzel schickt mir den nachfolgenden Bericht aus Ismaning' on the left page of scan 76, i.e. between the 31 July and 4 August entries. HTR reads '30.8.55' (duplicates: '22.8.' on 76_L, '8.4.55' on 77), but 30 Aug is impossible her"
start,29,7896ddd3-74f8-4374-92f3-aba32dccf03b_0079_L,r03,"14.VIII.1955, 10.32 - ca. 20.30 Uhr",1955-08-12,1955-08-13,y,,correspondence,medium,review,"Garbled HTR of the heading of W. Wüst's report '561.Speichersee-Begehung', which the clean duplicate (scan 80) reads 'Fr./Sa. 12./13.VIII.1955, 10.37 - ca. 20.30 Uhr'. r02 = Laubmann's own text (11./13. VIII obs.) ending 'W. Wüst meldet aus Ismaning vom 12./13. VIII. folgende Beobachtungen:'."
stop,29,7896ddd3-74f8-4374-92f3-aba32dccf03b_0080,r03,"Fr./Sa. 12./13.VIII.1955, 10.37 - ca. 20.30 Uhr",1955-08-12,1955-08-13,,,correspondence,high,review-duplicate,W. Wüst's typed report '561.Speichersee-Begehung' (Ismaninger Teichgebiet). r02 = garbled duplicate of Laubmann's handwritten lead-in (as on scan 79_L).
start,29,7896ddd3-74f8-4374-92f3-aba32dccf03b_0085,r07,"Sa. 13.VIII.1955, 5.50 - 18.10 Uhr",1955-08-13,,,,correspondence,medium,review,"Saturday section of W. Wüst's two-day report no. 561 (Fr./Sa. 12./13.VIII.1955) with own narrative and list; r04-r06 = end of Friday list, weather and 'Nachtrag zum 12.VIII.1955' (belong to Friday). Treat as continuation if day sections inside one report should not be split."
start,29,7896ddd3-74f8-4374-92f3-aba32dccf03b_0092,r02,"Ismaning, den 7.8.1955",1955-08-07,,,Ismaning,correspondence,high,review,"E. Bezzel's typed Ismaning report (signed 'E.Bezzel.'), handed over at the O.G. evening of 19 Aug ('Bezzel gibt mir den folgenden Bericht', scan 90_R). A garbled duplicate on scan 91 reads 'Ismaning, den 18.8.1953'."
start,29,7896ddd3-74f8-4374-92f3-aba32dccf03b_0095,r02,"<u>Ismaning, den 21.8.1955</u>",1955-08-21,,,Ismaning,correspondence,high,review,"E. Bezzel's typed Ismaning report (duck count, with BERNECKER), handed over on 26 Aug per Laubmann's 26 Aug entry."
start,29,7896ddd3-74f8-4374-92f3-aba32dccf03b_0099,r02,562. Speicherseebegehung,1955-08-28,,,,correspondence,high,review,"W. Wüst's typed report no. 562, 'So. 28.VIII.1955, 7.55 - 19.40 Uhr' (Ismaninger Teichgebiet), announced at the end of the 30 Aug entry."
start,29,7896ddd3-74f8-4374-92f3-aba32dccf03b_0102_R,r03,Beobachtungen I,1955-07-02,1955-07-03,y,,correspondence,medium,review,"Garbled heading of Werner Rathmayer's enclosed report 'Beobachtungen im Juli. / 2./3. Juli - Sps. Ismaning. Zusammen mit Heinz.' (clean on scans 104/105; 'Am Abend des 2. ... am 3.'), introduced by 'Berichte von Werner Rathmayer:' at the end of r02. Rest of r03 is an HTR repetition loop."
start,29,7896ddd3-74f8-4374-92f3-aba32dccf03b_0104,r07,Beobachtungen im Juli.,1955-07-02,1955-07-03,y,,correspondence,high,review,"Werner Rathmayer's enclosed report, next line '3. Juli-SpS. Ismaning. Zusammen mit Heinz.' (the excursion covered the evening of 2. and 3. July per the clean text on scan 105); list partly hallucinated here."
start,29,7896ddd3-74f8-4374-92f3-aba32dccf03b_0105,r03,Beobachtungen im Juli.,1955-07-02,1955-07-03,y,,correspondence,high,review,Werner Rathmayer's enclosed report; next line '.Juli-Sps.Ismaning. Zusammen mit Heinz.' (day digits cut; text refers to 'Am Abend des 2.' and 'am 3.' July).
start,29,7896ddd3-74f8-4374-92f3-aba32dccf03b_0105,r03,"17.Juli!Gadener Moos:1 P Blaukehlchen mit Jungen,9 Bruchwasserläufer u.",1955-07-17,,,Gadener Moos,correspondence,medium,review,"New dated section of the Rathmayer report (17 July: Gadener Moos, followed by '17.Juli.Eching:' of the same day, kept together)."
start,29,7896ddd3-74f8-4374-92f3-aba32dccf03b_0108,r02,August-Beobachtungen.,1955-08-07,,y,,correspondence,high,review,"Werner Rathmayer's 'August-Beobachtungen', first section '7.August:Sps.Ismaning:' (r03) plus '7.August.Isarauen bei Grüneck' (r04, same day). Continues the Rathmayer report enclosed in the 7 Sept entry; here it would otherwise be glued to Laubmann's 8 Sept entry."
start,29,7896ddd3-74f8-4374-92f3-aba32dccf03b_0108,r05,28.August.Eching:,1955-08-28,,,Eching,correspondence,medium,review,"Next dated section of the Rathmayer report (28 Aug, Eching)."
start,29,7896ddd3-74f8-4374-92f3-aba32dccf03b_0115,r07,19. Sept[?] [illegible],1955-09-19,,,,field-day,high,review,"OCR-damaged day header '19. Sept[ember 1955. Lovran.]' of Laubmann's Lovran holiday (bathing, Samtkopfgrasmücke). r05 continues the 18 Sept entry; r03 'Löwenstein' is a garbled caption."
start,29,7896ddd3-74f8-4374-92f3-aba32dccf03b_0126_L,r03,"29. September 1955, <u>Lovran</u>-<u>München</u>.",1955-09-29,,,München,field-day,medium,auto-dropped-copy,"header read cleanly on the dedup-dropped copy L29:7896ddd3-74f8-4374-92f3-aba32dccf03b_0127_L (""29. September 1955. <u>Lorna-München</u>.""); kept copy line matched 0.91"
start,29,7896ddd3-74f8-4374-92f3-aba32dccf03b_0126_L,r04,"30. September 1955, <u>München</u>.",1919-09-30,,,München,field-day,high,auto-dropped-copy,"header read cleanly on the dedup-dropped copy L29:7896ddd3-74f8-4374-92f3-aba32dccf03b_0127_L (""30. September 19""); kept copy line matched 1.00"
start,29,7896ddd3-74f8-4374-92f3-aba32dccf03b_0130,r03,563.Speichersee-Begehung,1955-09-18,,,,correspondence,high,review,"W. Wüst's typed report 'So. 18.IX.1955, 7-20.15 Uhr' (Ismaninger Speichersee, with E. Bezzel and H. Remold), announced in the 30 Sept entry ('2 Berichte von Walter Wüst über 2 Ismaning-Begehungen vom 18. und 26. IX.'). The running head 'Ismaninger Teichgebiet 145' precedes it in the same region."
start,29,7896ddd3-74f8-4374-92f3-aba32dccf03b_0135,r04,564. Erläuterung aus kurz vor Warnemünde an Abeko am 23. IV 1955 Segelboot nach der,1955-09-25,,y,,correspondence,low,review,Garbled/hallucinated rendering of W. Wüst's note '564. Exkursion nur kurz mit Verwandten im Auto am 25. IX. 1955. Ergebnis nicht der Rede wert ...' (clean on scan 136).
start,29,7896ddd3-74f8-4374-92f3-aba32dccf03b_0136,r02,564. Exkursion nur kurz mit Verwandten im Auto am 25. IX. 1955. Ergebnis nicht der,1955-09-25,,,,correspondence,medium,review,"W. Wüst's one-line note on excursion no. 564 (25.IX.1955, results suppressed); could also be merged into the following report."
start,29,7896ddd3-74f8-4374-92f3-aba32dccf03b_0136,r03,565.Speichersee-Begehung,1955-09-26,,,,correspondence,high,review,"W. Wüst's typed report 'Mo. 26.IX.1955, 9.07 bis 19.30 Uhr' (Ismaninger Speichersee), the second report announced in the 30 Sept entry."
start,29,7896ddd3-74f8-4374-92f3-aba32dccf03b_0142,r02,"So. 2.X.1955, 6.37 bis 19.37 Uhr",1955-10-02,,,,correspondence,high,review,"W. Wüst's typed report '566.Speichersee-Begehung' (O.G. excursion to the Ismaninger Speichersee), announced in the 11 Oct entry ('Ismaning-Bericht vom 2. X.')."
start,29,7896ddd3-74f8-4374-92f3-aba32dccf03b_0150,r03,568.Speichersee-Begehung,1955-10-16,,,,correspondence,high,review,"W. Wüst's typed report 'So. 16.X.1955, 7 - 19.10 Uhr' (duck count, Ismaninger Speichersee), announced in the 18 Oct entry ('Walter schickt mir folgenden Bericht:'); running head 'Ismaninger Teichgebiet 156' precedes it. r02 = right-half fragments of the 18 Oct entry (already detected elsewhere)."
start,29,7896ddd3-74f8-4374-92f3-aba32dccf03b_0157,r02,569.Speichersee-Begehung,1955-10-24,,,,correspondence,high,review,"W. Wüst's typed report 'Mo. 24.X.1955, 9.50 - 17.55 h' (Ismaninger Teichgebiet), announced in the 26 Oct entry ('Nachfolgend Ismaning-Berichte von W. Wüst und E. Bezzel')."
start,29,7896ddd3-74f8-4374-92f3-aba32dccf03b_0161,r04,"Ismaning, den 22.10.1955",1955-10-22,,,Ismaning,correspondence,high,review,E. Bezzel's typed Ismaning report (with Rathmayer and Remold); in this transcription the species list is partly hallucinated (clean duplicate on scan 162). r02 = right-half fragments of report page 160 (no. 569).
stop,29,7896ddd3-74f8-4374-92f3-aba32dccf03b_0162,r02,"Ismaning, den 22.10.1955",1955-10-22,,,Ismaning,correspondence,high,review-duplicate,Clean transcription of E. Bezzel's report (duplicate of scan 161).
start,29,7896ddd3-74f8-4374-92f3-aba32dccf03b_0169,r03,570.Speichersee-Begehung,1955-11-07,,,,correspondence,high,review,"W. Wüst's typed report 'Mo. 7.XI.1955, 8.17 - 18.09 Uhr' (Ismaninger Speichersee), announced in the 8 Nov entry ('Walter schickt mir den nachfolgenden ...bericht'). The lines 'Mit herzlichen Grüßen! / Müller' above it stay with the preceding entry."
start,29,7896ddd3-74f8-4374-92f3-aba32dccf03b_0173,r03,...ember 1955. <u>München.</u>,1955-11-10,,y,München,field-day,medium,review,"OCR-damaged header '[10. Nov]ember 1955. München.' (Hinterbrühler Kanal, Schwanzmeisen, Bergfinken; ends 'Ismaning-Bericht von Heinz Remold:'). Duplicate of the header on scan 170_R (read there as '10. November 1935'), which the stream places before the 9 Nov header, so here the text is wrongly unde"
start,29,7896ddd3-74f8-4374-92f3-aba32dccf03b_0173,r04,"I s m a n i n g,den 6.November 1955. Gemeinsam mit Rathmayer und Walther.",1955-11-06,,,Ismaning,correspondence,high,review,"Heinz Remold's typed Ismaning report (signed 'gez.Heinz Remold'), announced at the end of the 10 Nov entry."
start,29,7896ddd3-74f8-4374-92f3-aba32dccf03b_0177,r05,571.Speichersee-Begehung,1955-11-13,,,,correspondence,high,review,"W. Wüst's typed report 'So. 13.XI.1955, 7.03 - 18.40 h' (duck count, Ismaninger Teichgebiet), announced in the 14 Nov entry ('Bericht von Walter Wüst aus Ismaning vom 13. XI.'); preceded by the running head '- Ismaninger Teichgebiet' (r03)."
start,29,7896ddd3-74f8-4374-92f3-aba32dccf03b_0186,r03,"                  Mo. 5.XII.1955, 9.10 - 17.15 Uhr",1955-12-05,,,,correspondence,high,review,"Date line of W. Wüst's typed report '572.Speichersee-Begehung' (next line), announced in the 7 Dec entry ('Walter schickt mir den nachfolgenden Bericht aus Ismaning'). The line keeps its leading spaces as in the region text; running head 'Ismaninger Teichgebiet 168' precedes it."
start,29,7896ddd3-74f8-4374-92f3-aba32dccf03b_0189,r01,"I s m a n i n g,den 11.XII.1955: <u>Rabenkrähe</u>; <u>Elster</u>,ca 20 obere Ft.,ein-",1955-12-11,,,Ismaning,correspondence,high,review,"Typed Ismaning report (signed 'gez.Heinz Remold'; with notes of 8.XII. by Walther/Rathmayer and Remold), announced at the end of the 18 Dec entry ('Nachfolgend ein Erinnerungs-Bericht vom 11. ds. ... übermittelt von Bezzel')."
stop,29,7896ddd3-74f8-4374-92f3-aba32dccf03b_0189,r03,ember 1955. <u>München.</u>,1955-12-18,,y,München,field-day,low,review-duplicate,Cut-off header '[18. Dez]ember 1955. München.' - a partial duplicate of the already detected 18 Dec entry (same text as the previous page). Split only matters to keep this duplicate Laubmann text out of the Remold report.
start,29,7896ddd3-74f8-4374-92f3-aba32dccf03b_0192,r03,"<u>Ismaning, den 11. Dezember 1955!</u>",1955-12-11,,,Ismaning,correspondence,high,review,"Typed duck-count report (Entenzählung by REMOLD, GAUCKLER and WALTHER, 'Abschrift'), follows Laubmann's 19 Dec entry."
start,29,7896ddd3-74f8-4374-92f3-aba32dccf03b_0194,r03,Ismaninger Teichgebiet                                                 171,1955-12-18,,,,correspondence,high,review,"W. Wüst's typed report '573. Speichersee-Begehung / So. 18.XII.1955, 9.10 bis 16.15 Uhr' (Ismaninger Speichersee). The real heading is in r05, but the stored region order puts the second report page (r03 running head 'Ismaninger Teichgebiet 171' + r04 list end, weather, Polish ring) BEFORE it, so th"
start,29,7896ddd3-74f8-4374-92f3-aba32dccf03b_0203,r02,"<u>Ismaning, den 3.1.1956</u>",1956-01-03,,,Ismaning,correspondence,high,review,E. Bezzel's typed Ismaning report ('Freund Einhart schickt mir den folgenden Bericht von Ismaning' in the 5 Jan 1956 entry).
start,29,7896ddd3-74f8-4374-92f3-aba32dccf03b_0205,r04,Dr. Walter Wüst,1956-01-04,,y,,correspondence,low,review,"Letterhead of W. Wüst's report no. 574 (Mi. 4.I.1956) in a garbled duplicate (mostly '[upside down text]', narrative fragments 'durch die Hirschau ... Unterföhring zum Vorklärteich'); clean on scan 206. Split is harmless here (next page starts again with the letterhead); the page could equally be dr"
start,29,7896ddd3-74f8-4374-92f3-aba32dccf03b_0206,r04,"Mi. 4.I.1956, 9 - 17.55 Uhr",1956-01-04,,,,correspondence,high,review,"W. Wüst's typed report '574. Speicherseebegehung' (Ismaninger Speichersee) on his letterhead (r02 'Dr. Walter Wüst ...', which could be included by splitting at r02), announced in the 5 Jan entry ('Einen weiteren Ismaning-Bericht [schickt] mir Walter vom 4. I.')."
start,29,7896ddd3-74f8-4374-92f3-aba32dccf03b_0211,r01,"So. 15.I.1956, 7.20 bis 18.40 Uhr",1956-01-15,,,,correspondence,high,review,"W. Wüst's typed report '575. Speicherseebegehung' (duck count, Ismaninger Teichgebiet), announced in Laubmann's 17 Jan entry ('Nachfolgend Bericht zum [15. I.] von Walter'). Previous page ends with Adolf Müller's report of 12.I. ('gez.Adolf Müller')."
stop,29,7896ddd3-74f8-4374-92f3-aba32dccf03b_0211,r03,[?]uar 1956. <u>München</u>.,1956-01-17,,y,München,field-day,low,review-duplicate,"OCR-damaged header '[17. Jan]uar 1956. München.' (Föhn, afternoon at Wüst's, Türkentauben) - a duplicate of the 17 Jan entry on scan 209_R; split only keeps this Laubmann text out of the Wüst report."
start,29,7896ddd3-74f8-4374-92f3-aba32dccf03b_0220,r02,Januar 1956.	<u>München.</u>,1956-01-20,,y,München,field-day,medium,review,Day number cut off; duplicate of '20. Januar 1956. München. Strahlender Frühlingstag!' on scan 216_R (Haubenlerche Kaulbachstraße).
start,29,7896ddd3-74f8-4374-92f3-aba32dccf03b_0220,r03,Januar 1956.	<u>München.</u>,1956-01-24,,y,München,field-day,medium,review,Day number cut off; = '24. Januar 1956' on scan 216_R ('Gestern unter Föhneinfluß strahlend schön ...').
start,29,7896ddd3-74f8-4374-92f3-aba32dccf03b_0220,r04,Januar 1956.	<u>München</u>.,1956-01-25,,y,München,field-day,medium,review,"Day number cut off; = '25. Januar 1956' on scan 216_R (night snowfall, Schneesturm); ends announcing Walter's last Ismaning report."
start,29,7896ddd3-74f8-4374-92f3-aba32dccf03b_0220,r05,"Mo. 23.I.1956, 9.22 bis 18.30 Uhr",1956-01-23,,,,correspondence,high,review,"W. Wüst's typed report '576.Speichersee-Begehung' (Ismaninger Teichgebiet), announced at the end of the 25 Jan entry."
start,29,7896ddd3-74f8-4374-92f3-aba32dccf03b_0225,r03,"I s m a n i n g,den 3.II.1956. 14,31 h - Norddamm Km.2,0 - Feldweg Isma-",1956-02-03,,,Ismaning,correspondence,high,review,"Adolf Müller's typed Ismaning report of 3.II.1956, announced in the 6 Feb entry ('Adolf schickt mir mit Brief vom 4. d. M. den folgenden Bericht von Ismaning vom 3. ...')."
start,29,7896ddd3-74f8-4374-92f3-aba32dccf03b_0226_L,r03,29.1.1956,1956-01-29,,,,correspondence,medium,review,"Heading of E. Bezzel's report 'Ismaning, den 29.1.1956' in a fragmentary duplicate transcription (line fragments only; clean on scan 228). r02 = Laubmann's announcement '138. Ismaning-Bericht von Eberhard Bezzel vom 29. I.' which belongs to the preceding Laubmann entry."
start,29,7896ddd3-74f8-4374-92f3-aba32dccf03b_0228,r03,"<u>Ismaning, den 29.1.1956</u>",1956-01-29,,,Ismaning,correspondence,high,review,"Clean transcription of E. Bezzel's typed Ismaning report (with Chr. Walther). In the stream it sits after the 7 Feb 1956 header (scan 227), which is why the covering entry is 7 Feb."
start,29,7896ddd3-74f8-4374-92f3-aba32dccf03b_0231,r01,Ismaninger Teichgebiet                                    1.,1956-02-12,,,Ismaninger Teichgebiet,correspondence,medium,review,"inserted typed report of Walter Wüst ""So. 12.II.1956 ... 577.Speichersee-Begehung"" (announced at the end of the 13.II diary: ""Nachfolgend Bericht aus Erinnerung von Walter Wüst:""); date is on the 3rd line of the block"
start,29,7896ddd3-74f8-4374-92f3-aba32dccf03b_0237,r03,den 25.2.1956.,1956-02-26,,y,,correspondence,medium,review,"right-cut/garbled scan of the same typed report page as scan 239 (""Ismaning, den 26.2.1956"", same page label 142; Remold's report, cf. diary 2.III: ""Bericht aus Ismaning vom 26. II. ... (cfr. p. 142)""); ""25"" is an OCR error. Header set here so the text is not glued to the 15.I.56 Eching report; scan"
start,29,7896ddd3-74f8-4374-92f3-aba32dccf03b_0244,r02,Ismaninger Teichgebiet,1956-02-26,,y,Ismaninger Teichgebiet,correspondence,medium,review,"clean page 2 of Walter Wüst's ""578.Speichersee-Begehung"" (So. 26.II.1956; p.1 with his letter of 28.II = L29-e0192 on scan 241, garbled p.2 also on 242_L); placed after the 29.II/2.III diary pages; separates it from the 29.II entry"
start,29,7896ddd3-74f8-4374-92f3-aba32dccf03b_0254,r03,- Ismaninger Teichgebiet,1956-03-11,,,Ismaninger Teichgebiet,correspondence,medium,review,"clean copy of Walter Wüst's letter (12.III.1956) + typed ""So. 11.III.1956 ... 579. Speichersee-Begehung""; currently glued to L29-e0208 (""17. März 1956 Bläßhuhn …"", itself a header inside a report)"
stop,29,7896ddd3-74f8-4374-92f3-aba32dccf03b_0256,r03,Ismaninger Teichgebiet,1956-03-11,,y,Ismaninger Teichgebiet,correspondence,medium,review-duplicate,"clean page 2 of the 579. Speichersee-Begehung (11.III.1956; ""seit 3 Tagen"" after Bezzel 8.III.); a garbled copy of this page is already inside L29-e0209 (scan 255); separates the report from the 13.III diary entry"
start,29,7896ddd3-74f8-4374-92f3-aba32dccf03b_0263,r06,"Die. 27.III.1956, 6.50 bis 18.50 Uhr",1956-03-27,,,,correspondence,high,review,"inserted typed report ""580.Speichersee-Begehung"" (Walter Wüst), announced in r05 of the 30.III diary"
start,29,7896ddd3-74f8-4374-92f3-aba32dccf03b_0265,r02,Ismaninger Teichgebiet                                              24,1956-03-27,,y,Ismaninger Teichgebiet,correspondence,medium,review,"page 2 of the 27.III.1956 ""580.Speichersee-Begehung"" (RAINER, rain) — continuation sheet placed after the 30.III diary page"
start,29,7896ddd3-74f8-4374-92f3-aba32dccf03b_0268,r04,[illegible] 1956.                               <u>München</u>.,1956-04-01,,y,München,field-day,medium,review,"left-cut ""[1.] April 1956. München. Ostersonntag"" (Easter Sunday = 1.IV.1956); the uncut version ""April 1956. München. Ostersonntag!"" on scan 266 is ALSO undetected (inside L29-e0222)"
start,29,7896ddd3-74f8-4374-92f3-aba32dccf03b_0268,r05,April 1956.	<u>München</u>.,,,,München,field-day,medium,review,"left-cut ""[..] April 1956. München."" (>=2.IV.1956, day missing also on scan 266 where it reads ""April 1956. München. … Nachfolgend Wüst, Bericht:""), introduces the typed report"
start,29,7896ddd3-74f8-4374-92f3-aba32dccf03b_0268,r06,"Kar-Sa. 31.III.1956, 8.15 bis 20.05 Uhr",1956-03-31,,,,correspondence,high,review,"inserted typed ""581.Speichersee-Begehung"" (Karsamstag)"
stop,29,7896ddd3-74f8-4374-92f3-aba32dccf03b_0274_R,r02,- <u>Ehrengimpel</u>: 164;,,,,,register,,review,species index with page numbers (end matter); start of register block
stop,29,7896ddd3-74f8-4374-92f3-aba32dccf03b_0276_L,r02,"<u>Grünfink</u>: 137, 138, 139, 140, 141, 142, 144, 145, 147, 148,",,,,,register,,review,species index with page numbers (end matter)
stop,29,7896ddd3-74f8-4374-92f3-aba32dccf03b_0276_R,r02,"<u>Wildente</u>: 116, 117, 118, 119, 120, 121, 123, 124, 127, 130, 131,",,,,,register,,review,species index with page numbers (end matter)
stop,29,7896ddd3-74f8-4374-92f3-aba32dccf03b_0277_L,r02,"- <u>Star</u>: 106, 110, 112, 118, 120, 123, 145, 148, 151, 152, 153, 154, 156, 158, 159, 163, 164,",,,,,register,,review,species index with page numbers (end matter)
stop,29,7896ddd3-74f8-4374-92f3-aba32dccf03b_0277_R,r02,- <u>Falkenbussard</u>: 39;,,,,,register,,review,species index with page numbers (end matter)
stop,29,7896ddd3-74f8-4374-92f3-aba32dccf03b_0278_L,r02,<u>Birkhuhn</u>: 3;,,,,,register,,review,species index with page numbers (end matter)
stop,29,7896ddd3-74f8-4374-92f3-aba32dccf03b_0278_R,r02,<u>kleiner Sumpfhuhn</u>:,,,,,register,,review,species index with page numbers (end matter)
stop,29,7896ddd3-74f8-4374-92f3-aba32dccf03b_0279_L,r02,<u>Lachmöve</u>:,,,,,register,,review,species index with page numbers (end matter)
stop,29,7896ddd3-74f8-4374-92f3-aba32dccf03b_0279_R,r02,<u>Gürtler</u> <u>Vorläufer</u>: 1. 2. 45. 47; 55; 57; 59.,,,,,register,,review,species index with page numbers (end matter)
stop,29,7896ddd3-74f8-4374-92f3-aba32dccf03b_0280_L,r02,- <u>Sanderling</u>:,,,,,register,,review,species index with page numbers (end matter)
stop,29,7896ddd3-74f8-4374-92f3-aba32dccf03b_0280_R,r02,"- <u>Vorderbeinchen</u>: 116, 118, 117, 121, 130,",,,,,register,,review,species index with page numbers (end matter)
stop,29,7896ddd3-74f8-4374-92f3-aba32dccf03b_0282_L,r02,<u>Eisentecher</u>: 1. 2. 3. 8. 13. 16. 17. 18. 19. 23. 25. 26. 29. 3,,,,,register,,review,species index with page numbers (end matter)
stop,29,7896ddd3-74f8-4374-92f3-aba32dccf03b_0284_L,r02,- <u>Nachtschwalbe</u>:,,,,,register,,review,species index with page numbers (end matter)
stop,29,7896ddd3-74f8-4374-92f3-aba32dccf03b_0284_R,r02,"- <u>Blaukehlchen</u>: 1, 2, 3, 9, 11, 14, 16, 19, 20, 21, 22, 24, 25, 27, 32, 35, 36, 61, 163, 164.",,,,,register,,review,species index with page numbers (end matter)
stop,29,7896ddd3-74f8-4374-92f3-aba32dccf03b_0285_L,r03,"- <u>Nachtigallrohrsänger</u>: 1, 3, 7, 9, 11, 14, 15, 16, 17, 19, 2[?]",,,,,register,,review,species index with page numbers (end matter)
stop,29,7896ddd3-74f8-4374-92f3-aba32dccf03b_0285_R,r02,"- <u>Kupferwirt</u>: 17, 30,",,,,,register,,review,species index with page numbers (end matter)
stop,29,7896ddd3-74f8-4374-92f3-aba32dccf03b_0286_L,r02,"- <u>Rotrückenwürger</u>: 1, 2, 3, 6, 9, 11, 24, 27, 35, 41, 5[?], 58, 62, 82,",,,,,register,,review,species index with page numbers (end matter)
stop,29,7896ddd3-74f8-4374-92f3-aba32dccf03b_0286_R,r02,- <u>Kohlmeise</u>: 2. 3. 6. 9. 11. 14. 16. 17. 20. 25. 27. 32. 33. 40. 42. 46. 48. 50. 52. 55. 58. 62. 63. 65. 67. 69. 71. 72. 73. 74. 76. 81. 84. 87. 90. 94. 98. 100. 101. 103. 106. 107.,,,,,register,,review,species index with page numbers (end matter)
stop,29,7896ddd3-74f8-4374-92f3-aba32dccf03b_0287_L,r02,- <u>Rotkehlchen</u>: 2. 3. 6. 9. 16. 17. 20. 24. 25. 26. 32. 33. 39.,,,,,register,,review,species index with page numbers (end matter)
stop,29,7896ddd3-74f8-4374-92f3-aba32dccf03b_0287_R,r02,- <u>Buchfink</u>: 2. 3. 6. 9. 11. 16. 17. 19. 20. 24. 26. 27. 30.,,,,,register,,review,species index with page numbers (end matter)
start,30,47da93ac-0d31-49eb-8313-32e7777b78c3_0010_L,r02,- 7. III. Harlaching (Lbm.),,,,,species-digest,medium,review,"per-species ""Frühlingserwachen"" list of spring-1956 first-observation dates (I.-V.1956; Lbm., Wüst, Bezzel, Remold, Rathmayer). Its title (""Frühlingserwachen 1955"" [sic]) and the first species (Star) are in a TableRegion on scan 9_R right after the 27.IV.1956 entry, which is not part of the entry te"
start,30,47da93ac-0d31-49eb-8313-32e7777b78c3_0080_L,r03,4. <u>Mai 1957.</u>                      <u>München.</u>,1957-05-04,,,München.,field-day,high,auto-markup,day header with underline markup inside the date (missed by the detector)
start,30,47da93ac-0d31-49eb-8313-32e7777b78c3_0123_R,r04,"22. September 1957, <u>Bad Schandau</u>.",1957-09-22,,,Bad Schandau,field-day,high,auto-dropped-copy,"header read cleanly on the dedup-dropped copy L30:47da93ac-0d31-49eb-8313-32e7777b78c3_0121_R (""22. September 1957. <u>Bad Schandau</u>.""); kept copy line matched 0.97"
stop,30,47da93ac-0d31-49eb-8313-32e7777b78c3_0128_L,r02,- <u>Brachpieper</u>: 167;,,,,,register,,review,species index with page numbers (end matter); start of register block after the inserted 23.VIII.1954 letter
stop,30,47da93ac-0d31-49eb-8313-32e7777b78c3_0128_R,r02,- <u>Marderantläufer</u>: 37;,,,,,register,,review,species index with page numbers (end matter)
stop,30,47da93ac-0d31-49eb-8313-32e7777b78c3_0129_L,r02,- <u>Birkhuhn</u>: 1; 19; 23; 77;,,,,,register,,review,species index with page numbers (end matter)
stop,30,47da93ac-0d31-49eb-8313-32e7777b78c3_0129_R,r02,- <u>Kleiner Sumpfstricher</u>: 21; 37; 59.,,,,,register,,review,species index with page numbers (end matter)
stop,30,47da93ac-0d31-49eb-8313-32e7777b78c3_0130_L,r02,- <u>Lachseeschwalbe</u>:,,,,,register,,review,species index with page numbers (end matter)
stop,30,47da93ac-0d31-49eb-8313-32e7777b78c3_0130_R,r02,- <u>Dunkler Wasserläufer</u>: 6; 25; 55; 58;,,,,,register,,review,species index with page numbers (end matter)
stop,30,47da93ac-0d31-49eb-8313-32e7777b78c3_0131_L,r01,- <u><sup>17/5</sup> Sanderling:</u>,,,,,register,,review,species index with page numbers (end matter)
stop,30,47da93ac-0d31-49eb-8313-32e7777b78c3_0131_R,r02,- <u>Nordseetaucher</u>: 86. 88. 89. 90. 92.,,,,,register,,review,species index with page numbers (end matter)
stop,30,47da93ac-0d31-49eb-8313-32e7777b78c3_0132_L,r02,- <u>Eisente</u>: 89; 90; 92; 97;,,,,,register,,review,species index with page numbers (end matter)
stop,30,47da93ac-0d31-49eb-8313-32e7777b78c3_0132_R,r01,"- <u>Schnatterente</u>: 2, 5, 25, 42, 48, 52, 55, 81, 107, 106, 111<sup>177</sup>;",,,,,register,,review,species index with page numbers (end matter)
stop,30,47da93ac-0d31-49eb-8313-32e7777b78c3_0133_L,r02,- <u>Fischreiher</u>: 25. 48. 54. 87. 106;,,,,,register,,review,species index with page numbers (end matter)
stop,30,47da93ac-0d31-49eb-8313-32e7777b78c3_0133_R,r02,- <u>Sperber</u>: 48; 56; 102; 165;,,,,,register,,review,species index with page numbers (end matter)
stop,30,47da93ac-0d31-49eb-8313-32e7777b78c3_0134_L,r02,"- <u>Baumfalke</u>: 38, 41, 145,",,,,,register,,review,species index with page numbers (end matter)
stop,30,47da93ac-0d31-49eb-8313-32e7777b78c3_0134_R,r02,"- <u>Schwarzspecht</u>: 10, 11, 33, 40, 43, 45, 61, 65, 69, 105, 110, 113, 115, 121, 124, 127, 129, 146, 158, 165;",,,,,register,,review,species index with page numbers (end matter)
stop,30,47da93ac-0d31-49eb-8313-32e7777b78c3_0135_L,r02,- <u>Nachtschwalbe</u>:,,,,,register,,review,species index with page numbers (end matter)
stop,30,47da93ac-0d31-49eb-8313-32e7777b78c3_0135_R,r01,- <u>Blaukehlchen</u>: 8. 15. 19. 20. 25. 30. 34. 36. 41. 96. 109. 112. 114. 117. 118. 121. 138.,,,,,register,,review,species index with page numbers (end matter)
stop,30,47da93ac-0d31-49eb-8313-32e7777b78c3_0136_L,r02,"- <u>Wacholderdrossel</u>: 2, 4, 5, 8; 24, 34, 35; 36, 43, 54, 58, 80; 107, 107; 108, 111; 131;",,,,,register,,review,species index with page numbers (end matter)
stop,30,47da93ac-0d31-49eb-8313-32e7777b78c3_0136_R,r02,- <u>Eisprellervol</u>: 25;,,,,,register,,review,species index with page numbers (end matter)
stop,30,47da93ac-0d31-49eb-8313-32e7777b78c3_0137_L,r02,"- <u>Rotrückenwürger</u>: 10, 13, 18, 24, 35, 94, 124, 125, 129, 135, 139, 140, 145, 146,",,,,,register,,review,species index with page numbers (end matter)
stop,30,47da93ac-0d31-49eb-8313-32e7777b78c3_0137_R,r02,- <u>Kohlmeise</u>: 2. 3. 5. 11. 24. 35. 48. 61. 63. 68. 69. 75. 80. 110. 111. 120. 127. 157. 158. 165. ,,,,,register,,review,species index with page numbers (end matter)
stop,30,47da93ac-0d31-49eb-8313-32e7777b78c3_0138_L,r02,"- <u>Feldlerche</u>: 2, 5, 11, 12, 24, 35, 40, 48, 54, 93, 100, 102, 10[?] 104, 105, 111, 120, 127, 135;",,,,,register,,review,species index with page numbers (end matter)
stop,30,47da93ac-0d31-49eb-8313-32e7777b78c3_0138_R,r02,- Buchfink: 5; 11; 12. 24. 35. 61. 67. 69. 71. 75. 80. 93. 99. 100. 102. 103. 104. 110. 112. 118. 120. 127. 134. 150. 153. 157. 158.,,,,,register,,review,species index with page numbers (end matter)
stop,30,47da93ac-0d31-49eb-8313-32e7777b78c3_0139_L,r02,"- <u>Kernbeißer</u>: 3, 9, 88, 100, 121, 124,",,,,,register,,review,species index with page numbers (end matter)
stop,30,47da93ac-0d31-49eb-8313-32e7777b78c3_0140,r01,EDLER & KRISCHE • HANNOVER,,,,,register,,review,notebook maker imprint on back cover (end matter)
start,31,f3e30fe2-1d10-4e73-9ea2-17275ed8cf18_0008_L,r04,3. <u>Dezember 1957.</u>                   <u>München.</u>,1957-12-03,,,München,field-day,high,auto-markup,day header with underline markup inside the date (missed by the detector)
start,31,f3e30fe2-1d10-4e73-9ea2-17275ed8cf18_0055_L,r03,22. <u>Oktober</u> 1958. <u>München</u>.,1958-10-22,,,München,field-day,high,auto-markup,day header with underline markup inside the date (missed by the detector)
start,31,f3e30fe2-1d10-4e73-9ea2-17275ed8cf18_0055_R,r02,1. <u>November 1958.</u>            <u>München.</u>,1958-11-01,,,München.,field-day,high,auto-markup,day header with underline markup inside the date (missed by the detector)
start,31,f3e30fe2-1d10-4e73-9ea2-17275ed8cf18_0055_R,r02,2. <u>November 1958.</u>            <u>München.</u>,1958-11-02,,,München.,field-day,high,auto-markup,day header with underline markup inside the date (missed by the detector)
start,31,f3e30fe2-1d10-4e73-9ea2-17275ed8cf18_0055_R,r02,5. <u>November 1958.</u>            <u>München.</u>,1958-11-05,,,München.,field-day,high,auto-markup,day header with underline markup inside the date (missed by the detector)
start,31,f3e30fe2-1d10-4e73-9ea2-17275ed8cf18_0055_R,r02,6. <u>November 1958.</u>            <u>München.</u>,1958-11-06,,,München.,field-day,high,auto-markup,day header with underline markup inside the date (missed by the detector)
start,31,f3e30fe2-1d10-4e73-9ea2-17275ed8cf18_0055_R,r02,11. <u>November 1958.</u>           <u>München.</u>,1958-11-11,,,München.,field-day,high,auto-markup,day header with underline markup inside the date (missed by the detector)
start,31,f3e30fe2-1d10-4e73-9ea2-17275ed8cf18_0103_L,r05,15. <u>Juli 1959</u>. <u>München</u>.,1959-07-15,,,München,field-day,high,auto-markup,day header with underline markup inside the date (missed by the detector)
start,31,f3e30fe2-1d10-4e73-9ea2-17275ed8cf18_0103_L,r05,18. <u>Juli 1959</u>. <u>München</u>.,1959-07-18,,,München,field-day,high,auto-markup,day header with underline markup inside the date (missed by the detector)
stop,31,f3e30fe2-1d10-4e73-9ea2-17275ed8cf18_0125_R,r02,"- <u>Rauchschwalbe</u>: 157, 158, 159, 162, 163, 164,",,,,,register,,auto-register,register begins on the page of the volume's last entry (before the reviewed register pages)
stop,31,f3e30fe2-1d10-4e73-9ea2-17275ed8cf18_0126_L,r02,- <u>Alpenmeise</u>: 118.,,,,,register,,review,"species index with page numbers; NOTE the register already begins on 125_R (ListRegion after the 20.IX.1959 entry on 125_L), which is not in this batch — the stop should be placed there"
stop,31,f3e30fe2-1d10-4e73-9ea2-17275ed8cf18_0126_R,r02,- <u>Baumwanze</u>: 73;,,,,,register,,review,species index with page numbers (end matter)
stop,31,f3e30fe2-1d10-4e73-9ea2-17275ed8cf18_0127_L,r02,- <u>Birkhuhn</u>:,,,,,register,,review,species index with page numbers (end matter)
stop,31,f3e30fe2-1d10-4e73-9ea2-17275ed8cf18_0127_R,r02,- <u>Kleines Sumpfhuhn</u>: 39;,,,,,register,,review,species index with page numbers (end matter)
stop,31,f3e30fe2-1d10-4e73-9ea2-17275ed8cf18_0128_L,r02,- <u>Lachseeschwalbe</u>: 45;,,,,,register,,review,species index with page numbers (end matter)
stop,31,f3e30fe2-1d10-4e73-9ea2-17275ed8cf18_0128_R,r02,- <u>Dunkler Wasserläufer</u>:,,,,,register,,review,species index with page numbers (end matter)
stop,31,f3e30fe2-1d10-4e73-9ea2-17275ed8cf18_0129_L,r02,"- <u>Sandregenpfeifer</u>: 2, 3;",,,,,register,,review,species index with page numbers (end matter)
stop,31,f3e30fe2-1d10-4e73-9ea2-17275ed8cf18_0129_R,r02,"- <u>Nordseetaucher</u>: 8, 9;",,,,,register,,review,species index with page numbers (end matter)
stop,31,f3e30fe2-1d10-4e73-9ea2-17275ed8cf18_0130_L,r02,- <u>Eisente</u>: 9. 10.,,,,,register,,review,species index with page numbers (end matter)
stop,31,f3e30fe2-1d10-4e73-9ea2-17275ed8cf18_0130_R,r02,- <u>Schnatterente</u>: 105;,,,,,register,,review,species index with page numbers (end matter)
stop,31,f3e30fe2-1d10-4e73-9ea2-17275ed8cf18_0131_L,r02,"- <u>Fischadler</u>: 93, 103, 121, 146,",,,,,register,,review,species index with page numbers (end matter)
stop,31,f3e30fe2-1d10-4e73-9ea2-17275ed8cf18_0131_R,r02,"- <u>Sperber</u>: 6, 97,",,,,,register,,review,species index with page numbers (end matter)
stop,31,f3e30fe2-1d10-4e73-9ea2-17275ed8cf18_0132_L,r02,- <u>Baumfalke</u>: 4; 58;,,,,,register,,review,species index with page numbers (end matter)
stop,31,f3e30fe2-1d10-4e73-9ea2-17275ed8cf18_0132_R,r02,"- <u>Schwarzspecht</u>: 6, 28, 33, 37, 42, 52, 75, 106, 109, 114, 124, 147,",,,,,register,,review,species index with page numbers (end matter)
stop,31,f3e30fe2-1d10-4e73-9ea2-17275ed8cf18_0133_L,r02,- <u>Nachtschwalbe</u>: 56;,,,,,register,,review,species index with page numbers (end matter)
stop,31,f3e30fe2-1d10-4e73-9ea2-17275ed8cf18_0133_R,r02,"<u>Blaukehlchen</u>: 3i, 33, 50, 99, 102, 103, 106, 109,",,,,,register,,review,species index with page numbers (end matter)
stop,31,f3e30fe2-1d10-4e73-9ea2-17275ed8cf18_0134_L,r02,- <u>Wacholderdrossel</u>: 25; 28; 67; 93; 105; 120; 121; 13,,,,,register,,review,species index with page numbers (end matter)
stop,31,f3e30fe2-1d10-4e73-9ea2-17275ed8cf18_0134_R,r02,- <u>Flusshuferl</u>.,,,,,register,,review,species index with page numbers (end matter)
stop,31,f3e30fe2-1d10-4e73-9ea2-17275ed8cf18_0135_L,r02,"- <u>Rotrückenwürger</u>: 41. 42. 43. 48. 115. 120. 123. 126,",,,,,register,,review,species index with page numbers (end matter)
stop,31,f3e30fe2-1d10-4e73-9ea2-17275ed8cf18_0135_R,r02,- <u>Kohlmeise</u>: 12. 14. 17. 18. 28. 33. 37. 42. 64. 89. 90. 99. 101. 105; 108. 111; 114; 122. 126. 129. 151; 158. 163; 164.,,,,,register,,review,species index with page numbers (end matter)
stop,31,f3e30fe2-1d10-4e73-9ea2-17275ed8cf18_0136_L,r01,- 186,,,,,register,,review,species index with page numbers (end matter)
stop,31,f3e30fe2-1d10-4e73-9ea2-17275ed8cf18_0136_R,r02,- <u>Buchfink</u>: 16. 17. 18. 20. 24. 27. 33. 36. 42. 45. 47. 60. 89. 91. 92. 93. 95. 98. 101. 106. 108. 111. 113. 122. 126. 129. 151. 153. 155. 157. 158. 161. 162. 163. 164.,,,,,register,,review,species index with page numbers (end matter)
stop,31,f3e30fe2-1d10-4e73-9ea2-17275ed8cf18_0137_L,r02,"- <u>Kernbeisser</u>: 12, 27, 88, 89, 90, 91, 92, 93,",,,,,register,,review,species index with page numbers (end matter)
stop,31,f3e30fe2-1d10-4e73-9ea2-17275ed8cf18_0138_L,r01,"- <u>Laubfrosch</u> 12, 87, 88, 89, 90, 94, 92, 93,",,,,,register,,review,garbled OCR of the species index (names hallucinated as amphibians; page numbers mirror scan 137_L)
stop,31,f3e30fe2-1d10-4e73-9ea2-17275ed8cf18_0139_R,r01,"15, 17, 24, 25, 27, 43, 44, 46, 50, 64, 87, 88",,,,,register,,review,"index page-number columns (names illegible), end matter"
stop,31,f3e30fe2-1d10-4e73-9ea2-17275ed8cf18_0140,r01,125 kar.,,,,,register,,review,"back cover note ""125 kar."" (end matter)"
start,32,3d0bed8e-a198-4c4e-89d2-0908c9b3aada_0011_R,r04,3i. Oktober 1939. <u>München.</u>,1939-10-31,,,München,field-day,high,auto-dropped-copy,"header read cleanly on the dedup-dropped copy L32:3d0bed8e-a198-4c4e-89d2-0908c9b3aada_0012_R (""31. Oktober 1939. <u>München.</u>""); kept copy line matched 0.96"
start,32,3d0bed8e-a198-4c4e-89d2-0908c9b3aada_0065_R,r05,19. <u>Januar 1961</u>.             <u>München</u>.,1961-01-19,,,München,field-day,high,auto-markup,day header with underline markup inside the date (missed by the detector)
start,32,3d0bed8e-a198-4c4e-89d2-0908c9b3aada_0065_R,r05,20. <u>Januar 1961</u>.             <u>München</u>.,1961-01-20,,,München,field-day,high,auto-markup,day header with underline markup inside the date (missed by the detector)
stop,32,3d0bed8e-a198-4c4e-89d2-0908c9b3aada_0125_R,r05,- <u>Zwergammer</u>: 172;,,,,,register,,auto-register,register begins on the page of the volume's last entry (before the reviewed register pages)
stop,32,3d0bed8e-a198-4c4e-89d2-0908c9b3aada_0126_L,r02,"- <u>Star</u>: 133, 141, 142, 143, 145, 147, 149, 150, 151, 153, 154, 155, 157, 158, 159, 160, 161, 171.",,,,,register,,review,species index with page numbers; NOTE the register already begins on 125_R in a ListRegion right after the 31.XII.1961 entry on the same half-page (not in this batch) — the stop should be placed there
stop,32,3d0bed8e-a198-4c4e-89d2-0908c9b3aada_0126_R,r02,"- <u>Grünfink</u> x <u>Zeisig</u>: 45, 46, 49, 54, 55;",,,,,register,,review,species index with page numbers (end matter)
stop,32,3d0bed8e-a198-4c4e-89d2-0908c9b3aada_0127_L,r02,- <u>Birkhuhn</u>:,,,,,register,,review,species index with page numbers (end matter)
stop,32,3d0bed8e-a198-4c4e-89d2-0908c9b3aada_0127_R,r02,- <u>Kleines Sumpfhuhn</u>:,,,,,register,,review,species index with page numbers (end matter)
stop,32,3d0bed8e-a198-4c4e-89d2-0908c9b3aada_0128_L,r02,- <u>Lachseeschwalbe</u>:,,,,,register,,review,species index with page numbers (end matter)
stop,32,3d0bed8e-a198-4c4e-89d2-0908c9b3aada_0129_L,r02,- <u>Sandregenpfeifer</u>: i. 5;,,,,,register,,review,species index with page numbers (end matter)
stop,32,3d0bed8e-a198-4c4e-89d2-0908c9b3aada_0129_R,r02,- <u>Nordseetaucher</u>:,,,,,register,,review,species index with page numbers (end matter)
stop,32,3d0bed8e-a198-4c4e-89d2-0908c9b3aada_0130_L,r02,- <u>Eisente</u>: 19; 21; 23; 29;,,,,,register,,review,species index with page numbers (end matter)
stop,32,3d0bed8e-a198-4c4e-89d2-0908c9b3aada_0130_R,r02,- <u>Schnatterente:</u>,,,,,register,,review,species index with page numbers (end matter)
stop,32,3d0bed8e-a198-4c4e-89d2-0908c9b3aada_0131_L,r02,- <u>Fischreiher</u>: 21; 119; 121;,,,,,register,,review,species index with page numbers (end matter)
stop,32,3d0bed8e-a198-4c4e-89d2-0908c9b3aada_0131_R,r02,- <u>Sperber</u>:,,,,,register,,review,species index with page numbers (end matter)
stop,32,3d0bed8e-a198-4c4e-89d2-0908c9b3aada_0132_L,r02,- <u>Baumfalke</u>: 72; 119; 121; 131;,,,,,register,,review,species index with page numbers (end matter)
stop,32,3d0bed8e-a198-4c4e-89d2-0908c9b3aada_0132_R,r02,- <u>Schwarzspecht</u>: 37. 38.,,,,,register,,review,species index with page numbers (end matter)
stop,32,3d0bed8e-a198-4c4e-89d2-0908c9b3aada_0133_L,r02,- <u>Nachtschwalbe</u>:,,,,,register,,review,species index with page numbers (end matter)
stop,32,3d0bed8e-a198-4c4e-89d2-0908c9b3aada_0133_R,r02,"- <u>Blaukehlchen</u>: 1, 10, 34, 56, 58, 98,",,,,,register,,review,species index with page numbers (end matter)
stop,32,3d0bed8e-a198-4c4e-89d2-0908c9b3aada_0134_L,r02,- <u>Wacholderdrossel</u>: 29; 58; 61; 69; 95; 119; 120; 149; 170,,,,,register,,review,species index with page numbers (end matter)
stop,32,3d0bed8e-a198-4c4e-89d2-0908c9b3aada_0134_R,r02,- <u>Flußreitvrl.</u>,,,,,register,,review,species index with page numbers (end matter)
stop,32,3d0bed8e-a198-4c4e-89d2-0908c9b3aada_0135_L,r02,"- <u>Rotrückenwürger</u>: 8, 107, 109, 110, 113, 114, 115, 116, 135;",,,,,register,,review,species index with page numbers (end matter)
stop,32,3d0bed8e-a198-4c4e-89d2-0908c9b3aada_0135_R,r02,- <u>Kohlmeise</u>: 13. 22. 31. 32. 34. 35. 41. 61. 65. 106. 110. 116. 117. 119. 142. 143. 153.,,,,,register,,review,species index with page numbers (end matter)
stop,32,3d0bed8e-a198-4c4e-89d2-0908c9b3aada_0136_L,r02,- <u>Feldlerche</u>: 7. 13. 24. 29. 57. 74. 76. 78. 89. 92. 95. 124. 163. 165.,,,,,register,,review,species index with page numbers (end matter)
stop,32,3d0bed8e-a198-4c4e-89d2-0908c9b3aada_0136_R,r02,- <u>Buchfink</u>: 1. 7. 25. 26. 27. 32. 35. 39. 41. 50. 61. 63.,,,,,register,,review,species index with page numbers (end matter)
stop,32,3d0bed8e-a198-4c4e-89d2-0908c9b3aada_0137,r02,- <u>Kernbeißer:</u> 19. 22. 23. 25. 26. 30. 31. 33. 35. 36. 39.,,,,,register,,review,"species index (Kernbeißer ... Kolkrabe; 137 and 137_L are duplicate scans), end matter"
stop,32,3d0bed8e-a198-4c4e-89d2-0908c9b3aada_0137_L,r02,<u>Kernbeißer</u>: 19. 22. 23. 25. 26. 30. 31. 33. 35. 36. 39.,,,,,register,,review,"species index (Kernbeißer ... Kolkrabe; 137 and 137_L are duplicate scans), end matter"
stop,32,3d0bed8e-a198-4c4e-89d2-0908c9b3aada_0138_R,r01,"I cannot fulfill this request because the image does not contain any legible text to transcribe. The image shows a piece of blank, aged paper with some fiber texture and faint marks, but no handwritten or printed characters.",,,,,register,,review,"blank page after the register (OCR-model refusal text), end matter"
stop,32,3d0bed8e-a198-4c4e-89d2-0908c9b3aada_0139,r01,```json,,,,,register,,review,"illegible/blank page (JSON artefact), end matter"
stop,32,3d0bed8e-a198-4c4e-89d2-0908c9b3aada_0141,r01,125 kar.,,,,,register,,review,"back cover note ""125 kar."" (end matter)"
stop,32,3d0bed8e-a198-4c4e-89d2-0908c9b3aada_0141_L,r01,.kar.,,,,,register,,review,"back cover note "".kar."" (end matter)"
start,33,cde59c05-4063-40dd-84a0-a7873447632c_0100_L,r02,3. <u>Juli</u> 1963.                              <u>München.</u>,1963-07-03,,,München,field-day,high,auto-markup,day header with underline markup inside the date (missed by the detector)
start,33,cde59c05-4063-40dd-84a0-a7873447632c_0115_L,r02,"- <u>Star:</u> ""Frühlingserwachen 1967""",,,,,species-digest,high,review,"per-species list of spring first-observation dates titled ""Frühlingserwachen 1967"" (OCR; = 1963), dates I.-V.1963 by Lbm. and others; starts after the 29.IX.1963 diary text (line before it is only the page number ""- 134."")"
stop,33,cde59c05-4063-40dd-84a0-a7873447632c_0140_R,r04,"- <u>Mönchsgrasmücke</u>: 164, 165, 166, 167, 168, 169.",,,,,register,,auto-register,register begins on the page of the volume's last entry (before the reviewed register pages)
stop,33,cde59c05-4063-40dd-84a0-a7873447632c_0141_L,r02,- <u>Sandlaufläufer</u>: 140;,,,,,register,,review,"species index with page numbers; NOTE the register already begins on 140_R in a ListRegion right after the last entry ""18. Mai 1944"" [=1964] on the same half-page (not in this batch) — the stop should be placed there"
stop,33,cde59c05-4063-40dd-84a0-a7873447632c_0141_R,r02,"- <u>Türkentaube</u>: 104-109, 112, 113, 114, 115?, 119, 137, 138,",,,,,register,,review,species index with page numbers (end matter)
stop,33,cde59c05-4063-40dd-84a0-a7873447632c_0142_L,r02,- <u>Birkhuhn</u>:,,,,,register,,review,species index with page numbers (end matter)
stop,33,cde59c05-4063-40dd-84a0-a7873447632c_0142_R,r02,- <u>kleines Sumpfhu̲hu̲</u>:,,,,,register,,review,species index with page numbers (end matter)
stop,33,cde59c05-4063-40dd-84a0-a7873447632c_0143_L,r02,- <u>Lachmöwenschwalbe</u>: 119;,,,,,register,,review,species index with page numbers (end matter)
stop,33,cde59c05-4063-40dd-84a0-a7873447632c_0144_L,r02,- <u>Sandrling</u>:,,,,,register,,review,species index with page numbers (end matter)
stop,33,cde59c05-4063-40dd-84a0-a7873447632c_0144_R,r02,- <u>Prachttaucher</u>: 67;,,,,,register,,review,species index with page numbers (end matter)
stop,33,cde59c05-4063-40dd-84a0-a7873447632c_0145_L,r02,- <u>Einzeln:</u>,,,,,register,,review,species index with page numbers (end matter)
stop,33,cde59c05-4063-40dd-84a0-a7873447632c_0145_R,r02,- <u>Schmalkunst</u>:,,,,,register,,review,species index with page numbers (end matter)
stop,33,cde59c05-4063-40dd-84a0-a7873447632c_0146_L,r02,- <u>Eisente</u>: 25; 69; 80; 114; 143; 148;,,,,,register,,review,species index with page numbers (end matter)
stop,33,cde59c05-4063-40dd-84a0-a7873447632c_0146_R,r02,"- <u>Sperber</u>: 36, 160;",,,,,register,,review,species index with page numbers (end matter)
stop,33,cde59c05-4063-40dd-84a0-a7873447632c_0147_L,r02,- <u>Baumfalke</u>: 17;,,,,,register,,review,species index with page numbers (end matter)
stop,33,cde59c05-4063-40dd-84a0-a7873447632c_0147_R,r02,"- <u>Schwarzspecht</u>: 37, 53,",,,,,register,,review,species index with page numbers (end matter)
stop,33,cde59c05-4063-40dd-84a0-a7873447632c_0148_L,r02,- <u>Nachtschwalbe</u>:,,,,,register,,review,species index with page numbers (end matter)
stop,33,cde59c05-4063-40dd-84a0-a7873447632c_0148_R,r02,- <u>Blaukehlchen</u>:,,,,,register,,review,species index with page numbers (end matter)
stop,33,cde59c05-4063-40dd-84a0-a7873447632c_0149_L,r02,"- <u>Wacholderdrossel</u>: 5, 11, 29, 43, 47, 62, 126, 127, 130, 131, 132, 148, 152,",,,,,register,,review,species index with page numbers (end matter)
stop,33,cde59c05-4063-40dd-84a0-a7873447632c_0149_R,r03,- <u>Elsterwürger</u>:,,,,,register,,review,species index with page numbers (end matter)
stop,33,cde59c05-4063-40dd-84a0-a7873447632c_0150_L,r02,- <u>Rotrückenswürger</u>:,,,,,register,,review,species index with page numbers (end matter)
stop,33,cde59c05-4063-40dd-84a0-a7873447632c_0150_R,r02,- <u>Kohlmeise</u>: 12. 16. 21. 39. 41. 47. 48. 87. 88. 94. 99. 101. 104. 106. 110. 129. 132. 154. 161. 162. 168. 169.,,,,,register,,review,species index with page numbers (end matter)
stop,33,cde59c05-4063-40dd-84a0-a7873447632c_0151_L,r02,"- <u>Feldlerche</u>: 13, 17, 57, 80, 81, 134, 140, 143, 152, 154, 156, 163.",,,,,register,,review,species index with page numbers (end matter)
stop,33,cde59c05-4063-40dd-84a0-a7873447632c_0151_R,r02,- <u>Buchfink</u>: 3. 5. 6. 7. 8. 12. 16. 20. 23. 25. 26. 27. 29. 32.,,,,,register,,review,species index with page numbers (end matter)
stop,33,cde59c05-4063-40dd-84a0-a7873447632c_0152_L,r02,"- <u>Kernbeißer</u>: 5, 16, 69, 73, 75, 76, 77;",,,,,register,,review,species index with page numbers (end matter)
stop,33,cde59c05-4063-40dd-84a0-a7873447632c_0153_L,r01,"Es muß also angenommen werden, daß die",,,,,register,,review,"unrelated 19th-c. text on cell division/chromosomes after the index (reused paper / end matter), not a diary entry"
start,34,23578f25-8410-4677-aaf2-b29aec37e7b5_0008_R,r02,- <u>Girlitz</u>: 6. IV. Harlaching (Lber.),,,,,species-digest,high,review,"per-species ""Frühlingserwachen"" list of spring-1964 first-observation dates (II.-V.1964; Lbm., Wüst, R. Müller) after the diary text; its title and first species (Stare) are in a TableRegion on 8_L that carries no entry text, so this first ListRegion line is the in-text start"
start,34,23578f25-8410-4677-aaf2-b29aec37e7b5_0057_R,r02,- <u>Drosselrohrsänger</u>: 9. V. Ismaning (Wirt),,,,,species-digest,medium,review,"per-species ""Frühlingserwachen"" list of spring-1965 first-observation dates (I.-VI.1965; Wüst, Lbm.); its first parts (Star… on 56_R after the 4.VI.1965 entry, Rohrammer…Gartenbaumläufer on 57_L) are TableRegions without entry text, so this first ListRegion line is the in-text start"
stop,34,23578f25-8410-4677-aaf2-b29aec37e7b5_0072_L,r01,Professor,,,,,register,,review,"END MATTER: printed death notice of Prof. Dr. Alfred Laubmann himself (* 20.10.1886, + 18.10.1965) inserted after his last diary entry; must not be glued to the 8.X.1965 entry"
stop,34,23578f25-8410-4677-aaf2-b29aec37e7b5_0081_R,r01,The provided image contains no text to transcribe. It is a blank page from a grid-lined notebook.,,,,,register,,review,blank notebook page after the diary end (end matter)
stop,34,23578f25-8410-4677-aaf2-b29aec37e7b5_0107_R,r01,The image provided is a blank sheet of graph paper and contains no text to transcribe.,,,,,register,,review,blank notebook page (end matter)
stop,34,23578f25-8410-4677-aaf2-b29aec37e7b5_0113_R,r01,[?] <u>[?]</u> [?],,,,,register,,review,"illegible page with only page-number fragments (48, 54, 49) — apparently the start of the species index (end matter)"
stop,34,23578f25-8410-4677-aaf2-b29aec37e7b5_0114_R,r01,- <u>Schwarzkehlchen</u>: 62;,,,,,register,,review,species index with page numbers (end matter)
stop,34,23578f25-8410-4677-aaf2-b29aec37e7b5_0115_L,r01,- <u>Birkhuhn</u>:,,,,,register,,review,species index with page numbers (end matter)
stop,34,23578f25-8410-4677-aaf2-b29aec37e7b5_0115_R,r01,- <u>Kleines Sumpfhuhn</u>: 49;,,,,,register,,review,species index with page numbers (end matter)
stop,34,23578f25-8410-4677-aaf2-b29aec37e7b5_0116_L,r01,- <u>Lachseeschwalbe</u>:,,,,,register,,review,species index with page numbers (end matter)
stop,34,23578f25-8410-4677-aaf2-b29aec37e7b5_0116_R,r01,- <u>Dunkler Wasserläufer</u>: 12; 42; 68;,,,,,register,,review,species index with page numbers (end matter)
stop,34,23578f25-8410-4677-aaf2-b29aec37e7b5_0117_L,r01,- <u>Sanderling</u>:,,,,,register,,review,species index with page numbers (end matter)
stop,34,23578f25-8410-4677-aaf2-b29aec37e7b5_0117_R,r01,- <u>Nordseetaucher</u>:,,,,,register,,review,species index with page numbers (end matter)
stop,34,23578f25-8410-4677-aaf2-b29aec37e7b5_0118_L,r01,"- <u>Eisente</u>: 52, 53;",,,,,register,,review,species index with page numbers (end matter)
stop,34,23578f25-8410-4677-aaf2-b29aec37e7b5_0118_R,r01,- <u>Schnatterente</u>:,,,,,register,,review,species index with page numbers (end matter)
stop,34,23578f25-8410-4677-aaf2-b29aec37e7b5_0119_L,r01,"- <u>Fischreiher</u>: 42, 43, 45, 48, 52, 57, 64, 65, 71, 83.",,,,,register,,review,species index with page numbers (end matter)
stop,34,23578f25-8410-4677-aaf2-b29aec37e7b5_0119_R,r01,"- <u>Sperber</u>: 45, 48, 60;",,,,,register,,review,species index with page numbers (end matter)
stop,34,23578f25-8410-4677-aaf2-b29aec37e7b5_0120_L,r01,"- <u>Baumfalke</u>: 71, 78,",,,,,register,,review,species index with page numbers (end matter)
stop,34,23578f25-8410-4677-aaf2-b29aec37e7b5_0120_R,r01,- <u>Schwarzspecht:</u>,,,,,register,,review,species index with page numbers (end matter)
stop,34,23578f25-8410-4677-aaf2-b29aec37e7b5_0121,r01,- <u>Nachtschwalbe</u>:,,,,,register,,review,species index with page numbers (end matter)
stop,34,23578f25-8410-4677-aaf2-b29aec37e7b5_0122_L,r01,"- <u>Heckenbraunelle</u>: 33, 34, 39, 59,",,,,,register,,review,species index with page numbers (end matter)
stop,34,23578f25-8410-4677-aaf2-b29aec37e7b5_0122_R,r01,- <u>Flussschnirl</u>:,,,,,register,,review,species index with page numbers (end matter)
stop,34,23578f25-8410-4677-aaf2-b29aec37e7b5_0123_L,r01,- <u>Rotrückwürger</u>:,,,,,register,,review,species index with page numbers (end matter)
stop,34,23578f25-8410-4677-aaf2-b29aec37e7b5_0123_R,r01,"- <u>Kohlmeise</u>: 2, 30, 34, 37, 38, 43, 61, 64, 67, 74;",,,,,register,,review,species index with page numbers (end matter)
stop,34,23578f25-8410-4677-aaf2-b29aec37e7b5_0124_L,r01,- <u>Gelesen</u>: 7; 11; 43; 72;,,,,,register,,review,"index page, names garbled by OCR (Gelesen, Diktat, Primeln, Hempel...), page numbers 1-85 as in the species index; end matter"
stop,34,23578f25-8410-4677-aaf2-b29aec37e7b5_0124_R,r01,- <u>Hartmann</u>:,,,,,register,,review,"index page, names garbled by OCR (Gelesen, Diktat, Primeln, Hempel...), page numbers 1-85 as in the species index; end matter"
stop,34,23578f25-8410-4677-aaf2-b29aec37e7b5_0125_L,r01,- <u>Berberbe</u>:,,,,,register,,review,species index with page numbers (end matter)
stop,34,23578f25-8410-4677-aaf2-b29aec37e7b5_0126_L,r01,Austria-,,,,,register,,review,"list of classical authors (Herodot, Platon, ...) on the back pages; end matter, not diary"
start,10,c5861532-d7c2-43d7-b501-4ccd0d7499fd_0061_R,r03,14. <u>VI</u>. 1932. [illegible],1932-06-14,,,,other,medium,review-2026-09-30,"Datumszeile '14. VI. 1932.' am Ende, Text unleserlich; folgt auf Eintrag vom 13. Juni"
start,18,d2b08619-52be-4938-8fbd-f73f92be22fb_0063_R,r05,8. - 10. Januar 1944. <u>Kaufbeuren</u>.,1944-01-08,1944-01-10,,Kaufbeuren,field-day,high,review-2026-09-30,"Datumszeile 8.-10. Januar 1944, Kaufbeuren"
start,18,d2b08619-52be-4938-8fbd-f73f92be22fb_0091_L,r03,8. - 10. August 1944. <u>Kaufbeuren</u>.,1944-08-08,1944-08-10,,Kaufbeuren,field-day,high,review-2026-09-30,Datumszeile 8.-10. August 1944
start,19,3184f72c-a9bc-40ef-b5c6-bc0b05582cb8_0004_R,r02,4. - 5. <u>Oktober 1944.</u>                                <u>Kaufbeuren.</u>,1944-10-04,1944-10-05,,Kaufbeuren,field-day,high,review-2026-09-30,Datumszeile 4.-5. Oktober 1944
start,19,3184f72c-a9bc-40ef-b5c6-bc0b05582cb8_0008_L,r02,26.-28. Dezember 1944. Kaufbeuren.,1944-12-26,1944-12-28,,Kaufbeuren,field-day,high,review-2026-09-30,Datumszeile 26.-28. Dezember 1944
start,19,3184f72c-a9bc-40ef-b5c6-bc0b05582cb8_0009_L,r04,23.-28. Februar 1945. <u>Kaufbeuren</u>.,1945-02-23,1945-02-28,,Kaufbeuren,field-day,high,review-2026-09-30,Datumszeile 23.-28. Februar 1945
start,19,3184f72c-a9bc-40ef-b5c6-bc0b05582cb8_0059_L,r02,7.-9. Dezember 1946. <u>München - Kaufbeuren.</u>,1946-12-07,1946-12-09,,München - Kaufbeuren,field-day,high,review-2026-09-30,Datumszeile 7.-9. Dezember 1946
start,21,e3cf5b4e-67c4-413c-84c6-69644317a668_0030_R,r04,27. - 28. November 1948. <u>Kaufbeuren.</u>,1948-11-27,1948-11-28,,Kaufbeuren,field-day,high,review-2026-09-30,Datumszeile 27.-28. November 1948
start,22,295b59c0-7525-4593-8422-aa70fb6e83b3_0064_R,r04,15. <u>II</u>. 1950.,1950-02-15,,,München (Botanischer Garten),other,medium,review-2026-09-30,separately dated note '15. II. 1950.' after a newspaper clipping
start,22,295b59c0-7525-4593-8422-aa70fb6e83b3_0098_R,r05,7.-9. Juni 1950. <u>München - Upsala.</u>,1950-06-07,1950-06-09,,München - Upsala,field-day,high,review-2026-09-30,heading '7.-9. Juni 1950. München - Upsala.' starts travel report
start,25,65e6387d-c1b4-49e0-80ad-5c8701ebe370_0026,r06,"I s m a n i n g,den 19.8.",1952-08-19,,,Ismaning,correspondence,high,review-2026-09-30,"heading 'Ismaning, den 19.8.' followed by excursion report"
start,25,65e6387d-c1b4-49e0-80ad-5c8701ebe370_0029,r05,"<u>Ismaning,den 7.9.</u>",1952-09-07,,,Ismaning,correspondence,high,review-2026-09-30,"heading 'Ismaning, den 7.9.' Bericht von E. Bezzel"
start,25,65e6387d-c1b4-49e0-80ad-5c8701ebe370_0040,r05,"<u>Ismaning,den 14.9.52.</u>",1952-09-14,,,Ismaning,correspondence,high,review-2026-09-30,"heading 'Ismaning, den 14.9.52.' followed by weather/report"
start,25,65e6387d-c1b4-49e0-80ad-5c8701ebe370_0090_R,r05,6. Februar - 1953. <u>München</u>.,1953-02-06,,,München,field-day,high,review-2026-09-30,Datumskopf 6. Februar 1953
start,26,55851137-ef99-4b8a-8ce9-c5c8728855f5_0107_R,r03,23. Januar - 1954.                     <u>München.</u>,1954-01-23,,,München,field-day,high,review-2026-09-30,Datumskopf 23. Januar 1954
start,27,df300659-7845-4de6-aa0e-a53bce4c69ff_0005_L,r03,26. Februar - 1954. <u>Münster.</u>,1954-02-26,,,München,field-day,high,review-2026-09-30,Datumskopf 26. Februar 1954 (Ort als Münster gelesen)
start,27,df300659-7845-4de6-aa0e-a53bce4c69ff_0005_R,r04,28. Januar – 1954.                     <u>München</u>.,1954-02-28,,,München,field-day,high,review-2026-09-30,"Datumskopf 28. (Januar, OCR/Schreibfehler fuer Februar) 1954"
start,28,733b37c0-686b-46c0-8cf8-59b030cee225_0047,r02,2. Nov.,1954-11-02,,,,field-day,medium,review-2026-09-30,2. Nov. Notiz (Karte/Randspalte) nach 30. Okt.
start,28,733b37c0-686b-46c0-8cf8-59b030cee225_0047,r02,4. Nov.,1954-11-04,,,,field-day,medium,review-2026-09-30,4. Nov. Notiz
start,28,733b37c0-686b-46c0-8cf8-59b030cee225_0050_R,r02,10. November-1954. <u>München</u>.,1954-11-10,,,München,field-day,high,review-2026-09-30,Datumskopf 10. November 1954
start,28,733b37c0-686b-46c0-8cf8-59b030cee225_0101,r01,   29.Dez.&4. Zusammen mit Heinz in den oberen FT und auf dem SD bis Turm.,1954-12-29,,,Süddamm bis Turm (Ismaning),field-day,medium,review-2026-09-30,"29.Dez. Exkursion mit Heinz, neuer Tag"
start,28,733b37c0-686b-46c0-8cf8-59b030cee225_0132_R,r03,"21. Februar 1955, <u>München</u>.",1955-02-21,,,München,field-day,high,review-2026-09-30,Datumskopf 21. Februar 1955
start,28,733b37c0-686b-46c0-8cf8-59b030cee225_0142,r04,4. März [?],1955-03-04,,,,field-day,medium,review-2026-09-30,"4. März Notiz, Fragment"
start,28,733b37c0-686b-46c0-8cf8-59b030cee225_0155_L,r03,23. März,1955-03-23,,,,field-day,medium,review-2026-09-30,"23. März Notiz, Fragment"
start,29,7896ddd3-74f8-4374-92f3-aba32dccf03b_0025,r06,"20.VI.1955, 15.15 - 18.30 (E-Werk - E-Werk)",1955-06-20,,,Ismaninger Speichersee (E-Werk),correspondence,medium,review-2026-09-30,Separater datierter Bericht von Walter vom 20.VI.1955
start,29,7896ddd3-74f8-4374-92f3-aba32dccf03b_0030,r03,"Ismaning, den 9.6.55.",1955-06-09,,,Ismaning,correspondence,medium,review-2026-09-30,"Bericht 'Ismaning, den 9.6.55.'"
start,29,7896ddd3-74f8-4374-92f3-aba32dccf03b_0063,r03,18. Juli,1955-07-18,,,,field-day,medium,review-2026-09-30,18. Juli Tagesnotiz (Wetter folgt)
start,29,7896ddd3-74f8-4374-92f3-aba32dccf03b_0063,r03,19. Juli,1955-07-19,,,,field-day,medium,review-2026-09-30,19. Juli Tagesnotiz
start,29,7896ddd3-74f8-4374-92f3-aba32dccf03b_0064,r03,17. Juni. Mit Heinz.,1955-06-17,,,,field-day,high,review-2026-09-30,17. Juni. Mit Heinz.
start,29,7896ddd3-74f8-4374-92f3-aba32dccf03b_0064,r03,25 Juni. Mit Heinz.,1955-06-25,,,,field-day,high,review-2026-09-30,25 Juni. Mit Heinz.
start,29,7896ddd3-74f8-4374-92f3-aba32dccf03b_0121_L,r04,"22. September 1955, [illegible] n.",1955-09-22,,,,field-day,high,review-2026-09-30,22. September 1955
start,29,7896ddd3-74f8-4374-92f3-aba32dccf03b_0148_L,r03,29. IX. 55: fahr. Kanal - <u>St. - Obersee - Nord</u>,1955-09-29,,,Föhr. Kanal - Obersee - Nord - Ismaning,field-day,medium,review-2026-09-30,29. IX. 55 Exkursionsnotiz
start,29,7896ddd3-74f8-4374-92f3-aba32dccf03b_0175,r03,"I s m a n i n g,den 2.XI.1955. Neufinsing-Süddamm-Turm/Tfb.-Ismaning.",1955-11-02,,,Ismaning,correspondence,medium,review-2026-09-30,"Bericht Ismaning, den 2.XI.1955"
start,29,7896ddd3-74f8-4374-92f3-aba32dccf03b_0175,r03,"I s m a n i n g,den 5.XI.1955. 14,30-17 h.Föhr.Kanal-Ft.-Obersee-E.W.-",1955-11-05,,,Ismaning,correspondence,medium,review-2026-09-30,"Bericht Ismaning, den 5.XI.1955"
start,29,7896ddd3-74f8-4374-92f3-aba32dccf03b_0181_L,r03,"30. November 1955, <u>München</u>",1955-11-30,,,München,field-day,high,review-2026-09-30,"30. November 1955, München"
start,29,7896ddd3-74f8-4374-92f3-aba32dccf03b_0183,r04,"Ismaning, den 27.11.1955.",1955-11-27,,,Ismaning,correspondence,medium,review-2026-09-30,"Bericht Ismaning, den 27.11.1955"
start,29,7896ddd3-74f8-4374-92f3-aba32dccf03b_0199,r05,"13.Nov.55,Sps.Eching/Moosburg.",1955-11-13,,,Eching/Moosburg,field-day,medium,review-2026-09-30,13.Nov.55 Sps. Eching/Moosburg
start,30,47da93ac-0d31-49eb-8313-32e7777b78c3_0044_L,r02,26. September. <u>Bovenden</u>.,1956-09-26,,,Bovenden,field-day,high,review-2026-09-30,26. September. Bovenden.
start,32,3d0bed8e-a198-4c4e-89d2-0908c9b3aada_0027_L,r04,5. April bis 16. April 1960. <u>München</u>.,1960-04-05,1960-04-16,,München,field-day,high,review-2026-09-30,5. April bis 16. April 1960. München.
start,32,3d0bed8e-a198-4c4e-89d2-0908c9b3aada_0069_R,r04,"26. Februar 1961, <u>München</u>.",1961-02-26,,,München,field-day,high,review-2026-09-30,"26. Februar 1961, München"
start,32,3d0bed8e-a198-4c4e-89d2-0908c9b3aada_0081_R,r03,26. Mai. Bad-Berka.,1961-05-26,,,Bad Berka,field-day,high,review-2026-09-30,26. Mai. Bad-Berka.
start,32,3d0bed8e-a198-4c4e-89d2-0908c9b3aada_0123_L,r04,16. November 1961; <u>München.</u>,1961-11-16,,,München,field-day,high,review-2026-09-30,16. November 1961; München.
start,32,3d0bed8e-a198-4c4e-89d2-0908c9b3aada_0123_L,r04,22. November 1961; <u>München.</u>,1961-11-22,,,München,field-day,high,review-2026-09-30,22. November 1961; München.
start,33,cde59c05-4063-40dd-84a0-a7873447632c_0048,r08,27. September,1962-09-27,,,,field-day,medium,review-2026-09-30,"27. September, Tagesnotiz (Haussperlinge ...)"
start,33,cde59c05-4063-40dd-84a0-a7873447632c_0054_L,r01,30. Oktober,1962-10-30,,,,field-day,medium,review-2026-09-30,30. Oktober Überschrift
start,33,cde59c05-4063-40dd-84a0-a7873447632c_0121,r01,18. Okt.,1963-10-18,,,,field-day,medium,review-2026-09-30,"18. Okt. Seitenanfang, Tagesnotiz"
start,33,cde59c05-4063-40dd-84a0-a7873447632c_0121,r01,19. Oktober,1963-10-19,,,,field-day,medium,review-2026-09-30,19. Oktober Tagesnotiz
start,34,23578f25-8410-4677-aaf2-b29aec37e7b5_0028_R,r04,19. Septemb[?] [illegible],1964-09-19,,,,field-day,high,review-2026-09-30,19. Septemb[er] Tagesnotiz nach 18.9.
start,34,23578f25-8410-4677-aaf2-b29aec37e7b5_0029_R,r03,17. September,1964-09-17,,,,field-day,medium,review-2026-09-30,"17. September mit Wetterangaben, eigene Tagesnotiz"
start,3,0ed30b8b-6194-418e-998b-092352aa1ed5_0045_R,r02,| | 1901 | 1902 | 1903 | 1904 | 1905 | 1906 | 1907 | 1908 | 1909 | 1910 |,,,y,,species-digest,medium,review-2026-09-30,"table of first spring arrival dates per species, 1901-1910"
start,3,0ed30b8b-6194-418e-998b-092352aa1ed5_0047_L,r01,| | 1901 | 1902 | 1903 | 1904 |,,,y,,species-digest,medium,review-2026-09-30,"table of first arrival dates per species, 1901-1920 (continued)"
start,3,0ed30b8b-6194-418e-998b-092352aa1ed5_0050_L,r02,| | 1911 | 1912 | 1913 | 1914 | 1915 | 1916 | 1917 | 1918 | 1919 | 1920 |,,,y,,species-digest,medium,review-2026-09-30,"table of first arrival dates per species, 1911-1920"
start,3,0ed30b8b-6194-418e-998b-092352aa1ed5_0085,r01,| | 1921 | 1922 | 1923 | 1924 |,,,y,,species-digest,medium,review-2026-09-30,"table of first arrival dates per species, 1921-1930 (with weather notes)"
start,5,9e6d0f52-4715-4042-a17f-2b0ffe8cf2d6_0079_L,r01,| Schulbezirk | Bauten Stärke? | Besetzt? | No? | Gärtner mann |,,,y,Schwaben (Schulbezirke),other,medium,review-2026-09-30,"stork nest survey by school district, teacher informants"
start,5,9e6d0f52-4715-4042-a17f-2b0ffe8cf2d6_0082_L,r02,| Schulbezirk | Zahl | Wann? | Bemerkungen | Gewährsmann |,,,y,Schwaben (Schulbezirke),other,medium,review-2026-09-30,"stork nest survey: pairs, years, remarks per school district"
start,9,9ede15e2-4f17-4eeb-865e-8b60fb8811aa_0057_R,r02,| Tag | Beobachtung | Erklärung |,,,y,,other,medium,review-2026-09-30,table of dated Schwirl/Schlagschwirl records 1923 and 1931 with comments
start,11,9891dcba-6f8a-4918-8e79-1c63da52a69b_0013_R,r01,| Nr. | Vor 1931 | 1931 | 1932 |,,,y,,other,medium,review-2026-09-30,"table of nest sites (Horst) 1931/1932, continues on following listed pages"
start,11,9891dcba-6f8a-4918-8e79-1c63da52a69b_0027_R,r01,| Forstamt | Anzahl der Sichtungen | Art der Sichtungen | Bemerkungen |,,,y,,other,medium,review-2026-09-30,"table by Forstamt of nest/colony counts, continues on next page"
start,27,df300659-7845-4de6-aa0e-a53bce4c69ff_0079_R,r02,x Linie 8 in Freimann zwischen zwischen,,,y,,field-day,medium,review-2026-09-30,"stark verrauschte Beobachtungsnotizen (Milan, Rohrweihe)"
start,27,df300659-7845-4de6-aa0e-a53bce4c69ff_0080_R,r02,e [illegible] aus dem anderen Heft her:,,,y,Ismaninger Teichgebiet,field-day,medium,review-2026-09-30,"Artenliste (Bergpieper, Krickente, Kuckuck), verrauscht"
start,27,df300659-7845-4de6-aa0e-a53bce4c69ff_0091_R,r02,"Langeoog, den 2",,,y,Langeoog,field-day,medium,review-2026-09-30,"Langeoog, Beobachtete Arten, Datum abgeschnitten"
start,27,df300659-7845-4de6-aa0e-a53bce4c69ff_0112_R,r02,Ismaning abfliegend,,,y,Ismaning,field-day,medium,review-2026-09-30,"Teichgebiet-Notizen (Wb, Vkl, Ex.), verrauscht"
start,27,df300659-7845-4de6-aa0e-a53bce4c69ff_0127_L,r02,.8.42,,,y,Ismaninger Teichgebiet,field-day,medium,review-2026-09-30,"Artenliste Winterteichen, Monat .8., Jahr unsicher"
start,27,df300659-7845-4de6-aa0e-a53bce4c69ff_0130_R,r02,Leipziger Teichenten,1924-08-01,1924-08-31,,Leipzig,species-digest,medium,review-2026-09-30,"Leipziger Teichenten August 1924, Artenliste"
start,27,df300659-7845-4de6-aa0e-a53bce4c69ff_0136_L,r02,.8. \ 29.8.42:,,,y,Ismaninger Teichgebiet,field-day,medium,review-2026-09-30,28./29.8. Artenliste
start,27,df300659-7845-4de6-aa0e-a53bce4c69ff_0152_R,r03,".1954, 9.15 - 1805 Uhr",,,y,Ismaninger Teichgebiet,field-day,medium,review-2026-09-30,"Exkursion 1954, 9.15-18.05 Uhr, Speichersee"
start,28,733b37c0-686b-46c0-8cf8-59b030cee225_0006_R,r02,Roßhaubentaucher: 21. 2/25. 1 im <u>Vkl</u>.,,,y,Ismaninger Teichgebiet,field-day,medium,review-2026-09-30,"Artenliste Vkl/Tafelberg, Beobachter Bezzel u.a."
start,28,733b37c0-686b-46c0-8cf8-59b030cee225_0009_L,r02,ein Teil <u>Vogelhüttensand</u> und <u>Hundshütte</u>,,,y,Ismaninger Teichgebiet,field-day,medium,review-2026-09-30,"fragmentarische Beobachtungen (Raubmoewe, Meisen)"
start,28,733b37c0-686b-46c0-8cf8-59b030cee225_0040_L,r02,27,,,y,Ismaninger Teichgebiet,field-day,medium,review-2026-09-30,"Notizen 14./15.XI, Meisen, Amseln, Schneebeere"
start,28,733b37c0-686b-46c0-8cf8-59b030cee225_0074_L,r02,abgeändert.,,,y,Ismaninger Teichgebiet,field-day,medium,review-2026-09-30,Larus argentatus/canus am Teichgebiet
start,28,733b37c0-686b-46c0-8cf8-59b030cee225_0157_L,r02,83,,,y,Ismaninger Teichgebiet,field-day,medium,review-2026-09-30,"Wetter, Pegel, Zwergtaucher; Rest OCR-Schleife"
start,28,733b37c0-686b-46c0-8cf8-59b030cee225_0168_L,r02,.grubsooM-gnitcE,,,y,Ismaninger Teichgebiet,field-day,medium,review-2026-09-30,"gespiegelter Text, Artenzahlen"
start,28,733b37c0-686b-46c0-8cf8-59b030cee225_0172_R,r02,21.VI.8.15 Uhr,,,y,Ismaninger Teichgebiet,field-day,medium,review-2026-09-30,"548. Speichersee-Begehung, 21. (Monat unsicher)"
start,28,733b37c0-686b-46c0-8cf8-59b030cee225_0175,r04,Ismaninger Teichgebiet.,,,y,Ismaninger Teichgebiet,field-day,medium,review-2026-09-30,"Raubvogel-/Artenbeobachtungen, verrauscht"
start,28,733b37c0-686b-46c0-8cf8-59b030cee225_0177,r03,Ismaninger Teichgebiet- München,,,y,Ismaninger Teichgebiet,field-day,medium,review-2026-09-30,"Artenliste Teichgebiet/Isarkanal, ohne Datum"
start,28,733b37c0-686b-46c0-8cf8-59b030cee225_0181,r03,"                 Kar-Fr. 8.IV.1955, 6.45 - 18.15 Uhr",1955-04-08,,,Ismaninger Teichgebiet,field-day,high,review-2026-09-30,549. Speichersee-Begehung Karfreitag 8.IV.1955
start,28,733b37c0-686b-46c0-8cf8-59b030cee225_0206,r02,"Amsel: S. Hirschau, ♂ 2. Insel, in der Lierstraße brütet das ♀ wieder",,,y,Ismaninger Teichgebiet,field-day,medium,review-2026-09-30,"Mai 1955 (8.V. erwaehnt), Artenliste, Beringung"
start,28,733b37c0-686b-46c0-8cf8-59b030cee225_0212,r03,Ismaninger Teichgebiet,,,y,Ismaninger Teichgebiet,species-digest,medium,review-2026-09-30,Jahresuebersicht Limikolen/Enten am DW mit Daten
start,28,733b37c0-686b-46c0-8cf8-59b030cee225_0213,r02,Ismaninger Teichgebiet,,,y,Ismaninger Teichgebiet,field-day,medium,review-2026-09-30,"Artenliste Fruehjahr, Huette, ohne Datum"
start,28,733b37c0-686b-46c0-8cf8-59b030cee225_0220_L,r02,"63. 22. <u>67) Hanfling</u>, 1 am Bachsaumler.",,,y,,field-day,medium,review-2026-09-30,"Artenliste am See, 2. Insel (Seite 93)"
start,29,7896ddd3-74f8-4374-92f3-aba32dccf03b_0013_R,r02,Ismaninger Teichgebiet,,,y,Ismaninger Teichgebiet,species-digest,medium,review-2026-09-30,Limikolen August Ismaning
start,29,7896ddd3-74f8-4374-92f3-aba32dccf03b_0016,r03,Ismaninger Teichgebiet,,,y,Ismaninger Teichgebiet,field-day,medium,review-2026-09-30,"Artenliste, Uferschnepfe 20.32 Uhr"
start,29,7896ddd3-74f8-4374-92f3-aba32dccf03b_0018_L,r02,110,,,y,Ismaninger Teichgebiet,field-day,medium,review-2026-09-30,"Seite 110, Wanderfalken von der Huette"
start,29,7896ddd3-74f8-4374-92f3-aba32dccf03b_0033_R,r02,Laiminger Teichgebiet,,,y,Ismaninger Teichgebiet,species-digest,medium,review-2026-09-30,Artenliste Maerz
start,29,7896ddd3-74f8-4374-92f3-aba32dccf03b_0035_L,r03,Ismaninger Teichgebiet,,,y,Ismaninger Teichgebiet,field-day,medium,review-2026-09-30,"Lachmoewe, Bruchwasserlaeufer, 11.3."
start,29,7896ddd3-74f8-4374-92f3-aba32dccf03b_0042,r02,110,,,y,Ismaninger Teichgebiet,field-day,medium,review-2026-09-30,"Seite 110 Forts., Huette, Stieglitzzug 20.35 Uhr"
start,29,7896ddd3-74f8-4374-92f3-aba32dccf03b_0043,r03,Ismaninger Teichgebiet,1955-06-26,,,Ismaninger Teichgebiet,field-day,medium,review-2026-09-30,"Artenliste, Kuckuck/Lachmoewe am 26.6."
start,29,7896ddd3-74f8-4374-92f3-aba32dccf03b_0067,r02,ganuegen-gefehen:,,,y,Ismaninger Teichgebiet,field-day,medium,review-2026-09-30,"gespiegelter Text, Vkl Beobachtungen"
start,29,7896ddd3-74f8-4374-92f3-aba32dccf03b_0069,r04,Ismaninger Teichgebiet,,,y,Ismaninger Teichgebiet,field-day,medium,review-2026-09-30,verrauschte Artenliste
start,29,7896ddd3-74f8-4374-92f3-aba32dccf03b_0071_L,r02,T30,,,y,Ismaninger Teichgebiet,field-day,medium,review-2026-09-30,"Seite T30, Zwergtaucher, verrauscht"
start,29,7896ddd3-74f8-4374-92f3-aba32dccf03b_0072,r02,Ismaninger Teichgebiet,,,y,Ismaninger Teichgebiet,field-day,medium,review-2026-09-30,Artenliste Singvoegel NW-Teichgebiet/Isar
start,29,7896ddd3-74f8-4374-92f3-aba32dccf03b_0079_R,r03,<u>Lanninger Teichgebiet</u>,,,y,Ismaninger Teichgebiet,field-day,medium,review-2026-09-30,"Artenliste Enten, Zwergtaucher, Flussuferlaeufer"
start,29,7896ddd3-74f8-4374-92f3-aba32dccf03b_0081,r04,Ismaninger Teichgebiet                                         135,,,y,Ismaninger Teichgebiet,field-day,medium,review-2026-09-30,"Seite 135, Graureiher, Wanderfalke, 13.9."
start,29,7896ddd3-74f8-4374-92f3-aba32dccf03b_0082,r02,Ismaninger Teichgebiet,,,y,Ismaninger Teichgebiet,field-day,medium,review-2026-09-30,"Artenliste, Schnatterenten-Flugbalz"
start,29,7896ddd3-74f8-4374-92f3-aba32dccf03b_0083,r02,"dann, wo ich einen neuen Fangplatz für",,,y,Ismaninger Teichgebiet,field-day,medium,review-2026-09-30,"Fangplatz Obersee, Beobachtungen, verrauscht"
start,29,7896ddd3-74f8-4374-92f3-aba32dccf03b_0084,r03,Ismaninger Teichgebiet,,,y,Ismaninger Teichgebiet,field-day,medium,review-2026-09-30,Artenliste (Datum im OCR unsicher)
start,29,7896ddd3-74f8-4374-92f3-aba32dccf03b_0086,r03,Ismaninger Teichgebiet,,,y,Ismaninger Teichgebiet,field-day,medium,review-2026-09-30,Artenliste Herbstzug
start,29,7896ddd3-74f8-4374-92f3-aba32dccf03b_0096_R,r02,Termineckstrandläufer: mindestens,,,y,Ismaninger Teichgebiet,field-day,medium,review-2026-09-30,Limikolen 14./18. Maerz
start,29,7896ddd3-74f8-4374-92f3-aba32dccf03b_0128_L,r02,0 K3/26; 35 K3/27; 50 K3/29,,,y,Ismaninger Teichgebiet,field-day,medium,review-2026-09-30,"Zaehlungen K3-Teiche, verrauscht"
start,29,7896ddd3-74f8-4374-92f3-aba32dccf03b_0128_R,r02,Lemaninger Teichgebiet,,,y,Ismaninger Teichgebiet,field-day,medium,review-2026-09-30,"Artenliste mit Ortsangaben, verrauscht"
start,29,7896ddd3-74f8-4374-92f3-aba32dccf03b_0129,r02,Ismaninger Teichgebiet                                      145,,,y,Ismaninger Teichgebiet,field-day,medium,review-2026-09-30,"Seite 145, Zaehlungen pro Teich, stark verrauscht"
start,29,7896ddd3-74f8-4374-92f3-aba32dccf03b_0137_L,r02,T20,,,y,Ismaninger Teichgebiet,field-day,medium,review-2026-09-30,"Seite T20, Wetter, Goldhaehnchen, 3.8."
start,29,7896ddd3-74f8-4374-92f3-aba32dccf03b_0143,r03,Ismaninger Teichgebiet                                                                   152,,,y,Ismaninger Teichgebiet,field-day,medium,review-2026-09-30,"Seite 152, Beobachtungen Wb/Ft"
start,29,7896ddd3-74f8-4374-92f3-aba32dccf03b_0156_R,r02,592. Speichersee-Begehung,,,y,Ismaninger Teichgebiet,field-day,high,review-2026-09-30,592. Speichersee-Begehung
start,29,7896ddd3-74f8-4374-92f3-aba32dccf03b_0158_L,r02,091,,,y,Ismaninger Teichgebiet,field-day,medium,review-2026-09-30,"Meisen, Huette, Wetter, verrauscht"
start,29,7896ddd3-74f8-4374-92f3-aba32dccf03b_0158_R,r01,22.10.1955,1955-10-22,,,Ismaninger Teichgebiet,field-day,medium,review-2026-09-30,22.10.1955 verrauschte Parallelfassung zu 3b_0162
start,29,7896ddd3-74f8-4374-92f3-aba32dccf03b_0178_L,r02,Temeninn--- m,,,y,Ismaninger Teichgebiet,field-day,medium,review-2026-09-30,"Seite 195, Quardamm, Herold/Walther"
start,29,7896ddd3-74f8-4374-92f3-aba32dccf03b_0185,r03,"im gebräuchlichen Weg durch die Hirschau, beim Aumeister vorbei über",,,y,Ismaninger Teichgebiet,field-day,medium,review-2026-09-30,"Begehung Isarkanal/Sueddamm, Habicht"
start,29,7896ddd3-74f8-4374-92f3-aba32dccf03b_0200_R,r02,"1. 5. <u>neb.</u>, <u>Laminemai</u>",,,y,,field-day,medium,review-2026-09-30,"Fischadler am See, Artenliste"
start,29,7896ddd3-74f8-4374-92f3-aba32dccf03b_0212_L,r03,(1892),,,y,Ismaninger Teichgebiet,retrospective,medium,review-2026-09-30,"Rueckblick mit Jahresangaben 1892/1893, Zaehlungen"
start,29,7896ddd3-74f8-4374-92f3-aba32dccf03b_0217_L,r02,Dezember - Beric,,,y,Ismaninger Teichgebiet,species-digest,medium,review-2026-09-30,"Dezember-Bericht, Enten"
start,29,7896ddd3-74f8-4374-92f3-aba32dccf03b_0221_L,r03,s Wb.,,,y,Ismaninger Teichgebiet,field-day,medium,review-2026-09-30,"Gaense von NO, Tafelenten, Wb"
start,29,7896ddd3-74f8-4374-92f3-aba32dccf03b_0222_L,r02,Ismaninger Teichgebiet,,,y,Ismaninger Teichgebiet,species-digest,medium,review-2026-09-30,"Artenliste Jan-Maerz, verrauscht"
start,29,7896ddd3-74f8-4374-92f3-aba32dccf03b_0223,r02,Ismaninger Teichgebiet                                              8,,,y,Ismaninger Teichgebiet,field-day,medium,review-2026-09-30,"Seite 8, Mittelsaeger, Saatgans 16.25 h"
start,29,7896ddd3-74f8-4374-92f3-aba32dccf03b_0235_L,r02,-2-,,,y,Ismaninger Teichgebiet,field-day,medium,review-2026-09-30,"Seite -2-, 24.IX. Bussard, Habicht, Wiesenpieper"
start,29,7896ddd3-74f8-4374-92f3-aba32dccf03b_0270,r02,Ismaninger Teichgebiet,,,y,Ismaninger Teichgebiet,field-day,medium,review-2026-09-30,"weisse Reiherenten, Lachmoewe"
start,29,7896ddd3-74f8-4374-92f3-aba32dccf03b_0271,r02,Ismaninger Teichgebiet                                                               25,,,y,Ismaninger Teichgebiet,field-day,medium,review-2026-09-30,"Seite 25, Enten Geschlechterverhaeltnis"
start,29,7896ddd3-74f8-4374-92f3-aba32dccf03b_0273,r02,Ismaninger Teichgebiet                                              26,,,y,Ismaninger Teichgebiet,field-day,high,review-2026-09-30,"Seite 26, Buntspecht am Poschinger Weiher u.a."
start,33,cde59c05-4063-40dd-84a0-a7873447632c_0116_L,r02,| Species / Entry | Date | Location / Detail |,,,y,"Kopenhagen, Kiel, Gevninge, München",species-digest,medium,review-2026-09-30,table of spring arrival dates per species and place
start,34,23578f25-8410-4677-aaf2-b29aec37e7b5_0008_L,r03,"| | ""Frühlingserwachen 1967"" | |",,,y,"Inning, Karlsfeld",species-digest,medium,review-2026-09-30,table 'Frühlingserwachen 1967': first spring dates per species
start,34,23578f25-8410-4677-aaf2-b29aec37e7b5_0057_L,r02,| Column 1 | Column 2 | Column 3 |,,,y,"Ismaning, Karlsfeld",species-digest,medium,review-2026-09-30,table of spring arrival dates per species and place
